cell,scenario,method,alpha,segment,mean,std,count
N32,A,cur,0.0,all,0.09597326516757172,0.005381042684425919,50
N32,A,cur,0.0,post,0.09689438398002018,0.015534954366812525,50
N32,A,cur,0.0,pre,0.1012213282844572,0.016977515230258918,50
N32,A,cur,0.01,all,0.09548949978218964,0.005382385676302083,50
N32,A,cur,0.01,post,0.0962888222220883,0.015417402244759093,50
N32,A,cur,0.01,pre,0.10082877840920623,0.016928436438712308,50
N32,A,cur,0.03,all,0.0948458974487213,0.005375782825872696,50
N32,A,cur,0.03,post,0.09520873861482261,0.015197645073331354,50
N32,A,cur,0.03,pre,0.10056885441086207,0.016783248174485784,50
N32,A,cur,0.1,all,0.0955101144390914,0.005419474020508734,50
N32,A,cur,0.1,post,0.09264973076068078,0.014607686379218379,50
N32,A,cur,0.1,pre,0.10423854534576353,0.01598382783534286,50
N32,A,cur,0.3,all,0.11154917671814892,0.00928035237351745,50
N32,A,cur,0.3,post,0.09249093949698244,0.015209465136260092,50
N32,A,cur,0.3,pre,0.1338545965772766,0.01540335734078282,50
N32,A,cur,1.0,all,0.18024485796951667,0.025255687301299894,50
N32,A,cur,1.0,post,0.11419848551074695,0.028672877566538187,50
N32,A,cur,1.0,pre,0.23599359055895777,0.023076813374346722,50
N32,A,cur,3.0,all,0.27158818834686616,0.04097828929635398,50
N32,A,cur,3.0,post,0.1568831280560335,0.048343323483764127,50
N32,A,cur,3.0,pre,0.3618434728828857,0.029885579140763428,50
N32,A,cur,10.0,all,0.34679237598591683,0.052359441432263315,50
N32,A,cur,10.0,post,0.19642065479280507,0.06394626889106426,50
N32,A,cur,10.0,pre,0.46325962478537264,0.032426708221759505,50
N32,A,cur,30.0,all,0.3825930823600964,0.05736733703716661,50
N32,A,cur,30.0,post,0.21602712532575594,0.07145711756081577,50
N32,A,cur,30.0,pre,0.5111375937536838,0.03259104518879828,50
N32,A,cur,100.0,all,0.3998743629487438,0.0596607438936526,50
N32,A,cur,100.0,post,0.22582832690963958,0.0752843429514671,50
N32,A,cur,100.0,pre,0.5340802766760777,0.03220121297013428,50
N32,A,hist,0.0,all,0.0959732651624186,0.00538104269134235,50
N32,A,hist,0.0,post,0.09689438397379271,0.01553495436837436,50
N32,A,hist,0.0,pre,0.10122132828021246,0.016977515234276055,50
N32,A,hist,0.01,all,0.09545068773288375,0.0053865354126362616,50
N32,A,hist,0.01,post,0.09637848676332479,0.01545587148639144,50
N32,A,hist,0.01,pre,0.1006588348686999,0.016908917343955897,50
N32,A,hist,0.03,all,0.09453202535173305,0.005382903979076953,50
N32,A,hist,0.03,post,0.09547396016965598,0.015310813131938907,50
N32,A,hist,0.03,pre,0.09966762015123559,0.016784088319163237,50
N32,A,hist,0.1,all,0.09248799445790751,0.005303398557016594,50
N32,A,hist,0.1,post,0.09348576885751787,0.014951603832977865,50
N32,A,hist,0.1,pre,0.09743819526366539,0.016480043599057227,50
N32,A,hist,0.3,all,0.09338246272000786,0.007071287320152001,50
N32,A,hist,0.3,post,0.09455478468998338,0.015827686780560027,50
N32,A,hist,0.3,pre,0.09822294586615885,0.01722800939678838,50
N32,A,hist,1.0,all,0.11612086436663051,0.021632123265818304,50
N32,A,hist,1.0,post,0.11776775652700287,0.02862168227063683,50
N32,A,hist,1.0,pre,0.12197277517741531,0.029139473058833392,50
N32,A,hist,3.0,all,0.15882532638127178,0.03944725689979708,50
N32,A,hist,3.0,post,0.16111017031216382,0.04773563756328592,50
N32,A,hist,3.0,pre,0.16675915765608168,0.047715963844768484,50
N32,A,hist,10.0,all,0.20075911919676762,0.0524479211745385,50
N32,A,hist,10.0,post,0.20354902561316102,0.06259042725287682,50
N32,A,hist,10.0,pre,0.21076604005476404,0.062052264040907676,50
N32,A,hist,30.0,all,0.2303586667569393,0.05698350040750794,50
N32,A,hist,30.0,post,0.23321902497092256,0.06867828056188839,50
N32,A,hist,30.0,pre,0.24196230678643119,0.06762737464454734,50
N32,A,hist,100.0,all,0.2594945421718395,0.05885288228249531,50
N32,A,hist,100.0,post,0.26210369741564815,0.07198434272920043,50
N32,A,hist,100.0,pre,0.2727719899143634,0.0708017958757769,50
N32,A,in,0.0,all,0.09597326516741371,0.005381042684419185,50
N32,A,in,0.0,post,0.09689438398000766,0.015534954366810409,50
N32,A,in,0.0,pre,0.10122132828414604,0.016977515230264632,50
N32,A,in,0.01,all,0.09545098824200712,0.005387017842980286,50
N32,A,in,0.01,post,0.09637857805756483,0.015456219947649962,50
N32,A,in,0.01,pre,0.1006594322861162,0.016909411317367083,50
N32,A,in,0.03,all,0.09453284755928179,0.00538426822848923,50
N32,A,in,0.03,post,0.0954741705399997,0.015311836443011912,50
N32,A,in,0.03,pre,0.09966931041693856,0.016785531421928238,50
N32,A,in,0.1,all,0.09248973729528588,0.005306619827515716,50
N32,A,in,0.1,post,0.09348565770655505,0.014954548608673875,50
N32,A,in,0.1,pre,0.09744256368557341,0.016484208553390996,50
N32,A,in,0.3,all,0.09337852456693563,0.007068716102978467,50
N32,A,in,0.3,post,0.09454673878988736,0.015831029743900903,50
N32,A,in,0.3,pre,0.09822472430409884,0.017233567479937484,50
N32,A,in,1.0,all,0.11602578692076465,0.021634266398176782,50
N32,A,in,1.0,post,0.11766758623490765,0.02862874053327046,50
N32,A,in,1.0,pre,0.12188238809728412,0.02914424902345653,50
N32,A,in,3.0,all,0.15819209629788752,0.03959170532740473,50
N32,A,in,3.0,post,0.1604771864953058,0.04785421104009014,50
N32,A,in,3.0,pre,0.16610359642753644,0.04782823975614107,50
N32,A,in,10.0,all,0.1968855136004193,0.05348880399277322,50
N32,A,in,10.0,post,0.19971273476656162,0.06338055611646402,50
N32,A,in,10.0,pre,0.20668626613200597,0.06288439475143973,50
N32,A,in,30.0,all,0.21610285242178867,0.060119976685133074,50
N32,A,in,30.0,post,0.2191376205876382,0.07088903244304232,50
N32,A,in,30.0,pre,0.22688338594826768,0.06993017849322115,50
N32,A,in,100.0,all,0.22575350441613573,0.06334121907805458,50
N32,A,in,100.0,post,0.2288476021170851,0.07471804858992405,50
N32,A,in,100.0,pre,0.2370541795415566,0.07314056118679524,50
N32,A,legs,0.0,all,0.09597326516757172,0.005381042684425912,50
N32,A,legs,0.0,post,0.09689438398002018,0.015534954366812528,50
N32,A,legs,0.0,pre,0.1012213282844572,0.01697751523025891,50
N32,A,legs,0.01,all,0.09597326516757172,0.005381042684425912,50
N32,A,legs,0.01,post,0.09689438398002018,0.015534954366812528,50
N32,A,legs,0.01,pre,0.1012213282844572,0.01697751523025891,50
N32,A,legs,0.03,all,0.09597326516757172,0.005381042684425912,50
N32,A,legs,0.03,post,0.09689438398002018,0.015534954366812528,50
N32,A,legs,0.03,pre,0.1012213282844572,0.01697751523025891,50
N32,A,legs,0.1,all,0.09597326516757172,0.005381042684425912,50
N32,A,legs,0.1,post,0.09689438398002018,0.015534954366812528,50
N32,A,legs,0.1,pre,0.1012213282844572,0.01697751523025891,50
N32,A,legs,0.3,all,0.09597326516757172,0.005381042684425912,50
N32,A,legs,0.3,post,0.09689438398002018,0.015534954366812528,50
N32,A,legs,0.3,pre,0.1012213282844572,0.01697751523025891,50
N32,A,legs,1.0,all,0.09597326516757172,0.005381042684425912,50
N32,A,legs,1.0,post,0.09689438398002018,0.015534954366812528,50
N32,A,legs,1.0,pre,0.1012213282844572,0.01697751523025891,50
N32,A,legs,3.0,all,0.09597326516757172,0.005381042684425912,50
N32,A,legs,3.0,post,0.09689438398002018,0.015534954366812528,50
N32,A,legs,3.0,pre,0.1012213282844572,0.01697751523025891,50
N32,A,legs,10.0,all,0.09597326516757172,0.005381042684425912,50
N32,A,legs,10.0,post,0.09689438398002018,0.015534954366812528,50
N32,A,legs,10.0,pre,0.1012213282844572,0.01697751523025891,50
N32,A,legs,30.0,all,0.09597326516757172,0.005381042684425912,50
N32,A,legs,30.0,post,0.09689438398002018,0.015534954366812528,50
N32,A,legs,30.0,pre,0.1012213282844572,0.01697751523025891,50
N32,A,legs,100.0,all,0.09597326516757172,0.005381042684425912,50
N32,A,legs,100.0,post,0.09689438398002018,0.015534954366812528,50
N32,A,legs,100.0,pre,0.1012213282844572,0.01697751523025891,50
N32,A,point,0.0,all,0.3163081368633068,0.0016254169910733462,50
N32,A,point,0.0,post,0.31898570576049795,0.0452582436996545,50
N32,A,point,0.0,pre,0.3338272306822593,0.05379178054202927,50
N32,A,point,0.01,all,0.31422911438638823,0.0016798923715501787,50
N32,A,point,0.01,post,0.3168893168107511,0.04493907235902316,50
N32,A,point,0.01,pre,0.3316312657384074,0.05344562807721211,50
N32,A,point,0.03,all,0.3102123901481906,0.0018497266017460032,50
N32,A,point,0.03,post,0.3128392435818109,0.04432663511303494,50
N32,A,point,0.03,pre,0.3273884094435867,0.05277856497862087,50
N32,A,point,0.1,all,0.2975005423371022,0.002703325703996087,50
N32,A,point,0.1,post,0.30002413361154984,0.042425413470608554,50
N32,A,point,0.1,pre,0.313958750095773,0.050680890000628746,50
N32,A,point,0.3,all,0.27010560728410105,0.005149842019184549,50
N32,A,point,0.3,post,0.27242659060044067,0.03856962000869468,50
N32,A,point,0.3,pre,0.28499844896682364,0.04623804602560507,50
N32,A,point,1.0,all,0.22643652077769608,0.014116254104638364,50
N32,A,point,1.0,post,0.22858240591247178,0.03530995565166048,50
N32,A,point,1.0,pre,0.23870394197683203,0.04072800812978743,50
N32,A,point,3.0,all,0.20749241435373356,0.032693132605044854,50
N32,A,point,3.0,post,0.20989684859096822,0.04582082444526353,50
N32,A,point,3.0,pre,0.21832430745088702,0.04741596095765061,50
N32,A,point,10.0,all,0.216231566171319,0.05007242520759278,50
N32,A,point,10.0,post,0.21904940466322823,0.06174004040039932,50
N32,A,point,10.0,pre,0.22720645151815905,0.06132685509314116,50
N32,A,point,30.0,all,0.22704044823498126,0.05810696064523959,50
N32,A,point,30.0,post,0.22999476438492933,0.06978228805718424,50
N32,A,point,30.0,pre,0.23853971031631815,0.06890868567830373,50
N32,A,point,100.0,all,0.23413364878118795,0.06182431851532967,50
N32,A,point,100.0,post,0.23708404294686325,0.07370773861495827,50
N32,A,point,100.0,pre,0.24605520083140817,0.07250624641182511,50
N32,B,cur,0.0,all,0.08856859198218388,0.0017337860216849151,50
N32,B,cur,0.0,post,0.0893804553018931,0.013181084005501062,50
N32,B,cur,0.0,pre,0.09334475370555728,0.014549298145095205,50
N32,B,cur,0.01,all,0.08800294970268746,0.0017239125614453724,50
N32,B,cur,0.01,post,0.0888222564016636,0.013087050596583391,50
N32,B,cur,0.01,pre,0.09273587956974669,0.014466967432215313,50
N32,B,cur,0.03,all,0.08700567818092272,0.0017156091865728352,50
N32,B,cur,0.03,post,0.0878413560515658,0.012922028945363437,50
N32,B,cur,0.03,pre,0.09165915125943991,0.01432298992783927,50
N32,B,cur,0.1,all,0.08476281033100493,0.002011249798885451,50
N32,B,cur,0.1,post,0.08566828929610514,0.012598879310703115,50
N32,B,cur,0.1,pre,0.08920496188859443,0.014039284050570457,50
N32,B,cur,0.3,all,0.08558771724342776,0.006537791280234736,50
N32,B,cur,0.3,post,0.08673147379525034,0.014322657398609995,50
N32,B,cur,0.3,pre,0.08985056575633128,0.015452898955713104,50
N32,B,cur,1.0,all,0.10940494298825115,0.02286592007082196,50
N32,B,cur,1.0,post,0.11118550391936997,0.029103928494637377,50
N32,B,cur,1.0,pre,0.11457213180069274,0.028987714390885818,50
N32,B,cur,3.0,all,0.15307522483425742,0.04069328865244676,50
N32,B,cur,3.0,post,0.15562395853208724,0.048683692942482676,50
N32,B,cur,3.0,pre,0.16024208982492996,0.0475743931907619,50
N32,B,cur,10.0,all,0.1926349856865383,0.054294709282829944,50
N32,B,cur,10.0,post,0.19577406502551448,0.06415661434320184,50
N32,B,cur,10.0,pre,0.20168554283447637,0.06220532713048464,50
N32,B,cur,30.0,all,0.21218152255822784,0.06081563616201628,50
N32,B,cur,30.0,post,0.21552599164892072,0.07162891894979113,50
N32,B,cur,30.0,pre,0.22225193536518095,0.06919505543073813,50
N32,B,cur,100.0,all,0.22198767630167626,0.06398979365548527,50
N32,B,cur,100.0,post,0.2253725905758956,0.07544568282923807,50
N32,B,cur,100.0,pre,0.23263501956310748,0.0724761129445696,50
N32,B,hist,0.0,all,0.08856859197740058,0.0017337860269939108,50
N32,B,hist,0.0,post,0.08938045529635627,0.013181084005405979,50
N32,B,hist,0.0,pre,0.09334475370141185,0.014549298147733437,50
N32,B,hist,0.01,all,0.08803740510642,0.0017233397532447096,50
N32,B,hist,0.01,post,0.08882179507505411,0.013085669944940233,50
N32,B,hist,0.01,pre,0.0928043491250489,0.01443738566397642,50
N32,B,hist,0.03,all,0.08732324572370466,0.0017225331066211115,50
N32,B,hist,0.03,post,0.08784228417251753,0.012918360909995328,50
N32,B,hist,0.03,pre,0.09229497135681256,0.01417628128757301,50
N32,B,hist,0.1,all,0.08797437846695294,0.002289085459452454,50
N32,B,hist,0.1,post,0.08569577714331138,0.012590971333727479,50
N32,B,hist,0.1,pre,0.0955511190493837,0.013088323908674966,50
N32,B,hist,0.3,all,0.10498296137253865,0.00850917824157339,50
N32,B,hist,0.3,post,0.08695564846642943,0.014304963298135524,50
N32,B,hist,0.3,pre,0.12589138844037895,0.01303448193298886,50
N32,B,hist,1.0,all,0.1762506230275774,0.024694084165861867,50
N32,B,hist,1.0,post,0.11225709510204396,0.028929514117540082,50
N32,B,hist,1.0,pre,0.23047118287139665,0.022263385946246578,50
N32,B,hist,3.0,all,0.2694853105580412,0.04015146262178429,50
N32,B,hist,3.0,post,0.15814664609940338,0.04819061200993301,50
N32,B,hist,3.0,pre,0.35815685440269435,0.03043689510953353,50
N32,B,hist,10.0,all,0.3472312624003295,0.051745295697655465,50
N32,B,hist,10.0,post,0.20223201714468375,0.06284376713396117,50
N32,B,hist,10.0,pre,0.4618083144839021,0.03490906239810939,50
N32,B,hist,30.0,all,0.3891619990226717,0.056312016980135396,50
N32,B,hist,30.0,post,0.23262091088632833,0.06879544757411885,50
N32,B,hist,30.0,pre,0.5147205471855143,0.03585715387526857,50
N32,B,hist,100.0,all,0.4180828536815418,0.057549631459595095,50
N32,B,hist,100.0,post,0.2618722983061087,0.07201543306261796,50
N32,B,hist,100.0,pre,0.5471544871926903,0.03579703782512323,50
N32,B,in,0.0,all,0.08856859198201249,0.001733786021685232,50
N32,B,in,0.0,post,0.08938045530187848,0.013181084005497142,50
N32,B,in,0.0,pre,0.09334475370521829,0.014549298145096099,50
N32,B,in,0.01,all,0.08803747929382771,0.001723457313090092,50
N32,B,in,0.01,post,0.08882191030271004,0.013085803959110475,50
N32,B,in,0.01,pre,0.09280441418235938,0.014437549295874225,50
N32,B,in,0.03,all,0.08732348225750006,0.0017228910404673513,50
N32,B,in,0.03,post,0.08784265719590013,0.012918771527895482,50
N32,B,in,0.03,pre,0.09229516900779464,0.014176783666720403,50
N32,B,in,0.1,all,0.08797479435670247,0.002289710393864659,50
N32,B,in,0.1,post,0.0856969740123415,0.01259232945964123,50
N32,B,in,0.1,pre,0.09555110207408983,0.013089881515115627,50
N32,B,in,0.3,all,0.10497554037074855,0.00850762633371351,50
N32,B,in,0.3,post,0.08695315600107863,0.014307506457667141,50
N32,B,in,0.3,pre,0.1258803328049908,0.013034208877862833,50
N32,B,in,1.0,all,0.17615951525374304,0.024696102439954154,50
N32,B,in,1.0,post,0.11215730224565315,0.02894564877673577,50
N32,B,in,1.0,pre,0.23036961517423948,0.022251671801580872,50
N32,B,in,3.0,all,0.26904493607547214,0.040202157541322156,50
N32,B,in,3.0,post,0.1574676183426954,0.04833229364016232,50
N32,B,in,3.0,pre,0.3577380672174376,0.03042303760197713,50
N32,B,in,10.0,all,0.3450400182066326,0.052137342593644484,50
N32,B,in,10.0,post,0.1982561774327546,0.06368236926432994,50
N32,B,in,10.0,pre,0.4599837796809226,0.03502889132471472,50
N32,B,in,30.0,all,0.38135808004849703,0.057849592321760034,50
N32,B,in,30.0,post,0.2182956351528763,0.07109346890025055,50
N32,B,in,30.0,pre,0.5084738454307882,0.03661780615886059,50
N32,B,in,100.0,all,0.39910174801718834,0.060799516540829004,50
N32,B,in,100.0,post,0.22827538460414512,0.07487489431140218,50
N32,B,in,100.0,pre,0.5320148903322001,0.03739684989595701,50
N32,B,legs,0.0,all,0.08856859198218389,0.0017337860216849077,50
N32,B,legs,0.0,post,0.0893804553018931,0.013181084005501062,50
N32,B,legs,0.0,pre,0.09334475370555728,0.014549298145095202,50
N32,B,legs,0.01,all,0.08856859198218389,0.0017337860216849077,50
N32,B,legs,0.01,post,0.0893804553018931,0.013181084005501062,50
N32,B,legs,0.01,pre,0.09334475370555728,0.014549298145095202,50
N32,B,legs,0.03,all,0.08856859198218389,0.0017337860216849077,50
N32,B,legs,0.03,post,0.0893804553018931,0.013181084005501062,50
N32,B,legs,0.03,pre,0.09334475370555728,0.014549298145095202,50
N32,B,legs,0.1,all,0.08856859198218389,0.0017337860216849077,50
N32,B,legs,0.1,post,0.0893804553018931,0.013181084005501062,50
N32,B,legs,0.1,pre,0.09334475370555728,0.014549298145095202,50
N32,B,legs,0.3,all,0.08856859198218389,0.0017337860216849077,50
N32,B,legs,0.3,post,0.0893804553018931,0.013181084005501062,50
N32,B,legs,0.3,pre,0.09334475370555728,0.014549298145095202,50
N32,B,legs,1.0,all,0.08856859198218389,0.0017337860216849077,50
N32,B,legs,1.0,post,0.0893804553018931,0.013181084005501062,50
N32,B,legs,1.0,pre,0.09334475370555728,0.014549298145095202,50
N32,B,legs,3.0,all,0.08856859198218389,0.0017337860216849077,50
N32,B,legs,3.0,post,0.0893804553018931,0.013181084005501062,50
N32,B,legs,3.0,pre,0.09334475370555728,0.014549298145095202,50
N32,B,legs,10.0,all,0.08856859198218389,0.0017337860216849077,50
N32,B,legs,10.0,post,0.0893804553018931,0.013181084005501062,50
N32,B,legs,10.0,pre,0.09334475370555728,0.014549298145095202,50
N32,B,legs,30.0,all,0.08856859198218389,0.0017337860216849077,50
N32,B,legs,30.0,post,0.0893804553018931,0.013181084005501062,50
N32,B,legs,30.0,pre,0.09334475370555728,0.014549298145095202,50
N32,B,legs,100.0,all,0.08856859198218389,0.0017337860216849077,50
N32,B,legs,100.0,post,0.0893804553018931,0.013181084005501062,50
N32,B,legs,100.0,pre,0.09334475370555728,0.014549298145095202,50
N32,B,point,0.0,all,0.31626786915915395,0.0020697850665125066,50
N32,B,point,0.0,post,0.31898570576049795,0.0452582436996545,50
N32,B,point,0.0,pre,0.3336252473851156,0.05293485952033285,50
N32,B,point,0.01,all,0.3141986674434659,0.002094275500572731,50
N32,B,point,0.01,post,0.3168893168107511,0.04493907235902316,50
N32,B,point,0.01,pre,0.3314494936148326,0.052586832450760186,50
N32,B,point,0.03,all,0.3102624767905198,0.002189263167206017,50
N32,B,point,0.03,post,0.3128392435818109,0.04432663511303494,50
N32,B,point,0.03,pre,0.32737015650397056,0.05189858463694505,50
N32,B,point,0.1,all,0.2984032633522547,0.0027198801238904574,50
N32,B,point,0.1,post,0.30002413361154984,0.042425413470608554,50
N32,B,point,0.1,pre,0.3156635161366311,0.049557669156300804,50
N32,B,point,0.3,all,0.27694205796652643,0.004557829672931168,50
N32,B,point,0.3,post,0.27242659060044067,0.03856962000869468,50
N32,B,point,0.3,pre,0.2985273646640392,0.04346024591830134,50
N32,B,point,1.0,all,0.26553028034572784,0.01616141963554021,50
N32,B,point,1.0,post,0.22858240591247178,0.03530995565166048,50
N32,B,point,1.0,pre,0.3124865137597409,0.032386000727383644,50
N32,B,point,3.0,all,0.30360772065284675,0.035591306729493816,50
N32,B,point,3.0,post,0.20989684859096822,0.04582082444526353,50
N32,B,point,3.0,pre,0.38891989415686623,0.03187673023189027,50
N32,B,point,10.0,all,0.359400633951221,0.05007790876277887,50
N32,B,point,10.0,post,0.21904940466322823,0.06174004040039932,50
N32,B,point,10.0,pre,0.4741844231773939,0.03485745426832056,50
N32,B,point,30.0,all,0.39074342848978993,0.05629087825104932,50
N32,B,point,30.0,post,0.22999476438492933,0.06978228805718424,50
N32,B,point,30.0,pre,0.5187217540831381,0.0359439515481531,50
N32,B,point,100.0,all,0.4070446749054292,0.059273960814326586,50
N32,B,point,100.0,post,0.23708404294686325,0.07370773861495827,50
N32,B,point,100.0,pre,0.54118333921643,0.03651925504928087,50
N4,A,cur,0.0,all,0.7740921780386267,0.12643144230212458,50
N4,A,cur,0.0,post,0.771387327035453,0.13245141781125888,50
N4,A,cur,0.0,pre,0.7658819837590292,0.16927332690598731,50
N4,A,cur,0.01,all,0.7740877680495604,0.1264284798158005,50
N4,A,cur,0.01,post,0.7712771896394144,0.1324860466303451,50
N4,A,cur,0.01,pre,0.7659719125920126,0.16924488413553226,50
N4,A,cur,0.03,all,0.7740945716853662,0.12641532410168324,50
N4,A,cur,0.03,post,0.7710696356038558,0.13255200686252566,50
N4,A,cur,0.03,pre,0.7661759513716768,0.16916672671120422,50
N4,A,cur,0.1,all,0.774256240951687,0.12630561075753893,50
N4,A,cur,0.1,post,0.7704599178202554,0.13275234385610002,50
N4,A,cur,0.1,pre,0.7670987741779137,0.16870763900007096,50
N4,A,cur,0.3,all,0.7754503428870798,0.1256582662448022,50
N4,A,cur,0.3,post,0.7694182808297423,0.13313741983702648,50
N4,A,cur,0.3,pre,0.7707561511941045,0.16646426906203832,50
N4,A,cur,1.0,all,0.7814803264187767,0.12265488198463764,50
N4,A,cur,1.0,post,0.7689380942797193,0.13358353666814327,50
N4,A,cur,1.0,pre,0.7846359100843824,0.15725591556144636,50
N4,A,cur,3.0,all,0.793020364001221,0.1172787594066141,50
N4,A,cur,3.0,post,0.7709196513461555,0.13359817657281056,50
N4,A,cur,3.0,pre,0.807824337516559,0.14239144614211643,50
N4,A,cur,10.0,all,0.8054266396374072,0.11191019373190247,50
N4,A,cur,10.0,post,0.774203105675474,0.13336610548114902,50
N4,A,cur,10.0,pre,0.8309945292605605,0.128582023630685,50
N4,A,cur,30.0,all,0.8122100215027837,0.10911302272553125,50
N4,A,cur,30.0,post,0.7762767709734159,0.13316749558141683,50
N4,A,cur,30.0,pre,0.8431717091539715,0.12178216517049069,50
N4,A,cur,100.0,all,0.8156920231289787,0.10771677450752234,50
N4,A,cur,100.0,post,0.7774431283841047,0.1330062478919032,50
N4,A,cur,100.0,pre,0.8492683926199599,0.11855973618725664,50
N4,A,hist,0.0,all,0.7740921780386267,0.12643144230212455,50
N4,A,hist,0.0,post,0.771387327035453,0.1324514178112589,50
N4,A,hist,0.0,pre,0.7658819837590294,0.16927332690598731,50
N4,A,hist,0.01,all,0.7740850974872848,0.1264311613563561,50
N4,A,hist,0.01,post,0.7713574279503791,0.1324681470632125,50
N4,A,hist,0.01,pre,0.765871476202171,0.16928520187801072,50
N4,A,hist,0.03,all,0.7740770122994391,0.1264297906699685,50
N4,A,hist,0.03,post,0.7713052807124933,0.1324998552808805,50
N4,A,hist,0.03,pre,0.7658577339537405,0.16930667903252403,50
N4,A,hist,0.1,all,0.7741027323636227,0.1264179403480882,50
N4,A,hist,0.1,post,0.7711916409919779,0.13259475014151886,50
N4,A,hist,0.1,pre,0.7658743762121525,0.16936111114970387,50
N4,A,hist,0.3,all,0.774470386379834,0.12634804002553018,50
N4,A,hist,0.3,post,0.7712570581209789,0.13276909315983293,50
N4,A,hist,0.3,pre,0.7662757878005604,0.16939467750703155,50
N4,A,hist,1.0,all,0.7766211912841742,0.12602930482756955,50
N4,A,hist,1.0,post,0.772882124971455,0.13293670353080642,50
N4,A,hist,1.0,pre,0.768740170089639,0.1690037087900462,50
N4,A,hist,3.0,all,0.7812061362766656,0.1253821412157533,50
N4,A,hist,3.0,post,0.7770328098287729,0.13282304137020254,50
N4,A,hist,3.0,pre,0.7740291848748627,0.167497202736666,50
N4,A,hist,10.0,all,0.788487728273521,0.12343024734443422,50
N4,A,hist,10.0,post,0.7840170530967534,0.131435723260867,50
N4,A,hist,10.0,pre,0.7822178020882355,0.16275827014317748,50
N4,A,hist,30.0,all,0.803004211321505,0.11611097480952788,50
N4,A,hist,30.0,post,0.7987831985249265,0.12382232927755318,50
N4,A,hist,30.0,pre,0.7977081723736842,0.15035094186108564,50
N4,A,hist,100.0,all,0.8389902082791209,0.09749398140346302,50
N4,A,hist,100.0,post,0.836057809999479,0.10361750737674874,50
N4,A,hist,100.0,pre,0.8353871578265897,0.12470602952977938,50
N4,A,in,0.0,all,0.7740921780386267,0.1264314423021246,50
N4,A,in,0.0,post,0.7713873270354555,0.1324514178112561,50
N4,A,in,0.0,pre,0.7658819837590278,0.1692733269059872,50
N4,A,in,0.01,all,0.7740848399211321,0.12643140690554544,50
N4,A,in,0.01,post,0.7713812530288655,0.13245392258884497,50
N4,A,in,0.01,pre,0.7658711579224615,0.16927886592475253,50
N4,A,in,0.03,all,0.7740753054983549,0.12643041257829812,50
N4,A,in,0.03,post,0.7713743703024505,0.1324580966012919,50
N4,A,in,0.03,pre,0.7658557380973339,0.1692881624097671,50
N4,A,in,0.1,all,0.7740876227961894,0.1264188266650898,50
N4,A,in,0.1,post,0.7713970524921749,0.13246526805251035,50
N4,A,in,0.1,pre,0.765857197165756,0.16930481207791892,50
N4,A,in,0.3,all,0.7743712474272891,0.12634358807023516,50
N4,A,in,0.3,post,0.7717157953761489,0.13244516541097226,50
N4,A,in,0.3,pre,0.7661637492164369,0.16926521561010016,50
N4,A,in,1.0,all,0.7760881907967463,0.1259906708346807,50
N4,A,in,1.0,post,0.7735599776487997,0.13225342167430088,50
N4,A,in,1.0,pre,0.768136722591923,0.16885903475644964,50
N4,A,in,3.0,all,0.7796018059066071,0.12538317005422395,50
N4,A,in,3.0,post,0.7772986582758036,0.1318730821925727,50
N4,A,in,3.0,pre,0.772223294261233,0.16802069729454028,50
N4,A,in,10.0,all,0.7835178692018306,0.12481569569718406,50
N4,A,in,10.0,post,0.7814420906079671,0.13149176185003336,50
N4,A,in,10.0,pre,0.7768031580640798,0.16716891038239418,50
N4,A,in,30.0,all,0.7857156821166873,0.12453040092291023,50
N4,A,in,30.0,post,0.7837454340232354,0.13125305504812837,50
N4,A,in,30.0,pre,0.7793893488977146,0.16676872114139493,50
N4,A,in,100.0,all,0.7868851527115099,0.1243867730319418,50
N4,A,in,100.0,post,0.7849622526299355,0.13107852676997084,50
N4,A,in,100.0,pre,0.7807628284462238,0.16661655185783292,50
N4,A,legs,0.0,all,0.7740921780386267,0.12643144230212455,50
N4,A,legs,0.0,post,0.771387327035453,0.13245141781125888,50
N4,A,legs,0.0,pre,0.7658819837590294,0.16927332690598731,50
N4,A,legs,0.01,all,0.7740921780386267,0.12643144230212455,50
N4,A,legs,0.01,post,0.771387327035453,0.13245141781125888,50
N4,A,legs,0.01,pre,0.7658819837590294,0.16927332690598731,50
N4,A,legs,0.03,all,0.7740921780386267,0.12643144230212455,50
N4,A,legs,0.03,post,0.771387327035453,0.13245141781125888,50
N4,A,legs,0.03,pre,0.7658819837590294,0.16927332690598731,50
N4,A,legs,0.1,all,0.7740921780386267,0.12643144230212455,50
N4,A,legs,0.1,post,0.771387327035453,0.13245141781125888,50
N4,A,legs,0.1,pre,0.7658819837590294,0.16927332690598731,50
N4,A,legs,0.3,all,0.7740921780386267,0.12643144230212455,50
N4,A,legs,0.3,post,0.771387327035453,0.13245141781125888,50
N4,A,legs,0.3,pre,0.7658819837590294,0.16927332690598731,50
N4,A,legs,1.0,all,0.7740921780386267,0.12643144230212455,50
N4,A,legs,1.0,post,0.771387327035453,0.13245141781125888,50
N4,A,legs,1.0,pre,0.7658819837590294,0.16927332690598731,50
N4,A,legs,3.0,all,0.7740921780386267,0.12643144230212455,50
N4,A,legs,3.0,post,0.771387327035453,0.13245141781125888,50
N4,A,legs,3.0,pre,0.7658819837590294,0.16927332690598731,50
N4,A,legs,10.0,all,0.7740921780386267,0.12643144230212455,50
N4,A,legs,10.0,post,0.771387327035453,0.13245141781125888,50
N4,A,legs,10.0,pre,0.7658819837590294,0.16927332690598731,50
N4,A,legs,30.0,all,0.7740921780386267,0.12643144230212455,50
N4,A,legs,30.0,post,0.771387327035453,0.13245141781125888,50
N4,A,legs,30.0,pre,0.7658819837590294,0.16927332690598731,50
N4,A,legs,100.0,all,0.7740921780386267,0.12643144230212455,50
N4,A,legs,100.0,post,0.771387327035453,0.13245141781125888,50
N4,A,legs,100.0,pre,0.7658819837590294,0.16927332690598731,50
N4,A,point,0.0,all,0.3163081368633068,0.0016254169910733492,50
N4,A,point,0.0,post,0.31898570576049795,0.045258243699654484,50
N4,A,point,0.0,pre,0.3338272306822593,0.05379178054202926,50
N4,A,point,0.01,all,0.31422911438638823,0.0016798923715501794,50
N4,A,point,0.01,post,0.3168893168107511,0.044939072359023176,50
N4,A,point,0.01,pre,0.3316312657384074,0.05344562807721212,50
N4,A,point,0.03,all,0.3102123901481906,0.0018497266017460043,50
N4,A,point,0.03,post,0.3128392435818109,0.04432663511303495,50
N4,A,point,0.03,pre,0.3273884094435867,0.05277856497862086,50
N4,A,point,0.1,all,0.2975005423371022,0.002703325703996092,50
N4,A,point,0.1,post,0.30002413361154984,0.04242541347060856,50
N4,A,point,0.1,pre,0.313958750095773,0.05068089000062873,50
N4,A,point,0.3,all,0.27010560728410105,0.0051498420191845575,50
N4,A,point,0.3,post,0.27242659060044067,0.03856962000869468,50
N4,A,point,0.3,pre,0.28499844896682364,0.04623804602560508,50
N4,A,point,1.0,all,0.22643652077769608,0.014116254104638367,50
N4,A,point,1.0,post,0.22858240591247178,0.03530995565166047,50
N4,A,point,1.0,pre,0.23870394197683203,0.04072800812978742,50
N4,A,point,3.0,all,0.20749241435373356,0.03269313260504485,50
N4,A,point,3.0,post,0.20989684859096822,0.04582082444526352,50
N4,A,point,3.0,pre,0.21832430745088702,0.04741596095765061,50
N4,A,point,10.0,all,0.216231566171319,0.05007242520759278,50
N4,A,point,10.0,post,0.21904940466322823,0.061740040400399314,50
N4,A,point,10.0,pre,0.22720645151815905,0.06132685509314117,50
N4,A,point,30.0,all,0.22704044823498126,0.058106960645239576,50
N4,A,point,30.0,post,0.22999476438492933,0.06978228805718424,50
N4,A,point,30.0,pre,0.23853971031631815,0.06890868567830374,50
N4,A,point,100.0,all,0.23413364878118795,0.06182431851532965,50
N4,A,point,100.0,post,0.23708404294686325,0.07370773861495826,50
N4,A,point,100.0,pre,0.24605520083140817,0.07250624641182513,50
N4,B,cur,0.0,all,0.773727380305148,0.13131252437981517,50
N4,B,cur,0.0,post,0.7714685824338925,0.13434073378119984,50
N4,B,cur,0.0,pre,0.7644606060257226,0.1776794525614645,50
N4,B,cur,0.01,all,0.7737200372859793,0.13131254157804,50
N4,B,cur,0.01,post,0.7714614633656223,0.13434002237437664,50
N4,B,cur,0.01,pre,0.7644500568281523,0.17768544476914286,50
N4,B,cur,0.03,all,0.7737104320633424,0.1313116727531635,50
N4,B,cur,0.03,post,0.7714525169969069,0.13433796914698276,50
N4,B,cur,0.03,pre,0.7644350693031761,0.17769552759878415,50
N4,B,cur,0.1,all,0.7737219831535039,0.1313006998070728,50
N4,B,cur,0.1,post,0.7714682512940648,0.13432528312325034,50
N4,B,cur,0.1,pre,0.7644370019197819,0.17771383593403633,50
N4,B,cur,0.3,all,0.7740009657514278,0.13122806150920552,50
N4,B,cur,0.3,post,0.7717693524736192,0.134261049294833,50
N4,B,cur,0.3,pre,0.7647397438205819,0.177672627857993,50
N4,B,cur,1.0,all,0.7756989421595177,0.13088575168250877,50
N4,B,cur,1.0,post,0.7735707844966906,0.1339871741686799,50
N4,B,cur,1.0,pre,0.7666884641087006,0.17723769365121686,50
N4,B,cur,3.0,all,0.7791875476227051,0.13029974651344758,50
N4,B,cur,3.0,post,0.777257580042863,0.13353197233830796,50
N4,B,cur,3.0,pre,0.7707366648116172,0.1763347718363831,50
N4,B,cur,10.0,all,0.7830917523438257,0.12976064805020993,50
N4,B,cur,10.0,post,0.7813666359443363,0.13309869839911823,50
N4,B,cur,10.0,pre,0.7752885680494599,0.17542291067084073,50
N4,B,cur,30.0,all,0.7852878587450459,0.12948623042200944,50
N4,B,cur,30.0,post,0.7836628011820553,0.13284092411116602,50
N4,B,cur,30.0,pre,0.7778651393512671,0.17497885090958132,50
N4,B,cur,100.0,all,0.7864537465628508,0.12933632758062147,50
N4,B,cur,100.0,post,0.7848762424559774,0.1326653430660074,50
N4,B,cur,100.0,pre,0.7792358044351603,0.1747745963452751,50
N4,B,hist,0.0,all,0.773727380305148,0.1313125243798152,50
N4,B,hist,0.0,post,0.7714685824338925,0.13434073378119984,50
N4,B,hist,0.0,pre,0.7644606060257226,0.17767945256146445,50
N4,B,hist,0.01,all,0.7737206318518627,0.13131333227840652,50
N4,B,hist,0.01,post,0.771455116631786,0.1343469273635504,50
N4,B,hist,0.01,pre,0.7644587129342824,0.17765429870679347,50
N4,B,hist,0.03,all,0.773721419975569,0.1313082202648239,50
N4,B,hist,0.03,post,0.7714346790642527,0.13435814683761,50
N4,B,hist,0.03,pre,0.7644819651922171,0.17758333757653946,50
N4,B,hist,0.1,all,0.773850771260502,0.13123061802648947,50
N4,B,hist,0.1,post,0.7714211189064777,0.13438691402724304,50
N4,B,hist,0.1,pre,0.7648023234228275,0.17715278233747161,50
N4,B,hist,0.3,all,0.774901364175522,0.13068823464109638,50
N4,B,hist,0.3,post,0.771702152348635,0.13440990981406808,50
N4,B,hist,0.3,pre,0.7669848406341125,0.17498181867806517,50
N4,B,hist,1.0,all,0.7804135528953735,0.12797575464564115,50
N4,B,hist,1.0,post,0.7736908545080009,0.13428116478219104,50
N4,B,hist,1.0,pre,0.7776643551052116,0.16577893120959017,50
N4,B,hist,3.0,all,0.7914061595840343,0.12277280952394405,50
N4,B,hist,3.0,post,0.7780796294964928,0.13392146098529842,50
N4,B,hist,3.0,pre,0.7976649126562779,0.15018349578835155,50
N4,B,hist,10.0,all,0.805393252526149,0.11608184302432989,50
N4,B,hist,10.0,post,0.7850119239570944,0.13265796392657656,50
N4,B,hist,10.0,pre,0.8203106416058142,0.13285086182826758,50
N4,B,hist,30.0,all,0.8224636168221591,0.10662417748782217,50
N4,B,hist,30.0,post,0.7994536566066479,0.12555125475214662,50
N4,B,hist,30.0,pre,0.8405803884010212,0.11667150816331676,50
N4,B,hist,100.0,all,0.8566972769916115,0.08778956549927945,50
N4,B,hist,100.0,post,0.836383498332896,0.10518254627440259,50
N4,B,hist,100.0,pre,0.8734414711594027,0.09426086844120404,50
N4,B,in,0.0,all,0.773727380305148,0.1313125243798153,50
N4,B,in,0.0,post,0.7714685824338953,0.13434073378119657,50
N4,B,in,0.0,pre,0.7644606060257212,0.17767945256146456,50
N4,B,in,0.01,all,0.7737207488859192,0.13131355893813068,50
N4,B,in,0.01,post,0.7713553505722939,0.13435284565094474,50
N4,B,in,0.01,pre,0.764552187117534,0.17766590248637112,50
N4,B,in,0.03,all,0.7737229566547404,0.13130859164597503,50
N4,B,in,0.03,post,0.7711418172575232,0.13437540910164747,50
N4,B,in,0.03,pre,0.7647591502126617,0.17761675512960237,50
N4,B,in,0.1,all,0.7738675232060488,0.13122889515934705,50
N4,B,in,0.1,post,0.7705131937964513,0.1344390743506886,50
N4,B,in,0.1,pre,0.7656894016337975,0.17725102522031502,50
N4,B,in,0.3,all,0.7750125647553149,0.13066882550424447,50
N4,B,in,0.3,post,0.7694313002292877,0.1345288182197274,50
N4,B,in,0.3,pre,0.7693594976140625,0.17521442140808463,50
N4,B,in,1.0,all,0.7809360027538994,0.12789563783950877,50
N4,B,in,1.0,post,0.7688943204312884,0.1344445101748113,50
N4,B,in,1.0,pre,0.7832964458603595,0.16640881326383072,50
N4,B,in,3.0,all,0.792435151564003,0.12276900126293626,50
N4,B,in,3.0,post,0.7708849205162462,0.13395631076613979,50
N4,B,in,3.0,pre,0.8066751986878258,0.15204737071988414,50
N4,B,in,10.0,all,0.8049449916124055,0.11750041274889213,50
N4,B,in,10.0,post,0.7742403018206322,0.13330478799021667,50
N4,B,in,10.0,pre,0.8301877901591979,0.13869940051446103,50
N4,B,in,30.0,all,0.8118848349110199,0.11466195968123445,50
N4,B,in,30.0,post,0.7763396800399923,0.13287579713640735,50
N4,B,in,30.0,pre,0.8427092253868708,0.1320568269834072,50
N4,B,in,100.0,all,0.8155111084998571,0.11321020157039391,50
N4,B,in,100.0,post,0.7775068063086654,0.13258489968285322,50
N4,B,in,100.0,pre,0.8490941128113192,0.12885965480314956,50
N4,B,legs,0.0,all,0.773727380305148,0.13131252437981522,50
N4,B,legs,0.0,post,0.7714685824338925,0.13434073378119982,50
N4,B,legs,0.0,pre,0.7644606060257226,0.1776794525614645,50
N4,B,legs,0.01,all,0.773727380305148,0.13131252437981522,50
N4,B,legs,0.01,post,0.7714685824338925,0.13434073378119982,50
N4,B,legs,0.01,pre,0.7644606060257226,0.1776794525614645,50
N4,B,legs,0.03,all,0.773727380305148,0.13131252437981522,50
N4,B,legs,0.03,post,0.7714685824338925,0.13434073378119982,50
N4,B,legs,0.03,pre,0.7644606060257226,0.1776794525614645,50
N4,B,legs,0.1,all,0.773727380305148,0.13131252437981522,50
N4,B,legs,0.1,post,0.7714685824338925,0.13434073378119982,50
N4,B,legs,0.1,pre,0.7644606060257226,0.1776794525614645,50
N4,B,legs,0.3,all,0.773727380305148,0.13131252437981522,50
N4,B,legs,0.3,post,0.7714685824338925,0.13434073378119982,50
N4,B,legs,0.3,pre,0.7644606060257226,0.1776794525614645,50
N4,B,legs,1.0,all,0.773727380305148,0.13131252437981522,50
N4,B,legs,1.0,post,0.7714685824338925,0.13434073378119982,50
N4,B,legs,1.0,pre,0.7644606060257226,0.1776794525614645,50
N4,B,legs,3.0,all,0.773727380305148,0.13131252437981522,50
N4,B,legs,3.0,post,0.7714685824338925,0.13434073378119982,50
N4,B,legs,3.0,pre,0.7644606060257226,0.1776794525614645,50
N4,B,legs,10.0,all,0.773727380305148,0.13131252437981522,50
N4,B,legs,10.0,post,0.7714685824338925,0.13434073378119982,50
N4,B,legs,10.0,pre,0.7644606060257226,0.1776794525614645,50
N4,B,legs,30.0,all,0.773727380305148,0.13131252437981522,50
N4,B,legs,30.0,post,0.7714685824338925,0.13434073378119982,50
N4,B,legs,30.0,pre,0.7644606060257226,0.1776794525614645,50
N4,B,legs,100.0,all,0.773727380305148,0.13131252437981522,50
N4,B,legs,100.0,post,0.7714685824338925,0.13434073378119982,50
N4,B,legs,100.0,pre,0.7644606060257226,0.1776794525614645,50
N4,B,point,0.0,all,0.31626786915915395,0.00206978506651249,50
N4,B,point,0.0,post,0.31898570576049795,0.045258243699654484,50
N4,B,point,0.0,pre,0.3336252473851156,0.05293485952033284,50
N4,B,point,0.01,all,0.3141986674434659,0.00209427550057273,50
N4,B,point,0.01,post,0.3168893168107511,0.044939072359023176,50
N4,B,point,0.01,pre,0.3314494936148326,0.0525868324507602,50
N4,B,point,0.03,all,0.3102624767905198,0.0021892631672060085,50
N4,B,point,0.03,post,0.3128392435818109,0.04432663511303495,50
N4,B,point,0.03,pre,0.32737015650397056,0.05189858463694504,50
N4,B,point,0.1,all,0.2984032633522547,0.0027198801238904526,50
N4,B,point,0.1,post,0.30002413361154984,0.04242541347060856,50
N4,B,point,0.1,pre,0.3156635161366311,0.0495576691563008,50
N4,B,point,0.3,all,0.27694205796652643,0.004557829672931166,50
N4,B,point,0.3,post,0.27242659060044067,0.03856962000869468,50
N4,B,point,0.3,pre,0.2985273646640392,0.043460245918301346,50
N4,B,point,1.0,all,0.26553028034572784,0.0161614196355402,50
N4,B,point,1.0,post,0.22858240591247178,0.03530995565166047,50
N4,B,point,1.0,pre,0.3124865137597409,0.032386000727383644,50
N4,B,point,3.0,all,0.30360772065284675,0.0355913067294938,50
N4,B,point,3.0,post,0.20989684859096822,0.04582082444526352,50
N4,B,point,3.0,pre,0.38891989415686623,0.031876730231890284,50
N4,B,point,10.0,all,0.359400633951221,0.05007790876277886,50
N4,B,point,10.0,post,0.21904940466322823,0.061740040400399314,50
N4,B,point,10.0,pre,0.4741844231773939,0.03485745426832056,50
N4,B,point,30.0,all,0.39074342848978993,0.05629087825104931,50
N4,B,point,30.0,post,0.22999476438492933,0.06978228805718424,50
N4,B,point,30.0,pre,0.5187217540831381,0.03594395154815312,50
N4,B,point,100.0,all,0.4070446749054292,0.0592739608143266,50
N4,B,point,100.0,post,0.23708404294686325,0.07370773861495826,50
N4,B,point,100.0,pre,0.54118333921643,0.03651925504928086,50
N8,A,cur,0.0,all,0.4349845009469211,0.15019408127569905,50
N8,A,cur,0.0,post,0.4356913228781585,0.141305563935606,50
N8,A,cur,0.0,pre,0.447373078020574,0.18031491370415942,50
N8,A,cur,0.01,all,0.4349638409354113,0.1501938393410858,50
N8,A,cur,0.01,post,0.4354658297908179,0.14134800427232666,50
N8,A,cur,0.01,pre,0.4475393012559441,0.1802475008977325,50
N8,A,cur,0.03,all,0.4349845694863279,0.15016276951403656,50
N8,A,cur,0.03,post,0.43504908770870315,0.14142350448642277,50
N8,A,cur,0.03,pre,0.4479675409002792,0.18006186936410323,50
N8,A,cur,0.1,all,0.43560349679760163,0.1497867192998753,50
N8,A,cur,0.1,post,0.43390310152101497,0.14160177803719445,50
N8,A,cur,0.1,pre,0.4502920219063185,0.17898029852180686,50
N8,A,cur,0.3,all,0.44021932842545325,0.14738501818291613,50
N8,A,cur,0.3,post,0.4324681453127599,0.14161012567766873,50
N8,A,cur,0.3,pre,0.4609022076369322,0.17397184413146946,50
N8,A,cur,1.0,all,0.4624838187836657,0.1372887831419992,50
N8,A,cur,1.0,post,0.4349837626068505,0.13989270205149076,50
N8,A,cur,1.0,pre,0.5019137572177548,0.15659042055991051,50
N8,A,cur,3.0,all,0.501540320339689,0.12279295688616629,50
N8,A,cur,3.0,post,0.4455367449556536,0.13623779234827343,50
N8,A,cur,3.0,pre,0.5659717241163554,0.13431258700977844,50
N8,A,cur,10.0,all,0.5402447350229338,0.11117778137829139,50
N8,A,cur,10.0,post,0.4588648172495471,0.13309316772549443,50
N8,A,cur,10.0,pre,0.6256879763367029,0.11689561139110399,50
N8,A,cur,30.0,all,0.5603764955363975,0.10588141936404452,50
N8,A,cur,30.0,post,0.4665676422439545,0.13172946475814215,50
N8,A,cur,30.0,pre,0.6558216608585029,0.10885236078400176,50
N8,A,cur,100.0,all,0.5704251979064834,0.1034263667686941,50
N8,A,cur,100.0,post,0.4706825602006529,0.1310759195090014,50
N8,A,cur,100.0,pre,0.6706072824236645,0.10509948554236086,50
N8,A,hist,0.0,all,0.4349845009469211,0.15019408127569905,50
N8,A,hist,0.0,post,0.4356913228781584,0.141305563935606,50
N8,A,hist,0.0,pre,0.447373078020574,0.18031491370415947,50
N8,A,hist,0.01,all,0.43495501590897384,0.1502011636207934,50
N8,A,hist,0.01,post,0.43567108777570274,0.14131488229230232,50
N8,A,hist,0.01,pre,0.44730909231469873,0.18029463306215623,50
N8,A,hist,0.03,all,0.4349180186876885,0.15020755739807096,50
N8,A,hist,0.03,post,0.4356520522669314,0.1413263784423142,50
N8,A,hist,0.03,pre,0.4472075354434492,0.18024741951687745,50
N8,A,hist,0.1,all,0.4349837282233269,0.15016125136941988,50
N8,A,hist,0.1,post,0.435775725945577,0.1413034006728781,50
N8,A,hist,0.1,pre,0.44708768461168463,0.18002398260557062,50
N8,A,hist,0.3,all,0.4362284117237049,0.14966764020953124,50
N8,A,hist,0.3,post,0.43715683845539643,0.1409039836872799,50
N8,A,hist,0.3,pre,0.44803620384230575,0.17909550680421263,50
N8,A,hist,1.0,all,0.4435604400859081,0.1471429690601163,50
N8,A,hist,1.0,post,0.44481870370877175,0.13875788398943148,50
N8,A,hist,1.0,pre,0.45523808286613027,0.17556066874500242,50
N8,A,hist,3.0,all,0.45855923250995007,0.1427932375513487,50
N8,A,hist,3.0,post,0.4603273881887511,0.13519985960616887,50
N8,A,hist,3.0,pre,0.4703043324169514,0.1697238219072926,50
N8,A,hist,10.0,all,0.4803724667511613,0.13695469590739068,50
N8,A,hist,10.0,post,0.48231169894500375,0.1311840651376328,50
N8,A,hist,10.0,pre,0.4911523273994877,0.16072127877255613,50
N8,A,hist,30.0,all,0.5157876643015039,0.12676483237406175,50
N8,A,hist,30.0,post,0.5153384516717285,0.1253118687542588,50
N8,A,hist,30.0,pre,0.524844752348941,0.1471914226238595,50
N8,A,hist,100.0,all,0.5821583053198629,0.11393374507552032,50
N8,A,hist,100.0,post,0.5749502523763994,0.12019746709567523,50
N8,A,hist,100.0,pre,0.5908243275948197,0.13702670114559362,50
N8,A,in,0.0,all,0.43498450094692054,0.1501940812756991,50
N8,A,in,0.0,post,0.43569132287815776,0.14130556393560373,50
N8,A,in,0.0,pre,0.44737307802057236,0.18031491370415628,50
N8,A,in,0.01,all,0.43495468513429886,0.15020096677688635,50
N8,A,in,0.01,post,0.43566609066753387,0.14131312713705738,50
N8,A,in,0.01,pre,0.4473359441905972,0.1803125286362482,50
N8,A,in,0.03,all,0.434915846912456,0.15020638951637477,50
N8,A,in,0.03,post,0.4356362437300538,0.14132077530694492,50
N8,A,in,0.03,pre,0.44728538005070834,0.1802995423110517,50
N8,A,in,0.1,all,0.43496450616293364,0.15015167108402153,50
N8,A,in,0.1,post,0.43571481932849226,0.14128149913955432,50
N8,A,in,0.1,pre,0.447318773349063,0.18018195000421827,50
N8,A,in,0.3,all,0.43610075802299986,0.14960884856720938,50
N8,A,in,0.3,post,0.43692783764849197,0.1408230478938897,50
N8,A,in,0.3,pre,0.4485485139138376,0.1794782388830363,50
N8,A,in,1.0,all,0.44284234503271896,0.14687711877009105,50
N8,A,in,1.0,post,0.44389021835726544,0.13848122400425145,50
N8,A,in,1.0,pre,0.4559643308284448,0.17644515239283143,50
N8,A,in,3.0,all,0.4560730864086725,0.14239632044079623,50
N8,A,in,3.0,post,0.4575149905382317,0.1347486919021603,50
N8,A,in,3.0,pre,0.4703714797853697,0.17197044146085133,50
N8,A,in,10.0,all,0.4701786814564188,0.13861913294364595,50
N8,A,in,10.0,post,0.47209159181859567,0.131803920194281,50
N8,A,in,10.0,pre,0.48551183406535914,0.1685935809822101,50
N8,A,in,30.0,all,0.4778548384334967,0.13695621204188932,50
N8,A,in,30.0,post,0.4800666567395135,0.13057917335299846,50
N8,A,in,30.0,pre,0.4936457173142722,0.16726628469866026,50
N8,A,in,100.0,all,0.48184352817129394,0.13620208878480022,50
N8,A,in,100.0,post,0.484238069475033,0.13002700275158252,50
N8,A,in,100.0,pre,0.49782151215285964,0.1667191686797692,50
N8,A,legs,0.0,all,0.4349845009469211,0.15019408127569905,50
N8,A,legs,0.0,post,0.4356913228781585,0.14130556393560595,50
N8,A,legs,0.0,pre,0.447373078020574,0.1803149137041594,50
N8,A,legs,0.01,all,0.4349845009469211,0.15019408127569905,50
N8,A,legs,0.01,post,0.4356913228781585,0.14130556393560595,50
N8,A,legs,0.01,pre,0.447373078020574,0.1803149137041594,50
N8,A,legs,0.03,all,0.4349845009469211,0.15019408127569905,50
N8,A,legs,0.03,post,0.4356913228781585,0.14130556393560595,50
N8,A,legs,0.03,pre,0.447373078020574,0.1803149137041594,50
N8,A,legs,0.1,all,0.4349845009469211,0.15019408127569905,50
N8,A,legs,0.1,post,0.4356913228781585,0.14130556393560595,50
N8,A,legs,0.1,pre,0.447373078020574,0.1803149137041594,50
N8,A,legs,0.3,all,0.4349845009469211,0.15019408127569905,50
N8,A,legs,0.3,post,0.4356913228781585,0.14130556393560595,50
N8,A,legs,0.3,pre,0.447373078020574,0.1803149137041594,50
N8,A,legs,1.0,all,0.4349845009469211,0.15019408127569905,50
N8,A,legs,1.0,post,0.4356913228781585,0.14130556393560595,50
N8,A,legs,1.0,pre,0.447373078020574,0.1803149137041594,50
N8,A,legs,3.0,all,0.4349845009469211,0.15019408127569905,50
N8,A,legs,3.0,post,0.4356913228781585,0.14130556393560595,50
N8,A,legs,3.0,pre,0.447373078020574,0.1803149137041594,50
N8,A,legs,10.0,all,0.4349845009469211,0.15019408127569905,50
N8,A,legs,10.0,post,0.4356913228781585,0.14130556393560595,50
N8,A,legs,10.0,pre,0.447373078020574,0.1803149137041594,50
N8,A,legs,30.0,all,0.4349845009469211,0.15019408127569905,50
N8,A,legs,30.0,post,0.4356913228781585,0.14130556393560595,50
N8,A,legs,30.0,pre,0.447373078020574,0.1803149137041594,50
N8,A,legs,100.0,all,0.4349845009469211,0.15019408127569905,50
N8,A,legs,100.0,post,0.4356913228781585,0.14130556393560595,50
N8,A,legs,100.0,pre,0.447373078020574,0.1803149137041594,50
N8,A,point,0.0,all,0.3163081368633068,0.0016254169910733685,50
N8,A,point,0.0,post,0.31898570576049795,0.045258243699654484,50
N8,A,point,0.0,pre,0.3338272306822593,0.05379178054202925,50
N8,A,point,0.01,all,0.31422911438638823,0.001679892371550179,50
N8,A,point,0.01,post,0.3168893168107511,0.04493907235902319,50
N8,A,point,0.01,pre,0.3316312657384074,0.0534456280772121,50
N8,A,point,0.03,all,0.3102123901481906,0.001849726601746011,50
N8,A,point,0.03,post,0.3128392435818109,0.04432663511303495,50
N8,A,point,0.03,pre,0.3273884094435867,0.052778564978620865,50
N8,A,point,0.1,all,0.2975005423371022,0.0027033257039960844,50
N8,A,point,0.1,post,0.30002413361154984,0.04242541347060856,50
N8,A,point,0.1,pre,0.313958750095773,0.050680890000628726,50
N8,A,point,0.3,all,0.27010560728410105,0.005149842019184558,50
N8,A,point,0.3,post,0.27242659060044067,0.03856962000869469,50
N8,A,point,0.3,pre,0.28499844896682364,0.04623804602560508,50
N8,A,point,1.0,all,0.22643652077769608,0.014116254104638359,50
N8,A,point,1.0,post,0.22858240591247178,0.03530995565166047,50
N8,A,point,1.0,pre,0.23870394197683203,0.040728008129787434,50
N8,A,point,3.0,all,0.20749241435373356,0.03269313260504484,50
N8,A,point,3.0,post,0.20989684859096822,0.04582082444526353,50
N8,A,point,3.0,pre,0.21832430745088702,0.04741596095765061,50
N8,A,point,10.0,all,0.216231566171319,0.05007242520759279,50
N8,A,point,10.0,post,0.21904940466322823,0.06174004040039932,50
N8,A,point,10.0,pre,0.22720645151815905,0.061326855093141154,50
N8,A,point,30.0,all,0.22704044823498126,0.058106960645239576,50
N8,A,point,30.0,post,0.22999476438492933,0.06978228805718424,50
N8,A,point,30.0,pre,0.23853971031631815,0.06890868567830372,50
N8,A,point,100.0,all,0.23413364878118795,0.06182431851532965,50
N8,A,point,100.0,post,0.23708404294686325,0.07370773861495827,50
N8,A,point,100.0,pre,0.24605520083140817,0.07250624641182514,50
N8,B,cur,0.0,all,0.4314040236913895,0.15831274332581471,50
N8,B,cur,0.0,post,0.4295714166621651,0.14905010316287134,50
N8,B,cur,0.0,pre,0.44517521935907345,0.1897308497027515,50
N8,B,cur,0.01,all,0.4313731099432191,0.15832128753553043,50
N8,B,cur,0.01,post,0.4295415950209328,0.14905553049930834,50
N8,B,cur,0.01,pre,0.4451396465479327,0.18973872258218044,50
N8,B,cur,0.03,all,0.4313326731789825,0.15832897513962305,50
N8,B,cur,0.03,post,0.42950359697789564,0.14905787182462163,50
N8,B,cur,0.03,pre,0.4450926770812629,0.18974449496037088,50
N8,B,cur,0.1,all,0.43138108474663356,0.1582728025560022,50
N8,B,cur,0.1,post,0.42956288806259285,0.1489910010065374,50
N8,B,cur,0.1,pre,0.44514293506190084,0.18967631996856898,50
N8,B,cur,0.3,all,0.4325454840119531,0.15767565981474888,50
N8,B,cur,0.3,post,0.4307722718386809,0.148408867922408,50
N8,B,cur,0.3,pre,0.44644370114204734,0.18901741793125104,50
N8,B,cur,1.0,all,0.43945436383905984,0.15463596811908084,50
N8,B,cur,1.0,post,0.4378852899947723,0.14558174789466083,50
N8,B,cur,1.0,pre,0.45413221406184023,0.18577958085083487,50
N8,B,cur,3.0,all,0.45296300371232084,0.1496277886612391,50
N8,B,cur,3.0,post,0.45182615533845927,0.14108391155869304,50
N8,B,cur,3.0,pre,0.4689378913977983,0.18075158827525328,50
N8,B,cur,10.0,all,0.4673104525059696,0.14537199752342894,50
N8,B,cur,10.0,post,0.4666835992663026,0.13743370862990134,50
N8,B,cur,10.0,pre,0.4844265246529513,0.17683157156773605,50
N8,B,cur,30.0,all,0.4751010360933072,0.14348950128581014,50
N8,B,cur,30.0,post,0.47476716561161886,0.13586468251478367,50
N8,B,cur,30.0,pre,0.49276610884294775,0.17527944257414002,50
N8,B,cur,100.0,all,0.47914638095134016,0.1426320939633419,50
N8,B,cur,100.0,post,0.4789718075467056,0.13514365076482351,50
N8,B,cur,100.0,pre,0.49707723589020714,0.17464850965972437,50
N8,B,hist,0.0,all,0.4314040236913895,0.15831274332581471,50
N8,B,hist,0.0,post,0.4295714166621651,0.14905010316287134,50
N8,B,hist,0.0,pre,0.44517521935907345,0.1897308497027515,50
N8,B,hist,0.01,all,0.4313786754998645,0.1583196919727298,50
N8,B,hist,0.01,post,0.4295447766742603,0.14904864516700017,50
N8,B,hist,0.01,pre,0.44513114122529046,0.18971204054949226,50
N8,B,hist,0.03,all,0.43139047517853213,0.1583015279713491,50
N8,B,hist,0.03,post,0.4295169172247542,0.14903619361470338,50
N8,B,hist,0.03,pre,0.4451501304834944,0.18961895319701869,50
N8,B,hist,0.1,all,0.43198411406103027,0.15795545987147028,50
N8,B,hist,0.1,post,0.42964550835398974,0.14890811916631302,50
N8,B,hist,0.1,pre,0.44616114800421924,0.18880704559050834,50
N8,B,hist,0.3,all,0.4365846725524311,0.15553290716531734,50
N8,B,hist,0.3,post,0.4312383451605006,0.14809860856825038,50
N8,B,hist,0.3,pre,0.4539133988179234,0.18413999524543362,50
N8,B,hist,1.0,all,0.4591458438281457,0.14492024036902448,50
N8,B,hist,1.0,post,0.4401972487359486,0.14441357689619058,50
N8,B,hist,1.0,pre,0.490267012395959,0.16609149905500997,50
N8,B,hist,3.0,all,0.4994826682219714,0.12909197422076749,50
N8,B,hist,3.0,post,0.45819657584865064,0.13850815450944462,50
N8,B,hist,3.0,pre,0.551190205814667,0.14125070741669832,50
N8,B,hist,10.0,all,0.5439597652568579,0.11474406368634982,50
N8,B,hist,10.0,post,0.48279923480438586,0.1325743205960726,50
N8,B,hist,10.0,pre,0.6117679754297758,0.11799335842351731,50
N8,B,hist,30.0,all,0.5849443635647186,0.10350761488511603,50
N8,B,hist,30.0,post,0.5170696811680328,0.125884410415526,50
N8,B,hist,30.0,pre,0.6557017428709682,0.10039337316496838,50
N8,B,hist,100.0,all,0.6436099995162654,0.09291951208474848,50
N8,B,hist,100.0,post,0.5764136870745363,0.12039066057203632,50
N8,B,hist,100.0,pre,0.7095176556493539,0.08875138625575772,50
N8,B,in,0.0,all,0.4314040236913889,0.15831274332581496,50
N8,B,in,0.0,post,0.42957141666216464,0.14905010316286912,50
N8,B,in,0.0,pre,0.4451752193590711,0.18973084970274845,50
N8,B,in,0.01,all,0.4313784421134348,0.1583197713477914,50
N8,B,in,0.01,post,0.42944313227332254,0.14900241998837285,50
N8,B,in,0.01,pre,0.44524880017783375,0.18977668216426297,50
N8,B,in,0.03,all,0.43139083869660616,0.15830230571045348,50
N8,B,in,0.03,post,0.4292179794867583,0.14890038565589445,50
N8,B,in,0.03,pre,0.44549847121920294,0.18981016068053572,50
N8,B,in,0.1,all,0.43199517596231,0.1579637693469427,50
N8,B,in,0.1,post,0.4287130461544837,0.14848567314996844,50
N8,B,in,0.1,pre,0.44726798979491883,0.18941695540808484,50
N8,B,in,0.3,all,0.4366595545980625,0.15559537616254082,50
N8,B,in,0.3,post,0.4288710839896438,0.14703053126010332,50
N8,B,in,0.3,pre,0.4567982019863797,0.18580034441859303,50
N8,B,in,1.0,all,0.45937854348214247,0.1453101749851856,50
N8,B,in,1.0,post,0.43498223687224646,0.1421018114242391,50
N8,B,in,1.0,pre,0.4965776258900813,0.17042740744210833,50
N8,B,in,3.0,all,0.4992943757565327,0.13029061023012223,50
N8,B,in,3.0,post,0.44947675608418713,0.13515345904185033,50
N8,B,in,3.0,pre,0.560379971477946,0.1495717274160653,50
N8,B,in,10.0,all,0.5388525190122874,0.11801349145074316,50
N8,B,in,10.0,post,0.4657243782420084,0.12975708175406306,50
N8,B,in,10.0,pre,0.6203901080450271,0.13280971634475217,50
N8,B,in,30.0,all,0.5595472966724604,0.11232264902350153,50
N8,B,in,30.0,post,0.4746893882253305,0.12747759654700633,50
N8,B,in,30.0,pre,0.6509504869943236,0.1248389207196495,50
N8,B,in,100.0,all,0.5700164024364305,0.10966893576933566,50
N8,B,in,100.0,post,0.47936875949425967,0.1264523816001736,50
N8,B,in,100.0,pre,0.6661729286967422,0.12106610367920691,50
N8,B,legs,0.0,all,0.4314040236913895,0.15831274332581471,50
N8,B,legs,0.0,post,0.4295714166621651,0.14905010316287132,50
N8,B,legs,0.0,pre,0.44517521935907345,0.1897308497027515,50
N8,B,legs,0.01,all,0.4314040236913895,0.15831274332581471,50
N8,B,legs,0.01,post,0.4295714166621651,0.14905010316287132,50
N8,B,legs,0.01,pre,0.44517521935907345,0.1897308497027515,50
N8,B,legs,0.03,all,0.4314040236913895,0.15831274332581471,50
N8,B,legs,0.03,post,0.4295714166621651,0.14905010316287132,50
N8,B,legs,0.03,pre,0.44517521935907345,0.1897308497027515,50
N8,B,legs,0.1,all,0.4314040236913895,0.15831274332581471,50
N8,B,legs,0.1,post,0.4295714166621651,0.14905010316287132,50
N8,B,legs,0.1,pre,0.44517521935907345,0.1897308497027515,50
N8,B,legs,0.3,all,0.4314040236913895,0.15831274332581471,50
N8,B,legs,0.3,post,0.4295714166621651,0.14905010316287132,50
N8,B,legs,0.3,pre,0.44517521935907345,0.1897308497027515,50
N8,B,legs,1.0,all,0.4314040236913895,0.15831274332581471,50
N8,B,legs,1.0,post,0.4295714166621651,0.14905010316287132,50
N8,B,legs,1.0,pre,0.44517521935907345,0.1897308497027515,50
N8,B,legs,3.0,all,0.4314040236913895,0.15831274332581471,50
N8,B,legs,3.0,post,0.4295714166621651,0.14905010316287132,50
N8,B,legs,3.0,pre,0.44517521935907345,0.1897308497027515,50
N8,B,legs,10.0,all,0.4314040236913895,0.15831274332581471,50
N8,B,legs,10.0,post,0.4295714166621651,0.14905010316287132,50
N8,B,legs,10.0,pre,0.44517521935907345,0.1897308497027515,50
N8,B,legs,30.0,all,0.4314040236913895,0.15831274332581471,50
N8,B,legs,30.0,post,0.4295714166621651,0.14905010316287132,50
N8,B,legs,30.0,pre,0.44517521935907345,0.1897308497027515,50
N8,B,legs,100.0,all,0.4314040236913895,0.15831274332581471,50
N8,B,legs,100.0,post,0.4295714166621651,0.14905010316287132,50
N8,B,legs,100.0,pre,0.44517521935907345,0.1897308497027515,50
N8,B,point,0.0,all,0.31626786915915395,0.002069785066512519,50
N8,B,point,0.0,post,0.31898570576049795,0.045258243699654484,50
N8,B,point,0.0,pre,0.3336252473851156,0.05293485952033286,50
N8,B,point,0.01,all,0.3141986674434659,0.0020942755005727226,50
N8,B,point,0.01,post,0.3168893168107511,0.04493907235902319,50
N8,B,point,0.01,pre,0.3314494936148326,0.052586832450760186,50
N8,B,point,0.03,all,0.3102624767905198,0.0021892631672059946,50
N8,B,point,0.03,post,0.3128392435818109,0.04432663511303495,50
N8,B,point,0.03,pre,0.32737015650397056,0.05189858463694505,50
N8,B,point,0.1,all,0.2984032633522547,0.0027198801238904396,50
N8,B,point,0.1,post,0.30002413361154984,0.04242541347060856,50
N8,B,point,0.1,pre,0.3156635161366311,0.0495576691563008,50
N8,B,point,0.3,all,0.27694205796652643,0.004557829672931167,50
N8,B,point,0.3,post,0.27242659060044067,0.03856962000869469,50
N8,B,point,0.3,pre,0.2985273646640392,0.04346024591830133,50
N8,B,point,1.0,all,0.26553028034572784,0.0161614196355402,50
N8,B,point,1.0,post,0.22858240591247178,0.03530995565166047,50
N8,B,point,1.0,pre,0.3124865137597409,0.03238600072738365,50
N8,B,point,3.0,all,0.30360772065284675,0.035591306729493816,50
N8,B,point,3.0,post,0.20989684859096822,0.04582082444526353,50
N8,B,point,3.0,pre,0.38891989415686623,0.03187673023189028,50
N8,B,point,10.0,all,0.359400633951221,0.050077908762778865,50
N8,B,point,10.0,post,0.21904940466322823,0.06174004040039932,50
N8,B,point,10.0,pre,0.4741844231773939,0.03485745426832057,50
N8,B,point,30.0,all,0.39074342848978993,0.056290878251049316,50
N8,B,point,30.0,post,0.22999476438492933,0.06978228805718424,50
N8,B,point,30.0,pre,0.5187217540831381,0.03594395154815312,50
N8,B,point,100.0,all,0.4070446749054292,0.059273960814326586,50
N8,B,point,100.0,post,0.23708404294686325,0.07370773861495827,50
N8,B,point,100.0,pre,0.54118333921643,0.0365192550492809,50
R1_theta0,A,cur,0.0,all,0.36947059708855756,0.03738258703987301,50
R1_theta0,A,cur,0.0,post,0.3810780116139744,0.05477080918669942,50
R1_theta0,A,cur,0.0,pre,0.3656892440947108,0.04722560170510174,50
R1_theta0,A,cur,0.01,all,0.3670670454241028,0.03714405261622897,50
R1_theta0,A,cur,0.01,post,0.37860454515939695,0.054449527346677594,50
R1_theta0,A,cur,0.01,pre,0.36330469808063975,0.04687350020880729,50
R1_theta0,A,cur,0.03,all,0.36246191553090457,0.036693129319396695,50
R1_theta0,A,cur,0.03,post,0.37386526941537035,0.053836585136747744,50
R1_theta0,A,cur,0.03,pre,0.35873587602875046,0.046202750685584396,50
R1_theta0,A,cur,0.1,all,0.3482711933788998,0.03534878991550663,50
R1_theta0,A,cur,0.1,post,0.3592594864138976,0.05196216793325628,50
R1_theta0,A,cur,0.1,pre,0.3446560344839591,0.04416326475698699,50
R1_theta0,A,cur,0.3,all,0.32048735819918106,0.03284349556939866,50
R1_theta0,A,cur,0.3,post,0.33065418608379915,0.0482415795918856,50
R1_theta0,A,cur,0.3,pre,0.31708237333538686,0.0402271625615425,50
R1_theta0,A,cur,1.0,all,0.2948231919637212,0.030230085025029805,50
R1_theta0,A,cur,1.0,post,0.3042073075325088,0.04351672816637963,50
R1_theta0,A,cur,1.0,pre,0.2915580024718646,0.03624986291669629,50
R1_theta0,A,cur,3.0,all,0.32957612835479644,0.033006643751461555,50
R1_theta0,A,cur,3.0,post,0.3399127744918703,0.04516497295040659,50
R1_theta0,A,cur,3.0,pre,0.3259074495136265,0.04075481558948593,50
R1_theta0,A,cur,10.0,all,0.4096834158695689,0.04230224938883607,50
R1_theta0,A,cur,10.0,post,0.42207392717861597,0.054645835931020535,50
R1_theta0,A,cur,10.0,pre,0.40540537236370533,0.05268306857813428,50
R1_theta0,A,cur,30.0,all,0.47915243468443136,0.04884727868295212,50
R1_theta0,A,cur,30.0,post,0.4930767657655553,0.06244658875751429,50
R1_theta0,A,cur,30.0,pre,0.4744978358278462,0.061582623177541616,50
R1_theta0,A,cur,100.0,all,0.5339799727050739,0.050084664740457294,50
R1_theta0,A,cur,100.0,post,0.5487786245684634,0.06713402221889857,50
R1_theta0,A,cur,100.0,pre,0.5292541434552459,0.06570415228237525,50
R1_theta0,A,hist,0.0,all,0.36947059708855756,0.037382587039873016,50
R1_theta0,A,hist,0.0,post,0.3810780116139744,0.054770809186699375,50
R1_theta0,A,hist,0.0,pre,0.3656892440947108,0.04722560170510178,50
R1_theta0,A,hist,0.01,all,0.36706704542410284,0.03714405261622895,50
R1_theta0,A,hist,0.01,post,0.37860454515939695,0.05444952734667759,50
R1_theta0,A,hist,0.01,pre,0.36330469808063975,0.0468735002088073,50
R1_theta0,A,hist,0.03,all,0.3624619155309046,0.036693129319396695,50
R1_theta0,A,hist,0.03,post,0.37386526941537035,0.053836585136747696,50
R1_theta0,A,hist,0.03,pre,0.35873587602875057,0.04620275068558442,50
R1_theta0,A,hist,0.1,all,0.3482711933788998,0.03534878991550661,50
R1_theta0,A,hist,0.1,post,0.3592594864138976,0.05196216793325625,50
R1_theta0,A,hist,0.1,pre,0.3446560344839591,0.04416326475698701,50
R1_theta0,A,hist,0.3,all,0.32048735819918106,0.03284349556939868,50
R1_theta0,A,hist,0.3,post,0.33065418608379915,0.048241579591885596,50
R1_theta0,A,hist,0.3,pre,0.3170823733353869,0.04022716256154252,50
R1_theta0,A,hist,1.0,all,0.2948231919637212,0.030230085025029843,50
R1_theta0,A,hist,1.0,post,0.3042073075325088,0.04351672816637963,50
R1_theta0,A,hist,1.0,pre,0.29155800247186453,0.03624986291669632,50
R1_theta0,A,hist,3.0,all,0.3295761283547964,0.03300664375146157,50
R1_theta0,A,hist,3.0,post,0.33991277449187024,0.04516497295040658,50
R1_theta0,A,hist,3.0,pre,0.32590744951362643,0.04075481558948597,50
R1_theta0,A,hist,10.0,all,0.40968341586956875,0.042302249388836075,50
R1_theta0,A,hist,10.0,post,0.42207392717861586,0.05464583593102052,50
R1_theta0,A,hist,10.0,pre,0.40540537236370516,0.05268306857813435,50
R1_theta0,A,hist,30.0,all,0.47915243468443114,0.048847278682952106,50
R1_theta0,A,hist,30.0,post,0.49307676576555504,0.062446588757514215,50
R1_theta0,A,hist,30.0,pre,0.474497835827846,0.06158262317754171,50
R1_theta0,A,hist,100.0,all,0.5339799727050736,0.05008466474045727,50
R1_theta0,A,hist,100.0,post,0.5487786245684628,0.06713402221889835,50
R1_theta0,A,hist,100.0,pre,0.5292541434552456,0.06570415228237537,50
R1_theta0,A,in,0.0,all,0.3694705970882358,0.0373825870398882,50
R1_theta0,A,in,0.0,post,0.3810780116139389,0.054770809186693185,50
R1_theta0,A,in,0.0,pre,0.3656892440941028,0.04722560170503443,50
R1_theta0,A,in,0.01,all,0.36706704542378676,0.03714405261624417,50
R1_theta0,A,in,0.01,post,0.37860454515936176,0.05444952734667147,50
R1_theta0,A,in,0.01,pre,0.36330469808004245,0.046873500208739996,50
R1_theta0,A,in,0.03,all,0.3624619155305994,0.03669312931941209,50
R1_theta0,A,in,0.03,post,0.3738652694153361,0.0538365851367417,50
R1_theta0,A,in,0.03,pre,0.35873587602817414,0.04620275068551727,50
R1_theta0,A,in,0.1,all,0.3482711933786314,0.03534878991552228,50
R1_theta0,A,in,0.1,post,0.35925948641386624,0.051962167933250585,50
R1_theta0,A,in,0.1,pre,0.34465603448345233,0.044163264756920374,50
R1_theta0,A,in,0.3,all,0.32048735819900204,0.032843495569415466,50
R1_theta0,A,in,0.3,post,0.33065418608377484,0.048241579591880884,50
R1_theta0,A,in,0.3,pre,0.3170823733350498,0.040227162561478486,50
R1_theta0,A,in,1.0,all,0.2948231919637247,0.03023008502505458,50
R1_theta0,A,in,1.0,post,0.30420730753249986,0.04351672816637725,50
R1_theta0,A,in,1.0,pre,0.29155800247187397,0.03624986291665638,50
R1_theta0,A,in,3.0,all,0.32957612835491595,0.033006643751495486,50
R1_theta0,A,in,3.0,post,0.33991277449187346,0.045164972950406806,50
R1_theta0,A,in,3.0,pre,0.32590744951385475,0.04075481558948714,50
R1_theta0,A,in,10.0,all,0.4096834158696893,0.04230224938886179,50
R1_theta0,A,in,10.0,post,0.4220739271786224,0.05464583593102201,50
R1_theta0,A,in,10.0,pre,0.40540537236393237,0.052683068578144095,50
R1_theta0,A,in,30.0,all,0.4791524346845136,0.048847278682959815,50
R1_theta0,A,in,30.0,post,0.49307676576556025,0.06244658875751584,50
R1_theta0,A,in,30.0,pre,0.4744978358279981,0.06158262317753182,50
R1_theta0,A,in,100.0,all,0.5339799727051135,0.050084664740458994,50
R1_theta0,A,in,100.0,post,0.5487786245684653,0.06713402221890083,50
R1_theta0,A,in,100.0,pre,0.5292541434553164,0.06570415228235689,50
R1_theta0,A,legs,0.0,all,0.36947059708855756,0.03738258703987298,50
R1_theta0,A,legs,0.0,post,0.3810780116139744,0.0547708091866994,50
R1_theta0,A,legs,0.0,pre,0.3656892440947108,0.04722560170510174,50
R1_theta0,A,legs,0.01,all,0.36947059708855756,0.03738258703987298,50
R1_theta0,A,legs,0.01,post,0.3810780116139744,0.0547708091866994,50
R1_theta0,A,legs,0.01,pre,0.3656892440947108,0.04722560170510174,50
R1_theta0,A,legs,0.03,all,0.36947059708855756,0.03738258703987298,50
R1_theta0,A,legs,0.03,post,0.3810780116139744,0.0547708091866994,50
R1_theta0,A,legs,0.03,pre,0.3656892440947108,0.04722560170510174,50
R1_theta0,A,legs,0.1,all,0.36947059708855756,0.03738258703987298,50
R1_theta0,A,legs,0.1,post,0.3810780116139744,0.0547708091866994,50
R1_theta0,A,legs,0.1,pre,0.3656892440947108,0.04722560170510174,50
R1_theta0,A,legs,0.3,all,0.36947059708855756,0.03738258703987298,50
R1_theta0,A,legs,0.3,post,0.3810780116139744,0.0547708091866994,50
R1_theta0,A,legs,0.3,pre,0.3656892440947108,0.04722560170510174,50
R1_theta0,A,legs,1.0,all,0.36947059708855756,0.03738258703987298,50
R1_theta0,A,legs,1.0,post,0.3810780116139744,0.0547708091866994,50
R1_theta0,A,legs,1.0,pre,0.3656892440947108,0.04722560170510174,50
R1_theta0,A,legs,3.0,all,0.36947059708855756,0.03738258703987298,50
R1_theta0,A,legs,3.0,post,0.3810780116139744,0.0547708091866994,50
R1_theta0,A,legs,3.0,pre,0.3656892440947108,0.04722560170510174,50
R1_theta0,A,legs,10.0,all,0.36947059708855756,0.03738258703987298,50
R1_theta0,A,legs,10.0,post,0.3810780116139744,0.0547708091866994,50
R1_theta0,A,legs,10.0,pre,0.3656892440947108,0.04722560170510174,50
R1_theta0,A,legs,30.0,all,0.36947059708855756,0.03738258703987298,50
R1_theta0,A,legs,30.0,post,0.3810780116139744,0.0547708091866994,50
R1_theta0,A,legs,30.0,pre,0.3656892440947108,0.04722560170510174,50
R1_theta0,A,legs,100.0,all,0.36947059708855756,0.03738258703987298,50
R1_theta0,A,legs,100.0,post,0.3810780116139744,0.0547708091866994,50
R1_theta0,A,legs,100.0,pre,0.3656892440947108,0.04722560170510174,50
R1_theta0,A,point,0.0,all,1.8491382964182441,0.16816283907307025,50
R1_theta0,A,point,0.0,post,1.905289381043538,0.23590510836646242,50
R1_theta0,A,point,0.0,pre,1.8315206483966113,0.21767837369208926,50
R1_theta0,A,point,0.01,all,1.836933977282881,0.166825128181785,50
R1_theta0,A,point,0.01,post,1.8927328694868009,0.23411870259886103,50
R1_theta0,A,point,0.01,pre,1.8194112799343047,0.21604449317115335,50
R1_theta0,A,point,0.03,all,1.8131981332792801,0.1642605358659441,50
R1_theta0,A,point,0.03,post,1.868312061172374,0.23067549714358038,50
R1_theta0,A,point,0.03,pre,1.7958604071097852,0.21289700499078074,50
R1_theta0,A,point,0.1,all,1.7365554899881306,0.15629030293716836,50
R1_theta0,A,point,0.1,post,1.789457780301253,0.21982078707050667,50
R1_theta0,A,point,0.1,pre,1.7198178334745313,0.20298777152635297,50
R1_theta0,A,point,0.3,all,1.5607093669722778,0.13943314668220402,50
R1_theta0,A,point,0.3,post,1.608538925573803,0.19617549241979534,50
R1_theta0,A,point,0.3,pre,1.5453654061289794,0.18143949957221117,50
R1_theta0,A,point,1.0,all,1.2115996641141868,0.1080997421919134,50
R1_theta0,A,point,1.0,post,1.2493772799435772,0.15183544066105106,50
R1_theta0,A,point,1.0,pre,1.1990990026000745,0.1407242963475965,50
R1_theta0,A,point,3.0,all,0.881015431964032,0.07407662595101842,50
R1_theta0,A,point,3.0,post,0.9093061279352361,0.10869792805449588,50
R1_theta0,A,point,3.0,pre,0.8713273245916091,0.09953274488609479,50
R1_theta0,A,point,10.0,all,0.6950481219363005,0.05352303113201633,50
R1_theta0,A,point,10.0,post,0.7177942092505845,0.08433274739216405,50
R1_theta0,A,point,10.0,pre,0.6871251393359232,0.0762240120310452,50
R1_theta0,A,point,30.0,all,0.6615152633071605,0.05210249489305946,50
R1_theta0,A,point,30.0,post,0.6826881615473142,0.07868148593013051,50
R1_theta0,A,point,30.0,pre,0.6542357597734184,0.07502635751862084,50
R1_theta0,A,point,100.0,all,0.6783105511994144,0.05408861515284226,50
R1_theta0,A,point,100.0,post,0.6990108862301101,0.07892429632217897,50
R1_theta0,A,point,100.0,pre,0.6715046480858774,0.0782077435289806,50
R1_theta45,A,cur,0.0,all,0.38144281101165367,0.037657286271601434,50
R1_theta45,A,cur,0.0,post,0.3993224142553934,0.05124570911146357,50
R1_theta45,A,cur,0.0,pre,0.37098843576443774,0.04683086860092615,50
R1_theta45,A,cur,0.01,all,0.37895122952720184,0.03741786450285325,50
R1_theta45,A,cur,0.01,post,0.3966938741963475,0.0509074408694461,50
R1_theta45,A,cur,0.01,pre,0.3685802876813742,0.04652005642285309,50
R1_theta45,A,cur,0.03,all,0.37422684220329394,0.03695836080130515,50
R1_theta45,A,cur,0.03,post,0.39165683112082506,0.05026304758853495,50
R1_theta45,A,cur,0.03,pre,0.36406134507521765,0.045912749878236715,50
R1_theta45,A,cur,0.1,all,0.3601516611335481,0.03551774053412845,50
R1_theta45,A,cur,0.1,post,0.3761276241579764,0.04830036628630462,50
R1_theta45,A,cur,0.1,pre,0.35106286221418787,0.043914440398896915,50
R1_theta45,A,cur,0.3,all,0.3359542468630552,0.03236174353631828,50
R1_theta45,A,cur,0.3,post,0.3456836890038922,0.04443585087207261,50
R1_theta45,A,cur,0.3,pre,0.3319718363045869,0.03910398637926382,50
R1_theta45,A,cur,1.0,all,0.33293548951820945,0.027763917977036645,50
R1_theta45,A,cur,1.0,post,0.31748768084729606,0.03951759820594973,50
R1_theta45,A,cur,1.0,pre,0.34914412198916045,0.03158915808540037,50
R1_theta45,A,cur,3.0,all,0.4027202127869623,0.029170667725931153,50
R1_theta45,A,cur,3.0,post,0.35546038816456516,0.041658578036058144,50
R1_theta45,A,cur,3.0,pre,0.44266808431972243,0.031066406795582136,50
R1_theta45,A,cur,10.0,all,0.5041154128110441,0.035464581586986545,50
R1_theta45,A,cur,10.0,post,0.4422025362960225,0.052805183404389146,50
R1_theta45,A,cur,10.0,pre,0.5560540265316566,0.03450147384498946,50
R1_theta45,A,cur,30.0,all,0.5762506145865579,0.03995723908828345,50
R1_theta45,A,cur,30.0,post,0.5159343742572132,0.06081276147169421,50
R1_theta45,A,cur,30.0,pre,0.6284879136827777,0.03955354306570344,50
R1_theta45,A,cur,100.0,all,0.6274491136744775,0.04072917702588529,50
R1_theta45,A,cur,100.0,post,0.5731770945252923,0.06395815886885936,50
R1_theta45,A,cur,100.0,pre,0.6761558109869084,0.04429463937372806,50
R1_theta45,A,hist,0.0,all,0.38144281101165384,0.03765728627160145,50
R1_theta45,A,hist,0.0,post,0.3993224142553935,0.05124570911146356,50
R1_theta45,A,hist,0.0,pre,0.3709884357644379,0.046830868600926175,50
R1_theta45,A,hist,0.01,all,0.37894254291986634,0.03740317510626887,50
R1_theta45,A,hist,0.01,post,0.39669414960849286,0.05090953872511944,50
R1_theta45,A,hist,0.01,pre,0.3685659224792755,0.046526493054432336,50
R1_theta45,A,hist,0.03,all,0.3741505108458729,0.03692336489658482,50
R1_theta45,A,hist,0.03,post,0.3916568207213579,0.05026934887774715,50
R1_theta45,A,hist,0.03,pre,0.36392274090878907,0.04594978043396976,50
R1_theta45,A,hist,0.1,all,0.3593690976503873,0.03549862938131823,50
R1_theta45,A,hist,0.1,post,0.37611902259443913,0.048321510960807425,50
R1_theta45,A,hist,0.1,pre,0.34959888221159857,0.04422333998428217,50
R1_theta45,A,hist,0.3,all,0.3303400085499556,0.03288159692986154,50
R1_theta45,A,hist,0.3,post,0.3456082970389807,0.04450009057098348,50
R1_theta45,A,hist,0.3,pre,0.32145817318538517,0.04103213335112968,50
R1_theta45,A,hist,1.0,all,0.30316215649482986,0.03028421096275356,50
R1_theta45,A,hist,1.0,post,0.3171104182197657,0.03969513518250683,50
R1_theta45,A,hist,1.0,pre,0.2950394815183531,0.03828379039461914,50
R1_theta45,A,hist,3.0,all,0.3390120753053868,0.0334567749162059,50
R1_theta45,A,hist,3.0,post,0.35497476791219157,0.04186921547356574,50
R1_theta45,A,hist,3.0,pre,0.32960467416971617,0.04318232059296912,50
R1_theta45,A,hist,10.0,all,0.42293209379947116,0.04302537323102904,50
R1_theta45,A,hist,10.0,post,0.44304864084506923,0.05285273677354419,50
R1_theta45,A,hist,10.0,pre,0.4109972874897172,0.05537236988718053,50
R1_theta45,A,hist,30.0,all,0.49732473012711703,0.04901561922115488,50
R1_theta45,A,hist,30.0,post,0.5202649651883703,0.06058565423892808,50
R1_theta45,A,hist,30.0,pre,0.4837360035509098,0.06514745358306316,50
R1_theta45,A,hist,100.0,all,0.5589557664067878,0.049693539016566333,50
R1_theta45,A,hist,100.0,post,0.583600444443163,0.06381418122735595,50
R1_theta45,A,hist,100.0,pre,0.5443045240269144,0.0711988022635295,50
R1_theta45,A,in,0.0,all,0.3814428110113591,0.03765728627160646,50
R1_theta45,A,in,0.0,post,0.399322414255368,0.051245709111461424,50
R1_theta45,A,in,0.0,pre,0.3709884357638868,0.04683086860086036,50
R1_theta45,A,in,0.01,all,0.3789424238486606,0.03740327443877639,50
R1_theta45,A,in,0.01,post,0.3966944582368977,0.050911088067810695,50
R1_theta45,A,in,0.01,pre,0.368565492923813,0.04652552946039026,50
R1_theta45,A,in,0.03,all,0.3741503852015957,0.036923604872710514,50
R1_theta45,A,in,0.03,post,0.3916579825455384,0.05027380076836097,50
R1_theta45,A,in,0.03,pre,0.36392167777121726,0.04594691395421501,50
R1_theta45,A,in,0.1,all,0.3593709058571518,0.03549883945826815,50
R1_theta45,A,in,0.1,post,0.3761251645744791,0.04833426691991862,50
R1_theta45,A,in,0.1,pre,0.3495975049010177,0.044214100028352535,50
R1_theta45,A,in,0.3,all,0.3303557814374354,0.03287897214842692,50
R1_theta45,A,in,0.3,post,0.345637108253663,0.04452498051308904,50
R1_theta45,A,in,0.3,pre,0.3214641788135658,0.041007642440038516,50
R1_theta45,A,in,1.0,all,0.30320289258387084,0.030266749234216725,50
R1_theta45,A,in,1.0,post,0.3171850272225326,0.03971757640097554,50
R1_theta45,A,in,1.0,pre,0.29505395582559674,0.03823699594057766,50
R1_theta45,A,in,3.0,all,0.3388134065003602,0.033415670379182257,50
R1_theta45,A,in,3.0,post,0.3547989717619639,0.04188357376584578,50
R1_theta45,A,in,3.0,pre,0.32939059796474973,0.04314563054887487,50
R1_theta45,A,in,10.0,all,0.42141963071051114,0.0430300074724295,50
R1_theta45,A,in,10.0,post,0.4414238928195468,0.05297134814484375,50
R1_theta45,A,in,10.0,pre,0.4095984416677026,0.05540037122914922,50
R1_theta45,A,in,30.0,all,0.49269869938568556,0.049190793633122155,50
R1_theta45,A,in,30.0,post,0.5152237649391258,0.060969893395379705,50
R1_theta45,A,in,30.0,pre,0.47949349047148465,0.0652636057281831,50
R1_theta45,A,in,100.0,all,0.5487536607522684,0.049685437161282625,50
R1_theta45,A,in,100.0,post,0.572562088902608,0.06413399811477982,50
R1_theta45,A,in,100.0,pre,0.5348283043651701,0.07106399191002444,50
R1_theta45,A,legs,0.0,all,0.38144281101165367,0.03765728627160141,50
R1_theta45,A,legs,0.0,post,0.3993224142553934,0.05124570911146354,50
R1_theta45,A,legs,0.0,pre,0.37098843576443774,0.04683086860092616,50
R1_theta45,A,legs,0.01,all,0.38144281101165367,0.03765728627160141,50
R1_theta45,A,legs,0.01,post,0.3993224142553934,0.05124570911146354,50
R1_theta45,A,legs,0.01,pre,0.37098843576443774,0.04683086860092616,50
R1_theta45,A,legs,0.03,all,0.38144281101165367,0.03765728627160141,50
R1_theta45,A,legs,0.03,post,0.3993224142553934,0.05124570911146354,50
R1_theta45,A,legs,0.03,pre,0.37098843576443774,0.04683086860092616,50
R1_theta45,A,legs,0.1,all,0.38144281101165367,0.03765728627160141,50
R1_theta45,A,legs,0.1,post,0.3993224142553934,0.05124570911146354,50
R1_theta45,A,legs,0.1,pre,0.37098843576443774,0.04683086860092616,50
R1_theta45,A,legs,0.3,all,0.38144281101165367,0.03765728627160141,50
R1_theta45,A,legs,0.3,post,0.3993224142553934,0.05124570911146354,50
R1_theta45,A,legs,0.3,pre,0.37098843576443774,0.04683086860092616,50
R1_theta45,A,legs,1.0,all,0.38144281101165367,0.03765728627160141,50
R1_theta45,A,legs,1.0,post,0.3993224142553934,0.05124570911146354,50
R1_theta45,A,legs,1.0,pre,0.37098843576443774,0.04683086860092616,50
R1_theta45,A,legs,3.0,all,0.38144281101165367,0.03765728627160141,50
R1_theta45,A,legs,3.0,post,0.3993224142553934,0.05124570911146354,50
R1_theta45,A,legs,3.0,pre,0.37098843576443774,0.04683086860092616,50
R1_theta45,A,legs,10.0,all,0.38144281101165367,0.03765728627160141,50
R1_theta45,A,legs,10.0,post,0.3993224142553934,0.05124570911146354,50
R1_theta45,A,legs,10.0,pre,0.37098843576443774,0.04683086860092616,50
R1_theta45,A,legs,30.0,all,0.38144281101165367,0.03765728627160141,50
R1_theta45,A,legs,30.0,post,0.3993224142553934,0.05124570911146354,50
R1_theta45,A,legs,30.0,pre,0.37098843576443774,0.04683086860092616,50
R1_theta45,A,legs,100.0,all,0.38144281101165367,0.03765728627160141,50
R1_theta45,A,legs,100.0,post,0.3993224142553934,0.05124570911146354,50
R1_theta45,A,legs,100.0,pre,0.37098843576443774,0.04683086860092616,50
R1_theta45,A,point,0.0,all,1.9091053396426756,0.1698848122372452,50
R1_theta45,A,point,0.0,post,1.9997815011300588,0.23984198051590425,50
R1_theta45,A,point,0.0,pre,1.857786339312008,0.21516167302255154,50
R1_theta45,A,point,0.01,all,1.896507863971624,0.16855461250317239,50
R1_theta45,A,point,0.01,post,1.9866052968048342,0.23807227529001118,50
R1_theta45,A,point,0.01,pre,1.8455116696729061,0.21362541739972385,50
R1_theta45,A,point,0.03,all,1.872007102775359,0.16600492274568407,50
R1_theta45,A,point,0.03,post,1.9609791695669363,0.2346623984525373,50
R1_theta45,A,point,0.03,pre,1.8216384989615408,0.21066367645294898,50
R1_theta45,A,point,0.1,all,1.7928920333574376,0.15808431328300995,50
R1_theta45,A,point,0.1,post,1.8782315857940994,0.2239172346360726,50
R1_theta45,A,point,0.1,pre,1.7445481516854977,0.20131686884773525,50
R1_theta45,A,point,0.3,all,1.611358397810124,0.14133336113719178,50
R1_theta45,A,point,0.3,post,1.6883648036166194,0.2004495011775519,50
R1_theta45,A,point,0.3,pre,1.5676540485229387,0.18084454917141177,50
R1_theta45,A,point,1.0,all,1.2508879350114785,0.11004609096471342,50
R1_theta45,A,point,1.0,post,1.311285713935379,0.15527868680006215,50
R1_theta45,A,point,1.0,pre,1.216418167692004,0.14148962148471456,50
R1_theta45,A,point,3.0,all,0.9093873945376901,0.07574439910142998,50
R1_theta45,A,point,3.0,post,0.9537404611764778,0.10757583890269742,50
R1_theta45,A,point,3.0,pre,0.883856797256985,0.10126860153283934,50
R1_theta45,A,point,10.0,all,0.7168962763462109,0.05489412553682631,50
R1_theta45,A,point,10.0,post,0.7516849123454636,0.07799476258001464,50
R1_theta45,A,point,10.0,pre,0.6967546817009886,0.07871199406868126,50
R1_theta45,A,point,30.0,all,0.6816453379861384,0.05286793219002124,50
R1_theta45,A,point,30.0,post,0.7140232826100034,0.07320585572843286,50
R1_theta45,A,point,30.0,pre,0.6629308352768265,0.07717236816174594,50
R1_theta45,A,point,100.0,all,0.698427888158801,0.05401305265655163,50
R1_theta45,A,point,100.0,post,0.7305076605292021,0.07402662307800793,50
R1_theta45,A,point,100.0,pre,0.6799406339296429,0.08109628417078045,50
R3_drift,A,cur,0.0,all,0.06527314165498266,0.00277647960078362,50
R3_drift,A,cur,0.0,post,0.07033870767206862,0.013270798186280982,50
R3_drift,A,cur,0.0,pre,0.06506869444847573,0.0071099342937362385,50
R3_drift,A,cur,0.01,all,0.06494237034182172,0.002763262911846285,50
R3_drift,A,cur,0.01,post,0.06991673124025755,0.013183959280525438,50
R3_drift,A,cur,0.01,pre,0.06477576819873682,0.007053931820538911,50
R3_drift,A,cur,0.03,all,0.06470437634550116,0.0027577268392220407,50
R3_drift,A,cur,0.03,post,0.0692296854164835,0.013038412114334267,50
R3_drift,A,cur,0.03,pre,0.06478358972270487,0.006920017060579496,50
R3_drift,A,cur,0.1,all,0.06756148891102813,0.0034303720115365865,50
R3_drift,A,cur,0.1,post,0.06826444972438642,0.012852976534386037,50
R3_drift,A,cur,0.1,pre,0.0698244458444787,0.006673033300228741,50
R3_drift,A,cur,0.3,all,0.09053046250088805,0.010186457739121028,50
R3_drift,A,cur,0.3,post,0.07319827518745844,0.015512408321860469,50
R3_drift,A,cur,0.3,pre,0.10168076227480953,0.011400355614781569,50
R3_drift,A,cur,1.0,all,0.16685337118125593,0.02602309088458633,50
R3_drift,A,cur,1.0,post,0.10526619803314947,0.03144535543463246,50
R3_drift,A,cur,1.0,pre,0.1969976187218129,0.025452054466514246,50
R3_drift,A,cur,3.0,all,0.25911160056261545,0.04072834690815099,50
R3_drift,A,cur,3.0,post,0.1539520431711297,0.0509396652869706,50
R3_drift,A,cur,3.0,pre,0.3082800803231796,0.03747204206355846,50
R3_drift,A,cur,10.0,all,0.33310721168728724,0.05152714910221611,50
R3_drift,A,cur,10.0,post,0.19551976990428366,0.06613233635110118,50
R3_drift,A,cur,10.0,pre,0.39675138560601375,0.04564903205614867,50
R3_drift,A,cur,30.0,all,0.3680735175570198,0.05633389615093402,50
R3_drift,A,cur,30.0,post,0.21554255103228676,0.07337990302735181,50
R3_drift,A,cur,30.0,pre,0.43844582145177535,0.0493178101193321,50
R3_drift,A,cur,100.0,all,0.3849176941193033,0.058592925681138074,50
R3_drift,A,cur,100.0,post,0.2254114592672514,0.07712491035023439,50
R3_drift,A,cur,100.0,pre,0.45847179212317646,0.0510228160654442,50
R3_drift,A,hist,0.0,all,0.0652731416549827,0.0027764796007836087,50
R3_drift,A,hist,0.0,post,0.07033870767206862,0.013270798186280993,50
R3_drift,A,hist,0.0,pre,0.06506869444847578,0.007109934293736245,50
R3_drift,A,hist,0.01,all,0.06489416302479083,0.0027586976261455955,50
R3_drift,A,hist,0.01,post,0.06993374951607857,0.013190159179170305,50
R3_drift,A,hist,0.01,pre,0.06468955968571542,0.007078371104938395,50
R3_drift,A,hist,0.03,all,0.0642979724597325,0.0027297757267110375,50
R3_drift,A,hist,0.03,post,0.06928012852806026,0.013056976741795737,50
R3_drift,A,hist,0.03,pre,0.0641037119518089,0.007039868188511082,50
R3_drift,A,hist,0.1,all,0.06368659986819349,0.002959805293949774,50
R3_drift,A,hist,0.1,post,0.06842307188223189,0.012912131613644769,50
R3_drift,A,hist,0.1,pre,0.06362260358638248,0.007233932430148437,50
R3_drift,A,hist,0.3,all,0.06960750971886831,0.007893758035830964,50
R3_drift,A,hist,0.3,post,0.07357105301156301,0.015624921439795679,50
R3_drift,A,hist,0.3,pre,0.0702929435212908,0.011280188911649686,50
R3_drift,A,hist,1.0,all,0.10295486134610599,0.024117869119250988,50
R3_drift,A,hist,1.0,post,0.10582692444147065,0.031521890850796354,50
R3_drift,A,hist,1.0,pre,0.10572812708196995,0.02782739074984708,50
R3_drift,A,hist,3.0,all,0.15161195665766358,0.041258965665549416,50
R3_drift,A,hist,3.0,post,0.1545347056247242,0.051015732379891925,50
R3_drift,A,hist,3.0,pre,0.15639020400065087,0.04645874218268054,50
R3_drift,A,hist,10.0,all,0.1930723231189545,0.054561587470460096,50
R3_drift,A,hist,10.0,post,0.1963185941686854,0.06622385482991629,50
R3_drift,A,hist,10.0,pre,0.1993650251258119,0.06107741760229052,50
R3_drift,A,hist,30.0,all,0.21425771258249707,0.060719220358521474,50
R3_drift,A,hist,30.0,post,0.21744340491968675,0.07340810157460913,50
R3_drift,A,hist,30.0,pre,0.2214375791456915,0.06779238461009449,50
R3_drift,A,hist,100.0,all,0.22760530280106647,0.06311408939913775,50
R3_drift,A,hist,100.0,post,0.23030161861761456,0.07670759876815078,50
R3_drift,A,hist,100.0,pre,0.23557385058159092,0.07038549741992646,50
R3_drift,A,in,0.0,all,0.06527314165492888,0.0027764796007756134,50
R3_drift,A,in,0.0,post,0.07033870767205169,0.013270798186269566,50
R3_drift,A,in,0.0,pre,0.06506869444839755,0.007109934293729964,50
R3_drift,A,in,0.01,all,0.06489407733166525,0.0027584461906704828,50
R3_drift,A,in,0.01,post,0.06993359340631099,0.013190362304574883,50
R3_drift,A,in,0.01,pre,0.06468955843320527,0.007078548390192558,50
R3_drift,A,in,0.03,all,0.0642977155045235,0.002728984503320168,50
R3_drift,A,in,0.03,post,0.0692796867227882,0.013057519379687679,50
R3_drift,A,in,0.03,pre,0.0641036970721582,0.007040369607527256,50
R3_drift,A,in,0.1,all,0.0636857369736465,0.002956989992300004,50
R3_drift,A,in,0.1,post,0.0684219830833529,0.012912750446905211,50
R3_drift,A,in,0.1,pre,0.06362235104502818,0.007235623839004909,50
R3_drift,A,in,0.3,all,0.06960466479389874,0.007889978593880562,50
R3_drift,A,in,0.3,post,0.073570816292287,0.015617430411765961,50
R3_drift,A,in,0.3,pre,0.07028999390091921,0.01128681441781765,50
R3_drift,A,in,1.0,all,0.10294065800882757,0.02411770637048444,50
R3_drift,A,in,1.0,post,0.10583134313605766,0.03149571240230881,50
R3_drift,A,in,1.0,pre,0.10570616061995693,0.027848496137323875,50
R3_drift,A,in,3.0,all,0.15154164892049218,0.0412756403811533,50
R3_drift,A,in,3.0,post,0.15451864853593217,0.05097603416205644,50
R3_drift,A,in,3.0,pre,0.15629285045419297,0.04651609434251877,50
R3_drift,A,in,10.0,all,0.1926555112095292,0.05467361001344745,50
R3_drift,A,in,10.0,post,0.19604770040062566,0.06617706907547997,50
R3_drift,A,in,10.0,pre,0.19886414009764342,0.061283299313982985,50
R3_drift,A,in,30.0,all,0.2125502198095061,0.06114281482383735,50
R3_drift,A,in,30.0,post,0.21604873130765237,0.07343079671905559,50
R3_drift,A,in,30.0,pre,0.2195160643902937,0.06839880110238263,50
R3_drift,A,in,100.0,all,0.22244121422150928,0.06430056013799068,50
R3_drift,A,in,100.0,post,0.22590564719698705,0.07718056289952095,50
R3_drift,A,in,100.0,pre,0.22982959100850844,0.07175508338773876,50
R3_drift,A,legs,0.0,all,0.06527314165498269,0.0027764796007836087,50
R3_drift,A,legs,0.0,post,0.07033870767206862,0.01327079818628096,50
R3_drift,A,legs,0.0,pre,0.06506869444847573,0.0071099342937362255,50
R3_drift,A,legs,0.01,all,0.06527314165498269,0.0027764796007836087,50
R3_drift,A,legs,0.01,post,0.07033870767206862,0.01327079818628096,50
R3_drift,A,legs,0.01,pre,0.06506869444847573,0.0071099342937362255,50
R3_drift,A,legs,0.03,all,0.06527314165498269,0.0027764796007836087,50
R3_drift,A,legs,0.03,post,0.07033870767206862,0.01327079818628096,50
R3_drift,A,legs,0.03,pre,0.06506869444847573,0.0071099342937362255,50
R3_drift,A,legs,0.1,all,0.06527314165498269,0.0027764796007836087,50
R3_drift,A,legs,0.1,post,0.07033870767206862,0.01327079818628096,50
R3_drift,A,legs,0.1,pre,0.06506869444847573,0.0071099342937362255,50
R3_drift,A,legs,0.3,all,0.06527314165498269,0.0027764796007836087,50
R3_drift,A,legs,0.3,post,0.07033870767206862,0.01327079818628096,50
R3_drift,A,legs,0.3,pre,0.06506869444847573,0.0071099342937362255,50
R3_drift,A,legs,1.0,all,0.06527314165498269,0.0027764796007836087,50
R3_drift,A,legs,1.0,post,0.07033870767206862,0.01327079818628096,50
R3_drift,A,legs,1.0,pre,0.06506869444847573,0.0071099342937362255,50
R3_drift,A,legs,3.0,all,0.06527314165498269,0.0027764796007836087,50
R3_drift,A,legs,3.0,post,0.07033870767206862,0.01327079818628096,50
R3_drift,A,legs,3.0,pre,0.06506869444847573,0.0071099342937362255,50
R3_drift,A,legs,10.0,all,0.06527314165498269,0.0027764796007836087,50
R3_drift,A,legs,10.0,post,0.07033870767206862,0.01327079818628096,50
R3_drift,A,legs,10.0,pre,0.06506869444847573,0.0071099342937362255,50
R3_drift,A,legs,30.0,all,0.06527314165498269,0.0027764796007836087,50
R3_drift,A,legs,30.0,post,0.07033870767206862,0.01327079818628096,50
R3_drift,A,legs,30.0,pre,0.06506869444847573,0.0071099342937362255,50
R3_drift,A,legs,100.0,all,0.06527314165498269,0.0027764796007836087,50
R3_drift,A,legs,100.0,post,0.07033870767206862,0.01327079818628096,50
R3_drift,A,legs,100.0,pre,0.06506869444847573,0.0071099342937362255,50
R3_drift,A,point,0.0,all,0.31630837537882406,0.0016251752117823733,50
R3_drift,A,point,0.0,post,0.31893153723341666,0.055393359285002296,50
R3_drift,A,point,0.0,pre,0.32843299845621865,0.038951784226078395,50
R3_drift,A,point,0.01,all,0.31422959989119276,0.0016796688964506733,50
R3_drift,A,point,0.01,post,0.3168341884026986,0.05502859880664997,50
R3_drift,A,point,0.01,pre,0.3262739563512415,0.03868035622754984,50
R3_drift,A,point,0.03,all,0.31021334289136454,0.0018495630516196515,50
R3_drift,A,point,0.03,post,0.31278231959097164,0.05432590248449847,50
R3_drift,A,point,0.03,pre,0.3221024917505744,0.038160571937996726,50
R3_drift,A,point,0.1,all,0.29750287089040545,0.0027032110266572923,50
R3_drift,A,point,0.1,post,0.299962319607334,0.052118911772386776,50
R3_drift,A,point,0.1,pre,0.30889926818980024,0.036555700470072075,50
R3_drift,A,point,0.3,all,0.27011012822632663,0.0051467573379692455,50
R3_drift,A,point,0.3,post,0.2723629041000713,0.047473227215163706,50
R3_drift,A,point,0.3,pre,0.2804295907410982,0.03334906624493618,50
R3_drift,A,point,1.0,all,0.22644028133387906,0.014088372029151204,50
R3_drift,A,point,1.0,post,0.2285918100524085,0.042035288437512176,50
R3_drift,A,point,1.0,pre,0.23491893509367298,0.031134040883693367,50
R3_drift,A,point,3.0,all,0.20749090418114485,0.03262941361714192,50
R3_drift,A,point,3.0,post,0.21009493251983424,0.049798429742109594,50
R3_drift,A,point,3.0,pre,0.21486087631336434,0.04206849851182081,50
R3_drift,A,point,10.0,all,0.21623036319714842,0.04997713155310951,50
R3_drift,A,point,10.0,post,0.2193674620459073,0.06440569209651212,50
R3_drift,A,point,10.0,pre,0.22359165414719392,0.057878534266352165,50
R3_drift,A,point,30.0,all,0.2270418582516906,0.057991255997300734,50
R3_drift,A,point,30.0,post,0.23029479443130746,0.07191643070550725,50
R3_drift,A,point,30.0,pre,0.23475851295941916,0.06604703788123882,50
R3_drift,A,point,100.0,all,0.2341380012683438,0.06169356799869131,50
R3_drift,A,point,100.0,post,0.23732139789764267,0.07558174281379015,50
R3_drift,A,point,100.0,pre,0.24217506829346136,0.06993559474503871,50
R3_drift,B,cur,0.0,all,0.06359898778981615,0.0020089970780512723,50
R3_drift,B,cur,0.0,post,0.06882082563533817,0.012889748209982137,50
R3_drift,B,cur,0.0,pre,0.06324013988785195,0.006941521780667177,50
R3_drift,B,cur,0.01,all,0.06320961681318243,0.0019864271395587346,50
R3_drift,B,cur,0.01,post,0.06840496852727866,0.012802527138253538,50
R3_drift,B,cur,0.01,pre,0.06285090295824575,0.006910756240325926,50
R3_drift,B,cur,0.03,all,0.06259551103419712,0.001962224349147902,50
R3_drift,B,cur,0.03,post,0.06773270027060346,0.012657810266354787,50
R3_drift,B,cur,0.03,pre,0.06224757145533817,0.006878110504140367,50
R3_drift,B,cur,0.1,all,0.06195023678037288,0.002416848998883775,50
R3_drift,B,cur,0.1,post,0.06684138786183631,0.01249323400972719,50
R3_drift,B,cur,0.1,pre,0.06173274599133717,0.007134947347317796,50
R3_drift,B,cur,0.3,all,0.06793143531161663,0.007970362182583924,50
R3_drift,B,cur,0.3,post,0.07205774878888699,0.015319995687733411,50
R3_drift,B,cur,0.3,pre,0.06845633343529563,0.01139738264134872,50
R3_drift,B,cur,1.0,all,0.10160822295850055,0.024299848631892135,50
R3_drift,B,cur,1.0,post,0.1047052884162583,0.0314526329529446,50
R3_drift,B,cur,1.0,pre,0.10416806260069165,0.027854407001979022,50
R3_drift,B,cur,3.0,all,0.15046244974383793,0.04128641783493915,50
R3_drift,B,cur,3.0,post,0.1537121651867799,0.05095874134943759,50
R3_drift,B,cur,3.0,pre,0.15494299357043015,0.04610130999298875,50
R3_drift,B,cur,10.0,all,0.19169995562362888,0.054533225416935595,50
R3_drift,B,cur,10.0,post,0.19539720139909808,0.0661491040703506,50
R3_drift,B,cur,10.0,pre,0.19760539657448298,0.060560827875286834,50
R3_drift,B,cur,30.0,all,0.21164914343059776,0.0609625255712682,50
R3_drift,B,cur,30.0,post,0.21545253010238802,0.07339723322333969,50
R3_drift,B,cur,30.0,pre,0.21832279727434734,0.06766842928851342,50
R3_drift,B,cur,100.0,all,0.22157371396076783,0.06410755116310116,50
R3_drift,B,cur,100.0,post,0.22533223089816098,0.07714395281120863,50
R3_drift,B,cur,100.0,pre,0.22869309314412234,0.07108918511723351,50
R3_drift,B,hist,0.0,all,0.0635989877898162,0.002008997078051262,50
R3_drift,B,hist,0.0,post,0.06882082563533816,0.01288974820998216,50
R3_drift,B,hist,0.0,pre,0.06324013988785199,0.00694152178066716,50
R3_drift,B,hist,0.01,all,0.06325678649227207,0.001989705247976818,50
R3_drift,B,hist,0.01,post,0.06840734053825474,0.012800911737392628,50
R3_drift,B,hist,0.01,pre,0.06292661095711398,0.006910608469858101,50
R3_drift,B,hist,0.03,all,0.06300431763755969,0.0019875999664268657,50
R3_drift,B,hist,0.03,post,0.06774038031043556,0.012653275375532605,50
R3_drift,B,hist,0.03,pre,0.06290774046499961,0.0068338952082594015,50
R3_drift,B,hist,0.1,all,0.06589125036732556,0.00282376074555957,50
R3_drift,B,hist,0.1,post,0.06687224540307118,0.012481339032670886,50
R3_drift,B,hist,0.1,pre,0.0679889745440911,0.0067867817629098815,50
R3_drift,B,hist,0.3,all,0.08919526215169334,0.009592922452416372,50
R3_drift,B,hist,0.3,post,0.07216735850983767,0.015304092087777594,50
R3_drift,B,hist,0.3,pre,0.10028322761283856,0.011355135892846053,50
R3_drift,B,hist,1.0,all,0.1660926817988749,0.024821215183709635,50
R3_drift,B,hist,1.0,post,0.10499043575040716,0.03145121709254794,50
R3_drift,B,hist,1.0,pre,0.19626080527474918,0.024830125582115357,50
R3_drift,B,hist,3.0,all,0.25868501828156165,0.03947915541744715,50
R3_drift,B,hist,3.0,post,0.1541668242279462,0.050990699229912624,50
R3_drift,B,hist,3.0,pre,0.30796258088877415,0.03725489340398941,50
R3_drift,B,hist,10.0,all,0.3331071675238325,0.05093704553504154,50
R3_drift,B,hist,10.0,post,0.19619123632697597,0.06621608810888872,50
R3_drift,B,hist,10.0,pre,0.39695074721491735,0.046702704393351946,50
R3_drift,B,hist,30.0,all,0.3691597817338066,0.056486614952776716,50
R3_drift,B,hist,30.0,post,0.21740387240483958,0.07337710881117249,50
R3_drift,B,hist,30.0,pre,0.4398208995165306,0.05144376199185006,50
R3_drift,B,hist,100.0,all,0.38838420713896504,0.05932345341111808,50
R3_drift,B,hist,100.0,post,0.23029844439408595,0.07657241066148793,50
R3_drift,B,hist,100.0,pre,0.4623115321212593,0.05397366744407152,50
R3_drift,B,in,0.0,all,0.06359898778975662,0.00200899707804699,50
R3_drift,B,in,0.0,post,0.06882082563532359,0.012889748209975262,50
R3_drift,B,in,0.0,pre,0.06324013988776352,0.006941521780664948,50
R3_drift,B,in,0.01,all,0.06325670336282083,0.001989669170903442,50
R3_drift,B,in,0.01,post,0.06840694193332367,0.012800850431298277,50
R3_drift,B,in,0.01,pre,0.06292672462030152,0.006910658106251303,50
R3_drift,B,in,0.03,all,0.06300399455721949,0.001987463477012776,50
R3_drift,B,in,0.03,post,0.06773921414253065,0.01265309531681487,50
R3_drift,B,in,0.03,pre,0.06290793313023785,0.006834038839779307,50
R3_drift,B,in,0.1,all,0.06588936928476732,0.002823168256074207,50
R3_drift,B,in,0.1,post,0.06686875452406936,0.012480615982663614,50
R3_drift,B,in,0.1,pre,0.06798794075894744,0.0067871991846227085,50
R3_drift,B,in,0.3,all,0.0891857693226128,0.009591954114516245,50
R3_drift,B,in,0.3,post,0.07216035049684318,0.01529975714767583,50
R3_drift,B,in,0.3,pre,0.10027238156403159,0.011355066355952383,50
R3_drift,B,in,1.0,all,0.16605423623092735,0.024821977902609576,50
R3_drift,B,in,1.0,post,0.10498240445650206,0.03143412843916886,50
R3_drift,B,in,1.0,pre,0.19621090611654082,0.024833229310179422,50
R3_drift,B,in,3.0,all,0.25857996494588176,0.03948337488687645,50
R3_drift,B,in,3.0,post,0.15414179082248014,0.050950915422824504,50
R3_drift,B,in,3.0,pre,0.3078274936960781,0.037273692187726616,50
R3_drift,B,in,10.0,all,0.3327738027265058,0.050938888544576275,50
R3_drift,B,in,10.0,post,0.19593156247295404,0.06615253825708874,50
R3_drift,B,in,10.0,pre,0.39656549279303405,0.04676018448185931,50
R3_drift,B,in,30.0,all,0.36808358141544983,0.05647956535140398,50
R3_drift,B,in,30.0,post,0.21603371261677268,0.0734054699750936,50
R3_drift,B,in,30.0,pre,0.4387007136271983,0.0515747634779046,50
R3_drift,B,in,100.0,all,0.3853478768210908,0.05939386180743804,50
R3_drift,B,in,100.0,post,0.22593496782249203,0.07715614311172564,50
R3_drift,B,in,100.0,pre,0.4592665989943452,0.05423926871823428,50
R3_drift,B,legs,0.0,all,0.06359898778981617,0.002008997078051268,50
R3_drift,B,legs,0.0,post,0.06882082563533816,0.01288974820998213,50
R3_drift,B,legs,0.0,pre,0.06324013988785195,0.006941521780667167,50
R3_drift,B,legs,0.01,all,0.06359898778981617,0.002008997078051268,50
R3_drift,B,legs,0.01,post,0.06882082563533816,0.01288974820998213,50
R3_drift,B,legs,0.01,pre,0.06324013988785195,0.006941521780667167,50
R3_drift,B,legs,0.03,all,0.06359898778981617,0.002008997078051268,50
R3_drift,B,legs,0.03,post,0.06882082563533816,0.01288974820998213,50
R3_drift,B,legs,0.03,pre,0.06324013988785195,0.006941521780667167,50
R3_drift,B,legs,0.1,all,0.06359898778981617,0.002008997078051268,50
R3_drift,B,legs,0.1,post,0.06882082563533816,0.01288974820998213,50
R3_drift,B,legs,0.1,pre,0.06324013988785195,0.006941521780667167,50
R3_drift,B,legs,0.3,all,0.06359898778981617,0.002008997078051268,50
R3_drift,B,legs,0.3,post,0.06882082563533816,0.01288974820998213,50
R3_drift,B,legs,0.3,pre,0.06324013988785195,0.006941521780667167,50
R3_drift,B,legs,1.0,all,0.06359898778981617,0.002008997078051268,50
R3_drift,B,legs,1.0,post,0.06882082563533816,0.01288974820998213,50
R3_drift,B,legs,1.0,pre,0.06324013988785195,0.006941521780667167,50
R3_drift,B,legs,3.0,all,0.06359898778981617,0.002008997078051268,50
R3_drift,B,legs,3.0,post,0.06882082563533816,0.01288974820998213,50
R3_drift,B,legs,3.0,pre,0.06324013988785195,0.006941521780667167,50
R3_drift,B,legs,10.0,all,0.06359898778981617,0.002008997078051268,50
R3_drift,B,legs,10.0,post,0.06882082563533816,0.01288974820998213,50
R3_drift,B,legs,10.0,pre,0.06324013988785195,0.006941521780667167,50
R3_drift,B,legs,30.0,all,0.06359898778981617,0.002008997078051268,50
R3_drift,B,legs,30.0,post,0.06882082563533816,0.01288974820998213,50
R3_drift,B,legs,30.0,pre,0.06324013988785195,0.006941521780667167,50
R3_drift,B,legs,100.0,all,0.06359898778981617,0.002008997078051268,50
R3_drift,B,legs,100.0,post,0.06882082563533816,0.01288974820998213,50
R3_drift,B,legs,100.0,pre,0.06324013988785195,0.006941521780667167,50
R3_drift,B,point,0.0,all,0.3162838115475004,0.002052330236773857,50
R3_drift,B,point,0.0,post,0.31893153723341666,0.055393359285002296,50
R3_drift,B,point,0.0,pre,0.32831273643083264,0.038421774924634236,50
R3_drift,B,point,0.01,all,0.31421435916622764,0.0020828957524498025,50
R3_drift,B,point,0.01,post,0.3168341884026986,0.05502859880664997,50
R3_drift,B,point,0.01,pre,0.32616899556495677,0.038153032057174914,50
R3_drift,B,point,0.03,all,0.31027114549488166,0.0021898969826126343,50
R3_drift,B,point,0.03,post,0.31278231959097164,0.05432590248449847,50
R3_drift,B,point,0.03,pre,0.32211285220731584,0.037627877686932154,50
R3_drift,B,point,0.1,all,0.29832631320381303,0.0027569821427838688,50
R3_drift,B,point,0.1,post,0.299962319607334,0.052118911772386776,50
R3_drift,B,point,0.1,pre,0.31010633197357396,0.03589613426123427,50
R3_drift,B,point,0.3,all,0.2762530691739403,0.0045717160552544425,50
R3_drift,B,point,0.3,post,0.2723629041000713,0.047473227215163706,50
R3_drift,B,point,0.3,pre,0.28987282650702834,0.031674808786273316,50
R3_drift,B,point,1.0,all,0.26170340370976153,0.0155005927713616,50
R3_drift,B,point,1.0,post,0.2285918100524085,0.042035288437512176,50
R3_drift,B,point,1.0,pre,0.28788684587422664,0.02650805576682994,50
R3_drift,B,point,3.0,all,0.2949301988525208,0.034570162785672105,50
R3_drift,B,point,3.0,post,0.21009493251983424,0.049798429742109594,50
R3_drift,B,point,3.0,pre,0.3415731184887062,0.03515037365516122,50
R3_drift,B,point,10.0,all,0.3470705428450514,0.048940592969779415,50
R3_drift,B,point,10.0,post,0.2193674620459073,0.06440569209651212,50
R3_drift,B,point,10.0,pre,0.4098611460263957,0.04553211634006288,50
R3_drift,B,point,30.0,all,0.3768839511775914,0.055098334832017475,50
R3_drift,B,point,30.0,post,0.23029479443130746,0.07191643070550725,50
R3_drift,B,point,30.0,pre,0.44700230681527,0.05063011217703689,50
R3_drift,B,point,100.0,all,0.39253591187222425,0.058083841116817886,50
R3_drift,B,point,100.0,post,0.23732139789764267,0.07558174281379015,50
R3_drift,B,point,100.0,pre,0.46612894861365617,0.053386351559904094,50
R3_many,A,cur,0.0,all,0.06832739129094433,0.002808782896976374,50
R3_many,A,cur,0.0,post,0.08819625109340525,0.032432293908827146,50
R3_many,A,cur,0.0,pre,0.06689940796417337,0.006312261148472972,50
R3_many,A,cur,0.01,all,0.06798216969990073,0.0028005066055459852,50
R3_many,A,cur,0.01,post,0.08761419818059873,0.03221967347365871,50
R3_many,A,cur,0.01,pre,0.06660114871429827,0.006266399516961654,50
R3_many,A,cur,0.03,all,0.06747646936829416,0.002789618153211369,50
R3_many,A,cur,0.03,post,0.08658431204057017,0.03184337543542107,50
R3_many,A,cur,0.03,pre,0.06621106018774106,0.006160575521172753,50
R3_many,A,cur,0.1,all,0.06738221590103366,0.0029097402544967037,50
R3_many,A,cur,0.1,post,0.08423318257301593,0.030982925977156694,50
R3_many,A,cur,0.1,pre,0.06669801455403788,0.0057272526408788035,50
R3_many,A,cur,0.3,all,0.07564768258959648,0.005904291170031902,50
R3_many,A,cur,0.3,post,0.08485189092928119,0.031472901973860816,50
R3_many,A,cur,0.3,pre,0.0770947933583485,0.00628696342209009,50
R3_many,A,cur,1.0,all,0.11584307583181937,0.01718849321975073,50
R3_many,A,cur,1.0,post,0.10849765123215863,0.04359669325833905,50
R3_many,A,cur,1.0,pre,0.12195430256583567,0.015347775477375281,50
R3_many,A,cur,3.0,all,0.17176034515566696,0.028919966941975347,50
R3_many,A,cur,3.0,post,0.1519170231016836,0.06345260226879686,50
R3_many,A,cur,3.0,pre,0.18208041935066377,0.025918308579380826,50
R3_many,A,cur,10.0,all,0.21834641461178772,0.03797048776376845,50
R3_many,A,cur,10.0,post,0.19098375590892047,0.07991010784800331,50
R3_many,A,cur,10.0,pre,0.23169370704419484,0.03441061023937463,50
R3_many,A,cur,30.0,all,0.24070337699315134,0.04245083648177532,50
R3_many,A,cur,30.0,post,0.21004201258292507,0.08830950184172225,50
R3_many,A,cur,30.0,pre,0.25545582242388454,0.03865707116384615,50
R3_many,A,cur,100.0,all,0.25164691528507643,0.044697380717790246,50
R3_many,A,cur,100.0,post,0.21942475941226988,0.0928822848052082,50
R3_many,A,cur,100.0,pre,0.2670631223265052,0.04069579456716158,50
R3_many,A,hist,0.0,all,0.06832739129094434,0.0028087828969763843,50
R3_many,A,hist,0.0,post,0.08819625109340525,0.032432293908827244,50
R3_many,A,hist,0.0,pre,0.0668994079641734,0.006312261148472978,50
R3_many,A,hist,0.01,all,0.06796102726847729,0.0027989826288463628,50
R3_many,A,hist,0.01,post,0.08764762417463844,0.032226039458011745,50
R3_many,A,hist,0.01,pre,0.06655755722958247,0.006251621590694954,50
R3_many,A,hist,0.03,all,0.06735265134803814,0.0027825343663369206,50
R3_many,A,hist,0.03,post,0.08668333206822715,0.03186229230734251,50
R3_many,A,hist,0.03,pre,0.06600049117978468,0.006126376513704636,50
R3_many,A,hist,0.1,all,0.06636787172367127,0.0028242449113701365,50
R3_many,A,hist,0.1,post,0.08454587749577115,0.031043590513004225,50
R3_many,A,hist,0.1,pre,0.06521199209226795,0.005694159504132135,50
R3_many,A,hist,0.3,all,0.06987173916200452,0.005164168015808627,50
R3_many,A,hist,0.3,post,0.08561366371907832,0.03162174112538041,50
R3_many,A,hist,0.3,pre,0.06927591707720297,0.006074232056295478,50
R3_many,A,hist,1.0,all,0.09608431003762251,0.016336710139489407,50
R3_many,A,hist,1.0,post,0.10973621606169078,0.04376069402976331,50
R3_many,A,hist,1.0,pre,0.09651481082469177,0.015558591198839615,50
R3_many,A,hist,3.0,all,0.13754685861018026,0.028941623911458887,50
R3_many,A,hist,3.0,post,0.15319527795336876,0.06355707206844556,50
R3_many,A,hist,3.0,pre,0.13867362212841902,0.027711948574581608,50
R3_many,A,hist,10.0,all,0.1737315539187896,0.03872446245829083,50
R3_many,A,hist,10.0,post,0.19225056242179125,0.07994437198992352,50
R3_many,A,hist,10.0,pre,0.17532891806145995,0.037332719571379916,50
R3_many,A,hist,30.0,all,0.19265333671024085,0.043256135942814605,50
R3_many,A,hist,30.0,post,0.21190276293078136,0.08819334599793606,50
R3_many,A,hist,30.0,pre,0.19479793463780404,0.041737537626733885,50
R3_many,A,hist,100.0,all,0.2117484811118453,0.044283234962637065,50
R3_many,A,hist,100.0,post,0.22615993331958872,0.09238214059929234,50
R3_many,A,hist,100.0,pre,0.21621720355450147,0.04291360865754006,50
R3_many,A,in,0.0,all,0.06832739129089281,0.0028087828969548677,50
R3_many,A,in,0.0,post,0.08819625109338473,0.032432293908804685,50
R3_many,A,in,0.0,pre,0.06689940796410243,0.006312261148425054,50
R3_many,A,in,0.01,all,0.06796089011295288,0.0027989202530141664,50
R3_many,A,in,0.01,post,0.08764756471272138,0.03222590095078612,50
R3_many,A,in,0.01,pre,0.06655733002522386,0.006251455127038033,50
R3_many,A,in,0.03,all,0.06735225826715252,0.002782350176153851,50
R3_many,A,in,0.03,post,0.08668317315103767,0.03186191375248582,50
R3_many,A,in,0.03,pre,0.06599983042245416,0.006125866667742151,50
R3_many,A,in,0.1,all,0.06636673363169024,0.002823728926251119,50
R3_many,A,in,0.1,post,0.08454555362542823,0.031042726145288715,50
R3_many,A,in,0.1,pre,0.06520998472667904,0.005692423217283963,50
R3_many,A,in,0.3,all,0.06986904790168287,0.005163739110008485,50
R3_many,A,in,0.3,post,0.08561391117644206,0.03162166956291516,50
R3_many,A,in,0.3,pre,0.06927076075088005,0.006070776727343157,50
R3_many,A,in,1.0,all,0.0960752415470573,0.01633567975220456,50
R3_many,A,in,1.0,post,0.10974031565380728,0.04376897481240954,50
R3_many,A,in,1.0,pre,0.09649890704067912,0.015555191893455366,50
R3_many,A,in,3.0,all,0.137506869783373,0.0289408519106458,50
R3_many,A,in,3.0,post,0.15320069033485914,0.06358458296893701,50
R3_many,A,in,3.0,pre,0.1386156562927685,0.027707382340443818,50
R3_many,A,in,10.0,all,0.1734691884706617,0.038752882147479906,50
R3_many,A,in,10.0,post,0.19218648316253528,0.08002470194661679,50
R3_many,A,in,10.0,pre,0.1749896579875671,0.037355653200781096,50
R3_many,A,in,30.0,all,0.19094388482418043,0.04351821332924553,50
R3_many,A,in,30.0,post,0.21119815226748181,0.08840851297022498,50
R3_many,A,in,30.0,pre,0.19268013517891824,0.04198754751072178,50
R3_many,A,in,100.0,all,0.1995264689665933,0.045846582486788995,50
R3_many,A,in,100.0,post,0.22055556723522798,0.09296406997800125,50
R3_many,A,in,100.0,pre,0.20138204070390395,0.044196966762828714,50
R3_many,A,legs,0.0,all,0.06832739129094433,0.0028087828969763757,50
R3_many,A,legs,0.0,post,0.08819625109340523,0.032432293908827146,50
R3_many,A,legs,0.0,pre,0.06689940796417336,0.006312261148472971,50
R3_many,A,legs,0.01,all,0.06832739129094433,0.0028087828969763757,50
R3_many,A,legs,0.01,post,0.08819625109340523,0.032432293908827146,50
R3_many,A,legs,0.01,pre,0.06689940796417336,0.006312261148472971,50
R3_many,A,legs,0.03,all,0.06832739129094433,0.0028087828969763757,50
R3_many,A,legs,0.03,post,0.08819625109340523,0.032432293908827146,50
R3_many,A,legs,0.03,pre,0.06689940796417336,0.006312261148472971,50
R3_many,A,legs,0.1,all,0.06832739129094433,0.0028087828969763757,50
R3_many,A,legs,0.1,post,0.08819625109340523,0.032432293908827146,50
R3_many,A,legs,0.1,pre,0.06689940796417336,0.006312261148472971,50
R3_many,A,legs,0.3,all,0.06832739129094433,0.0028087828969763757,50
R3_many,A,legs,0.3,post,0.08819625109340523,0.032432293908827146,50
R3_many,A,legs,0.3,pre,0.06689940796417336,0.006312261148472971,50
R3_many,A,legs,1.0,all,0.06832739129094433,0.0028087828969763757,50
R3_many,A,legs,1.0,post,0.08819625109340523,0.032432293908827146,50
R3_many,A,legs,1.0,pre,0.06689940796417336,0.006312261148472971,50
R3_many,A,legs,3.0,all,0.06832739129094433,0.0028087828969763757,50
R3_many,A,legs,3.0,post,0.08819625109340523,0.032432293908827146,50
R3_many,A,legs,3.0,pre,0.06689940796417336,0.006312261148472971,50
R3_many,A,legs,10.0,all,0.06832739129094433,0.0028087828969763757,50
R3_many,A,legs,10.0,post,0.08819625109340523,0.032432293908827146,50
R3_many,A,legs,10.0,pre,0.06689940796417336,0.006312261148472971,50
R3_many,A,legs,30.0,all,0.06832739129094433,0.0028087828969763757,50
R3_many,A,legs,30.0,post,0.08819625109340523,0.032432293908827146,50
R3_many,A,legs,30.0,pre,0.06689940796417336,0.006312261148472971,50
R3_many,A,legs,100.0,all,0.06832739129094433,0.0028087828969763757,50
R3_many,A,legs,100.0,post,0.08819625109340523,0.032432293908827146,50
R3_many,A,legs,100.0,pre,0.06689940796417336,0.006312261148472971,50
R3_many,A,point,0.0,all,0.31636708789700585,0.0016282798869497524,50
R3_many,A,point,0.0,post,0.3496002540963275,0.11501895150695689,50
R3_many,A,point,0.0,pre,0.3206771239515149,0.024226870532064668,50
R3_many,A,point,0.01,all,0.314287070455617,0.0016783954823242529,50
R3_many,A,point,0.01,post,0.34728719209773007,0.11420585817910134,50
R3_many,A,point,0.01,pre,0.3185701431820521,0.02407775262843549,50
R3_many,A,point,0.03,all,0.31026164462475814,0.0018379865831343535,50
R3_many,A,point,0.03,post,0.342811804280278,0.11263816696840816,50
R3_many,A,point,0.03,pre,0.31449223599295406,0.023790552938667747,50
R3_many,A,point,0.1,all,0.29745659634585475,0.0026454564507518035,50
R3_many,A,point,0.1,post,0.32858505755732637,0.10770349983282969,50
R3_many,A,point,0.1,pre,0.3015173573521111,0.022882879122018474,50
R3_many,A,point,0.3,all,0.26940911428339975,0.004721056574384511,50
R3_many,A,point,0.3,post,0.29748286647354033,0.09719312961481269,50
R3_many,A,point,0.3,pre,0.2730781059598291,0.0208546183205042,50
R3_many,A,point,1.0,all,0.22202752818949456,0.009813399567508015,50
R3_many,A,point,1.0,post,0.24522159018357725,0.080978088757405,50
R3_many,A,point,1.0,pre,0.22491181905169114,0.017640473235661203,50
R3_many,A,point,3.0,all,0.19572831665165485,0.021680634399718127,50
R3_many,A,point,3.0,post,0.2165984653587582,0.07657240180495659,50
R3_many,A,point,3.0,pre,0.19790288179686732,0.02262589288808377,50
R3_many,A,point,10.0,all,0.19783807732431608,0.03437686931980276,50
R3_many,A,point,10.0,post,0.21910130791360824,0.08416355485070877,50
R3_many,A,point,10.0,pre,0.19974564539582929,0.033534087847687695,50
R3_many,A,point,30.0,all,0.20562777995956194,0.04048344062377843,50
R3_many,A,point,30.0,post,0.2276137096202579,0.09057097717411002,50
R3_many,A,point,30.0,pre,0.20757174691424848,0.03926631204445255,50
R3_many,A,point,100.0,all,0.21120183571518594,0.043406310397473544,50
R3_many,A,point,100.0,post,0.23372876009927313,0.09469532718050785,50
R3_many,A,point,100.0,pre,0.21321268970233018,0.04197270954167899,50
R3_many,B,cur,0.0,all,0.06372204575304194,0.0020779856096949092,50
R3_many,B,cur,0.0,post,0.08545304891489629,0.0318739354018243,50
R3_many,B,cur,0.0,pre,0.0613475962248906,0.005717590566983598,50
R3_many,B,cur,0.01,all,0.06332953574734387,0.0020704446414104905,50
R3_many,B,cur,0.01,post,0.08488586385601181,0.03166133585160292,50
R3_many,B,cur,0.01,pre,0.0609757622016631,0.0056549452959480965,50
R3_many,B,cur,0.03,all,0.06267702940284675,0.0020616203284379883,50
R3_many,B,cur,0.03,post,0.08388834885877511,0.03128537615990243,50
R3_many,B,cur,0.03,pre,0.060369235194068116,0.005526568397937864,50
R3_many,B,cur,0.1,all,0.0616183047379264,0.0021891702835800785,50
R3_many,B,cur,0.1,post,0.08167407699071516,0.030429941172580747,50
R3_many,B,cur,0.1,pre,0.059510290914423135,0.0051017278994024045,50
R3_many,B,cur,0.3,all,0.06535540818655086,0.005137919219803555,50
R3_many,B,cur,0.3,post,0.08276719479535224,0.03098494545472019,50
R3_many,B,cur,0.3,pre,0.0639178420794265,0.005894741414661618,50
R3_many,B,cur,1.0,all,0.0927471652147211,0.016722657104566573,50
R3_many,B,cur,1.0,post,0.10746519204473273,0.043382010340157186,50
R3_many,B,cur,1.0,pre,0.09263711445010958,0.01598701172163956,50
R3_many,B,cur,3.0,all,0.13511902660521197,0.029261001802495558,50
R3_many,B,cur,3.0,post,0.1515250775552624,0.06336649437371429,50
R3_many,B,cur,3.0,pre,0.13587225077978382,0.028058720192417536,50
R3_many,B,cur,10.0,all,0.17151985967181071,0.039007342780804616,50
R3_many,B,cur,10.0,post,0.19082075599045178,0.07986664670891505,50
R3_many,B,cur,10.0,pre,0.17275865027397422,0.03762632847173935,50
R3_many,B,cur,30.0,all,0.18914081744781183,0.04375038291344881,50
R3_many,B,cur,30.0,post,0.2099399897880458,0.08827878262419624,50
R3_many,B,cur,30.0,pre,0.1906239519567597,0.04223310520264696,50
R3_many,B,cur,100.0,all,0.1977802844193926,0.046059392147002186,50
R3_many,B,cur,100.0,post,0.2193446871819307,0.09285434225630249,50
R3_many,B,cur,100.0,pre,0.19939267427737092,0.04441421061868666,50
R3_many,B,hist,0.0,all,0.06372204575304197,0.0020779856096949482,50
R3_many,B,hist,0.0,post,0.0854530489148963,0.031873935401824406,50
R3_many,B,hist,0.0,pre,0.06134759622489063,0.005717590566983582,50
R3_many,B,hist,0.01,all,0.06333142713925294,0.002068976867420116,50
R3_many,B,hist,0.01,post,0.08488686745796273,0.031663420675533314,50
R3_many,B,hist,0.01,pre,0.06097376049208156,0.005640790045504408,50
R3_many,B,hist,0.03,all,0.06275121866558342,0.0020600473990898004,50
R3_many,B,hist,0.03,post,0.08389216047925092,0.03129172748651428,50
R3_many,B,hist,0.03,pre,0.06045662202073245,0.005473838269430313,50
R3_many,B,hist,0.1,all,0.06255517657952296,0.0022805437715846745,50
R3_many,B,hist,0.1,post,0.0816948860730618,0.030452120799823453,50
R3_many,B,hist,0.1,pre,0.0607350742350866,0.004863195902138113,50
R3_many,B,hist,0.3,all,0.07130970557811422,0.006054274846779013,50
R3_many,B,hist,0.3,post,0.08287048094364445,0.031053193205374672,50
R3_many,B,hist,0.3,pre,0.07167841500418275,0.0058937750280094,50
R3_many,B,hist,1.0,all,0.1133740703156505,0.017823253134716877,50
R3_many,B,hist,1.0,post,0.10784256009702575,0.043505563076096126,50
R3_many,B,hist,1.0,pre,0.11885121535619168,0.015645490790170514,50
R3_many,B,hist,3.0,all,0.17079134199710427,0.029446755728134953,50
R3_many,B,hist,3.0,post,0.15221605948981612,0.06347688614040062,50
R3_many,B,hist,3.0,pre,0.18090085336308578,0.02598426810617046,50
R3_many,B,hist,10.0,all,0.21826509256701696,0.03828963726129508,50
R3_many,B,hist,10.0,post,0.19181409647615053,0.07991665683289845,50
R3_many,B,hist,10.0,pre,0.23168956495499568,0.034275293526052714,50
R3_many,B,hist,30.0,all,0.24184260163319116,0.04250658496755402,50
R3_many,B,hist,30.0,post,0.21167605516559132,0.08817772298760859,50
R3_many,B,hist,30.0,pre,0.2569243354673839,0.03828867015550317,50
R3_many,B,hist,100.0,all,0.26092938818718947,0.04363268784108447,50
R3_many,B,hist,100.0,post,0.2260008082209808,0.09235722573871885,50
R3_many,B,hist,100.0,pre,0.27799271982300156,0.039254097845234134,50
R3_many,B,in,0.0,all,0.0637220457529832,0.002077985609676332,50
R3_many,B,in,0.0,post,0.08545304891487221,0.03187393540179809,50
R3_many,B,in,0.0,pre,0.06134759622480759,0.005717590566933857,50
R3_many,B,in,0.01,all,0.06333135758225267,0.002069022337784509,50
R3_many,B,in,0.01,post,0.08488672204634984,0.031663238361101555,50
R3_many,B,in,0.01,pre,0.060973665482439154,0.005640700778480435,50
R3_many,B,in,0.03,all,0.0627510287791258,0.0020601907845848523,50
R3_many,B,in,0.03,post,0.08389173771288409,0.03129120960094433,50
R3_many,B,in,0.03,pre,0.06045635958921644,0.005473576287846493,50
R3_many,B,in,0.1,all,0.06255469540596398,0.00228098600786596,50
R3_many,B,in,0.1,post,0.08169362940114908,0.030450721442182548,50
R3_many,B,in,0.1,pre,0.06073437318862915,0.004862410343086202,50
R3_many,B,in,0.3,all,0.07130851028257404,0.006054067140438737,50
R3_many,B,in,0.3,post,0.0828678341946663,0.031051314450697805,50
R3_many,B,in,0.3,pre,0.07167648895945528,0.005892278028596005,50
R3_many,B,in,1.0,all,0.11336666462445417,0.017820558259974754,50
R3_many,B,in,1.0,post,0.10783953298863043,0.04350948968458493,50
R3_many,B,in,1.0,pre,0.1188407015081713,0.015641091069458893,50
R3_many,B,in,3.0,all,0.1707563172737744,0.02944471486524744,50
R3_many,B,in,3.0,post,0.1522112877916031,0.06349800909067765,50
R3_many,B,in,3.0,pre,0.18085534670311973,0.02597918276307882,50
R3_many,B,in,10.0,all,0.2180561567880026,0.038314361800518344,50
R3_many,B,in,10.0,post,0.19173958379991388,0.07999011806340091,50
R3_many,B,in,10.0,pre,0.23143503963578876,0.034298124277084986,50
R3_many,B,in,30.0,all,0.24051905062516954,0.04271683654039065,50
R3_many,B,in,30.0,post,0.21096662819543682,0.08838602040928976,50
R3_many,B,in,30.0,pre,0.2553652308600912,0.038512985812055256,50
R3_many,B,in,100.0,all,0.25137671351460633,0.04494672301310417,50
R3_many,B,in,100.0,post,0.22042279016323324,0.09294180784971369,50
R3_many,B,in,100.0,pre,0.2668951278039317,0.04063575320429534,50
R3_many,B,legs,0.0,all,0.06372204575304193,0.0020779856096949235,50
R3_many,B,legs,0.0,post,0.08545304891489625,0.031873935401824295,50
R3_many,B,legs,0.0,pre,0.06134759622489058,0.005717590566983589,50
R3_many,B,legs,0.01,all,0.06372204575304193,0.0020779856096949235,50
R3_many,B,legs,0.01,post,0.08545304891489625,0.031873935401824295,50
R3_many,B,legs,0.01,pre,0.06134759622489058,0.005717590566983589,50
R3_many,B,legs,0.03,all,0.06372204575304193,0.0020779856096949235,50
R3_many,B,legs,0.03,post,0.08545304891489625,0.031873935401824295,50
R3_many,B,legs,0.03,pre,0.06134759622489058,0.005717590566983589,50
R3_many,B,legs,0.1,all,0.06372204575304193,0.0020779856096949235,50
R3_many,B,legs,0.1,post,0.08545304891489625,0.031873935401824295,50
R3_many,B,legs,0.1,pre,0.06134759622489058,0.005717590566983589,50
R3_many,B,legs,0.3,all,0.06372204575304193,0.0020779856096949235,50
R3_many,B,legs,0.3,post,0.08545304891489625,0.031873935401824295,50
R3_many,B,legs,0.3,pre,0.06134759622489058,0.005717590566983589,50
R3_many,B,legs,1.0,all,0.06372204575304193,0.0020779856096949235,50
R3_many,B,legs,1.0,post,0.08545304891489625,0.031873935401824295,50
R3_many,B,legs,1.0,pre,0.06134759622489058,0.005717590566983589,50
R3_many,B,legs,3.0,all,0.06372204575304193,0.0020779856096949235,50
R3_many,B,legs,3.0,post,0.08545304891489625,0.031873935401824295,50
R3_many,B,legs,3.0,pre,0.06134759622489058,0.005717590566983589,50
R3_many,B,legs,10.0,all,0.06372204575304193,0.0020779856096949235,50
R3_many,B,legs,10.0,post,0.08545304891489625,0.031873935401824295,50
R3_many,B,legs,10.0,pre,0.06134759622489058,0.005717590566983589,50
R3_many,B,legs,30.0,all,0.06372204575304193,0.0020779856096949235,50
R3_many,B,legs,30.0,post,0.08545304891489625,0.031873935401824295,50
R3_many,B,legs,30.0,pre,0.06134759622489058,0.005717590566983589,50
R3_many,B,legs,100.0,all,0.06372204575304193,0.0020779856096949235,50
R3_many,B,legs,100.0,post,0.08545304891489625,0.031873935401824295,50
R3_many,B,legs,100.0,pre,0.06134759622489058,0.005717590566983589,50
R3_many,B,point,0.0,all,0.31627774796652686,0.0017177505795136288,50
R3_many,B,point,0.0,post,0.34957054334282744,0.11501244374481678,50
R3_many,B,point,0.0,pre,0.32053035282878606,0.024153546958935217,50
R3_many,B,point,0.01,all,0.31419813554075127,0.0017611574485667568,50
R3_many,B,point,0.01,post,0.34725720092276496,0.11419924295159754,50
R3_many,B,point,0.01,pre,0.3184230780354548,0.02400265075096842,50
R3_many,B,point,0.03,all,0.310187713782267,0.0019039878972079087,50
R3_many,B,point,0.03,post,0.34278127197487146,0.1126313413677478,50
R3_many,B,point,0.03,pre,0.3143630698973508,0.023708796344360177,50
R3_many,B,point,0.1,all,0.297568282164315,0.002643586424518669,50
R3_many,B,point,0.1,post,0.32855282266180913,0.10769598481865761,50
R3_many,B,point,0.1,pre,0.3016241544580123,0.022748088116688485,50
R3_many,B,point,0.3,all,0.27088040883561476,0.00457253365186595,50
R3_many,B,point,0.3,post,0.2974471006494497,0.09718401802911956,50
R3_many,B,point,0.3,pre,0.2749374475194862,0.020395627337285734,50
R3_many,B,point,1.0,all,0.23156618367709586,0.010337630351407232,50
R3_many,B,point,1.0,post,0.24518221436453877,0.08096653022470728,50
R3_many,B,point,1.0,pre,0.2371627606022956,0.016215418060597814,50
R3_many,B,point,3.0,all,0.22213071656383082,0.02316978240335844,50
R3_many,B,point,3.0,post,0.21656640285999523,0.07656227283156852,50
R3_many,B,point,3.0,pre,0.23164670165241094,0.021545292666370126,50
R3_many,B,point,10.0,all,0.23981457925031646,0.03487764833040608,50
R3_many,B,point,10.0,post,0.21908478517331914,0.0841575808480179,50
R3_many,B,point,10.0,pre,0.2531122717922434,0.03132679904574186,50
R3_many,B,point,30.0,all,0.2543436105141121,0.040269218272108984,50
R3_many,B,point,30.0,post,0.2276058942353641,0.09056708854238359,50
R3_many,B,point,30.0,pre,0.2693662142140445,0.03628434007714519,50
R3_many,B,point,100.0,all,0.26279575530988697,0.042909037752716365,50
R3_many,B,point,100.0,post,0.23372497632458816,0.09469240432786785,50
R3_many,B,point,100.0,pre,0.27859017508562883,0.03869202744831871,50
R3_noisy_maps,A,cur,0.0,all,0.08620760156258701,0.014890842256682147,50
R3_noisy_maps,A,cur,0.0,post,0.08891816862975871,0.019555851676719985,50
R3_noisy_maps,A,cur,0.0,pre,0.08654082292097481,0.019266714888706717,50
R3_noisy_maps,A,cur,0.01,all,0.08593067531352436,0.014945041715976163,50
R3_noisy_maps,A,cur,0.01,post,0.08836251528666318,0.019439504998662937,50
R3_noisy_maps,A,cur,0.01,pre,0.08651546959815491,0.01933758795762593,50
R3_noisy_maps,A,cur,0.03,all,0.085750253598498,0.014987795886387784,50
R3_noisy_maps,A,cur,0.03,post,0.08739897442359391,0.019202396715684807,50
R3_noisy_maps,A,cur,0.03,pre,0.08704903931229216,0.01935608178037249,50
R3_noisy_maps,A,cur,0.1,all,0.08838170033662672,0.01464115293880401,50
R3_noisy_maps,A,cur,0.1,post,0.08540301264832291,0.018339764079899283,50
R3_noisy_maps,A,cur,0.1,pre,0.09373156128623009,0.018575576314062568,50
R3_noisy_maps,A,cur,0.3,all,0.10988880833049473,0.013743093011831083,50
R3_noisy_maps,A,cur,0.3,post,0.08759684257027729,0.016449705550785905,50
R3_noisy_maps,A,cur,0.3,pre,0.12938215677169365,0.016647922859156814,50
R3_noisy_maps,A,cur,1.0,all,0.18628581461854246,0.020365416005904132,50
R3_noisy_maps,A,cur,1.0,post,0.11590944091726929,0.02136953755234311,50
R3_noisy_maps,A,cur,1.0,pre,0.23567326090093288,0.021728263551872646,50
R3_noisy_maps,A,cur,3.0,all,0.28214599381541283,0.029513968975071064,50
R3_noisy_maps,A,cur,3.0,post,0.16432998536603463,0.03464412498858123,50
R3_noisy_maps,A,cur,3.0,pre,0.3614252228101494,0.028524260745492455,50
R3_noisy_maps,A,cur,10.0,all,0.36009189793804475,0.03581074839203128,50
R3_noisy_maps,A,cur,10.0,post,0.20738417347163896,0.04579661668015979,50
R3_noisy_maps,A,cur,10.0,pre,0.46205336929170415,0.031850948663404204,50
R3_noisy_maps,A,cur,30.0,all,0.39722241543087816,0.03862362113594139,50
R3_noisy_maps,A,cur,30.0,post,0.22843234088357758,0.05102939939781215,50
R3_noisy_maps,A,cur,30.0,pre,0.5096547248415546,0.032212115423898034,50
R3_noisy_maps,A,cur,100.0,all,0.41518087668134307,0.04015373877528301,50
R3_noisy_maps,A,cur,100.0,post,0.23880776051820798,0.05350734144672049,50
R3_noisy_maps,A,cur,100.0,pre,0.5325571671496132,0.032368146314513756,50
R3_noisy_maps,A,hist,0.0,all,0.08620760156258701,0.014890842256682146,50
R3_noisy_maps,A,hist,0.0,post,0.08891816862975865,0.01955585167671996,50
R3_noisy_maps,A,hist,0.0,pre,0.08654082292097484,0.019266714888706706,50
R3_noisy_maps,A,hist,0.01,all,0.08590814060178996,0.014942066450594529,50
R3_noisy_maps,A,hist,0.01,post,0.08859064249861133,0.019570631717313203,50
R3_noisy_maps,A,hist,0.01,pre,0.08625441962580366,0.01929967665338125,50
R3_noisy_maps,A,hist,0.03,all,0.08544152291786052,0.01502140027131137,50
R3_noisy_maps,A,hist,0.03,post,0.08807235387642683,0.019589414652682036,50
R3_noisy_maps,A,hist,0.03,pre,0.0858153313777198,0.019349752932674887,50
R3_noisy_maps,A,hist,0.1,all,0.08501035738699186,0.015097175224914786,50
R3_noisy_maps,A,hist,0.1,post,0.08750505634098171,0.01955377459989356,50
R3_noisy_maps,A,hist,0.1,pre,0.08548998864111189,0.0193879663276381,50
R3_noisy_maps,A,hist,0.3,all,0.09019033268083138,0.01488490948879426,50
R3_noisy_maps,A,hist,0.3,post,0.09260886067915658,0.019309510948667636,50
R3_noisy_maps,A,hist,0.3,pre,0.09094299676765236,0.019432312877341585,50
R3_noisy_maps,A,hist,1.0,all,0.12079019739069947,0.020200120413464355,50
R3_noisy_maps,A,hist,1.0,post,0.12408355332354189,0.023670305512153114,50
R3_noisy_maps,A,hist,1.0,pre,0.12179103219559273,0.026043744176978884,50
R3_noisy_maps,A,hist,3.0,all,0.16879617739783043,0.03263826169000071,50
R3_noisy_maps,A,hist,3.0,post,0.17385535315798303,0.03485962468443242,50
R3_noisy_maps,A,hist,3.0,pre,0.1696370707273013,0.04033280573860304,50
R3_noisy_maps,A,hist,10.0,all,0.2164670931239521,0.04346452220263766,50
R3_noisy_maps,A,hist,10.0,post,0.22340609507827908,0.04436875064057889,50
R3_noisy_maps,A,hist,10.0,pre,0.2168306048802811,0.05306500379742183,50
R3_noisy_maps,A,hist,30.0,all,0.25899229277353825,0.050814778226528634,50
R3_noisy_maps,A,hist,30.0,post,0.2674478389167305,0.050979974853459294,50
R3_noisy_maps,A,hist,30.0,pre,0.2584935933500765,0.06193157251715482,50
R3_noisy_maps,A,hist,100.0,all,0.3114542471382802,0.06566615443254248,50
R3_noisy_maps,A,hist,100.0,post,0.3210748624387414,0.06824186162961074,50
R3_noisy_maps,A,hist,100.0,pre,0.3096918174564029,0.07739358164154536,50
R3_noisy_maps,A,in,0.0,all,0.0862076015625428,0.014890842256687905,50
R3_noisy_maps,A,in,0.0,post,0.08891816862974954,0.01955585167672003,50
R3_noisy_maps,A,in,0.0,pre,0.0865408229208969,0.01926671488871651,50
R3_noisy_maps,A,in,0.01,all,0.08590858297666872,0.014942671062675692,50
R3_noisy_maps,A,in,0.01,post,0.08859089610418128,0.019570877316887288,50
R3_noisy_maps,A,in,0.01,pre,0.08625524729611583,0.019299577667890238,50
R3_noisy_maps,A,in,0.03,all,0.08544261603360605,0.015023015180174543,50
R3_noisy_maps,A,in,0.03,post,0.0880728839418779,0.019590073690482455,50
R3_noisy_maps,A,in,0.03,pre,0.08581754247209704,0.01934943176528698,50
R3_noisy_maps,A,in,0.1,all,0.08501120212293126,0.015100139826630086,50
R3_noisy_maps,A,in,0.1,post,0.0875040068022032,0.01955505532323842,50
R3_noisy_maps,A,in,0.1,pre,0.08549413032356944,0.01938635839688264,50
R3_noisy_maps,A,in,0.3,all,0.09017040919602996,0.014873940461349327,50
R3_noisy_maps,A,in,0.3,post,0.09258246870340459,0.019307034064762987,50
R3_noisy_maps,A,in,0.3,pre,0.0909304382825929,0.019419432584565605,50
R3_noisy_maps,A,in,1.0,all,0.12056198833439057,0.020113493454349655,50
R3_noisy_maps,A,in,1.0,post,0.12382806595260959,0.023667921234959942,50
R3_noisy_maps,A,in,1.0,pre,0.12158376748466887,0.02596914585223508,50
R3_noisy_maps,A,in,3.0,all,0.1674634674307487,0.03254790267569143,50
R3_noisy_maps,A,in,3.0,post,0.1724152356217042,0.035063470620530945,50
R3_noisy_maps,A,in,3.0,pre,0.1683866861353445,0.04019141835538587,50
R3_noisy_maps,A,in,10.0,all,0.2083681265209276,0.04363507539436301,50
R3_noisy_maps,A,in,10.0,post,0.2148232107602621,0.045584357665799734,50
R3_noisy_maps,A,in,10.0,pre,0.20910730841108685,0.05277730676521379,50
R3_noisy_maps,A,in,30.0,all,0.22832985226305247,0.04900577318430587,50
R3_noisy_maps,A,in,30.0,post,0.23547458676132643,0.050699382836965894,50
R3_noisy_maps,A,in,30.0,pre,0.22899943256026564,0.05883026530861192,50
R3_noisy_maps,A,in,100.0,all,0.2382019843442743,0.051597273343593944,50
R3_noisy_maps,A,in,100.0,post,0.2456292950646343,0.05316030994814953,50
R3_noisy_maps,A,in,100.0,pre,0.23888973057976826,0.0617895009185973,50
R3_noisy_maps,A,legs,0.0,all,0.08620760156258701,0.014890842256682154,50
R3_noisy_maps,A,legs,0.0,post,0.0889181686297587,0.01955585167671998,50
R3_noisy_maps,A,legs,0.0,pre,0.0865408229209748,0.01926671488870673,50
R3_noisy_maps,A,legs,0.01,all,0.08620760156258701,0.014890842256682154,50
R3_noisy_maps,A,legs,0.01,post,0.0889181686297587,0.01955585167671998,50
R3_noisy_maps,A,legs,0.01,pre,0.0865408229209748,0.01926671488870673,50
R3_noisy_maps,A,legs,0.03,all,0.08620760156258701,0.014890842256682154,50
R3_noisy_maps,A,legs,0.03,post,0.0889181686297587,0.01955585167671998,50
R3_noisy_maps,A,legs,0.03,pre,0.0865408229209748,0.01926671488870673,50
R3_noisy_maps,A,legs,0.1,all,0.08620760156258701,0.014890842256682154,50
R3_noisy_maps,A,legs,0.1,post,0.0889181686297587,0.01955585167671998,50
R3_noisy_maps,A,legs,0.1,pre,0.0865408229209748,0.01926671488870673,50
R3_noisy_maps,A,legs,0.3,all,0.08620760156258701,0.014890842256682154,50
R3_noisy_maps,A,legs,0.3,post,0.0889181686297587,0.01955585167671998,50
R3_noisy_maps,A,legs,0.3,pre,0.0865408229209748,0.01926671488870673,50
R3_noisy_maps,A,legs,1.0,all,0.08620760156258701,0.014890842256682154,50
R3_noisy_maps,A,legs,1.0,post,0.0889181686297587,0.01955585167671998,50
R3_noisy_maps,A,legs,1.0,pre,0.0865408229209748,0.01926671488870673,50
R3_noisy_maps,A,legs,3.0,all,0.08620760156258701,0.014890842256682154,50
R3_noisy_maps,A,legs,3.0,post,0.0889181686297587,0.01955585167671998,50
R3_noisy_maps,A,legs,3.0,pre,0.0865408229209748,0.01926671488870673,50
R3_noisy_maps,A,legs,10.0,all,0.08620760156258701,0.014890842256682154,50
R3_noisy_maps,A,legs,10.0,post,0.0889181686297587,0.01955585167671998,50
R3_noisy_maps,A,legs,10.0,pre,0.0865408229209748,0.01926671488870673,50
R3_noisy_maps,A,legs,30.0,all,0.08620760156258701,0.014890842256682154,50
R3_noisy_maps,A,legs,30.0,post,0.0889181686297587,0.01955585167671998,50
R3_noisy_maps,A,legs,30.0,pre,0.0865408229209748,0.01926671488870673,50
R3_noisy_maps,A,legs,100.0,all,0.08620760156258701,0.014890842256682154,50
R3_noisy_maps,A,legs,100.0,post,0.0889181686297587,0.01955585167671998,50
R3_noisy_maps,A,legs,100.0,pre,0.0865408229209748,0.01926671488870673,50
R3_noisy_maps,A,point,0.0,all,0.31635155590315334,0.0016092882504467301,50
R3_noisy_maps,A,point,0.0,post,0.32864452602242566,0.04130234678784725,50
R3_noisy_maps,A,point,0.0,pre,0.3167342250363385,0.03915951422817018,50
R3_noisy_maps,A,point,0.01,all,0.3142713953136451,0.001660607911775413,50
R3_noisy_maps,A,point,0.01,post,0.32647607062022593,0.04099551908629151,50
R3_noisy_maps,A,point,0.01,pre,0.31465714048948384,0.038921199615764214,50
R3_noisy_maps,A,point,0.03,all,0.3102536670010326,0.001820703852089629,50
R3_noisy_maps,A,point,0.03,post,0.322287314736378,0.04040370934250539,50
R3_noisy_maps,A,point,0.03,pre,0.31064566618520517,0.03846456906733216,50
R3_noisy_maps,A,point,0.1,all,0.29755073442622804,0.0026161730966351732,50
R3_noisy_maps,A,point,0.1,post,0.3090389080122949,0.038533360112982126,50
R3_noisy_maps,A,point,0.1,pre,0.29796541867059156,0.037052282293840264,50
R3_noisy_maps,A,point,0.3,all,0.2702682664964669,0.004699377726188076,50
R3_noisy_maps,A,point,0.3,post,0.28055283138232556,0.03444418053699089,50
R3_noisy_maps,A,point,0.3,pre,0.27074953575275473,0.0342040415510665,50
R3_noisy_maps,A,point,1.0,all,0.2275118974393766,0.011219730329129061,50
R3_noisy_maps,A,point,1.0,post,0.23572819013258922,0.02807031514518723,50
R3_noisy_maps,A,point,1.0,pre,0.2281717100986003,0.031625926871832376,50
R3_noisy_maps,A,point,3.0,all,0.21107850374478754,0.026286053009242603,50
R3_noisy_maps,A,point,3.0,post,0.21812602336043138,0.031792067996903844,50
R3_noisy_maps,A,point,3.0,pre,0.21186426661593086,0.03946878689714935,50
R3_noisy_maps,A,point,10.0,all,0.22250759649759677,0.04114711533236508,50
R3_noisy_maps,A,point,10.0,post,0.22963120545915397,0.043060551131845745,50
R3_noisy_maps,A,point,10.0,pre,0.22322854370564418,0.052555899528390466,50
R3_noisy_maps,A,point,30.0,all,0.23448297950246072,0.04789141981419503,50
R3_noisy_maps,A,point,30.0,post,0.24189495628380722,0.04902004524744245,50
R3_noisy_maps,A,point,30.0,pre,0.23514927017056333,0.059213385392637076,50
R3_noisy_maps,A,point,100.0,all,0.24202074616243224,0.05085571512613972,50
R3_noisy_maps,A,point,100.0,post,0.24959961250235943,0.05175840722758101,50
R3_noisy_maps,A,point,100.0,pre,0.24270201762334132,0.06231494171810033,50
R3_noisy_maps,B,cur,0.0,all,0.06373798014765185,0.0018236647027229209,50
R3_noisy_maps,B,cur,0.0,post,0.06636967298926337,0.008539690196672453,50
R3_noisy_maps,B,cur,0.0,pre,0.06359564228715472,0.007872915579224222,50
R3_noisy_maps,B,cur,0.01,all,0.06334395755634276,0.0018191954875586168,50
R3_noisy_maps,B,cur,0.01,post,0.0659348899861207,0.008470396666197226,50
R3_noisy_maps,B,cur,0.01,pre,0.06322436171831143,0.007835574873905366,50
R3_noisy_maps,B,cur,0.03,all,0.06272610348469808,0.0018136020531961138,50
R3_noisy_maps,B,cur,0.03,post,0.06524263153373357,0.00833890289278697,50
R3_noisy_maps,B,cur,0.03,pre,0.06265120791458964,0.007789751110328223,50
R3_noisy_maps,B,cur,0.1,all,0.06212725560053052,0.0020183937137913627,50
R3_noisy_maps,B,cur,0.1,post,0.06445587909684396,0.007980365040136845,50
R3_noisy_maps,B,cur,0.1,pre,0.06219517841997584,0.007947745500144949,50
R3_noisy_maps,B,cur,0.3,all,0.06863976298956327,0.006113635556610152,50
R3_noisy_maps,B,cur,0.3,post,0.0709144318894959,0.009110935964819145,50
R3_noisy_maps,B,cur,0.3,pre,0.0689493763899469,0.0112648527432717,50
R3_noisy_maps,B,cur,1.0,all,0.10444905005299412,0.01980431686524906,50
R3_noisy_maps,B,cur,1.0,post,0.10785133875810475,0.02054410753873394,50
R3_noisy_maps,B,cur,1.0,pre,0.10485176371138132,0.02579608419581304,50
R3_noisy_maps,B,cur,3.0,all,0.15583831515395535,0.03431949320534602,50
R3_noisy_maps,B,cur,3.0,post,0.16102096888306863,0.03466835806895912,50
R3_noisy_maps,B,cur,3.0,pre,0.1562270942208669,0.04260196998692442,50
R3_noisy_maps,B,cur,10.0,all,0.1991968437643767,0.04570189655826006,50
R3_noisy_maps,B,cur,10.0,post,0.20574860254528704,0.045750175034660175,50
R3_noisy_maps,B,cur,10.0,pre,0.1996633989832461,0.05587981695734619,50
R3_noisy_maps,B,cur,30.0,all,0.22013091864000825,0.05108399335573111,50
R3_noisy_maps,B,cur,30.0,post,0.2272409311713375,0.05094296467400856,50
R3_noisy_maps,B,cur,30.0,pre,0.22072748435647438,0.06214837452976569,50
R3_noisy_maps,B,cur,100.0,all,0.2304721884535123,0.053678997657853486,50
R3_noisy_maps,B,cur,100.0,post,0.23775955907327945,0.05341291613651463,50
R3_noisy_maps,B,cur,100.0,pre,0.2312387729399465,0.065254157520856,50
R3_noisy_maps,B,hist,0.0,all,0.06373798014765186,0.0018236647027229046,50
R3_noisy_maps,B,hist,0.0,post,0.06636967298926337,0.008539690196672431,50
R3_noisy_maps,B,hist,0.0,pre,0.06359564228715477,0.00787291557922419,50
R3_noisy_maps,B,hist,0.01,all,0.06340513605184069,0.001817451184394568,50
R3_noisy_maps,B,hist,0.01,post,0.06593745426568595,0.008467623648712756,50
R3_noisy_maps,B,hist,0.01,pre,0.0633466585034021,0.007873163327537855,50
R3_noisy_maps,B,hist,0.03,all,0.0632284527801273,0.0018249928755160515,50
R3_noisy_maps,B,hist,0.03,post,0.06525829636362167,0.008332800278201782,50
R3_noisy_maps,B,hist,0.03,pre,0.06362686743294277,0.007816683911737256,50
R3_noisy_maps,B,hist,0.1,all,0.06685241762098423,0.002347654223305263,50
R3_noisy_maps,B,hist,0.1,post,0.06458967400033294,0.007981623548473281,50
R3_noisy_maps,B,hist,0.1,pre,0.07099959886297039,0.0074206471494367284,50
R3_noisy_maps,B,hist,0.3,all,0.09347286815766617,0.007513494912056913,50
R3_noisy_maps,B,hist,0.3,post,0.07170763801055303,0.009168306152886408,50
R3_noisy_maps,B,hist,0.3,pre,0.11155122862650847,0.00968897695837434,50
R3_noisy_maps,B,hist,1.0,all,0.17790482877713065,0.01900024967063578,50
R3_noisy_maps,B,hist,1.0,post,0.110728080843688,0.020443346045260553,50
R3_noisy_maps,B,hist,1.0,pre,0.22452376790071948,0.018439595391471705,50
R3_noisy_maps,B,hist,3.0,all,0.278603251777845,0.029021703419973285,50
R3_noisy_maps,B,hist,3.0,post,0.1670421770617312,0.03419948711074159,50
R3_noisy_maps,B,hist,3.0,pre,0.354045517830835,0.024479336934495607,50
R3_noisy_maps,B,hist,10.0,all,0.362289571135624,0.03644428748811947,50
R3_noisy_maps,B,hist,10.0,post,0.22046942415732007,0.0442152620794,50
R3_noisy_maps,B,hist,10.0,pre,0.45887727822087365,0.027333894688491903,50
R3_noisy_maps,B,hist,30.0,all,0.41302611479387635,0.040837537042025834,50
R3_noisy_maps,B,hist,30.0,post,0.2661982759067902,0.05079471096352717,50
R3_noisy_maps,B,hist,30.0,pre,0.5162927447503448,0.028878171767397612,50
R3_noisy_maps,B,hist,100.0,all,0.45795907575942635,0.04890809211442555,50
R3_noisy_maps,B,hist,100.0,post,0.3206508365134454,0.0680224784871988,50
R3_noisy_maps,B,hist,100.0,pre,0.5591922967523684,0.03537835370382487,50
R3_noisy_maps,B,in,0.0,all,0.06373798014759503,0.0018236647027229293,50
R3_noisy_maps,B,in,0.0,post,0.0663696729892552,0.008539690196671406,50
R3_noisy_maps,B,in,0.0,pre,0.0635956422870504,0.007872915579219004,50
R3_noisy_maps,B,in,0.01,all,0.06340495287850721,0.001817489538908826,50
R3_noisy_maps,B,in,0.01,post,0.06593695490525904,0.008467913236567844,50
R3_noisy_maps,B,in,0.01,pre,0.06334680755098546,0.007873107191572729,50
R3_noisy_maps,B,in,0.03,all,0.0632277740594927,0.0018249724694890325,50
R3_noisy_maps,B,in,0.03,post,0.06525683428446497,0.00833365133819707,50
R3_noisy_maps,B,in,0.03,pre,0.06362701236056688,0.007816528662605226,50
R3_noisy_maps,B,in,0.1,all,0.06684744507731992,0.0023465511847003636,50
R3_noisy_maps,B,in,0.1,post,0.06458423211899808,0.007983991941300568,50
R3_noisy_maps,B,in,0.1,pre,0.07099522427193151,0.0074204226200339255,50
R3_noisy_maps,B,in,0.3,all,0.0934320369713844,0.007507407316193269,50
R3_noisy_maps,B,in,0.3,post,0.07167414199979215,0.0091666489101515,50
R3_noisy_maps,B,in,0.3,pre,0.11150455333032883,0.009687998515526649,50
R3_noisy_maps,B,in,1.0,all,0.17764271472444396,0.018968374079274986,50
R3_noisy_maps,B,in,1.0,post,0.11043657124322553,0.020432719902546824,50
R3_noisy_maps,B,in,1.0,pre,0.22424778570472323,0.01842728976731487,50
R3_noisy_maps,B,in,3.0,all,0.2775462643840984,0.02894198495448581,50
R3_noisy_maps,B,in,3.0,post,0.16546779980843737,0.034349610853014,50
R3_noisy_maps,B,in,3.0,pre,0.35307792794088333,0.024416405673342807,50
R3_noisy_maps,B,in,10.0,all,0.3573339874417517,0.03638983334759671,50
R3_noisy_maps,B,in,10.0,post,0.21156076970709978,0.045340035821220134,50
R3_noisy_maps,B,in,10.0,pre,0.45499950524033667,0.027098296481515457,50
R3_noisy_maps,B,in,30.0,all,0.3949938828337307,0.04010110589990985,50
R3_noisy_maps,B,in,30.0,post,0.2336824366915832,0.0505351882043699,50
R3_noisy_maps,B,in,30.0,pre,0.5028778260948787,0.027540919757482706,50
R3_noisy_maps,B,in,100.0,all,0.41305246429805026,0.04192646137802875,50
R3_noisy_maps,B,in,100.0,post,0.2445070004332106,0.05302533019866479,50
R3_noisy_maps,B,in,100.0,pre,0.5257609255968396,0.027548902707535267,50
R3_noisy_maps,B,legs,0.0,all,0.06373798014765185,0.0018236647027229129,50
R3_noisy_maps,B,legs,0.0,post,0.06636967298926337,0.008539690196672457,50
R3_noisy_maps,B,legs,0.0,pre,0.06359564228715474,0.007872915579224222,50
R3_noisy_maps,B,legs,0.01,all,0.06373798014765185,0.0018236647027229129,50
R3_noisy_maps,B,legs,0.01,post,0.06636967298926337,0.008539690196672457,50
R3_noisy_maps,B,legs,0.01,pre,0.06359564228715474,0.007872915579224222,50
R3_noisy_maps,B,legs,0.03,all,0.06373798014765185,0.0018236647027229129,50
R3_noisy_maps,B,legs,0.03,post,0.06636967298926337,0.008539690196672457,50
R3_noisy_maps,B,legs,0.03,pre,0.06359564228715474,0.007872915579224222,50
R3_noisy_maps,B,legs,0.1,all,0.06373798014765185,0.0018236647027229129,50
R3_noisy_maps,B,legs,0.1,post,0.06636967298926337,0.008539690196672457,50
R3_noisy_maps,B,legs,0.1,pre,0.06359564228715474,0.007872915579224222,50
R3_noisy_maps,B,legs,0.3,all,0.06373798014765185,0.0018236647027229129,50
R3_noisy_maps,B,legs,0.3,post,0.06636967298926337,0.008539690196672457,50
R3_noisy_maps,B,legs,0.3,pre,0.06359564228715474,0.007872915579224222,50
R3_noisy_maps,B,legs,1.0,all,0.06373798014765185,0.0018236647027229129,50
R3_noisy_maps,B,legs,1.0,post,0.06636967298926337,0.008539690196672457,50
R3_noisy_maps,B,legs,1.0,pre,0.06359564228715474,0.007872915579224222,50
R3_noisy_maps,B,legs,3.0,all,0.06373798014765185,0.0018236647027229129,50
R3_noisy_maps,B,legs,3.0,post,0.06636967298926337,0.008539690196672457,50
R3_noisy_maps,B,legs,3.0,pre,0.06359564228715474,0.007872915579224222,50
R3_noisy_maps,B,legs,10.0,all,0.06373798014765185,0.0018236647027229129,50
R3_noisy_maps,B,legs,10.0,post,0.06636967298926337,0.008539690196672457,50
R3_noisy_maps,B,legs,10.0,pre,0.06359564228715474,0.007872915579224222,50
R3_noisy_maps,B,legs,30.0,all,0.06373798014765185,0.0018236647027229129,50
R3_noisy_maps,B,legs,30.0,post,0.06636967298926337,0.008539690196672457,50
R3_noisy_maps,B,legs,30.0,pre,0.06359564228715474,0.007872915579224222,50
R3_noisy_maps,B,legs,100.0,all,0.06373798014765185,0.0018236647027229129,50
R3_noisy_maps,B,legs,100.0,post,0.06636967298926337,0.008539690196672457,50
R3_noisy_maps,B,legs,100.0,pre,0.06359564228715474,0.007872915579224222,50
R3_noisy_maps,B,point,0.0,all,0.31629057500484437,0.002008758612916246,50
R3_noisy_maps,B,point,0.0,post,0.32864452602242566,0.04130234678784725,50
R3_noisy_maps,B,point,0.0,pre,0.31670022320155405,0.03937541872278101,50
R3_noisy_maps,B,point,0.01,all,0.31422282437446364,0.002030629387361413,50
R3_noisy_maps,B,point,0.01,post,0.32647607062022593,0.04099551908629151,50
R3_noisy_maps,B,point,0.01,pre,0.3146481755007179,0.03914411554656625,50
R3_noisy_maps,B,point,0.03,all,0.310296346206914,0.002117589750983864,50
R3_noisy_maps,B,point,0.03,post,0.322287314736378,0.04040370934250539,50
R3_noisy_maps,B,point,0.03,pre,0.31081597247201054,0.03868045976839998,50
R3_noisy_maps,B,point,0.1,all,0.2985348446756838,0.002587828202606398,50
R3_noisy_maps,B,point,0.1,post,0.3090389080122949,0.038533360112982126,50
R3_noisy_maps,B,point,0.1,pre,0.29996956333763536,0.03704251033359845,50
R3_noisy_maps,B,point,0.3,all,0.27773934426219693,0.003807251235758012,50
R3_noisy_maps,B,point,0.3,post,0.28055283138232556,0.03444418053699089,50
R3_noisy_maps,B,point,0.3,pre,0.2851851384831436,0.032434091361272455,50
R3_noisy_maps,B,point,1.0,all,0.26979898238248334,0.011632737000110855,50
R3_noisy_maps,B,point,1.0,post,0.23572819013258922,0.02807031514518723,50
R3_noisy_maps,B,point,1.0,pre,0.30476996490509967,0.02393034367952751,50
R3_noisy_maps,B,point,3.0,all,0.31341786581662334,0.025122909674606928,50
R3_noisy_maps,B,point,3.0,post,0.21812602336043138,0.031792067996903844,50
R3_noisy_maps,B,point,3.0,pre,0.38561593290598545,0.024707952228269152,50
R3_noisy_maps,B,point,10.0,all,0.37338296580521985,0.03445390268738304,50
R3_noisy_maps,B,point,10.0,post,0.22963120545915397,0.043060551131845745,50
R3_noisy_maps,B,point,10.0,pre,0.4725276909340358,0.026808948367509355,50
R3_noisy_maps,B,point,30.0,all,0.4062811193829576,0.03855576902028909,50
R3_noisy_maps,B,point,30.0,post,0.24189495628380722,0.04902004524744245,50
R3_noisy_maps,B,point,30.0,pre,0.5171230034710766,0.026928773142107967,50
R3_noisy_maps,B,point,100.0,all,0.4229817341419033,0.04051609919621604,50
R3_noisy_maps,B,point,100.0,post,0.24959961250235943,0.05175840722758101,50
R3_noisy_maps,B,point,100.0,pre,0.5391705183659009,0.026900648452098032,50
R3_tau_shift,A,cur,0.0,all,0.08650675294646054,0.012560732890512108,50
R3_tau_shift,A,cur,0.0,post,0.08756311531498318,0.020370377905416834,50
R3_tau_shift,A,cur,0.0,pre,0.09140834923561353,0.02292951403930887,50
R3_tau_shift,A,cur,0.01,all,0.08626054499654662,0.012563120585958938,50
R3_tau_shift,A,cur,0.01,post,0.08703552321639663,0.020213199254454296,50
R3_tau_shift,A,cur,0.01,pre,0.09142868883674474,0.022957002042919165,50
R3_tau_shift,A,cur,0.03,all,0.08611166870698746,0.012523949022754851,50
R3_tau_shift,A,cur,0.03,post,0.08612129656691109,0.01989870102308869,50
R3_tau_shift,A,cur,0.03,pre,0.09202228146404623,0.022912223285890775,50
R3_tau_shift,A,cur,0.1,all,0.08858907692202321,0.012104297204186706,50
R3_tau_shift,A,cur,0.1,post,0.08422138089448353,0.01885368704325796,50
R3_tau_shift,A,cur,0.1,pre,0.09865825416745595,0.022066875143679953,50
R3_tau_shift,A,cur,0.3,all,0.10866564631265539,0.012669633754384709,50
R3_tau_shift,A,cur,0.3,post,0.08605133573022647,0.017907844172175204,50
R3_tau_shift,A,cur,0.3,pre,0.13359537003881267,0.019921136197916123,50
R3_tau_shift,A,cur,1.0,all,0.18100833490476537,0.025320567665730338,50
R3_tau_shift,A,cur,1.0,post,0.11152981990135713,0.029311461143080662,50
R3_tau_shift,A,cur,1.0,pre,0.23879765615706364,0.02400309429154185,50
R3_tau_shift,A,cur,3.0,all,0.272742256778003,0.040650632072939945,50
R3_tau_shift,A,cur,3.0,post,0.15628466337565475,0.048400028463756774,50
R3_tau_shift,A,cur,3.0,pre,0.36408893637348955,0.029795966963736382,50
R3_tau_shift,A,cur,10.0,all,0.347492217112543,0.05212578131609339,50
R3_tau_shift,A,cur,10.0,post,0.19651410710417166,0.06385661600068594,50
R3_tau_shift,A,cur,10.0,pre,0.4643997170755226,0.032243637139611515,50
R3_tau_shift,A,cur,30.0,all,0.3829920106069635,0.05721528237431443,50
R3_tau_shift,A,cur,30.0,post,0.2162954675447338,0.07134293529205389,50
R3_tau_shift,A,cur,30.0,pre,0.511692124412013,0.03245496211802063,50
R3_tau_shift,A,cur,100.0,all,0.4001117156768771,0.05955345121201631,50
R3_tau_shift,A,cur,100.0,post,0.22614543006485077,0.07516540701947748,50
R3_tau_shift,A,cur,100.0,pre,0.534342311141075,0.03209935656276042,50
R3_tau_shift,A,hist,0.0,all,0.08650675294646054,0.01256073289051213,50
R3_tau_shift,A,hist,0.0,post,0.08756311531498319,0.02037037790541685,50
R3_tau_shift,A,hist,0.0,pre,0.09140834923561353,0.02292951403930886,50
R3_tau_shift,A,hist,0.01,all,0.08622174125187101,0.012569209968169452,50
R3_tau_shift,A,hist,0.01,post,0.08753207038886694,0.02035244839067093,50
R3_tau_shift,A,hist,0.01,pre,0.09083487917068837,0.022783262325237072,50
R3_tau_shift,A,hist,0.03,all,0.08580956158242677,0.012564356337177575,50
R3_tau_shift,A,hist,0.03,post,0.08763987451558396,0.020306817597023446,50
R3_tau_shift,A,hist,0.03,pre,0.08983736723479428,0.02248908494589869,50
R3_tau_shift,A,hist,0.1,all,0.08578482411393376,0.012400888953428434,50
R3_tau_shift,A,hist,0.1,post,0.0894851493345649,0.020119974056997943,50
R3_tau_shift,A,hist,0.1,pre,0.08772969545610676,0.021479762370285184,50
R3_tau_shift,A,hist,0.3,all,0.09294661425518969,0.012816825262978922,50
R3_tau_shift,A,hist,0.3,post,0.10139607097790655,0.0208568845442663,50
R3_tau_shift,A,hist,0.3,pre,0.08950140130628602,0.020094046113374738,50
R3_tau_shift,A,hist,1.0,all,0.12950551944290287,0.023214631504999084,50
R3_tau_shift,A,hist,1.0,post,0.14663506474306584,0.03130010556673092,50
R3_tau_shift,A,hist,1.0,pre,0.1161380925620651,0.02978072616280338,50
R3_tau_shift,A,hist,3.0,all,0.18413639964788847,0.03868130607313618,50
R3_tau_shift,A,hist,3.0,post,0.20920696672846215,0.04757772308257388,50
R3_tau_shift,A,hist,3.0,pre,0.1628693010923027,0.04824576359287133,50
R3_tau_shift,A,hist,10.0,all,0.2357065230390063,0.05127870675668955,50
R3_tau_shift,A,hist,10.0,post,0.2691233597024891,0.06099197359449151,50
R3_tau_shift,A,hist,10.0,pre,0.20583873376828649,0.06309442009515052,50
R3_tau_shift,A,hist,30.0,all,0.2768380710520571,0.05932061437626345,50
R3_tau_shift,A,hist,30.0,post,0.3223242974059293,0.07009337955526732,50
R3_tau_shift,A,hist,30.0,pre,0.2312443352464395,0.07002451426739374,50
R3_tau_shift,A,hist,100.0,all,0.3251292011382176,0.07129608941361085,50
R3_tau_shift,A,hist,100.0,post,0.3894348314658426,0.08692994573066393,50
R3_tau_shift,A,hist,100.0,pre,0.2517759262603017,0.07416561668094185,50
R3_tau_shift,A,in,0.0,all,0.08650675294641896,0.012560732890516903,50
R3_tau_shift,A,in,0.0,post,0.08756311531497474,0.02037037790541375,50
R3_tau_shift,A,in,0.0,pre,0.09140834923553591,0.022929514039323397,50
R3_tau_shift,A,in,0.01,all,0.0862214644039013,0.012569193608869152,50
R3_tau_shift,A,in,0.01,post,0.0875316457030582,0.020353165491708878,50
R3_tau_shift,A,in,0.01,pre,0.09083486695186113,0.02278315888767396,50
R3_tau_shift,A,in,0.03,all,0.08580889142379924,0.012564448171473614,50
R3_tau_shift,A,in,0.03,post,0.08763895815693656,0.020309035503933957,50
R3_tau_shift,A,in,0.03,pre,0.0898373208444503,0.022488802723356,50
R3_tau_shift,A,in,0.1,all,0.08578297228009807,0.01240230949788545,50
R3_tau_shift,A,in,0.1,post,0.0894832975698716,0.02012805045679598,50
R3_tau_shift,A,in,0.1,pre,0.08772929534925598,0.021479369825220817,50
R3_tau_shift,A,in,0.3,all,0.09292490510731766,0.012819913528717189,50
R3_tau_shift,A,in,0.3,post,0.10136428028712566,0.020878519999659676,50
R3_tau_shift,A,in,0.3,pre,0.08949691758675762,0.020099397640434717,50
R3_tau_shift,A,in,1.0,all,0.12923360971202874,0.023176876147955452,50
R3_tau_shift,A,in,1.0,post,0.14620444197991966,0.03127954643835615,50
R3_tau_shift,A,in,1.0,pre,0.11610106128577811,0.029819288992012652,50
R3_tau_shift,A,in,3.0,all,0.18274066339449813,0.03857082843608519,50
R3_tau_shift,A,in,3.0,post,0.20697860397330653,0.04746700201054802,50
R3_tau_shift,A,in,3.0,pre,0.16268294334584774,0.04835183998801586,50
R3_tau_shift,A,in,10.0,all,0.22856934860578748,0.05096010858065443,50
R3_tau_shift,A,in,10.0,post,0.2578971859076556,0.06082811832768951,50
R3_tau_shift,A,in,10.0,pre,0.20451083571196046,0.06338865846322293,50
R3_tau_shift,A,in,30.0,all,0.25081066782480754,0.056832142054154156,50
R3_tau_shift,A,in,30.0,post,0.28238606911630443,0.06717922258821625,50
R3_tau_shift,A,in,30.0,pre,0.22518205760309948,0.07038395482205705,50
R3_tau_shift,A,in,100.0,all,0.26182187339357915,0.05963281074660598,50
R3_tau_shift,A,in,100.0,post,0.29441517708376064,0.07036990196155128,50
R3_tau_shift,A,in,100.0,pre,0.23556936055338518,0.07354799625829678,50
R3_tau_shift,A,legs,0.0,all,0.08650675294646054,0.012560732890512101,50
R3_tau_shift,A,legs,0.0,post,0.08756311531498319,0.020370377905416834,50
R3_tau_shift,A,legs,0.0,pre,0.09140834923561353,0.022929514039308867,50
R3_tau_shift,A,legs,0.01,all,0.08650675294646054,0.012560732890512101,50
R3_tau_shift,A,legs,0.01,post,0.08756311531498319,0.020370377905416834,50
R3_tau_shift,A,legs,0.01,pre,0.09140834923561353,0.022929514039308867,50
R3_tau_shift,A,legs,0.03,all,0.08650675294646054,0.012560732890512101,50
R3_tau_shift,A,legs,0.03,post,0.08756311531498319,0.020370377905416834,50
R3_tau_shift,A,legs,0.03,pre,0.09140834923561353,0.022929514039308867,50
R3_tau_shift,A,legs,0.1,all,0.08650675294646054,0.012560732890512101,50
R3_tau_shift,A,legs,0.1,post,0.08756311531498319,0.020370377905416834,50
R3_tau_shift,A,legs,0.1,pre,0.09140834923561353,0.022929514039308867,50
R3_tau_shift,A,legs,0.3,all,0.08650675294646054,0.012560732890512101,50
R3_tau_shift,A,legs,0.3,post,0.08756311531498319,0.020370377905416834,50
R3_tau_shift,A,legs,0.3,pre,0.09140834923561353,0.022929514039308867,50
R3_tau_shift,A,legs,1.0,all,0.08650675294646054,0.012560732890512101,50
R3_tau_shift,A,legs,1.0,post,0.08756311531498319,0.020370377905416834,50
R3_tau_shift,A,legs,1.0,pre,0.09140834923561353,0.022929514039308867,50
R3_tau_shift,A,legs,3.0,all,0.08650675294646054,0.012560732890512101,50
R3_tau_shift,A,legs,3.0,post,0.08756311531498319,0.020370377905416834,50
R3_tau_shift,A,legs,3.0,pre,0.09140834923561353,0.022929514039308867,50
R3_tau_shift,A,legs,10.0,all,0.08650675294646054,0.012560732890512101,50
R3_tau_shift,A,legs,10.0,post,0.08756311531498319,0.020370377905416834,50
R3_tau_shift,A,legs,10.0,pre,0.09140834923561353,0.022929514039308867,50
R3_tau_shift,A,legs,30.0,all,0.08650675294646054,0.012560732890512101,50
R3_tau_shift,A,legs,30.0,post,0.08756311531498319,0.020370377905416834,50
R3_tau_shift,A,legs,30.0,pre,0.09140834923561353,0.022929514039308867,50
R3_tau_shift,A,legs,100.0,all,0.08650675294646054,0.012560732890512101,50
R3_tau_shift,A,legs,100.0,post,0.08756311531498319,0.020370377905416834,50
R3_tau_shift,A,legs,100.0,pre,0.09140834923561353,0.022929514039308867,50
R3_tau_shift,A,point,0.0,all,0.3163081368633068,0.0016254169910733577,50
R3_tau_shift,A,point,0.0,post,0.31898570576049795,0.0452582436996545,50
R3_tau_shift,A,point,0.0,pre,0.3338272306822593,0.05379178054202924,50
R3_tau_shift,A,point,0.01,all,0.3142296491683056,0.0016819288949498268,50
R3_tau_shift,A,point,0.01,post,0.3168896602285376,0.04493394459848822,50
R3_tau_shift,A,point,0.01,pre,0.3316312657384074,0.05344562807721211,50
R3_tau_shift,A,point,0.03,all,0.31022640151064546,0.00185451308812459,50
R3_tau_shift,A,point,0.03,post,0.3128644374684185,0.044308254158508205,50
R3_tau_shift,A,point,0.03,pre,0.3273884094435867,0.05277856497862085,50
R3_tau_shift,A,point,0.1,all,0.2976780167872711,0.0027041587932722334,50
R3_tau_shift,A,point,0.1,post,0.3003626658473142,0.04233266211671884,50
R3_tau_shift,A,point,0.1,pre,0.313958750095773,0.050680890000628726,50
R3_tau_shift,A,point,0.3,all,0.27147237467468943,0.005130279923009625,50
R3_tau_shift,A,point,0.3,post,0.27505799869022296,0.03812160881915116,50
R3_tau_shift,A,point,0.3,pre,0.28499844896682364,0.04623804602560508,50
R3_tau_shift,A,point,1.0,all,0.23476530997019218,0.014359936690376085,50
R3_tau_shift,A,point,1.0,post,0.2443551738989255,0.03419313660109146,50
R3_tau_shift,A,point,1.0,pre,0.23870394197683203,0.04072800812978742,50
R3_tau_shift,A,point,3.0,all,0.22998476333484225,0.032421314490821564,50
R3_tau_shift,A,point,3.0,post,0.2510751143633049,0.04499746870611159,50
R3_tau_shift,A,point,3.0,pre,0.21832430745088702,0.04741596095765062,50
R3_tau_shift,A,point,10.0,all,0.25158689679982593,0.04797378335576315,50
R3_tau_shift,A,point,10.0,post,0.2824431889504442,0.05938877226278856,50
R3_tau_shift,A,point,10.0,pre,0.22720645151815907,0.06132685509314117,50
R3_tau_shift,A,point,30.0,all,0.26798329939389537,0.054894579455748015,50
R3_tau_shift,A,point,30.0,post,0.30301503739822755,0.06617934797647022,50
R3_tau_shift,A,point,30.0,pre,0.23853971031631815,0.06890868567830373,50
R3_tau_shift,A,point,100.0,all,0.27748304204031415,0.05803886745285956,50
R3_tau_shift,A,point,100.0,post,0.31432077884775306,0.0694052578975819,50
R3_tau_shift,A,point,100.0,pre,0.24605520083140817,0.07250624641182513,50
R3_tau_shift,B,cur,0.0,all,0.06359587018124929,0.002011130418972329,50
R3_tau_shift,B,cur,0.0,post,0.06429938912443002,0.009934777581870212,50
R3_tau_shift,B,cur,0.0,pre,0.06689004209682398,0.010357653502664137,50
R3_tau_shift,B,cur,0.01,all,0.0632065176492405,0.0019884031249811245,50
R3_tau_shift,B,cur,0.01,post,0.06392031008970345,0.009865339715921394,50
R3_tau_shift,B,cur,0.01,pre,0.06646584206262204,0.010301548491907819,50
R3_tau_shift,B,cur,0.03,all,0.06259247089261134,0.0019633684166403785,50
R3_tau_shift,B,cur,0.03,post,0.06332851333372069,0.009756647994578132,50
R3_tau_shift,B,cur,0.03,pre,0.065790877598306,0.01021657521645738,50
R3_tau_shift,B,cur,0.1,all,0.06194756597176873,0.0024126990335292795,50
R3_tau_shift,B,cur,0.1,post,0.06277333722241302,0.009748272446893873,50
R3_tau_shift,B,cur,0.1,pre,0.06501724327065528,0.010239186154816156,50
R3_tau_shift,B,cur,0.3,all,0.06792985024183777,0.0079654838717442,50
R3_tau_shift,B,cur,0.3,post,0.06901895501175147,0.01332332914402654,50
R3_tau_shift,B,cur,0.3,pre,0.07113062822143125,0.01348451023490545,50
R3_tau_shift,B,cur,1.0,all,0.10160771132602471,0.024298273719333605,50
R3_tau_shift,B,cur,1.0,post,0.10333737917618374,0.029886734676892138,50
R3_tau_shift,B,cur,1.0,pre,0.10634487234761894,0.029351866614875998,50
R3_tau_shift,B,cur,3.0,all,0.1504622960461015,0.041285890152883864,50
R3_tau_shift,B,cur,3.0,post,0.15298418764643268,0.04909279629537662,50
R3_tau_shift,B,cur,3.0,pre,0.15750066712209476,0.047843602133893916,50
R3_tau_shift,B,cur,10.0,all,0.19169988610693497,0.05453300911807908,50
R3_tau_shift,B,cur,10.0,post,0.19483435549937356,0.06431701426237518,50
R3_tau_shift,B,cur,10.0,pre,0.2007004269224037,0.062327395918012264,50
R3_tau_shift,B,cur,30.0,all,0.21164910003523751,0.06096238452408056,50
R3_tau_shift,B,cur,30.0,post,0.21499870413839228,0.07172453191379181,50
R3_tau_shift,B,cur,30.0,pre,0.22168200912519725,0.06926988780495483,50
R3_tau_shift,B,cur,100.0,all,0.22157368837772204,0.06410743399848333,50
R3_tau_shift,B,cur,100.0,post,0.2249677032711935,0.07552456335750712,50
R3_tau_shift,B,cur,100.0,pre,0.23218598928161213,0.07253199562611244,50
R3_tau_shift,B,hist,0.0,all,0.0635958701812493,0.0020111304189723415,50
R3_tau_shift,B,hist,0.0,post,0.06429938912443008,0.009934777581870207,50
R3_tau_shift,B,hist,0.0,pre,0.06689004209682396,0.010357653502664129,50
R3_tau_shift,B,hist,0.01,all,0.06326085624868202,0.0019882871763560075,50
R3_tau_shift,B,hist,0.01,post,0.06392934630348882,0.009837436744940534,50
R3_tau_shift,B,hist,0.01,pre,0.06656064754466544,0.010263361436445873,50
R3_tau_shift,B,hist,0.03,all,0.06310734029148399,0.0019966119169982526,50
R3_tau_shift,B,hist,0.03,post,0.06345295964513355,0.009667166006326656,50
R3_tau_shift,B,hist,0.03,pre,0.0666865959482224,0.010032495548489657,50
R3_tau_shift,B,hist,0.1,all,0.06702465528826107,0.0029693105883206537,50
R3_tau_shift,B,hist,0.1,post,0.06415264470711556,0.009433770132567552,50
R3_tau_shift,B,hist,0.1,pre,0.0736352834288866,0.009268205844102949,50
R3_tau_shift,B,hist,0.3,all,0.09488591406124426,0.009757497142501842,50
R3_tau_shift,B,hist,0.3,post,0.07721022056428488,0.012964512864110433,50
R3_tau_shift,B,hist,0.3,pre,0.114073727546744,0.011947016075714757,50
R3_tau_shift,B,hist,1.0,all,0.18197481556083914,0.024125176340970847,50
R3_tau_shift,B,hist,1.0,post,0.13035689624373104,0.029105995680368063,50
R3_tau_shift,B,hist,1.0,pre,0.2288308543324995,0.02245743035179216,50
R3_tau_shift,B,hist,3.0,all,0.2853453638974716,0.0374341052917943,50
R3_tau_shift,B,hist,3.0,post,0.20056393732705707,0.047007180428598694,50
R3_tau_shift,B,hist,3.0,pre,0.3604557518027761,0.030486412473725712,50
R3_tau_shift,B,hist,10.0,all,0.3708961155891916,0.04717434673164024,50
R3_tau_shift,B,hist,10.0,post,0.2656389256732541,0.0609808186509291,50
R3_tau_shift,B,hist,10.0,pre,0.4648313563053124,0.03494058158850266,50
R3_tau_shift,B,hist,30.0,all,0.4221962101602211,0.0509352615365726,50
R3_tau_shift,B,hist,30.0,post,0.32136135359545437,0.0704981971205458,50
R3_tau_shift,B,hist,30.0,pre,0.5156173106084492,0.03664715862171571,50
R3_tau_shift,B,hist,100.0,all,0.46726270514649093,0.05502714515440117,50
R3_tau_shift,B,hist,100.0,post,0.38982625431459217,0.0874756250506972,50
R3_tau_shift,B,hist,100.0,pre,0.5435268456636392,0.038116199406719564,50
R3_tau_shift,B,in,0.0,all,0.06359587018118977,0.0020111304189677714,50
R3_tau_shift,B,in,0.0,post,0.06429938912441917,0.009934777581867206,50
R3_tau_shift,B,in,0.0,pre,0.06689004209671343,0.010357653502661403,50
R3_tau_shift,B,in,0.01,all,0.06326080924185455,0.001988309082770011,50
R3_tau_shift,B,in,0.01,post,0.06392907704196696,0.009837511822582337,50
R3_tau_shift,B,in,0.01,pre,0.0665608131451927,0.01026321124367673,50
R3_tau_shift,B,in,0.03,all,0.06310728424967824,0.0019966148631704607,50
R3_tau_shift,B,in,0.03,post,0.06345241477095151,0.00966728072615998,50
R3_tau_shift,B,in,0.03,pre,0.0666869636489886,0.010031944791237571,50
R3_tau_shift,B,in,0.1,all,0.06702372186848887,0.002968820569210366,50
R3_tau_shift,B,in,0.1,post,0.06415029735897194,0.009433289030699166,50
R3_tau_shift,B,in,0.1,pre,0.07363526996931676,0.00926559118824707,50
R3_tau_shift,B,in,0.3,all,0.09486295484697208,0.00975637456072223,50
R3_tau_shift,B,in,0.3,post,0.07715944898651139,0.012955610899420465,50
R3_tau_shift,B,in,0.3,pre,0.1140704737168657,0.01194058893052691,50
R3_tau_shift,B,in,1.0,all,0.18176929991451335,0.02412782349708754,50
R3_tau_shift,B,in,1.0,post,0.12982602989090622,0.02903400394001911,50
R3_tau_shift,B,in,1.0,pre,0.2288280733866646,0.022455721359306936,50
R3_tau_shift,B,in,3.0,all,0.2844202144658813,0.037497499121411315,50
R3_tau_shift,B,in,3.0,post,0.19808550127314326,0.04684323746109821,50
R3_tau_shift,B,in,3.0,pre,0.3604707655033955,0.030500605036809583,50
R3_tau_shift,B,in,10.0,all,0.3663032382414406,0.04769235461199375,50
R3_tau_shift,B,in,10.0,post,0.2537710754267827,0.06066206661604721,50
R3_tau_shift,B,in,10.0,pre,0.464636840668852,0.03491898819371703,50
R3_tau_shift,B,in,30.0,all,0.40511343097278657,0.052378688681243284,50
R3_tau_shift,B,in,30.0,post,0.28025866452311593,0.06713741587060229,50
R3_tau_shift,B,in,30.0,pre,0.5138198963065124,0.03629274977976247,50
R3_tau_shift,B,in,100.0,all,0.42399287243764916,0.054725780828275124,50
R3_tau_shift,B,in,100.0,post,0.2931999780886932,0.0703671053426613,50
R3_tau_shift,B,in,100.0,pre,0.5376496850625005,0.03687536044250565,50
R3_tau_shift,B,legs,0.0,all,0.06359587018124929,0.0020111304189723333,50
R3_tau_shift,B,legs,0.0,post,0.06429938912443003,0.009934777581870217,50
R3_tau_shift,B,legs,0.0,pre,0.06689004209682396,0.010357653502664124,50
R3_tau_shift,B,legs,0.01,all,0.06359587018124929,0.0020111304189723333,50
R3_tau_shift,B,legs,0.01,post,0.06429938912443003,0.009934777581870217,50
R3_tau_shift,B,legs,0.01,pre,0.06689004209682396,0.010357653502664124,50
R3_tau_shift,B,legs,0.03,all,0.06359587018124929,0.0020111304189723333,50
R3_tau_shift,B,legs,0.03,post,0.06429938912443003,0.009934777581870217,50
R3_tau_shift,B,legs,0.03,pre,0.06689004209682396,0.010357653502664124,50
R3_tau_shift,B,legs,0.1,all,0.06359587018124929,0.0020111304189723333,50
R3_tau_shift,B,legs,0.1,post,0.06429938912443003,0.009934777581870217,50
R3_tau_shift,B,legs,0.1,pre,0.06689004209682396,0.010357653502664124,50
R3_tau_shift,B,legs,0.3,all,0.06359587018124929,0.0020111304189723333,50
R3_tau_shift,B,legs,0.3,post,0.06429938912443003,0.009934777581870217,50
R3_tau_shift,B,legs,0.3,pre,0.06689004209682396,0.010357653502664124,50
R3_tau_shift,B,legs,1.0,all,0.06359587018124929,0.0020111304189723333,50
R3_tau_shift,B,legs,1.0,post,0.06429938912443003,0.009934777581870217,50
R3_tau_shift,B,legs,1.0,pre,0.06689004209682396,0.010357653502664124,50
R3_tau_shift,B,legs,3.0,all,0.06359587018124929,0.0020111304189723333,50
R3_tau_shift,B,legs,3.0,post,0.06429938912443003,0.009934777581870217,50
R3_tau_shift,B,legs,3.0,pre,0.06689004209682396,0.010357653502664124,50
R3_tau_shift,B,legs,10.0,all,0.06359587018124929,0.0020111304189723333,50
R3_tau_shift,B,legs,10.0,post,0.06429938912443003,0.009934777581870217,50
R3_tau_shift,B,legs,10.0,pre,0.06689004209682396,0.010357653502664124,50
R3_tau_shift,B,legs,30.0,all,0.06359587018124929,0.0020111304189723333,50
R3_tau_shift,B,legs,30.0,post,0.06429938912443003,0.009934777581870217,50
R3_tau_shift,B,legs,30.0,pre,0.06689004209682396,0.010357653502664124,50
R3_tau_shift,B,legs,100.0,all,0.06359587018124929,0.0020111304189723333,50
R3_tau_shift,B,legs,100.0,post,0.06429938912443003,0.009934777581870217,50
R3_tau_shift,B,legs,100.0,pre,0.06689004209682396,0.010357653502664124,50
R3_tau_shift,B,point,0.0,all,0.31626786915915395,0.002069785066512493,50
R3_tau_shift,B,point,0.0,post,0.31898570576049795,0.0452582436996545,50
R3_tau_shift,B,point,0.0,pre,0.3336252473851156,0.05293485952033284,50
R3_tau_shift,B,point,0.01,all,0.31419920443544186,0.002096293042918217,50
R3_tau_shift,B,point,0.01,post,0.3168896602285376,0.04493394459848822,50
R3_tau_shift,B,point,0.01,pre,0.3314494936148326,0.05258683245076019,50
R3_tau_shift,B,point,0.03,all,0.31027649844689104,0.0021955168203197624,50
R3_tau_shift,B,point,0.03,post,0.3128644374684185,0.044308254158508205,50
R3_tau_shift,B,point,0.03,pre,0.32737015650397056,0.05189858463694505,50
R3_tau_shift,B,point,0.1,all,0.29858033513503224,0.0027315471906260587,50
R3_tau_shift,B,point,0.1,post,0.3003626658473142,0.04233266211671884,50
R3_tau_shift,B,point,0.1,pre,0.3156635161366311,0.0495576691563008,50
R3_tau_shift,B,point,0.3,all,0.2782768710396694,0.0045231641565773376,50
R3_tau_shift,B,point,0.3,post,0.27505799869022296,0.03812160881915116,50
R3_tau_shift,B,point,0.3,pre,0.2985273646640392,0.04346024591830134,50
R3_tau_shift,B,point,1.0,all,0.2727133729113705,0.015681362583145696,50
R3_tau_shift,B,point,1.0,post,0.2443551738989255,0.03419313660109146,50
R3_tau_shift,B,point,1.0,pre,0.3124865137597409,0.03238600072738366,50
R3_tau_shift,B,point,3.0,all,0.31963021141013237,0.03326642305933884,50
R3_tau_shift,B,point,3.0,post,0.2510751143633049,0.04499746870611159,50
R3_tau_shift,B,point,3.0,pre,0.38891989415686623,0.03187673023189027,50
R3_tau_shift,B,point,10.0,all,0.38200246566116114,0.045710043053822196,50
R3_tau_shift,B,point,10.0,post,0.2824431889504442,0.05938877226278856,50
R3_tau_shift,B,point,10.0,pre,0.4741844231773939,0.03485745426832057,50
R3_tau_shift,B,point,30.0,all,0.41614997119430513,0.05077792493482606,50
R3_tau_shift,B,point,30.0,post,0.30301503739822755,0.06617934797647022,50
R3_tau_shift,B,point,30.0,pre,0.5187217540831381,0.035943951548153115,50
R3_tau_shift,B,point,100.0,all,0.433713667854287,0.05311700062947963,50
R3_tau_shift,B,point,100.0,post,0.31432077884775306,0.0694052578975819,50
R3_tau_shift,B,point,100.0,pre,0.54118333921643,0.03651925504928087,50
d3_theta45,A,cur,0.0,all,0.08078626806160623,0.007452208597151742,50
d3_theta45,A,cur,0.0,post,0.0828391328793755,0.01237495690390605,50
d3_theta45,A,cur,0.0,pre,0.08192137960504525,0.013913773787191363,50
d3_theta45,A,cur,0.01,all,0.08050015235616799,0.007478571297724708,50
d3_theta45,A,cur,0.01,post,0.08232015222418548,0.012283729242164934,50
d3_theta45,A,cur,0.01,pre,0.08185832553341317,0.01395942431616264,50
d3_theta45,A,cur,0.03,all,0.0802083893707046,0.007511897619452848,50
d3_theta45,A,cur,0.03,post,0.0814043416143566,0.012129119971924042,50
d3_theta45,A,cur,0.03,pre,0.08216850811472053,0.013980536831653834,50
d3_theta45,A,cur,0.1,all,0.08166763637378711,0.007535227168473702,50
d3_theta45,A,cur,0.1,post,0.07933660441956562,0.011856260613197712,50
d3_theta45,A,cur,0.1,pre,0.08692462842429943,0.013582779798826708,50
d3_theta45,A,cur,0.3,all,0.09723585183503358,0.009318896687469116,50
d3_theta45,A,cur,0.3,post,0.08007153974760543,0.013058544231850726,50
d3_theta45,A,cur,0.3,pre,0.11439558572982524,0.013037981052885636,50
d3_theta45,A,cur,1.0,all,0.15766917878599873,0.01979652946570115,50
d3_theta45,A,cur,1.0,post,0.10211458804340236,0.023351613780859065,50
d3_theta45,A,cur,1.0,pre,0.2010142825642985,0.018558410386818703,50
d3_theta45,A,cur,3.0,all,0.23574404882103658,0.030048431081400772,50
d3_theta45,A,cur,3.0,post,0.14229968335093582,0.037354617931133774,50
d3_theta45,A,cur,3.0,pre,0.30524079314454156,0.024615764516083844,50
d3_theta45,A,cur,10.0,all,0.2993992020732624,0.03696066710834358,50
d3_theta45,A,cur,10.0,post,0.17841632507871658,0.04828011480851875,50
d3_theta45,A,cur,10.0,pre,0.38871172593771564,0.02838355566653493,50
d3_theta45,A,cur,30.0,all,0.3298937297855266,0.040220177760297585,50
d3_theta45,A,cur,30.0,post,0.19606893662880956,0.05340385930681813,50
d3_theta45,A,cur,30.0,pre,0.4285425350157098,0.029908859753093802,50
d3_theta45,A,cur,100.0,all,0.34514284704620174,0.04180787015886309,50
d3_theta45,A,cur,100.0,post,0.20476809762937834,0.05578358892133102,50
d3_theta45,A,cur,100.0,pre,0.44851333578658314,0.030450847505208514,50
d3_theta45,A,hist,0.0,all,0.08078626806160626,0.007452208597151718,50
d3_theta45,A,hist,0.0,post,0.08283913287937546,0.012374956903906019,50
d3_theta45,A,hist,0.0,pre,0.08192137960504532,0.013913773787191365,50
d3_theta45,A,hist,0.01,all,0.08047198983231887,0.007480741423081452,50
d3_theta45,A,hist,0.01,post,0.08251709743135256,0.012346414958750574,50
d3_theta45,A,hist,0.01,pre,0.08159853773788128,0.01392327338661078,50
d3_theta45,A,hist,0.03,all,0.0799540409735222,0.0075429281232679436,50
d3_theta45,A,hist,0.03,post,0.08198586815198787,0.01231454587029544,50
d3_theta45,A,hist,0.03,pre,0.08106659474577803,0.013945569385652114,50
d3_theta45,A,hist,0.1,all,0.07914929988286602,0.007813297253873152,50
d3_theta45,A,hist,0.1,post,0.08115439539158936,0.012437011305405234,50
d3_theta45,A,hist,0.1,pre,0.08024323748988899,0.014055837839531378,50
d3_theta45,A,hist,0.3,all,0.0823812238208331,0.00937306127348317,50
d3_theta45,A,hist,0.3,post,0.08441978723905001,0.014321061633177099,50
d3_theta45,A,hist,0.3,pre,0.08359724840944352,0.014930509489200862,50
d3_theta45,A,hist,1.0,all,0.10664865725449062,0.01786673569735603,50
d3_theta45,A,hist,1.0,post,0.1091364411681126,0.02436957279844648,50
d3_theta45,A,hist,1.0,pre,0.10861784124109607,0.022035760881214568,50
d3_theta45,A,hist,3.0,all,0.14685933657886463,0.02888187287045503,50
d3_theta45,A,hist,3.0,post,0.15013001157789516,0.037852064222051396,50
d3_theta45,A,hist,3.0,pre,0.14997213802622933,0.03361444976224732,50
d3_theta45,A,hist,10.0,all,0.18629074863956072,0.0374595745619744,50
d3_theta45,A,hist,10.0,post,0.19014034575343047,0.04857924761498731,50
d3_theta45,A,hist,10.0,pre,0.19064549402600026,0.04374260985283574,50
d3_theta45,A,hist,30.0,all,0.2215328570476659,0.04297544838976503,50
d3_theta45,A,hist,30.0,post,0.2252092529212455,0.054713418321856125,50
d3_theta45,A,hist,30.0,pre,0.22736863230345444,0.051603023415564296,50
d3_theta45,A,hist,100.0,all,0.27613530842322187,0.05170461135772299,50
d3_theta45,A,hist,100.0,post,0.2788280546296162,0.06432279802402016,50
d3_theta45,A,hist,100.0,pre,0.28414360372948577,0.06489329176128535,50
d3_theta45,A,in,0.0,all,0.08078626806156279,0.007452208597158366,50
d3_theta45,A,in,0.0,post,0.08283913287936592,0.012374956903912238,50
d3_theta45,A,in,0.0,pre,0.08192137960496564,0.013913773787198101,50
d3_theta45,A,in,0.01,all,0.08047167925950209,0.007480603697837983,50
d3_theta45,A,in,0.01,post,0.08251651273734652,0.01234668178786965,50
d3_theta45,A,in,0.01,pre,0.08159852914359693,0.013923151291819374,50
d3_theta45,A,in,0.03,all,0.07995295101914202,0.0075424399255257,50
d3_theta45,A,in,0.03,post,0.08198397813888478,0.012315379322726904,50
d3_theta45,A,in,0.03,pre,0.08106636846450112,0.01394515023956279,50
d3_theta45,A,in,0.1,all,0.07914383303703681,0.007810786126441349,50
d3_theta45,A,in,0.1,post,0.08114652035227211,0.012440033777754851,50
d3_theta45,A,in,0.1,pre,0.08024015444344947,0.014053830652512818,50
d3_theta45,A,in,0.3,all,0.08235115198235633,0.009359989706796305,50
d3_theta45,A,in,0.3,post,0.08438448924401065,0.014329770513823782,50
d3_theta45,A,in,0.3,pre,0.08357075597988152,0.014919091268826087,50
d3_theta45,A,in,1.0,all,0.10646159808570134,0.017823828455483613,50
d3_theta45,A,in,1.0,post,0.10894544012716072,0.024387747531409574,50
d3_theta45,A,in,1.0,pre,0.10842437669835808,0.02197619996023858,50
d3_theta45,A,in,3.0,all,0.14595158350565376,0.028772548099622514,50
d3_theta45,A,in,3.0,post,0.14924439375833318,0.03788868547194592,50
d3_theta45,A,in,3.0,pre,0.14900207933790138,0.03341361074996272,50
d3_theta45,A,in,10.0,all,0.18084587777031647,0.037036338716659754,50
d3_theta45,A,in,10.0,post,0.18486254439293148,0.04863228358864719,50
d3_theta45,A,in,10.0,pre,0.18482935425887997,0.04280105039212853,50
d3_theta45,A,in,30.0,all,0.1979277243527439,0.04083681530981979,50
d3_theta45,A,in,30.0,post,0.20224615481215197,0.053710111629737725,50
d3_theta45,A,in,30.0,pre,0.2024223120197983,0.04723732866613235,50
d3_theta45,A,in,100.0,all,0.2064099330040822,0.04264246900441948,50
d3_theta45,A,in,100.0,post,0.21080743993994414,0.05608206427222762,50
d3_theta45,A,in,100.0,pre,0.2112307397877533,0.04945435301066391,50
d3_theta45,A,legs,0.0,all,0.08078626806160623,0.007452208597151732,50
d3_theta45,A,legs,0.0,post,0.08283913287937546,0.012374956903906048,50
d3_theta45,A,legs,0.0,pre,0.08192137960504522,0.013913773787191356,50
d3_theta45,A,legs,0.01,all,0.08078626806160623,0.007452208597151732,50
d3_theta45,A,legs,0.01,post,0.08283913287937546,0.012374956903906048,50
d3_theta45,A,legs,0.01,pre,0.08192137960504522,0.013913773787191356,50
d3_theta45,A,legs,0.03,all,0.08078626806160623,0.007452208597151732,50
d3_theta45,A,legs,0.03,post,0.08283913287937546,0.012374956903906048,50
d3_theta45,A,legs,0.03,pre,0.08192137960504522,0.013913773787191356,50
d3_theta45,A,legs,0.1,all,0.08078626806160623,0.007452208597151732,50
d3_theta45,A,legs,0.1,post,0.08283913287937546,0.012374956903906048,50
d3_theta45,A,legs,0.1,pre,0.08192137960504522,0.013913773787191356,50
d3_theta45,A,legs,0.3,all,0.08078626806160623,0.007452208597151732,50
d3_theta45,A,legs,0.3,post,0.08283913287937546,0.012374956903906048,50
d3_theta45,A,legs,0.3,pre,0.08192137960504522,0.013913773787191356,50
d3_theta45,A,legs,1.0,all,0.08078626806160623,0.007452208597151732,50
d3_theta45,A,legs,1.0,post,0.08283913287937546,0.012374956903906048,50
d3_theta45,A,legs,1.0,pre,0.08192137960504522,0.013913773787191356,50
d3_theta45,A,legs,3.0,all,0.08078626806160623,0.007452208597151732,50
d3_theta45,A,legs,3.0,post,0.08283913287937546,0.012374956903906048,50
d3_theta45,A,legs,3.0,pre,0.08192137960504522,0.013913773787191356,50
d3_theta45,A,legs,10.0,all,0.08078626806160623,0.007452208597151732,50
d3_theta45,A,legs,10.0,post,0.08283913287937546,0.012374956903906048,50
d3_theta45,A,legs,10.0,pre,0.08192137960504522,0.013913773787191356,50
d3_theta45,A,legs,30.0,all,0.08078626806160623,0.007452208597151732,50
d3_theta45,A,legs,30.0,post,0.08283913287937546,0.012374956903906048,50
d3_theta45,A,legs,30.0,pre,0.08192137960504522,0.013913773787191356,50
d3_theta45,A,legs,100.0,all,0.08078626806160623,0.007452208597151732,50
d3_theta45,A,legs,100.0,post,0.08283913287937546,0.012374956903906048,50
d3_theta45,A,legs,100.0,pre,0.08192137960504522,0.013913773787191356,50
d3_theta45,A,point,0.0,all,0.3162583641756951,0.0014946621767441986,50
d3_theta45,A,point,0.0,post,0.32262233747034785,0.0422005597481023,50
d3_theta45,A,point,0.0,pre,0.3233137034014352,0.03892165925924413,50
d3_theta45,A,point,0.01,all,0.3141791821694647,0.0015261534481579946,50
d3_theta45,A,point,0.01,post,0.3204975804829534,0.04189468292101698,50
d3_theta45,A,point,0.01,pre,0.3211930629159722,0.03871919643093849,50
d3_theta45,A,point,0.03,all,0.31015657955221604,0.001655281401094468,50
d3_theta45,A,point,0.03,post,0.316386963806565,0.041307837033517536,50
d3_theta45,A,point,0.03,pre,0.31709004136720864,0.03832741370267188,50
d3_theta45,A,point,0.1,all,0.2973718147209721,0.0023763031074270167,50
d3_theta45,A,point,0.1,post,0.30332390956980637,0.03948476300649919,50
d3_theta45,A,point,0.1,pre,0.30404786290307384,0.03707614864041442,50
d3_theta45,A,point,0.3,all,0.2694399550438694,0.004103653618861502,50
d3_theta45,A,point,0.3,post,0.2747920560685475,0.035727968294622305,50
d3_theta45,A,point,0.3,pre,0.27554438920275703,0.034248680211802975,50
d3_theta45,A,point,1.0,all,0.22258177008503527,0.008607080543630996,50
d3_theta45,A,point,1.0,post,0.226952361980191,0.03108310099813092,50
d3_theta45,A,point,1.0,pre,0.2277129890341116,0.02945118533312274,50
d3_theta45,A,point,3.0,all,0.19698592550144606,0.020900765709936132,50
d3_theta45,A,point,3.0,post,0.2008332257007059,0.035858323076568006,50
d3_theta45,A,point,3.0,pre,0.201653048421802,0.031866336412655835,50
d3_theta45,A,point,10.0,all,0.19946675755818397,0.03308731631999042,50
d3_theta45,A,point,10.0,post,0.20336414713176976,0.046477293054752164,50
d3_theta45,A,point,10.0,pre,0.20433924934054623,0.04083997259166762,50
d3_theta45,A,point,30.0,all,0.20740926203314236,0.03835139197166498,50
d3_theta45,A,point,30.0,post,0.21142432754278484,0.05214277523601013,50
d3_theta45,A,point,30.0,pre,0.21258783506173193,0.04567109674407326,50
d3_theta45,A,point,100.0,all,0.21313704852021773,0.04063541956190058,50
d3_theta45,A,point,100.0,post,0.21718304496006036,0.05477631133895523,50
d3_theta45,A,point,100.0,pre,0.21857369124916923,0.04802597008156859,50
d3_theta45,B,cur,0.0,all,0.06325816222216092,0.001308588582438407,50
d3_theta45,B,cur,0.0,post,0.06483861238033722,0.008398835199309554,50
d3_theta45,B,cur,0.0,pre,0.06423473788553008,0.007589653305739132,50
d3_theta45,B,cur,0.01,all,0.06285951596449196,0.0013001893177073318,50
d3_theta45,B,cur,0.01,post,0.06442628417620196,0.008321664804198077,50
d3_theta45,B,cur,0.01,pre,0.06383213702568283,0.007555498016070457,50
d3_theta45,B,cur,0.03,all,0.06220188110838299,0.001294554150309811,50
d3_theta45,B,cur,0.03,post,0.06374473567342814,0.008196306817808943,50
d3_theta45,B,cur,0.03,pre,0.06316936913144232,0.007498177579271453,50
d3_theta45,B,cur,0.1,all,0.061188288720550925,0.0015258878027221549,50
d3_theta45,B,cur,0.1,post,0.06267914098174061,0.008064168155064388,50
d3_theta45,B,cur,0.1,pre,0.062163938342858334,0.007429274261688197,50
d3_theta45,B,cur,0.3,all,0.06530461834887671,0.005204508866932227,50
d3_theta45,B,cur,0.3,post,0.06682134824422925,0.010391546872298678,50
d3_theta45,B,cur,0.3,pre,0.06644890305240513,0.009099398091214123,50
d3_theta45,B,cur,1.0,all,0.09371773754082467,0.017121344901202415,50
d3_theta45,B,cur,1.0,post,0.09576833881743678,0.022940339113253216,50
d3_theta45,B,cur,1.0,pre,0.09565323410427636,0.019873750270118968,50
d3_theta45,B,cur,3.0,all,0.13681907489679085,0.028909957152888428,50
d3_theta45,B,cur,3.0,post,0.1397604962276363,0.03733789259338248,50
d3_theta45,B,cur,3.0,pre,0.1398543051635719,0.032747682049382526,50
d3_theta45,B,cur,10.0,all,0.17351889719113653,0.03740077938083028,50
d3_theta45,B,cur,10.0,post,0.17720855571913344,0.04829714529060288,50
d3_theta45,B,cur,10.0,pre,0.17749713185754157,0.04256952973597173,50
d3_theta45,B,cur,30.0,all,0.19124586108579059,0.04127426338846902,50
d3_theta45,B,cur,30.0,post,0.1952265093458427,0.05342027007042137,50
d3_theta45,B,cur,30.0,pre,0.19575198465968843,0.04710989161276921,50
d3_theta45,B,cur,100.0,all,0.2000176390003631,0.04308416276274842,50
d3_theta45,B,cur,100.0,post,0.20405485151700706,0.05579730550418055,50
d3_theta45,B,cur,100.0,pre,0.2048733531972565,0.049310870126004394,50
d3_theta45,B,hist,0.0,all,0.06325816222216094,0.0013085885824383832,50
d3_theta45,B,hist,0.0,post,0.0648386123803372,0.008398835199309526,50
d3_theta45,B,hist,0.0,pre,0.06423473788553015,0.007589653305739143,50
d3_theta45,B,hist,0.01,all,0.06289200058152263,0.0012999844879938692,50
d3_theta45,B,hist,0.01,post,0.06442924964139593,0.008318700589406416,50
d3_theta45,B,hist,0.01,pre,0.063892367624136,0.0075449960516994685,50
d3_theta45,B,hist,0.03,all,0.06251927402006953,0.0012940784900743896,50
d3_theta45,B,hist,0.03,post,0.06376008481895414,0.008188004534389016,50
d3_theta45,B,hist,0.03,pre,0.0637803825178702,0.0074131218197469526,50
d3_theta45,B,hist,0.1,all,0.0644008154512205,0.0017723527884889762,50
d3_theta45,B,hist,0.1,post,0.0627955800111378,0.008046966390172326,50
d3_theta45,B,hist,0.1,pre,0.06828782735676284,0.006762613063944397,50
d3_theta45,B,hist,0.3,all,0.08339541334514504,0.0070845493134257176,50
d3_theta45,B,hist,0.3,post,0.06748044880408602,0.010447857725147886,50
d3_theta45,B,hist,0.3,pre,0.09872961036815209,0.008245655276725153,50
d3_theta45,B,hist,1.0,all,0.1502648438441416,0.019233000752353714,50
d3_theta45,B,hist,1.0,post,0.09814043072212636,0.023127221779662525,50
d3_theta45,B,hist,1.0,pre,0.19098706866374024,0.017250041077128686,50
d3_theta45,B,hist,3.0,all,0.23227195766506953,0.02930812826081368,50
d3_theta45,B,hist,3.0,post,0.1445126291287893,0.03754093848110896,50
d3_theta45,B,hist,3.0,pre,0.2986315524953857,0.024634949509129575,50
d3_theta45,B,hist,10.0,all,0.3003798016804271,0.03607664322529804,50
d3_theta45,B,hist,10.0,post,0.18772052919823978,0.048536262770680884,50
d3_theta45,B,hist,10.0,pre,0.3858727862088024,0.02948628840341262,50
d3_theta45,B,hist,30.0,all,0.3426584650983519,0.039743838175879724,50
d3_theta45,B,hist,30.0,post,0.22418104816240964,0.05471930159632814,50
d3_theta45,B,hist,30.0,pre,0.4353507099965106,0.03281113073130864,50
d3_theta45,B,hist,100.0,all,0.38850891137727495,0.044472662401570905,50
d3_theta45,B,hist,100.0,post,0.27848221330697726,0.06426564760112066,50
d3_theta45,B,hist,100.0,pre,0.4805955144143696,0.039367804607132725,50
d3_theta45,B,in,0.0,all,0.06325816222211007,0.001308588582431416,50
d3_theta45,B,in,0.0,post,0.06483861238033096,0.008398835199311328,50
d3_theta45,B,in,0.0,pre,0.06423473788543353,0.0075896533057331576,50
d3_theta45,B,in,0.01,all,0.06289210933300489,0.001300114717741177,50
d3_theta45,B,in,0.01,post,0.06442922377068182,0.008318963640415797,50
d3_theta45,B,in,0.01,pre,0.06389262465067248,0.0075450174084583325,50
d3_theta45,B,in,0.03,all,0.06251944759769587,0.0012944119555331035,50
d3_theta45,B,in,0.03,post,0.06375993562685095,0.008188810309863867,50
d3_theta45,B,in,0.03,pre,0.0637809151853115,0.007413138350085315,50
d3_theta45,B,in,0.1,all,0.0643988153058803,0.0017729550576501512,50
d3_theta45,B,in,0.1,post,0.06279373648071744,0.008049678772097712,50
d3_theta45,B,in,0.1,pre,0.06828575510069798,0.006761880226836669,50
d3_theta45,B,in,0.3,all,0.08336687248300016,0.0070813368495707225,50
d3_theta45,B,in,0.3,post,0.06745873534728367,0.010451245934347299,50
d3_theta45,B,in,0.3,pre,0.0986949136342638,0.008234024561301742,50
d3_theta45,B,in,1.0,all,0.15007036848434158,0.0192203823880812,50
d3_theta45,B,in,1.0,post,0.09794567561085722,0.02311605462759499,50
d3_theta45,B,in,1.0,pre,0.19077059103446958,0.017202366937925644,50
d3_theta45,B,in,3.0,all,0.23151530386979668,0.02929596968605372,50
d3_theta45,B,in,3.0,post,0.14353958080808257,0.037515042641453784,50
d3_theta45,B,in,3.0,pre,0.29788245972254496,0.024512796797768494,50
d3_theta45,B,in,10.0,all,0.2968291540463085,0.03610730798787418,50
d3_theta45,B,in,10.0,post,0.18219516174366907,0.048489174906321354,50
d3_theta45,B,in,10.0,pre,0.38281492165538844,0.029089528776261815,50
d3_theta45,B,in,30.0,all,0.3280924728633897,0.03950723160272588,50
d3_theta45,B,in,30.0,post,0.20079921266094178,0.053644484180081504,50
d3_theta45,B,in,30.0,pre,0.42338697464617453,0.03104521428485183,50
d3_theta45,B,in,100.0,all,0.3437782982711037,0.041297623444133166,50
d3_theta45,B,in,100.0,post,0.20993552999617976,0.056054449813384824,50
d3_theta45,B,in,100.0,pre,0.44381104428813983,0.03173898863385862,50
d3_theta45,B,legs,0.0,all,0.0632581622221609,0.001308588582438403,50
d3_theta45,B,legs,0.0,post,0.06483861238033718,0.008398835199309555,50
d3_theta45,B,legs,0.0,pre,0.06423473788553007,0.0075896533057391476,50
d3_theta45,B,legs,0.01,all,0.0632581622221609,0.001308588582438403,50
d3_theta45,B,legs,0.01,post,0.06483861238033718,0.008398835199309555,50
d3_theta45,B,legs,0.01,pre,0.06423473788553007,0.0075896533057391476,50
d3_theta45,B,legs,0.03,all,0.0632581622221609,0.001308588582438403,50
d3_theta45,B,legs,0.03,post,0.06483861238033718,0.008398835199309555,50
d3_theta45,B,legs,0.03,pre,0.06423473788553007,0.0075896533057391476,50
d3_theta45,B,legs,0.1,all,0.0632581622221609,0.001308588582438403,50
d3_theta45,B,legs,0.1,post,0.06483861238033718,0.008398835199309555,50
d3_theta45,B,legs,0.1,pre,0.06423473788553007,0.0075896533057391476,50
d3_theta45,B,legs,0.3,all,0.0632581622221609,0.001308588582438403,50
d3_theta45,B,legs,0.3,post,0.06483861238033718,0.008398835199309555,50
d3_theta45,B,legs,0.3,pre,0.06423473788553007,0.0075896533057391476,50
d3_theta45,B,legs,1.0,all,0.0632581622221609,0.001308588582438403,50
d3_theta45,B,legs,1.0,post,0.06483861238033718,0.008398835199309555,50
d3_theta45,B,legs,1.0,pre,0.06423473788553007,0.0075896533057391476,50
d3_theta45,B,legs,3.0,all,0.0632581622221609,0.001308588582438403,50
d3_theta45,B,legs,3.0,post,0.06483861238033718,0.008398835199309555,50
d3_theta45,B,legs,3.0,pre,0.06423473788553007,0.0075896533057391476,50
d3_theta45,B,legs,10.0,all,0.0632581622221609,0.001308588582438403,50
d3_theta45,B,legs,10.0,post,0.06483861238033718,0.008398835199309555,50
d3_theta45,B,legs,10.0,pre,0.06423473788553007,0.0075896533057391476,50
d3_theta45,B,legs,30.0,all,0.0632581622221609,0.001308588582438403,50
d3_theta45,B,legs,30.0,post,0.06483861238033718,0.008398835199309555,50
d3_theta45,B,legs,30.0,pre,0.06423473788553007,0.0075896533057391476,50
d3_theta45,B,legs,100.0,all,0.0632581622221609,0.001308588582438403,50
d3_theta45,B,legs,100.0,post,0.06483861238033718,0.008398835199309555,50
d3_theta45,B,legs,100.0,pre,0.06423473788553007,0.0075896533057391476,50
d3_theta45,B,point,0.0,all,0.31615312405374724,0.0018467783808497863,50
d3_theta45,B,point,0.0,post,0.32262233747034785,0.0422005597481023,50
d3_theta45,B,point,0.0,pre,0.32301696338656855,0.03861616573652068,50
d3_theta45,B,point,0.01,all,0.3140810753161197,0.0018580736151199875,50
d3_theta45,B,point,0.01,post,0.3204975804829534,0.04189468292101698,50
d3_theta45,B,point,0.01,pre,0.32091062697221995,0.038408636908112664,50
d3_theta45,B,point,0.03,all,0.3101182875123534,0.0019386847019194449,50
d3_theta45,B,point,0.03,post,0.316386963806565,0.041307837033517536,50
d3_theta45,B,point,0.03,pre,0.31692663724995074,0.03799572065576625,50
d3_theta45,B,point,0.1,all,0.2979690950640521,0.002468516670725548,50
d3_theta45,B,point,0.1,post,0.30332390956980637,0.03948476300649919,50
d3_theta45,B,point,0.1,pre,0.30514570087084236,0.03656342989744272,50
d3_theta45,B,point,0.3,all,0.2744709986488736,0.0037725326656444444,50
d3_theta45,B,point,0.3,post,0.2747920560685475,0.035727968294622305,50
d3_theta45,B,point,0.3,pre,0.2853532672844754,0.03260721264011337,50
d3_theta45,B,point,1.0,all,0.25233495417690627,0.010472591862902406,50
d3_theta45,B,point,1.0,post,0.226952361980191,0.03108310099813092,50
d3_theta45,B,point,1.0,pre,0.2835617463001678,0.024544435528807328,50
d3_theta45,B,point,3.0,all,0.27298041732739176,0.024121341366812543,50
d3_theta45,B,point,3.0,post,0.2008332257007059,0.035858323076568006,50
d3_theta45,B,point,3.0,pre,0.33592392785150865,0.02552771113394794,50
d3_theta45,B,point,10.0,all,0.31505628287981674,0.033780426960664675,50
d3_theta45,B,point,10.0,post,0.20336414713176976,0.046477293054752164,50
d3_theta45,B,point,10.0,pre,0.4023198685947644,0.029865303760525132,50
d3_theta45,B,point,30.0,all,0.3405298523077962,0.037978758383239115,50
d3_theta45,B,point,30.0,post,0.21142432754278484,0.05214277523601013,50
d3_theta45,B,point,30.0,pre,0.43864422773237044,0.03182534409469245,50
d3_theta45,B,point,100.0,all,0.35452090668295005,0.04006631368787285,50
d3_theta45,B,point,100.0,post,0.21718304496006036,0.05477631133895523,50
d3_theta45,B,point,100.0,pre,0.4579326234544603,0.03256032828338175,50
frac0.1,A,cur,0.0,all,0.06915394823734707,0.003613746638926955,50
frac0.1,A,cur,0.0,post,0.07030740661286887,0.010719777392067285,50
frac0.1,A,cur,0.0,pre,0.07182726424476839,0.011129519622712063,50
frac0.1,A,cur,0.01,all,0.0687889912647707,0.003633257276216595,50
frac0.1,A,cur,0.01,post,0.06986634225440766,0.010641392067381716,50
frac0.1,A,cur,0.01,pre,0.07151672652850087,0.01109969106908408,50
frac0.1,A,cur,0.03,all,0.0682594706551561,0.003674235293976437,50
frac0.1,A,cur,0.03,post,0.06913420413125346,0.0105068442923159,50
frac0.1,A,cur,0.03,pre,0.07115152332355346,0.011033142328031757,50
frac0.1,A,cur,0.1,all,0.06822132512080721,0.003912075819599429,50
frac0.1,A,cur,0.1,post,0.06795107816242427,0.010268309853393526,50
frac0.1,A,cur,0.1,pre,0.07215668542789175,0.010781341283642236,50
frac0.1,A,cur,0.3,all,0.07723527789938432,0.006892845917933533,50
frac0.1,A,cur,0.3,post,0.07205403281380464,0.011917560553848223,50
frac0.1,A,cur,0.3,pre,0.08574116105815735,0.011400357296432594,50
frac0.1,A,cur,1.0,all,0.11985461385322024,0.017979100358257245,50
frac0.1,A,cur,1.0,post,0.10161278250058543,0.023725177326709247,50
frac0.1,A,cur,1.0,pre,0.1402830659661619,0.019393195218219545,50
frac0.1,A,cur,3.0,all,0.1783780906623278,0.027871386572593044,50
frac0.1,A,cur,3.0,post,0.1468515671722969,0.03699876539510682,50
frac0.1,A,cur,3.0,pre,0.21160528496188555,0.02860592973176441,50
frac0.1,A,cur,10.0,all,0.22699061199425186,0.03421937994138621,50
frac0.1,A,cur,10.0,post,0.18526720759640777,0.046199041072507566,50
frac0.1,A,cur,10.0,pre,0.27041344514327426,0.035562320002068756,50
frac0.1,A,cur,30.0,all,0.2504540445258594,0.0371313988367558,50
frac0.1,A,cur,30.0,post,0.20367040163808567,0.05033618862869827,50
frac0.1,A,cur,30.0,pre,0.29892758676782494,0.03915310188967155,50
frac0.1,A,cur,100.0,all,0.26221620480583335,0.03850417089397908,50
frac0.1,A,cur,100.0,post,0.21277484291559257,0.052255718534649054,50
frac0.1,A,cur,100.0,pre,0.31327495672773475,0.04074324591326913,50
frac0.1,A,hist,0.0,all,0.06915394823734626,0.0036137466389261227,50
frac0.1,A,hist,0.0,post,0.07030740661286816,0.010719777392066376,50
frac0.1,A,hist,0.0,pre,0.0718272642447675,0.011129519622712617,50
frac0.1,A,hist,0.01,all,0.06878105358979586,0.003636198775453343,50
frac0.1,A,hist,0.01,post,0.06992632463280693,0.01065992678268654,50
frac0.1,A,hist,0.01,pre,0.07143965186569673,0.011080061193949841,50
frac0.1,A,hist,0.03,all,0.0681801379725948,0.003681910524283041,50
frac0.1,A,hist,0.03,post,0.06931145126476056,0.010561153610153015,50
frac0.1,A,hist,0.03,pre,0.07081372876859632,0.010994272426293174,50
frac0.1,A,hist,0.1,all,0.06739946925842924,0.0039111929082608155,50
frac0.1,A,hist,0.1,post,0.06850359906986216,0.01042876821733822,50
frac0.1,A,hist,0.1,pre,0.06998728255695102,0.010843882718729159,50
frac0.1,A,hist,0.3,all,0.07219818371518966,0.006715110416238184,50
frac0.1,A,hist,0.3,post,0.07333503883831026,0.012139508477859686,50
frac0.1,A,hist,0.3,pre,0.07490409020414412,0.012290401490319474,50
frac0.1,A,hist,1.0,all,0.10204862849854837,0.018978000922449355,50
frac0.1,A,hist,1.0,post,0.10351308317712135,0.023573721987642803,50
frac0.1,A,hist,1.0,pre,0.10580445392950075,0.02387469322096482,50
frac0.1,A,hist,3.0,all,0.14682824081839047,0.03146972911074704,50
frac0.1,A,hist,3.0,post,0.14877823356496672,0.03674498603164198,50
frac0.1,A,hist,3.0,pre,0.15233926556965577,0.038761524320585224,50
frac0.1,A,hist,10.0,all,0.1853596310331934,0.04018124976857966,50
frac0.1,A,hist,10.0,post,0.18764340433285878,0.04600551343798971,50
frac0.1,A,hist,10.0,pre,0.19254081225128483,0.05036605709692916,50
frac0.1,A,hist,30.0,all,0.20682380608970466,0.04386599911463865,50
frac0.1,A,hist,30.0,post,0.20941490475680688,0.050177129549681156,50
frac0.1,A,hist,30.0,pre,0.21483269677858538,0.055830252632540565,50
frac0.1,A,hist,100.0,all,0.23286918857073896,0.04539639458890872,50
frac0.1,A,hist,100.0,post,0.23684041162395364,0.053868891139449,50
frac0.1,A,hist,100.0,pre,0.24069670197000917,0.05909766180042988,50
frac0.1,A,in,0.0,all,0.0691539482373003,0.0036137466389521106,50
frac0.1,A,in,0.0,post,0.07030740661285512,0.010719777392065484,50
frac0.1,A,in,0.0,pre,0.07182726424468237,0.011129519622692615,50
frac0.1,A,in,0.01,all,0.0687809345791589,0.003636328687465743,50
frac0.1,A,in,0.01,post,0.06992634318167852,0.010660058182739587,50
frac0.1,A,in,0.01,pre,0.07143942017179308,0.011080268461446595,50
frac0.1,A,in,0.03,all,0.06817974957023125,0.003682285547107087,50
frac0.1,A,in,0.03,post,0.06931145585542747,0.01056152537055525,50
frac0.1,A,in,0.03,pre,0.0708130184827604,0.01099489991517541,50
frac0.1,A,in,0.1,all,0.06739781876202873,0.003912321293672428,50
frac0.1,A,in,0.1,post,0.06850301604916666,0.010429862079707584,50
frac0.1,A,in,0.1,pre,0.06998475699819262,0.010845952720716746,50
frac0.1,A,in,0.3,all,0.07219087273702185,0.00671778080324214,50
frac0.1,A,in,0.3,post,0.07332913888103634,0.01214252278234142,50
frac0.1,A,in,0.3,pre,0.07489559055539309,0.012295645303712743,50
frac0.1,A,in,1.0,all,0.10201487208286564,0.018985090964678535,50
frac0.1,A,in,1.0,post,0.10347742988489408,0.02357880252542356,50
frac0.1,A,in,1.0,pre,0.10577183501602691,0.023887152562613877,50
frac0.1,A,in,3.0,all,0.14670163186050156,0.0314872018245113,50
frac0.1,A,in,3.0,post,0.1486410615035125,0.03674709879193703,50
frac0.1,A,in,3.0,pre,0.15221890437782676,0.03878998780914166,50
frac0.1,A,in,10.0,all,0.18465784257381518,0.040264045113670835,50
frac0.1,A,in,10.0,post,0.1868858336400895,0.046003718607836315,50
frac0.1,A,in,10.0,pre,0.1918647680343562,0.05045454369201594,50
frac0.1,A,in,30.0,all,0.20294434004376768,0.04431089071966007,50
frac0.1,A,in,30.0,post,0.20521582033800442,0.05017951091837964,50
frac0.1,A,in,30.0,pre,0.21109061843393995,0.05612344194158864,50
frac0.1,A,in,100.0,all,0.2120065284207734,0.04616146374015745,50
frac0.1,A,in,100.0,post,0.21428178025460595,0.05211385166496298,50
frac0.1,A,in,100.0,pre,0.22063650674554894,0.05877715939556349,50
frac0.1,A,legs,0.0,all,0.06915394823734705,0.0036137466389269362,50
frac0.1,A,legs,0.0,post,0.07030740661286887,0.010719777392067269,50
frac0.1,A,legs,0.0,pre,0.07182726424476839,0.011129519622712069,50
frac0.1,A,legs,0.01,all,0.06915394823734705,0.0036137466389269362,50
frac0.1,A,legs,0.01,post,0.07030740661286887,0.010719777392067269,50
frac0.1,A,legs,0.01,pre,0.07182726424476839,0.011129519622712069,50
frac0.1,A,legs,0.03,all,0.06915394823734705,0.0036137466389269362,50
frac0.1,A,legs,0.03,post,0.07030740661286887,0.010719777392067269,50
frac0.1,A,legs,0.03,pre,0.07182726424476839,0.011129519622712069,50
frac0.1,A,legs,0.1,all,0.06915394823734705,0.0036137466389269362,50
frac0.1,A,legs,0.1,post,0.07030740661286887,0.010719777392067269,50
frac0.1,A,legs,0.1,pre,0.07182726424476839,0.011129519622712069,50
frac0.1,A,legs,0.3,all,0.06915394823734705,0.0036137466389269362,50
frac0.1,A,legs,0.3,post,0.07030740661286887,0.010719777392067269,50
frac0.1,A,legs,0.3,pre,0.07182726424476839,0.011129519622712069,50
frac0.1,A,legs,1.0,all,0.06915394823734705,0.0036137466389269362,50
frac0.1,A,legs,1.0,post,0.07030740661286887,0.010719777392067269,50
frac0.1,A,legs,1.0,pre,0.07182726424476839,0.011129519622712069,50
frac0.1,A,legs,3.0,all,0.06915394823734705,0.0036137466389269362,50
frac0.1,A,legs,3.0,post,0.07030740661286887,0.010719777392067269,50
frac0.1,A,legs,3.0,pre,0.07182726424476839,0.011129519622712069,50
frac0.1,A,legs,10.0,all,0.06915394823734705,0.0036137466389269362,50
frac0.1,A,legs,10.0,post,0.07030740661286887,0.010719777392067269,50
frac0.1,A,legs,10.0,pre,0.07182726424476839,0.011129519622712069,50
frac0.1,A,legs,30.0,all,0.06915394823734705,0.0036137466389269362,50
frac0.1,A,legs,30.0,post,0.07030740661286887,0.010719777392067269,50
frac0.1,A,legs,30.0,pre,0.07182726424476839,0.011129519622712069,50
frac0.1,A,legs,100.0,all,0.06915394823734705,0.0036137466389269362,50
frac0.1,A,legs,100.0,post,0.07030740661286887,0.010719777392067269,50
frac0.1,A,legs,100.0,pre,0.07182726424476839,0.011129519622712069,50
frac0.1,A,point,0.0,all,0.3163377605638682,0.001621704806416232,50
frac0.1,A,point,0.0,post,0.32188017807357466,0.04558238615053084,50
frac0.1,A,point,0.0,pre,0.32868909158539317,0.04833945001781348,50
frac0.1,A,point,0.01,all,0.3142581051589308,0.0016685310795173435,50
frac0.1,A,point,0.01,post,0.3197617451324612,0.045268342638503954,50
frac0.1,A,point,0.01,pre,0.32653154302226367,0.04805655419386569,50
frac0.1,A,point,0.03,all,0.3102380424876085,0.001817010799569418,50
frac0.1,A,point,0.03,post,0.3156667886866726,0.04466353970156111,50
frac0.1,A,point,0.03,pre,0.32236048378793464,0.047509096835018375,50
frac0.1,A,point,0.1,all,0.2974942469581951,0.002522406410508666,50
frac0.1,A,point,0.1,post,0.3026860512728481,0.04276025487413141,50
frac0.1,A,point,0.1,pre,0.3091341057738542,0.0457623706677012,50
frac0.1,A,point,0.3,all,0.2698695449248295,0.003978218064376854,50
frac0.1,A,point,0.3,post,0.2745483438396288,0.038642526349497545,50
frac0.1,A,point,0.3,pre,0.2804397161937166,0.041848824303681025,50
frac0.1,A,point,1.0,all,0.22473188956488843,0.008387334421000165,50
frac0.1,A,point,1.0,post,0.22853983021366794,0.0322384284135217,50
frac0.1,A,point,1.0,pre,0.23345258380779815,0.03535315710898528,50
frac0.1,A,point,3.0,all,0.202395591834272,0.022339853294851074,50
frac0.1,A,point,3.0,post,0.2055845127622922,0.03463550852155565,50
frac0.1,A,point,3.0,pre,0.21009226490976907,0.03786321072252547,50
frac0.1,A,point,10.0,all,0.20757637746942115,0.03569408222052772,50
frac0.1,A,point,10.0,post,0.21042647963134903,0.043742604166049685,50
frac0.1,A,point,10.0,pre,0.21555824057006895,0.048526017964758666,50
frac0.1,A,point,30.0,all,0.2165742953905292,0.04154080508727475,50
frac0.1,A,point,30.0,post,0.2192220635033978,0.0485828464088437,50
frac0.1,A,point,30.0,pre,0.22514272890049927,0.05477635598735596,50
frac0.1,A,point,100.0,all,0.2227505647871535,0.04413304044402239,50
frac0.1,A,point,100.0,post,0.22529761568146547,0.05088991143696545,50
frac0.1,A,point,100.0,pre,0.2317222753930782,0.057865286948858397,50
frac0.1,B,cur,0.0,all,0.0638854685202248,0.0020702240487481915,50
frac0.1,B,cur,0.0,post,0.06519352360048336,0.009676567260981922,50
frac0.1,B,cur,0.0,pre,0.06608526788258723,0.00959623896352524,50
frac0.1,B,cur,0.01,all,0.06348137992322919,0.0020724689816266286,50
frac0.1,B,cur,0.01,post,0.06478600750317579,0.009609966650472385,50
frac0.1,B,cur,0.01,pre,0.06565811150338279,0.00952216149386261,50
frac0.1,B,cur,0.03,all,0.06282882447060045,0.0020959674176055814,50
frac0.1,B,cur,0.03,post,0.06412832130751085,0.009504565559322182,50
frac0.1,B,cur,0.03,pre,0.06496478518905235,0.00939159013442033,50
frac0.1,B,cur,0.1,all,0.061971506403730225,0.002475583128957428,50
frac0.1,B,cur,0.1,post,0.06326839814441212,0.009418884944104932,50
frac0.1,B,cur,0.1,pre,0.06401650376575617,0.009149363339360589,50
frac0.1,B,cur,0.3,all,0.06708138154148509,0.006593104683960388,50
frac0.1,B,cur,0.3,post,0.0684504345952435,0.01168704446759735,50
frac0.1,B,cur,0.3,pre,0.06918256713867421,0.011066201441240348,50
frac0.1,B,cur,1.0,all,0.09827756595021338,0.019766918932996563,50
frac0.1,B,cur,1.0,post,0.10001272641530143,0.023942537663473,50
frac0.1,B,cur,1.0,pre,0.10142472462859038,0.02388514005819227,50
frac0.1,B,cur,3.0,all,0.14404500489475233,0.03220514005635513,50
frac0.1,B,cur,3.0,post,0.1462624400511337,0.03708538082743705,50
frac0.1,B,cur,3.0,pre,0.1489911192216192,0.03880481469783439,50
frac0.1,B,cur,10.0,all,0.18253047550358836,0.04082415486569487,50
frac0.1,B,cur,10.0,post,0.18501093074877617,0.046240298878820855,50
frac0.1,B,cur,10.0,pre,0.18921278754532664,0.05024315347115289,50
frac0.1,B,cur,30.0,all,0.20100951493625419,0.04477954424564758,50
frac0.1,B,cur,30.0,post,0.2035076410729854,0.05037554050223253,50
frac0.1,B,cur,30.0,pre,0.20867064468579874,0.05579734412046579,50
frac0.1,B,cur,100.0,all,0.21015814621026593,0.046583572068947664,50
frac0.1,B,cur,100.0,post,0.21264675880477563,0.052292998785004374,50
frac0.1,B,cur,100.0,pre,0.21832559945265573,0.05841688514711091,50
frac0.1,B,hist,0.0,all,0.06388546852022547,0.002070224048749088,50
frac0.1,B,hist,0.0,post,0.06519352360048415,0.009676567260982661,50
frac0.1,B,hist,0.0,pre,0.06608526788258785,0.009596238963524944,50
frac0.1,B,hist,0.01,all,0.06349652711864386,0.0020810269556797265,50
frac0.1,B,hist,0.01,post,0.06478832823078023,0.009609068984674018,50
frac0.1,B,hist,0.01,pre,0.06568508708282751,0.009517215898792234,50
frac0.1,B,hist,0.03,all,0.06294039562669021,0.002115146623547785,50
frac0.1,B,hist,0.03,post,0.06413664841285159,0.009502147233230557,50
frac0.1,B,hist,0.03,pre,0.06517591645627824,0.009354322344324175,50
frac0.1,B,hist,0.1,all,0.06300170611751214,0.002551955587258762,50
frac0.1,B,hist,0.1,post,0.06330964057781557,0.009413663615575028,50
frac0.1,B,hist,0.1,pre,0.06600424157080186,0.008858450909787884,50
frac0.1,B,hist,0.3,all,0.0730280396510183,0.007078425742188823,50
frac0.1,B,hist,0.3,post,0.06863248381463706,0.01168317770205549,50
frac0.1,B,hist,0.3,pre,0.08041615522129808,0.010384906196944045,50
frac0.1,B,hist,1.0,all,0.11801180111641937,0.019344734239946867,50
frac0.1,B,hist,1.0,post,0.10059069105544179,0.02390029776847053,50
frac0.1,B,hist,1.0,pre,0.13747252396924237,0.02115580702129168,50
frac0.1,B,hist,3.0,all,0.17799317230251166,0.02957027670670185,50
frac0.1,B,hist,3.0,post,0.1473258871080806,0.036987862603307525,50
frac0.1,B,hist,3.0,pre,0.21040121904132292,0.03166501083920803,50
frac0.1,B,hist,10.0,all,0.2275387497292825,0.03606508970848899,50
frac0.1,B,hist,10.0,post,0.18700537023815084,0.046105748961269885,50
frac0.1,B,hist,10.0,pre,0.2700194875464325,0.03919402973688311,50
frac0.1,B,hist,30.0,all,0.2536132538952175,0.038806588631731545,50
frac0.1,B,hist,30.0,post,0.20910204394633466,0.05020504141453815,50
frac0.1,B,hist,30.0,pre,0.3006226356429607,0.04302492448750676,50
frac0.1,B,hist,100.0,all,0.27917561305992095,0.039903471611204756,50
frac0.1,B,hist,100.0,post,0.23668184405656156,0.053830545032179,50
frac0.1,B,hist,100.0,pre,0.3264094723319463,0.04579008493138601,50
frac0.1,B,in,0.0,all,0.06388546852017643,0.002070224048767785,50
frac0.1,B,in,0.0,post,0.06519352360046864,0.009676567260979535,50
frac0.1,B,in,0.0,pre,0.06608526788249726,0.00959623896348782,50
frac0.1,B,in,0.01,all,0.06349652459105229,0.002081100774910241,50
frac0.1,B,in,0.01,post,0.06478821316894481,0.009609160071493681,50
frac0.1,B,in,0.01,pre,0.06568522123314255,0.009517289100390854,50
frac0.1,B,in,0.03,all,0.06294037019555225,0.0021153581223138794,50
frac0.1,B,in,0.03,post,0.064136312951515,0.009502419057759249,50
frac0.1,B,in,0.03,pre,0.06517626910888581,0.009354510165880415,50
frac0.1,B,in,0.1,all,0.0630012882011118,0.002552628195805359,50
frac0.1,B,in,0.1,post,0.06330853349018763,0.0094145867731503,50
frac0.1,B,in,0.1,pre,0.06600467162885236,0.008858768677290442,50
frac0.1,B,in,0.3,all,0.07302324508290982,0.007079957369567064,50
frac0.1,B,in,0.3,post,0.06862794555811152,0.011685826357622293,50
frac0.1,B,in,0.3,pre,0.08041127734873628,0.01038414939016869,50
frac0.1,B,in,1.0,all,0.11797805570082995,0.019348513803932432,50
frac0.1,B,in,1.0,post,0.1005618097075701,0.023905138857471822,50
frac0.1,B,in,1.0,pre,0.13743347414433463,0.021153244997220776,50
frac0.1,B,in,3.0,all,0.17786777804925258,0.02957874785391509,50
frac0.1,B,in,3.0,post,0.14719365727531486,0.036994274178021244,50
frac0.1,B,in,3.0,pre,0.21027210231837398,0.031665335392220335,50
frac0.1,B,in,10.0,all,0.22694926411294095,0.03610174361837043,50
frac0.1,B,in,10.0,post,0.1862463756359315,0.04611944014986583,50
frac0.1,B,in,10.0,pre,0.26950200920323436,0.03919563872540072,50
frac0.1,B,in,30.0,all,0.2505139159535934,0.03908057029175043,50
frac0.1,B,in,30.0,post,0.20490265294198692,0.05024481420038503,50
frac0.1,B,in,30.0,pre,0.29803988303961626,0.04301314339623626,50
frac0.1,B,in,100.0,all,0.2622697439278817,0.04050589694749368,50
frac0.1,B,in,100.0,post,0.214126045791502,0.052154278221621796,50
frac0.1,B,in,100.0,pre,0.31233089230274597,0.04487229330861228,50
frac0.1,B,legs,0.0,all,0.06388546852022478,0.002070224048748188,50
frac0.1,B,legs,0.0,post,0.06519352360048335,0.009676567260981919,50
frac0.1,B,legs,0.0,pre,0.06608526788258723,0.009596238963525251,50
frac0.1,B,legs,0.01,all,0.06388546852022478,0.002070224048748188,50
frac0.1,B,legs,0.01,post,0.06519352360048335,0.009676567260981919,50
frac0.1,B,legs,0.01,pre,0.06608526788258723,0.009596238963525251,50
frac0.1,B,legs,0.03,all,0.06388546852022478,0.002070224048748188,50
frac0.1,B,legs,0.03,post,0.06519352360048335,0.009676567260981919,50
frac0.1,B,legs,0.03,pre,0.06608526788258723,0.009596238963525251,50
frac0.1,B,legs,0.1,all,0.06388546852022478,0.002070224048748188,50
frac0.1,B,legs,0.1,post,0.06519352360048335,0.009676567260981919,50
frac0.1,B,legs,0.1,pre,0.06608526788258723,0.009596238963525251,50
frac0.1,B,legs,0.3,all,0.06388546852022478,0.002070224048748188,50
frac0.1,B,legs,0.3,post,0.06519352360048335,0.009676567260981919,50
frac0.1,B,legs,0.3,pre,0.06608526788258723,0.009596238963525251,50
frac0.1,B,legs,1.0,all,0.06388546852022478,0.002070224048748188,50
frac0.1,B,legs,1.0,post,0.06519352360048335,0.009676567260981919,50
frac0.1,B,legs,1.0,pre,0.06608526788258723,0.009596238963525251,50
frac0.1,B,legs,3.0,all,0.06388546852022478,0.002070224048748188,50
frac0.1,B,legs,3.0,post,0.06519352360048335,0.009676567260981919,50
frac0.1,B,legs,3.0,pre,0.06608526788258723,0.009596238963525251,50
frac0.1,B,legs,10.0,all,0.06388546852022478,0.002070224048748188,50
frac0.1,B,legs,10.0,post,0.06519352360048335,0.009676567260981919,50
frac0.1,B,legs,10.0,pre,0.06608526788258723,0.009596238963525251,50
frac0.1,B,legs,30.0,all,0.06388546852022478,0.002070224048748188,50
frac0.1,B,legs,30.0,post,0.06519352360048335,0.009676567260981919,50
frac0.1,B,legs,30.0,pre,0.06608526788258723,0.009596238963525251,50
frac0.1,B,legs,100.0,all,0.06388546852022478,0.002070224048748188,50
frac0.1,B,legs,100.0,post,0.06519352360048335,0.009676567260981919,50
frac0.1,B,legs,100.0,pre,0.06608526788258723,0.009596238963525251,50
frac0.1,B,point,0.0,all,0.3162806360537298,0.0016937708509591433,50
frac0.1,B,point,0.0,post,0.32188017807357466,0.04558238615053084,50
frac0.1,B,point,0.0,pre,0.32854714278290437,0.048252109479179114,50
frac0.1,B,point,0.01,all,0.314204153615902,0.0017351859200274004,50
frac0.1,B,point,0.01,post,0.3197617451324612,0.045268342638503954,50
frac0.1,B,point,0.01,pre,0.3263960718160981,0.047969147090013826,50
frac0.1,B,point,0.03,all,0.3102041892542944,0.0018692915154565103,50
frac0.1,B,point,0.03,post,0.3156667886866726,0.04466353970156111,50
frac0.1,B,point,0.03,pre,0.3222653176482932,0.04741639110781802,50
frac0.1,B,point,0.1,all,0.2976596202525648,0.002510451577430649,50
frac0.1,B,point,0.1,post,0.3026860512728481,0.04276025487413141,50
frac0.1,B,point,0.1,pre,0.3094362768189624,0.04560306866522428,50
frac0.1,B,point,0.3,all,0.2714037624564389,0.0037946253568941005,50
frac0.1,B,point,0.3,post,0.2745483438396288,0.038642526349497545,50
frac0.1,B,point,0.3,pre,0.2834603577120119,0.04122792203162809,50
frac0.1,B,point,1.0,all,0.23414287617466076,0.008759961251487062,50
frac0.1,B,point,1.0,post,0.22853983021366794,0.0322384284135217,50
frac0.1,B,point,1.0,pre,0.25181248751965224,0.03286585571863553,50
frac0.1,B,point,3.0,all,0.2279197307796048,0.022186217007010643,50
frac0.1,B,point,3.0,post,0.2055845127622922,0.03463550852155565,50
frac0.1,B,point,3.0,pre,0.2584168810484023,0.03272350924360237,50
frac0.1,B,point,10.0,all,0.24809856212115453,0.03270024080476431,50
frac0.1,B,point,10.0,post,0.21042647963134903,0.043742604166049685,50
frac0.1,B,point,10.0,pre,0.29063664733695677,0.038911798900506916,50
frac0.1,B,point,30.0,all,0.2639738238405582,0.03691384172554536,50
frac0.1,B,point,30.0,post,0.2192220635033978,0.0485828464088437,50
frac0.1,B,point,30.0,pre,0.31231499399513535,0.04272252784850694,50
frac0.1,B,point,100.0,all,0.27339895397814024,0.038811025422521954,50
frac0.1,B,point,100.0,post,0.22529761568146547,0.05088991143696545,50
frac0.1,B,point,100.0,pre,0.32460859203050113,0.04474415296096738,50
frac0.25,A,cur,0.0,all,0.07656924253447543,0.00741698015099554,50
frac0.25,A,cur,0.0,post,0.07872159902139293,0.014238540135529113,50
frac0.25,A,cur,0.0,pre,0.07772473502923193,0.012795219349807119,50
frac0.25,A,cur,0.01,all,0.0762769622879928,0.007467488502586908,50
frac0.25,A,cur,0.01,post,0.07823480506976808,0.014145423502270533,50
frac0.25,A,cur,0.01,pre,0.07761490318607182,0.012834571470571111,50
frac0.25,A,cur,0.03,all,0.0759587315208909,0.007566332588221662,50
frac0.25,A,cur,0.03,post,0.07740505655527445,0.013981203786485683,50
frac0.25,A,cur,0.03,pre,0.0777834305662704,0.012864673515825606,50
frac0.25,A,cur,0.1,all,0.0772077900825616,0.007962354225830437,50
frac0.25,A,cur,0.1,post,0.07582587941394717,0.013654073268357977,50
frac0.25,A,cur,0.1,pre,0.08167593196956989,0.012688840215341626,50
frac0.25,A,cur,0.3,all,0.09173498957158581,0.010927527948238642,50
frac0.25,A,cur,0.3,post,0.07860246223604685,0.015529521547933908,50
frac0.25,A,cur,0.3,pre,0.1058277232574677,0.013415866533802244,50
frac0.25,A,cur,1.0,all,0.14906743976909909,0.02255566408774907,50
frac0.25,A,cur,1.0,post,0.10540510617087394,0.030563809375731076,50
frac0.25,A,cur,1.0,pre,0.18476144309523101,0.021438526543904032,50
frac0.25,A,cur,3.0,all,0.22364063070559734,0.03382797221432759,50
frac0.25,A,cur,3.0,post,0.14932947951394296,0.049132902495535646,50
frac0.25,A,cur,3.0,pre,0.28141872116763655,0.029473700973234273,50
frac0.25,A,cur,10.0,all,0.28449905705928635,0.04134849011588095,50
frac0.25,A,cur,10.0,post,0.18764934526904756,0.06276607084937104,50
frac0.25,A,cur,10.0,pre,0.35929626044497565,0.03458992720709742,50
frac0.25,A,cur,30.0,all,0.31344296932065885,0.04485486728702317,50
frac0.25,A,cur,30.0,post,0.20631276042859042,0.06893052382185247,50
frac0.25,A,cur,30.0,pre,0.3961986520091677,0.036913821027229635,50
frac0.25,A,cur,100.0,all,0.3276408875671028,0.046919938936733754,50
frac0.25,A,cur,100.0,post,0.21565222510232526,0.07191870086204229,50
frac0.25,A,cur,100.0,pre,0.4142181274078947,0.03822183318560415,50
frac0.25,A,hist,0.0,all,0.07656924253447545,0.00741698015099556,50
frac0.25,A,hist,0.0,post,0.0787215990213929,0.01423854013552915,50
frac0.25,A,hist,0.0,pre,0.07772473502923198,0.012795219349807112,50
frac0.25,A,hist,0.01,all,0.07625367472602211,0.007461269180487221,50
frac0.25,A,hist,0.01,post,0.07838755022495297,0.014226766049618754,50
frac0.25,A,hist,0.01,pre,0.07741384270250383,0.012799531779644146,50
frac0.25,A,hist,0.03,all,0.07575394271203707,0.007554762844682758,50
frac0.25,A,hist,0.03,post,0.07785573227209791,0.014221303862401696,50
frac0.25,A,hist,0.03,pre,0.07692358393226657,0.012810477224905916,50
frac0.25,A,hist,0.1,all,0.07519122184887543,0.008000689089744616,50
frac0.25,A,hist,0.1,post,0.07722783273661611,0.014394086233530673,50
frac0.25,A,hist,0.1,pre,0.07639336358458775,0.012932818709559937,50
frac0.25,A,hist,0.3,all,0.0797933317261651,0.011316285239893552,50
frac0.25,A,hist,0.3,post,0.08189204275680369,0.0169329643031964,50
frac0.25,A,hist,0.3,pre,0.08108470517826688,0.014968442950134414,50
frac0.25,A,hist,1.0,all,0.10780971428167785,0.025872036457613427,50
frac0.25,A,hist,1.0,post,0.11052826213319764,0.031234833926939647,50
frac0.25,A,hist,1.0,pre,0.10944734539106245,0.027899371624778197,50
frac0.25,A,hist,3.0,all,0.1512134232295729,0.042689277592797094,50
frac0.25,A,hist,3.0,post,0.15478917363046904,0.04920312267326439,50
frac0.25,A,hist,3.0,pre,0.1535321465955045,0.045254496031526224,50
frac0.25,A,hist,10.0,all,0.1911779851313994,0.05508796911834165,50
frac0.25,A,hist,10.0,post,0.1953148319854742,0.0625482651924188,50
frac0.25,A,hist,10.0,pre,0.1943308733401318,0.05886020484391875,50
frac0.25,A,hist,30.0,all,0.221812947768238,0.060984331869460395,50
frac0.25,A,hist,30.0,post,0.22597000998090547,0.06888170660470523,50
frac0.25,A,hist,30.0,pre,0.2256923102615551,0.0657622599026956,50
frac0.25,A,hist,100.0,all,0.2694462974032067,0.06885864946265381,50
frac0.25,A,hist,100.0,post,0.2728727990026181,0.07779989145862522,50
frac0.25,A,hist,100.0,pre,0.27441449377681953,0.07527322839016232,50
frac0.25,A,in,0.0,all,0.07656924253441816,0.0074169801510001266,50
frac0.25,A,in,0.0,post,0.07872159902137858,0.01423854013552698,50
frac0.25,A,in,0.0,pre,0.07772473502913091,0.012795219349814407,50
frac0.25,A,in,0.01,all,0.07625389803819495,0.0074612583816846155,50
frac0.25,A,in,0.01,post,0.07838831396604704,0.014226969975806148,50
frac0.25,A,in,0.01,pre,0.07741364471230884,0.012800531724391283,50
frac0.25,A,in,0.03,all,0.07575449760778037,0.007554640774677554,50
frac0.25,A,in,0.03,post,0.07785791741788584,0.014221881294443503,50
frac0.25,A,in,0.03,pre,0.0769228637731597,0.012813456614935109,50
frac0.25,A,in,0.1,all,0.0751916829043476,0.007999551227243266,50
frac0.25,A,in,0.1,post,0.07723374977443494,0.014395677712699274,50
frac0.25,A,in,0.1,pre,0.07638952140943467,0.012942477866806483,50
frac0.25,A,in,0.3,all,0.0797840166390502,0.011310751571335964,50
frac0.25,A,in,0.3,post,0.0818979581707813,0.016935553495638096,50
frac0.25,A,in,0.3,pre,0.08106336361461107,0.014990672759536736,50
frac0.25,A,in,1.0,all,0.10771441312094647,0.02585858209980325,50
frac0.25,A,in,1.0,post,0.11046961772827242,0.031236302285037328,50
frac0.25,A,in,1.0,pre,0.10932348984636513,0.027924692948167185,50
frac0.25,A,in,3.0,all,0.1506967947989907,0.042682309240887985,50
frac0.25,A,in,3.0,post,0.1543477430974508,0.04922726277205506,50
frac0.25,A,in,3.0,pre,0.15295342640067458,0.04529334718635328,50
frac0.25,A,in,10.0,all,0.18787574520281736,0.05515636601233498,50
frac0.25,A,in,10.0,post,0.19219255253001463,0.06271905692434049,50
frac0.25,A,in,10.0,pre,0.1908531887132121,0.058940613373757854,50
frac0.25,A,in,30.0,all,0.20597788114897755,0.060807663076627376,50
frac0.25,A,in,30.0,post,0.21060590184520758,0.06887381372301825,50
frac0.25,A,in,30.0,pre,0.20933305643371589,0.06528019238857598,50
frac0.25,A,in,100.0,all,0.21499803617141147,0.06352650200133995,50
frac0.25,A,in,100.0,post,0.21981745416997986,0.07185603360576862,50
frac0.25,A,in,100.0,pre,0.21850766049831297,0.06838965131259993,50
frac0.25,A,legs,0.0,all,0.07656924253447545,0.0074169801509955426,50
frac0.25,A,legs,0.0,post,0.07872159902139293,0.014238540135529118,50
frac0.25,A,legs,0.0,pre,0.07772473502923197,0.012795219349807126,50
frac0.25,A,legs,0.01,all,0.07656924253447545,0.0074169801509955426,50
frac0.25,A,legs,0.01,post,0.07872159902139293,0.014238540135529118,50
frac0.25,A,legs,0.01,pre,0.07772473502923197,0.012795219349807126,50
frac0.25,A,legs,0.03,all,0.07656924253447545,0.0074169801509955426,50
frac0.25,A,legs,0.03,post,0.07872159902139293,0.014238540135529118,50
frac0.25,A,legs,0.03,pre,0.07772473502923197,0.012795219349807126,50
frac0.25,A,legs,0.1,all,0.07656924253447545,0.0074169801509955426,50
frac0.25,A,legs,0.1,post,0.07872159902139293,0.014238540135529118,50
frac0.25,A,legs,0.1,pre,0.07772473502923197,0.012795219349807126,50
frac0.25,A,legs,0.3,all,0.07656924253447545,0.0074169801509955426,50
frac0.25,A,legs,0.3,post,0.07872159902139293,0.014238540135529118,50
frac0.25,A,legs,0.3,pre,0.07772473502923197,0.012795219349807126,50
frac0.25,A,legs,1.0,all,0.07656924253447545,0.0074169801509955426,50
frac0.25,A,legs,1.0,post,0.07872159902139293,0.014238540135529118,50
frac0.25,A,legs,1.0,pre,0.07772473502923197,0.012795219349807126,50
frac0.25,A,legs,3.0,all,0.07656924253447545,0.0074169801509955426,50
frac0.25,A,legs,3.0,post,0.07872159902139293,0.014238540135529118,50
frac0.25,A,legs,3.0,pre,0.07772473502923197,0.012795219349807126,50
frac0.25,A,legs,10.0,all,0.07656924253447545,0.0074169801509955426,50
frac0.25,A,legs,10.0,post,0.07872159902139293,0.014238540135529118,50
frac0.25,A,legs,10.0,pre,0.07772473502923197,0.012795219349807126,50
frac0.25,A,legs,30.0,all,0.07656924253447545,0.0074169801509955426,50
frac0.25,A,legs,30.0,post,0.07872159902139293,0.014238540135529118,50
frac0.25,A,legs,30.0,pre,0.07772473502923197,0.012795219349807126,50
frac0.25,A,legs,100.0,all,0.07656924253447545,0.0074169801509955426,50
frac0.25,A,legs,100.0,post,0.07872159902139293,0.014238540135529118,50
frac0.25,A,legs,100.0,pre,0.07772473502923197,0.012795219349807126,50
frac0.25,A,point,0.0,all,0.3163376397591385,0.0016201138311121685,50
frac0.25,A,point,0.0,post,0.32376699502608763,0.0423172482943834,50
frac0.25,A,point,0.0,pre,0.3223980528328513,0.03879863293275437,50
frac0.25,A,point,0.01,all,0.3142637251565131,0.001668197559586481,50
frac0.25,A,point,0.01,post,0.3216343399779925,0.04198080814722343,50
frac0.25,A,point,0.01,pre,0.32029402530384304,0.038610180532546855,50
frac0.25,A,point,0.03,all,0.3102553471718596,0.001824627385626407,50
frac0.25,A,point,0.03,post,0.31751288958410184,0.041335686081388004,50
frac0.25,A,point,0.03,pre,0.3162266817941795,0.03824355915521175,50
frac0.25,A,point,0.1,all,0.2975543537008476,0.002630182481779318,50
frac0.25,A,point,0.1,post,0.30445781415309675,0.03933618674557874,50
frac0.25,A,point,0.1,pre,0.3033317746846647,0.0370562777254873,50
frac0.25,A,point,0.3,all,0.2700613370896144,0.004954405463908665,50
frac0.25,A,point,0.3,post,0.2762230891736485,0.03528998878617091,50
frac0.25,A,point,0.3,pre,0.2753757016544722,0.03432415644977193,50
frac0.25,A,point,1.0,all,0.2253034692007506,0.013883296199695338,50
frac0.25,A,point,1.0,post,0.23034566301960469,0.03194464565158479,50
frac0.25,A,point,1.0,pre,0.22967309910099562,0.03080140062396154,50
frac0.25,A,point,3.0,all,0.20319005290366018,0.03272838141535494,50
frac0.25,A,point,3.0,post,0.20769501259665005,0.04304659481705301,50
frac0.25,A,point,3.0,pre,0.2068460983966289,0.03942302803048551,50
frac0.25,A,point,10.0,all,0.2082073551657884,0.05001544541556534,50
frac0.25,A,point,10.0,post,0.21274789239128197,0.058667616339303376,50
frac0.25,A,point,10.0,pre,0.2117444119009672,0.054705195627023515,50
frac0.25,A,point,30.0,all,0.21718157878123154,0.05747829377309571,50
frac0.25,A,point,30.0,post,0.22185503988135177,0.06605070127663122,50
frac0.25,A,point,30.0,pre,0.22084626790718423,0.06230062641776665,50
frac0.25,A,point,100.0,all,0.22343632271198097,0.06075004122086962,50
frac0.25,A,point,100.0,post,0.22821891343390427,0.0694703698961297,50
frac0.25,A,point,100.0,pre,0.22721715071303858,0.06582270701753665,50
frac0.25,B,cur,0.0,all,0.06389818108144314,0.001877349880597007,50
frac0.25,B,cur,0.0,post,0.06566941191116292,0.0093964519904962,50
frac0.25,B,cur,0.0,pre,0.06483699331814402,0.007597321913395322,50
frac0.25,B,cur,0.01,all,0.06352589320971724,0.0018649123645906307,50
frac0.25,B,cur,0.01,post,0.06527806973380017,0.009316371294002276,50
frac0.25,B,cur,0.01,pre,0.06446644145754785,0.007566105437641888,50
frac0.25,B,cur,0.03,all,0.06293731856520487,0.001855006375640733,50
frac0.25,B,cur,0.03,post,0.06465733029108711,0.009184387807449235,50
frac0.25,B,cur,0.03,pre,0.06388081044689885,0.007510234194799772,50
frac0.25,B,cur,0.1,all,0.06229352110132117,0.0023917758540604817,50
frac0.25,B,cur,0.1,post,0.06395700119566068,0.009085075203840168,50
frac0.25,B,cur,0.1,pre,0.06324227081673127,0.007517028670914147,50
frac0.25,B,cur,0.3,all,0.06774540959589802,0.008349129152739342,50
frac0.25,B,cur,0.3,post,0.06951859849973453,0.01277880196063244,50
frac0.25,B,cur,0.3,pre,0.06872120107619227,0.010830298454861161,50
frac0.25,B,cur,1.0,all,0.09885477249197218,0.025591769631131592,50
frac0.25,B,cur,1.0,post,0.1013757627282204,0.030203595103239254,50
frac0.25,B,cur,1.0,pre,0.10015360640233323,0.02685324568235178,50
frac0.25,B,cur,3.0,all,0.14437977570988855,0.0428616435757849,50
frac0.25,B,cur,3.0,post,0.1478626524596197,0.04903416956131379,50
frac0.25,B,cur,3.0,pre,0.14642258962943328,0.04500873265250244,50
frac0.25,B,cur,10.0,all,0.1828692710961132,0.055327687755958414,50
frac0.25,B,cur,10.0,post,0.18699077488248658,0.06269650039604589,50
frac0.25,B,cur,10.0,pre,0.18577851538354156,0.05878244325775356,50
frac0.25,B,cur,30.0,all,0.20145069807875848,0.06093410600703697,50
frac0.25,B,cur,30.0,post,0.20585174860282282,0.06888573859967956,50
frac0.25,B,cur,30.0,pre,0.20482406938947353,0.06512278536311734,50
frac0.25,B,cur,100.0,all,0.21066786868028609,0.06363229546574767,50
frac0.25,B,cur,100.0,post,0.2152547248203368,0.07188375970744233,50
frac0.25,B,cur,100.0,pre,0.21423021319403088,0.06824110090252843,50
frac0.25,B,hist,0.0,all,0.06389818108144318,0.0018773498805969894,50
frac0.25,B,hist,0.0,post,0.06566941191116289,0.00939645199049619,50
frac0.25,B,hist,0.0,pre,0.06483699331814408,0.0075973219133952845,50
frac0.25,B,hist,0.01,all,0.06355714165435669,0.0018578935676337816,50
frac0.25,B,hist,0.01,post,0.06527969775611045,0.009314890330258958,50
frac0.25,B,hist,0.01,pre,0.0645242721660228,0.007521311326034318,50
frac0.25,B,hist,0.03,all,0.06319342669799806,0.0018511328603714912,50
frac0.25,B,hist,0.03,post,0.06466688764028976,0.009181621159373468,50
frac0.25,B,hist,0.03,pre,0.0643688887693255,0.007320779352535544,50
frac0.25,B,hist,0.1,all,0.06473313439159856,0.002685630100168246,50
frac0.25,B,hist,0.1,post,0.06403557501766896,0.009094810752993952,50
frac0.25,B,hist,0.1,pre,0.06786338348288616,0.0065870046768913395,50
frac0.25,B,hist,0.3,all,0.08143767219015113,0.009173397748647293,50
frac0.25,B,hist,0.3,post,0.06997046019335755,0.012874785959065046,50
frac0.25,B,hist,0.3,pre,0.09332995646470836,0.009198623965657885,50
frac0.25,B,hist,1.0,all,0.14272369316750097,0.02345978390686508,50
frac0.25,B,hist,1.0,post,0.10299912192094016,0.030290823825557436,50
frac0.25,B,hist,1.0,pre,0.17514279425360715,0.01974609938781181,50
frac0.25,B,hist,3.0,all,0.21945814824306045,0.03573777135691424,50
frac0.25,B,hist,3.0,post,0.15104602831884933,0.048997298627349764,50
frac0.25,B,hist,3.0,pre,0.27322132744707195,0.02795556847175883,50
frac0.25,B,hist,10.0,all,0.28287054414623347,0.044137705963366546,50
frac0.25,B,hist,10.0,post,0.19376119880062753,0.06247467148016189,50
frac0.25,B,hist,10.0,pre,0.3529204032596405,0.03315487983429937,50
frac0.25,B,hist,30.0,all,0.32031185399450346,0.048744532783784864,50
frac0.25,B,hist,30.0,post,0.2253264731778033,0.06884061248555061,50
frac0.25,B,hist,30.0,pre,0.3966768381827855,0.03634808526777415,50
frac0.25,B,hist,100.0,all,0.36170466994074196,0.05583792632945417,50
frac0.25,B,hist,100.0,post,0.27267089074106804,0.07774291225380761,50
frac0.25,B,hist,100.0,pre,0.43735469074228833,0.04413204377536516,50
frac0.25,B,in,0.0,all,0.06389818108138023,0.0018773498805932439,50
frac0.25,B,in,0.0,post,0.06566941191115037,0.009396451990496438,50
frac0.25,B,in,0.0,pre,0.06483699331803,0.007597321913388701,50
frac0.25,B,in,0.01,all,0.0635571927214098,0.0018579286774866805,50
frac0.25,B,in,0.01,post,0.06527947062548844,0.009314803807107187,50
frac0.25,B,in,0.01,pre,0.06452458243092217,0.0075214101566043485,50
frac0.25,B,in,0.03,all,0.06319356288385794,0.0018512195382779375,50
frac0.25,B,in,0.03,post,0.06466626918217391,0.009181402193089971,50
frac0.25,B,in,0.03,pre,0.06436972582779212,0.007321027200457613,50
frac0.25,B,in,0.1,all,0.06473275436933737,0.00268570205467283,50
frac0.25,B,in,0.1,post,0.06403380865368356,0.009094491861604426,50
frac0.25,B,in,0.1,pre,0.06786421594151877,0.006587553019443331,50
frac0.25,B,in,0.3,all,0.08142534034872691,0.009169403146420752,50
frac0.25,B,in,0.3,post,0.06996174684696535,0.012873352600316898,50
frac0.25,B,in,0.3,pre,0.09331466979547094,0.009195141826853343,50
frac0.25,B,in,1.0,all,0.1426196023390156,0.023436583562844535,50
frac0.25,B,in,1.0,post,0.10291213642302623,0.030283516474375258,50
frac0.25,B,in,1.0,pre,0.1750207647139389,0.019719112831058976,50
frac0.25,B,in,3.0,all,0.219018742110061,0.03567576543155643,50
frac0.25,B,in,3.0,post,0.1505380370889555,0.04900573346542844,50
frac0.25,B,in,3.0,pre,0.27277382027655045,0.027877811531209638,50
frac0.25,B,in,10.0,all,0.28061976299682423,0.04392827656575945,50
frac0.25,B,in,10.0,post,0.19050760080196316,0.06261684997427314,50
frac0.25,B,in,10.0,pre,0.3509571988831872,0.03285701251097154,50
frac0.25,B,in,30.0,all,0.30991059047929426,0.04773346719548666,50
frac0.25,B,in,30.0,post,0.20975681122095957,0.06880982130854682,50
frac0.25,B,in,30.0,pre,0.3880362070798025,0.0348889317536885,50
frac0.25,B,in,100.0,all,0.32435553894720814,0.04995343196989663,50
frac0.25,B,in,100.0,post,0.21934544252785454,0.07181638521140135,50
frac0.25,B,in,100.0,pre,0.4062473930405874,0.03613357407502178,50
frac0.25,B,legs,0.0,all,0.06389818108144316,0.0018773498805970176,50
frac0.25,B,legs,0.0,post,0.0656694119111629,0.009396451990496216,50
frac0.25,B,legs,0.0,pre,0.06483699331814402,0.007597321913395319,50
frac0.25,B,legs,0.01,all,0.06389818108144316,0.0018773498805970176,50
frac0.25,B,legs,0.01,post,0.0656694119111629,0.009396451990496216,50
frac0.25,B,legs,0.01,pre,0.06483699331814402,0.007597321913395319,50
frac0.25,B,legs,0.03,all,0.06389818108144316,0.0018773498805970176,50
frac0.25,B,legs,0.03,post,0.0656694119111629,0.009396451990496216,50
frac0.25,B,legs,0.03,pre,0.06483699331814402,0.007597321913395319,50
frac0.25,B,legs,0.1,all,0.06389818108144316,0.0018773498805970176,50
frac0.25,B,legs,0.1,post,0.0656694119111629,0.009396451990496216,50
frac0.25,B,legs,0.1,pre,0.06483699331814402,0.007597321913395319,50
frac0.25,B,legs,0.3,all,0.06389818108144316,0.0018773498805970176,50
frac0.25,B,legs,0.3,post,0.0656694119111629,0.009396451990496216,50
frac0.25,B,legs,0.3,pre,0.06483699331814402,0.007597321913395319,50
frac0.25,B,legs,1.0,all,0.06389818108144316,0.0018773498805970176,50
frac0.25,B,legs,1.0,post,0.0656694119111629,0.009396451990496216,50
frac0.25,B,legs,1.0,pre,0.06483699331814402,0.007597321913395319,50
frac0.25,B,legs,3.0,all,0.06389818108144316,0.0018773498805970176,50
frac0.25,B,legs,3.0,post,0.0656694119111629,0.009396451990496216,50
frac0.25,B,legs,3.0,pre,0.06483699331814402,0.007597321913395319,50
frac0.25,B,legs,10.0,all,0.06389818108144316,0.0018773498805970176,50
frac0.25,B,legs,10.0,post,0.0656694119111629,0.009396451990496216,50
frac0.25,B,legs,10.0,pre,0.06483699331814402,0.007597321913395319,50
frac0.25,B,legs,30.0,all,0.06389818108144316,0.0018773498805970176,50
frac0.25,B,legs,30.0,post,0.0656694119111629,0.009396451990496216,50
frac0.25,B,legs,30.0,pre,0.06483699331814402,0.007597321913395319,50
frac0.25,B,legs,100.0,all,0.06389818108144316,0.0018773498805970176,50
frac0.25,B,legs,100.0,post,0.0656694119111629,0.009396451990496216,50
frac0.25,B,legs,100.0,pre,0.06483699331814402,0.007597321913395319,50
frac0.25,B,point,0.0,all,0.3163141194092264,0.0018206343406547813,50
frac0.25,B,point,0.0,post,0.32376699502608763,0.0423172482943834,50
frac0.25,B,point,0.0,pre,0.3225383934547895,0.03934692484009861,50
frac0.25,B,point,0.01,all,0.3142461506460221,0.0018628796474980374,50
frac0.25,B,point,0.01,post,0.3216343399779925,0.04198080814722343,50
frac0.25,B,point,0.01,pre,0.320444297771068,0.03914750058521375,50
frac0.25,B,point,0.03,all,0.31028377384406786,0.0019938401376216647,50
frac0.25,B,point,0.03,post,0.31751288958410184,0.041335686081388004,50
frac0.25,B,point,0.03,pre,0.31646399890463106,0.03874463904182792,50
frac0.25,B,point,0.1,all,0.2980630895046349,0.0026285898050519415,50
frac0.25,B,point,0.1,post,0.30445781415309675,0.03933618674557874,50
frac0.25,B,point,0.1,pre,0.3045020449065149,0.03729854316540006,50
frac0.25,B,point,0.3,all,0.27390928351804666,0.004419121674405854,50
frac0.25,B,point,0.3,post,0.2762230891736485,0.03528998878617091,50
frac0.25,B,point,0.3,pre,0.2830387307858496,0.03312270378899442,50
frac0.25,B,point,1.0,all,0.2479631668236102,0.013549256792310895,50
frac0.25,B,point,1.0,post,0.23034566301960469,0.03194464565158479,50
frac0.25,B,point,1.0,pre,0.2725032514777317,0.024613692479851436,50
frac0.25,B,point,3.0,all,0.2621403507987543,0.02993451535323933,50
frac0.25,B,point,3.0,post,0.20769501259665005,0.04304659481705301,50
frac0.25,B,point,3.0,pre,0.3123869239269565,0.02701429164173769,50
frac0.25,B,point,10.0,all,0.2991527155269859,0.041589154366100695,50
frac0.25,B,point,10.0,post,0.21274789239128197,0.058667616339303376,50
frac0.25,B,point,10.0,pre,0.36993748955288175,0.03283069235759317,50
frac0.25,B,point,30.0,all,0.32222704213329345,0.046278957025351626,50
frac0.25,B,point,30.0,post,0.22185503988135177,0.06605070127663122,50
frac0.25,B,point,30.0,pre,0.4021521995290142,0.03510831372685066,50
frac0.25,B,point,100.0,all,0.3348511375077004,0.04873565001095397,50
frac0.25,B,point,100.0,post,0.22821891343390427,0.0694703698961297,50
frac0.25,B,point,100.0,pre,0.4190427070468649,0.03640637287353114,50
frac1.0,A,cur,0.0,all,0.10466063082911209,0.02154732104534279,50
frac1.0,A,cur,0.0,post,0.11172567199548364,0.030597339863568853,50
frac1.0,A,cur,0.0,pre,0.1016866705355823,0.02707305110358821,50
frac1.0,A,cur,0.01,all,0.10447182588556143,0.021561140304650464,50
frac1.0,A,cur,0.01,post,0.11108743171942147,0.030399238836779294,50
frac1.0,A,cur,0.01,pre,0.10194424114442568,0.02714015556575555,50
frac1.0,A,cur,0.03,all,0.10460313050021268,0.021457259207367612,50
frac1.0,A,cur,0.03,post,0.10993473066489376,0.02999963612730953,50
frac1.0,A,cur,0.03,pre,0.1033281323504211,0.027026661314659733,50
frac1.0,A,cur,0.1,all,0.10937136258106107,0.020193253669130558,50
frac1.0,A,cur,0.1,post,0.10705114777364852,0.028584047231016197,50
frac1.0,A,cur,0.1,pre,0.11491525352325402,0.025097269274260134,50
frac1.0,A,cur,0.3,all,0.13968006497849295,0.017877778488912782,50
frac1.0,A,cur,0.3,post,0.10555069769212491,0.025261757378890835,50
frac1.0,A,cur,0.3,pre,0.16725683966318147,0.020608518356507288,50
frac1.0,A,cur,1.0,all,0.23865641750835437,0.02935480150568333,50
frac1.0,A,cur,1.0,post,0.12233389548947418,0.028616692556082037,50
frac1.0,A,cur,1.0,pre,0.3108484196307309,0.024505615247426966,50
frac1.0,A,cur,3.0,all,0.3592066921983396,0.04346003510098323,50
frac1.0,A,cur,3.0,post,0.15922394307599474,0.045430102573260765,50
frac1.0,A,cur,3.0,pre,0.4754342289401194,0.02821345536980403,50
frac1.0,A,cur,10.0,all,0.45587798916140365,0.05174451075537937,50
frac1.0,A,cur,10.0,post,0.19496065936678114,0.05972261518572183,50
frac1.0,A,cur,10.0,pre,0.605471574298777,0.02579460295560911,50
frac1.0,A,cur,30.0,all,0.501778885375791,0.054757126222915384,50
frac1.0,A,cur,30.0,post,0.21296488245879644,0.06640701411089958,50
frac1.0,A,cur,30.0,pre,0.6670124933590165,0.022429564767822405,50
frac1.0,A,cur,100.0,all,0.5242467382795101,0.056131026273965566,50
frac1.0,A,cur,100.0,post,0.22206438200670056,0.06958602280336522,50
frac1.0,A,cur,100.0,pre,0.6970601585204386,0.020477309101887466,50
frac1.0,A,hist,0.0,all,0.10466063082911209,0.02154732104534279,50
frac1.0,A,hist,0.0,post,0.11172567199548364,0.030597339863568863,50
frac1.0,A,hist,0.0,pre,0.1016866705355823,0.02707305110358818,50
frac1.0,A,hist,0.01,all,0.10441281464012692,0.021589306170186125,50
frac1.0,A,hist,0.01,post,0.11147666691230905,0.03060840736349977,50
frac1.0,A,hist,0.01,pre,0.10142367724070861,0.02709651400541844,50
frac1.0,A,hist,0.03,all,0.10401790791519348,0.021645806645021675,50
frac1.0,A,hist,0.03,post,0.11108190291845438,0.030614518520490627,50
frac1.0,A,hist,0.03,pre,0.10100102135287357,0.027123390246076715,50
frac1.0,A,hist,0.1,all,0.10354479452379765,0.02160572262252686,50
frac1.0,A,hist,0.1,post,0.11063164925626262,0.030493827574815988,50
frac1.0,A,hist,0.1,pre,0.10045603010067915,0.027045518143812165,50
frac1.0,A,hist,0.3,all,0.10706718298267698,0.02075638745749854,50
frac1.0,A,hist,0.3,post,0.11432623293834233,0.029817657276221037,50
frac1.0,A,hist,0.3,pre,0.10392636045475351,0.026366998525747233,50
frac1.0,A,hist,1.0,all,0.1304603543292334,0.023288781779336066,50
frac1.0,A,hist,1.0,post,0.13836924860371286,0.032991139323565156,50
frac1.0,A,hist,1.0,pre,0.12765083122187396,0.028700981593011703,50
frac1.0,A,hist,3.0,all,0.1714410447300141,0.03468548359345676,50
frac1.0,A,hist,3.0,post,0.18016868948446083,0.045123462083401754,50
frac1.0,A,hist,3.0,pre,0.16946964093373282,0.03892842465406124,50
frac1.0,A,hist,10.0,all,0.22179732918223433,0.04536832902684566,50
frac1.0,A,hist,10.0,post,0.23056751702008582,0.05674378813983629,50
frac1.0,A,hist,10.0,pre,0.22144644435057018,0.049742920254549225,50
frac1.0,A,hist,30.0,all,0.274038459722501,0.054496897137517535,50
frac1.0,A,hist,30.0,post,0.28160966166184,0.06614171959713339,50
frac1.0,A,hist,30.0,pre,0.2756939657271762,0.06182522750109798,50
frac1.0,A,hist,100.0,all,0.3247032532585643,0.06619890841492759,50
frac1.0,A,hist,100.0,post,0.3307763243789042,0.07771092956458177,50
frac1.0,A,hist,100.0,pre,0.3280612499010331,0.07786087517610783,50
frac1.0,A,in,0.0,all,0.10466063082906313,0.02154732104535636,50
frac1.0,A,in,0.0,post,0.11172567199547004,0.03059733986356855,50
frac1.0,A,in,0.0,pre,0.10168667053549728,0.027073051103589475,50
frac1.0,A,in,0.01,all,0.10441260013243996,0.021589395869520293,50
frac1.0,A,in,0.01,post,0.11147546061882274,0.030609060769701164,50
frac1.0,A,in,0.01,pre,0.10142479364364336,0.027095368976535878,50
frac1.0,A,in,0.03,all,0.10401655192806826,0.02164572230059785,50
frac1.0,A,in,0.03,post,0.11107772772557459,0.030616521390386436,50
frac1.0,A,in,0.03,pre,0.10100339920984196,0.027119919802026597,50
frac1.0,A,in,0.1,all,0.10353212266539595,0.021601642429419768,50
frac1.0,A,in,0.1,post,0.11061137770827977,0.03050091947335492,50
frac1.0,A,in,0.1,pre,0.1004527867631799,0.02703372379588469,50
frac1.0,A,in,0.3,all,0.10696716600612134,0.020718992665280524,50
frac1.0,A,in,0.3,post,0.1142173925505683,0.029840637537709765,50
frac1.0,A,in,0.3,pre,0.10383193873213374,0.026333618278720133,50
frac1.0,A,in,1.0,all,0.12967448514760382,0.023115123174588317,50
frac1.0,A,in,1.0,post,0.13764284129432472,0.033083038812142855,50
frac1.0,A,in,1.0,pre,0.12675845938828934,0.02866852404251121,50
frac1.0,A,in,3.0,all,0.167266548173118,0.03457290697709419,50
frac1.0,A,in,3.0,post,0.17634674983588444,0.045580968970119505,50
frac1.0,A,in,3.0,pre,0.16477219685661348,0.039126042775975235,50
frac1.0,A,in,10.0,all,0.2012817836859515,0.0454634519006211,50
frac1.0,A,in,10.0,post,0.21138717362349868,0.05796680746505522,50
frac1.0,A,in,10.0,pre,0.19915990134379147,0.049527864422846075,50
frac1.0,A,in,30.0,all,0.21820228075342774,0.05071755562553334,50
frac1.0,A,in,30.0,post,0.22874640662842918,0.06417862672011872,50
frac1.0,A,in,30.0,pre,0.21633915069156096,0.05458523656103415,50
frac1.0,A,in,100.0,all,0.22676371069674592,0.05331544513656022,50
frac1.0,A,in,100.0,post,0.23744753920517106,0.06722402063695691,50
frac1.0,A,in,100.0,pre,0.22509614026237698,0.05712113449432152,50
frac1.0,A,legs,0.0,all,0.10466063082911209,0.021547321045342797,50
frac1.0,A,legs,0.0,post,0.11172567199548367,0.03059733986356886,50
frac1.0,A,legs,0.0,pre,0.10168667053558228,0.0270730511035882,50
frac1.0,A,legs,0.01,all,0.10466063082911209,0.021547321045342797,50
frac1.0,A,legs,0.01,post,0.11172567199548367,0.03059733986356886,50
frac1.0,A,legs,0.01,pre,0.10168667053558228,0.0270730511035882,50
frac1.0,A,legs,0.03,all,0.10466063082911209,0.021547321045342797,50
frac1.0,A,legs,0.03,post,0.11172567199548367,0.03059733986356886,50
frac1.0,A,legs,0.03,pre,0.10168667053558228,0.0270730511035882,50
frac1.0,A,legs,0.1,all,0.10466063082911209,0.021547321045342797,50
frac1.0,A,legs,0.1,post,0.11172567199548367,0.03059733986356886,50
frac1.0,A,legs,0.1,pre,0.10168667053558228,0.0270730511035882,50
frac1.0,A,legs,0.3,all,0.10466063082911209,0.021547321045342797,50
frac1.0,A,legs,0.3,post,0.11172567199548367,0.03059733986356886,50
frac1.0,A,legs,0.3,pre,0.10168667053558228,0.0270730511035882,50
frac1.0,A,legs,1.0,all,0.10466063082911209,0.021547321045342797,50
frac1.0,A,legs,1.0,post,0.11172567199548367,0.03059733986356886,50
frac1.0,A,legs,1.0,pre,0.10168667053558228,0.0270730511035882,50
frac1.0,A,legs,3.0,all,0.10466063082911209,0.021547321045342797,50
frac1.0,A,legs,3.0,post,0.11172567199548367,0.03059733986356886,50
frac1.0,A,legs,3.0,pre,0.10168667053558228,0.0270730511035882,50
frac1.0,A,legs,10.0,all,0.10466063082911209,0.021547321045342797,50
frac1.0,A,legs,10.0,post,0.11172567199548367,0.03059733986356886,50
frac1.0,A,legs,10.0,pre,0.10168667053558228,0.0270730511035882,50
frac1.0,A,legs,30.0,all,0.10466063082911209,0.021547321045342797,50
frac1.0,A,legs,30.0,post,0.11172567199548367,0.03059733986356886,50
frac1.0,A,legs,30.0,pre,0.10168667053558228,0.0270730511035882,50
frac1.0,A,legs,100.0,all,0.10466063082911209,0.021547321045342797,50
frac1.0,A,legs,100.0,post,0.11172567199548367,0.03059733986356886,50
frac1.0,A,legs,100.0,pre,0.10168667053558228,0.0270730511035882,50
frac1.0,A,point,0.0,all,0.31633226679401083,0.0016280290927800775,50
frac1.0,A,point,0.0,post,0.3305309121149886,0.039812240076130635,50
frac1.0,A,point,0.0,pre,0.3146128000521926,0.035402547387148056,50
frac1.0,A,point,0.01,all,0.31425399258982234,0.0016798576454247437,50
frac1.0,A,point,0.01,post,0.3283627704296687,0.039541520289199286,50
frac1.0,A,point,0.01,pre,0.31254302878383144,0.03519770294856997,50
frac1.0,A,point,0.03,all,0.31023591497517333,0.0018367626684715626,50
frac1.0,A,point,0.03,post,0.3241711637595722,0.03902411329140583,50
frac1.0,A,point,0.03,pre,0.3085411045315871,0.034800677615377966,50
frac1.0,A,point,0.1,all,0.29749265522101537,0.0025613395590087973,50
frac1.0,A,point,0.1,post,0.31087959606801613,0.03743113634575903,50
frac1.0,A,point,0.1,pre,0.2958464529291933,0.033526015276183214,50
frac1.0,A,point,0.3,all,0.26984161647840016,0.0041361092651086675,50
frac1.0,A,point,0.3,post,0.2820513408343938,0.034199092310454336,50
frac1.0,A,point,0.3,pre,0.26828530616180546,0.03061062752883712,50
frac1.0,A,point,1.0,all,0.22456997334649184,0.010255237787600882,50
frac1.0,A,point,1.0,post,0.23489999271567086,0.03099211349404516,50
frac1.0,A,point,1.0,pre,0.22310238832087237,0.026298989168202908,50
frac1.0,A,point,3.0,all,0.20184128848888871,0.027779028511805755,50
frac1.0,A,point,3.0,post,0.2112053395907559,0.04060398348443299,50
frac1.0,A,point,3.0,pre,0.20042812527717874,0.03364251033306107,50
frac1.0,A,point,10.0,all,0.2063709651679646,0.04494548778439599,50
frac1.0,A,point,10.0,post,0.21575172696468947,0.05659147218702824,50
frac1.0,A,point,10.0,pre,0.2051340411572744,0.04782792377391618,50
frac1.0,A,point,30.0,all,0.21514995112181348,0.05246830426690645,50
frac1.0,A,point,30.0,post,0.22470356540172265,0.06458574388762252,50
frac1.0,A,point,30.0,pre,0.2141105514626003,0.05477510935668974,50
frac1.0,A,point,100.0,all,0.221410923195514,0.05569325635432635,50
frac1.0,A,point,100.0,post,0.2310462806147809,0.06814435400572585,50
frac1.0,A,point,100.0,pre,0.22053604912599747,0.05792670959333583,50
frac1.0,B,cur,0.0,all,0.06402939841540889,0.0021027970995807286,50
frac1.0,B,cur,0.0,post,0.06696353712317853,0.00899329460401526,50
frac1.0,B,cur,0.0,pre,0.06373405961185695,0.008105724471252287,50
frac1.0,B,cur,0.01,all,0.063639655219305,0.002090752607788395,50
frac1.0,B,cur,0.01,post,0.06657660710852344,0.008919069394710896,50
frac1.0,B,cur,0.01,pre,0.06332314418538641,0.008050245743838122,50
frac1.0,B,cur,0.03,all,0.06301284899315145,0.0020619719593854987,50
frac1.0,B,cur,0.03,post,0.06595986802797409,0.008800997446493245,50
frac1.0,B,cur,0.03,pre,0.06265481789078661,0.0079363283231171,50
frac1.0,B,cur,0.1,all,0.06221407558948151,0.0022820187326152174,50
frac1.0,B,cur,0.1,post,0.06523317038640154,0.008762329709937216,50
frac1.0,B,cur,0.1,pre,0.06172360275938664,0.007615779795069443,50
frac1.0,B,cur,0.3,all,0.06724655624495637,0.0074646736962361805,50
frac1.0,B,cur,0.3,post,0.07063620877496207,0.012299285681644,50
frac1.0,B,cur,0.3,pre,0.06649899211025037,0.009793960324817946,50
frac1.0,B,cur,1.0,all,0.09767169805497881,0.024131201324384115,50
frac1.0,B,cur,1.0,post,0.10238567403750576,0.029172866618380963,50
frac1.0,B,cur,1.0,pre,0.09670267182001092,0.024911733662256866,50
frac1.0,B,cur,3.0,all,0.1427994508336248,0.04065884795831195,50
frac1.0,B,cur,3.0,post,0.1492777837496603,0.047740984907303566,50
frac1.0,B,cur,3.0,pre,0.14187254905198304,0.0417186828032668,50
frac1.0,B,cur,10.0,all,0.1811081981257056,0.05224595492188778,50
frac1.0,B,cur,10.0,post,0.18900919583015832,0.06137106499304729,50
frac1.0,B,cur,10.0,pre,0.18036073954403034,0.05373939355412035,50
frac1.0,B,cur,30.0,all,0.19960836356997658,0.05743822193634942,50
frac1.0,B,cur,30.0,post,0.20813362985040726,0.06774265681055691,50
frac1.0,B,cur,30.0,pre,0.19902372035373223,0.059082527470426166,50
frac1.0,B,cur,100.0,all,0.20882478041728617,0.05985474904664131,50
frac1.0,B,cur,100.0,post,0.21762927516121594,0.0707818770855713,50
frac1.0,B,cur,100.0,pre,0.2083373260773345,0.06155028682705843,50
frac1.0,B,hist,0.0,all,0.0640293984154089,0.002102797099580719,50
frac1.0,B,hist,0.0,post,0.06696353712317853,0.00899329460401529,50
frac1.0,B,hist,0.0,pre,0.06373405961185698,0.008105724471252252,50
frac1.0,B,hist,0.01,all,0.06376389667979218,0.002118791294932005,50
frac1.0,B,hist,0.01,post,0.06659990302712426,0.008926484856248584,50
frac1.0,B,hist,0.01,pre,0.06354316643509392,0.008026747509576706,50
frac1.0,B,hist,0.03,all,0.06401051813917985,0.002128377989756126,50
frac1.0,B,hist,0.03,post,0.0660459018258853,0.008826849994496278,50
frac1.0,B,hist,0.03,pre,0.06449774093471868,0.007650588200083472,50
frac1.0,B,hist,0.1,all,0.07122547870759306,0.00372637099685905,50
frac1.0,B,hist,0.1,post,0.06568201284692501,0.0088732508677874,50
frac1.0,B,hist,0.1,pre,0.07785061792740229,0.00630450270354387,50
frac1.0,B,hist,0.3,all,0.11109870368014611,0.013919819292008967,50
frac1.0,B,hist,0.3,post,0.07273087033464666,0.012503345794963365,50
frac1.0,B,hist,0.3,pre,0.138230070783327,0.012953973255385371,50
frac1.0,B,hist,1.0,all,0.22224768376742543,0.03221513802756839,50
frac1.0,B,hist,1.0,post,0.10965734763781886,0.0284649107165176,50
frac1.0,B,hist,1.0,pre,0.2902175627108162,0.025859641523693765,50
frac1.0,B,hist,3.0,all,0.34948634210527024,0.04614621270596914,50
frac1.0,B,hist,3.0,post,0.16479300602914915,0.04536025678067859,50
frac1.0,B,hist,3.0,pre,0.4589852143958945,0.030531339515478276,50
frac1.0,B,hist,10.0,all,0.45531721714168116,0.05356331213870341,50
frac1.0,B,hist,10.0,post,0.22427930634834375,0.0570549938017779,50
frac1.0,B,hist,10.0,pre,0.5952571061407602,0.02782020534588476,50
frac1.0,B,hist,30.0,all,0.5179097691615703,0.05490192692923908,50
frac1.0,B,hist,30.0,post,0.279280350405645,0.06595701713795162,50
frac1.0,B,hist,30.0,pre,0.6686020896667678,0.023512128553032224,50
frac1.0,B,hist,100.0,all,0.5614090883955972,0.05536738124907946,50
frac1.0,B,hist,100.0,post,0.3300619251914582,0.07748562750387629,50
frac1.0,B,hist,100.0,pre,0.7136861225483407,0.022132697041505264,50
frac1.0,B,in,0.0,all,0.06402939841533895,0.0021027970995593157,50
frac1.0,B,in,0.0,post,0.06696353712317235,0.008993294604010013,50
frac1.0,B,in,0.0,pre,0.06373405961172096,0.008105724471203399,50
frac1.0,B,in,0.01,all,0.0637638245553031,0.002118624417350292,50
frac1.0,B,in,0.01,post,0.06659879382105267,0.0089259789065303,50
frac1.0,B,in,0.01,pre,0.06354408663888425,0.00802723664007356,50
frac1.0,B,in,0.03,all,0.06400974510516448,0.0021275246619918394,50
frac1.0,B,in,0.03,post,0.0660424865726263,0.008825323492913012,50
frac1.0,B,in,0.03,pre,0.06449942016560464,0.007651693307390887,50
frac1.0,B,in,0.1,all,0.0712129543719933,0.003723258341187779,50
frac1.0,B,in,0.1,post,0.06566684343803672,0.008867640045547857,50
frac1.0,B,in,0.1,pre,0.07783968631893827,0.00630461641543087,50
frac1.0,B,in,0.3,all,0.11098255291717538,0.013924807116161161,50
frac1.0,B,in,0.3,post,0.07262113794200603,0.012484781029774903,50
frac1.0,B,in,0.3,pre,0.13809830536112538,0.012966516518821355,50
frac1.0,B,in,1.0,all,0.22152522252781456,0.03228108808806254,50
frac1.0,B,in,1.0,post,0.10869941638126349,0.028493812190148893,50
frac1.0,B,in,1.0,pre,0.2894510752374541,0.02595789213086093,50
frac1.0,B,in,3.0,all,0.34679214932727076,0.04645623792276533,50
frac1.0,B,in,3.0,post,0.160019334247159,0.04584298361008005,50
frac1.0,B,in,3.0,pre,0.45645535117555314,0.030880131054373292,50
frac1.0,B,in,10.0,all,0.44534371761284697,0.054958937311573614,50
frac1.0,B,in,10.0,post,0.20296605070723517,0.058614011992447375,50
frac1.0,B,in,10.0,pre,0.5872611465165432,0.02907775223171721,50
frac1.0,B,in,30.0,all,0.49208150987112526,0.05832853362901655,50
frac1.0,B,in,30.0,post,0.22355934056051174,0.06460989706661563,50
frac1.0,B,in,30.0,pre,0.6493303614200157,0.02650791478593985,50
frac1.0,B,in,100.0,all,0.5150616280344997,0.059765256298625925,50
frac1.0,B,in,100.0,post,0.23374829887504187,0.06749897926963659,50
frac1.0,B,in,100.0,pre,0.6798552288849219,0.02462914551086709,50
frac1.0,B,legs,0.0,all,0.0640293984154089,0.0021027970995807378,50
frac1.0,B,legs,0.0,post,0.06696353712317853,0.008993294604015262,50
frac1.0,B,legs,0.0,pre,0.06373405961185695,0.00810572447125229,50
frac1.0,B,legs,0.01,all,0.0640293984154089,0.0021027970995807378,50
frac1.0,B,legs,0.01,post,0.06696353712317853,0.008993294604015262,50
frac1.0,B,legs,0.01,pre,0.06373405961185695,0.00810572447125229,50
frac1.0,B,legs,0.03,all,0.0640293984154089,0.0021027970995807378,50
frac1.0,B,legs,0.03,post,0.06696353712317853,0.008993294604015262,50
frac1.0,B,legs,0.03,pre,0.06373405961185695,0.00810572447125229,50
frac1.0,B,legs,0.1,all,0.0640293984154089,0.0021027970995807378,50
frac1.0,B,legs,0.1,post,0.06696353712317853,0.008993294604015262,50
frac1.0,B,legs,0.1,pre,0.06373405961185695,0.00810572447125229,50
frac1.0,B,legs,0.3,all,0.0640293984154089,0.0021027970995807378,50
frac1.0,B,legs,0.3,post,0.06696353712317853,0.008993294604015262,50
frac1.0,B,legs,0.3,pre,0.06373405961185695,0.00810572447125229,50
frac1.0,B,legs,1.0,all,0.0640293984154089,0.0021027970995807378,50
frac1.0,B,legs,1.0,post,0.06696353712317853,0.008993294604015262,50
frac1.0,B,legs,1.0,pre,0.06373405961185695,0.00810572447125229,50
frac1.0,B,legs,3.0,all,0.0640293984154089,0.0021027970995807378,50
frac1.0,B,legs,3.0,post,0.06696353712317853,0.008993294604015262,50
frac1.0,B,legs,3.0,pre,0.06373405961185695,0.00810572447125229,50
frac1.0,B,legs,10.0,all,0.0640293984154089,0.0021027970995807378,50
frac1.0,B,legs,10.0,post,0.06696353712317853,0.008993294604015262,50
frac1.0,B,legs,10.0,pre,0.06373405961185695,0.00810572447125229,50
frac1.0,B,legs,30.0,all,0.0640293984154089,0.0021027970995807378,50
frac1.0,B,legs,30.0,post,0.06696353712317853,0.008993294604015262,50
frac1.0,B,legs,30.0,pre,0.06373405961185695,0.00810572447125229,50
frac1.0,B,legs,100.0,all,0.0640293984154089,0.0021027970995807378,50
frac1.0,B,legs,100.0,post,0.06696353712317853,0.008993294604015262,50
frac1.0,B,legs,100.0,pre,0.06373405961185695,0.00810572447125229,50
frac1.0,B,point,0.0,all,0.3164934961340752,0.0026409888884730654,50
frac1.0,B,point,0.0,post,0.3305309121149886,0.039812240076130635,50
frac1.0,B,point,0.0,pre,0.3152430015899081,0.03650635144221727,50
frac1.0,B,point,0.01,all,0.31443963752076565,0.002665822272053912,50
frac1.0,B,point,0.01,post,0.3283627704296687,0.039541520289199286,50
frac1.0,B,point,0.01,pre,0.31321889260362373,0.03629200108579393,50
frac1.0,B,point,0.03,all,0.31060231545922135,0.002729785967743318,50
frac1.0,B,point,0.03,post,0.3241711637595722,0.03902411329140583,50
frac1.0,B,point,0.03,pre,0.30956310554629923,0.03582863516514827,50
frac1.0,B,point,0.1,all,0.2997193529926497,0.0028924771935900117,50
frac1.0,B,point,0.1,post,0.31087959606801613,0.03743113634575903,50
frac1.0,B,point,0.1,pre,0.30043902640009584,0.033888344461983376,50
frac1.0,B,point,0.3,all,0.28463829217078745,0.004417427861458034,50
frac1.0,B,point,0.3,post,0.2820513408343938,0.034199092310454336,50
frac1.0,B,point,0.3,pre,0.29644602828626954,0.027350797959945106,50
frac1.0,B,point,1.0,all,0.3019136338474845,0.021565611912052637,50
frac1.0,B,point,1.0,post,0.23489999271567086,0.03099211349404516,50
frac1.0,B,point,1.0,pre,0.35768044763964674,0.02110548225039211,50
frac1.0,B,point,3.0,all,0.3779538592317921,0.04154488618343998,50
frac1.0,B,point,3.0,post,0.2112053395907559,0.04060398348443299,50
frac1.0,B,point,3.0,pre,0.4860524467010709,0.027166939394240305,50
frac1.0,B,point,10.0,all,0.4605419508225009,0.05239438064755717,50
frac1.0,B,point,10.0,post,0.21575172696468947,0.05659147218702824,50
frac1.0,B,point,10.0,pre,0.6062386900852111,0.026231592088705683,50
frac1.0,B,point,30.0,all,0.5036258908256561,0.05613084349460303,50
frac1.0,B,point,30.0,post,0.22470356540172265,0.06458574388762252,50
frac1.0,B,point,30.0,pre,0.6663321988630015,0.0230416020406297,50
frac1.0,B,point,100.0,all,0.5256122218780487,0.057622820176501,50
frac1.0,B,point,100.0,post,0.2310462806147809,0.06814435400572585,50
frac1.0,B,point,100.0,pre,0.6964883600728596,0.020535669068791538,50
snr-10,A,cur,0.0,all,0.6358210862458923,0.019552490893993003,50
snr-10,A,cur,0.0,post,0.642453330863772,0.09938903992778317,50
snr-10,A,cur,0.0,pre,0.6694921056155936,0.1049314330400043,50
snr-10,A,cur,0.01,all,0.6316830499863731,0.01942959834111742,50
snr-10,A,cur,0.01,post,0.6382450213478932,0.09866090135841536,50
snr-10,A,cur,0.01,pre,0.6651656465592893,0.10432741649765623,50
snr-10,A,cur,0.03,all,0.6236742672482327,0.01921983401339972,50
snr-10,A,cur,0.03,post,0.6300689072392427,0.09725627650479468,50
snr-10,A,cur,0.03,pre,0.6568223301419978,0.10314837704445465,50
snr-10,A,cur,0.1,all,0.5981927667618209,0.01877200244942879,50
snr-10,A,cur,0.1,post,0.6037512558691123,0.09282189278766659,50
snr-10,A,cur,0.1,pre,0.6305680939100617,0.09928852092107737,50
snr-10,A,cur,0.3,all,0.5423389240838429,0.018581857785975032,50
snr-10,A,cur,0.3,post,0.5439500252899073,0.08319812623367226,50
snr-10,A,cur,0.3,pre,0.5750251934724548,0.08993638370823735,50
snr-10,A,cur,1.0,all,0.44772578993830936,0.01975694677929039,50
snr-10,A,cur,1.0,post,0.4290058194221231,0.06635483024313053,50
snr-10,A,cur,1.0,pre,0.4929112461793384,0.06823871408178879,50
snr-10,A,cur,3.0,all,0.3948243806212936,0.030514831156794934,50
snr-10,A,cur,3.0,post,0.3293938322125014,0.05627720990769612,50
snr-10,A,cur,3.0,pre,0.47219049690558135,0.04677719605081325,50
snr-10,A,cur,10.0,all,0.3986592561388871,0.046187678804082484,50
snr-10,A,cur,10.0,post,0.2806572451515564,0.06074920238503581,50
snr-10,A,cur,10.0,pre,0.507936352568979,0.038141685476244226,50
snr-10,A,cur,30.0,all,0.41408986150919114,0.052785724240036046,50
snr-10,A,cur,30.0,post,0.2700299391881567,0.06685229136447811,50
snr-10,A,cur,30.0,pre,0.5380912660234959,0.035967008063032053,50
snr-10,A,cur,100.0,all,0.4252195735866449,0.05532111783252773,50
snr-10,A,cur,100.0,post,0.26969267745455006,0.07048283496741685,50
snr-10,A,cur,100.0,pre,0.5558901539880503,0.03521512268737944,50
snr-10,A,hist,0.0,all,0.6358210862458925,0.019552490893993003,50
snr-10,A,hist,0.0,post,0.6424533308637721,0.09938903992778314,50
snr-10,A,hist,0.0,pre,0.6694921056155937,0.10493143304000435,50
snr-10,A,hist,0.01,all,0.6316763060973614,0.019429156239073805,50
snr-10,A,hist,0.01,post,0.6382791900031664,0.09867127362560393,50
snr-10,A,hist,0.01,pre,0.665115441563402,0.10430783641794285,50
snr-10,A,hist,0.03,all,0.6236240865736236,0.019216508637987312,50
snr-10,A,hist,0.03,post,0.630169763677965,0.09728678087549013,50
snr-10,A,hist,0.03,pre,0.6566130418670535,0.10310083934871131,50
snr-10,A,hist,0.1,all,0.5977096039786816,0.018751698678680925,50
snr-10,A,hist,0.1,post,0.6040698074049399,0.0929170178005234,50
snr-10,A,hist,0.1,pre,0.6292524802571065,0.09925294115353683,50
snr-10,A,hist,0.3,all,0.5388528222164668,0.018596384794045403,50
snr-10,A,hist,0.3,post,0.5447857474564461,0.08343851034872227,50
snr-10,A,hist,0.3,pre,0.5671263928967769,0.09067102031415282,50
snr-10,A,hist,1.0,all,0.4258995267099089,0.019702891986399025,50
snr-10,A,hist,1.0,post,0.4309969201173458,0.06683924969122121,50
snr-10,A,hist,1.0,pre,0.4479559233345695,0.0745316832422512,50
snr-10,A,hist,3.0,all,0.3287175770742543,0.0261268299219193,50
snr-10,A,hist,3.0,post,0.33302036322815587,0.05658535731264642,50
snr-10,A,hist,3.0,pre,0.3455050015351276,0.06276963697755594,50
snr-10,A,hist,10.0,all,0.2860529303543073,0.04037534866077267,50
snr-10,A,hist,10.0,post,0.2895811587287847,0.05932087750510904,50
snr-10,A,hist,10.0,pre,0.300555078825693,0.06397632865218125,50
snr-10,A,hist,30.0,all,0.2961993680887464,0.04803612152648487,50
snr-10,A,hist,30.0,post,0.29849836811267705,0.06353005054457797,50
snr-10,A,hist,30.0,pre,0.31123749835152287,0.0681340855492525,50
snr-10,A,hist,100.0,all,0.33793526588682804,0.05736736700442047,50
snr-10,A,hist,100.0,post,0.33797537388277527,0.07216347036255057,50
snr-10,A,hist,100.0,pre,0.3553418480281703,0.07712834207297468,50
snr-10,A,in,0.0,all,0.6358210862453002,0.019552490893943314,50
snr-10,A,in,0.0,post,0.642453330863724,0.09938903992777666,50
snr-10,A,in,0.0,pre,0.6694921056143961,0.10493143303978697,50
snr-10,A,in,0.01,all,0.6316767975321533,0.019428414743506414,50
snr-10,A,in,0.01,post,0.6382790405462062,0.09867140098355258,50
snr-10,A,in,0.01,pre,0.6651167755754175,0.10430856697904471,50
snr-10,A,in,0.03,all,0.6236259811554035,0.019214403825403716,50
snr-10,A,in,0.03,post,0.6301697464479544,0.09728725352514489,50
snr-10,A,in,0.03,pre,0.6566175001821515,0.10310323252957772,50
snr-10,A,in,0.1,all,0.5977202099422224,0.018745695243513834,50
snr-10,A,in,0.1,post,0.6040741752565684,0.09291947877250846,50
snr-10,A,in,0.1,pre,0.6292719810512074,0.09926294481533737,50
snr-10,A,in,0.3,all,0.5389100410738601,0.018581133975889733,50
snr-10,A,in,0.3,post,0.5448255082749267,0.08345071078188021,50
snr-10,A,in,0.3,pre,0.5672120062761593,0.09071266697680523,50
snr-10,A,in,1.0,all,0.42618714609888847,0.019647046063614143,50
snr-10,A,in,1.0,post,0.4312399785921112,0.06690349716444113,50
snr-10,A,in,1.0,pre,0.4483384970856553,0.07471958159013933,50
snr-10,A,in,3.0,all,0.3292434250718202,0.02612039774190306,50
snr-10,A,in,3.0,post,0.33347970423410034,0.05689301077251382,50
snr-10,A,in,3.0,pre,0.3462508004052986,0.0633721167110499,50
snr-10,A,in,10.0,all,0.2826841393493536,0.041484588367184626,50
snr-10,A,in,10.0,post,0.286259522898075,0.06091097061770203,50
snr-10,A,in,10.0,pre,0.2974588804175924,0.0659339341160225,50
snr-10,A,in,30.0,all,0.2730655645762662,0.05099318095972474,50
snr-10,A,in,30.0,post,0.27613769514510755,0.06669271058334848,50
snr-10,A,in,30.0,pre,0.28769123069154956,0.0718386388253469,50
snr-10,A,in,100.0,all,0.27318918262380393,0.05555623749608038,50
snr-10,A,in,100.0,post,0.2758839448159446,0.0701849874565027,50
snr-10,A,in,100.0,pre,0.28819340695897394,0.0754987810095193,50
snr-10,A,legs,0.0,all,0.6358210862458923,0.01955249089399303,50
snr-10,A,legs,0.0,post,0.642453330863772,0.09938903992778318,50
snr-10,A,legs,0.0,pre,0.6694921056155936,0.10493143304000434,50
snr-10,A,legs,0.01,all,0.6358210862458923,0.01955249089399303,50
snr-10,A,legs,0.01,post,0.642453330863772,0.09938903992778318,50
snr-10,A,legs,0.01,pre,0.6694921056155936,0.10493143304000434,50
snr-10,A,legs,0.03,all,0.6358210862458923,0.01955249089399303,50
snr-10,A,legs,0.03,post,0.642453330863772,0.09938903992778318,50
snr-10,A,legs,0.03,pre,0.6694921056155936,0.10493143304000434,50
snr-10,A,legs,0.1,all,0.6358210862458923,0.01955249089399303,50
snr-10,A,legs,0.1,post,0.642453330863772,0.09938903992778318,50
snr-10,A,legs,0.1,pre,0.6694921056155936,0.10493143304000434,50
snr-10,A,legs,0.3,all,0.6358210862458923,0.01955249089399303,50
snr-10,A,legs,0.3,post,0.642453330863772,0.09938903992778318,50
snr-10,A,legs,0.3,pre,0.6694921056155936,0.10493143304000434,50
snr-10,A,legs,1.0,all,0.6358210862458923,0.01955249089399303,50
snr-10,A,legs,1.0,post,0.642453330863772,0.09938903992778318,50
snr-10,A,legs,1.0,pre,0.6694921056155936,0.10493143304000434,50
snr-10,A,legs,3.0,all,0.6358210862458923,0.01955249089399303,50
snr-10,A,legs,3.0,post,0.642453330863772,0.09938903992778318,50
snr-10,A,legs,3.0,pre,0.6694921056155936,0.10493143304000434,50
snr-10,A,legs,10.0,all,0.6358210862458923,0.01955249089399303,50
snr-10,A,legs,10.0,post,0.642453330863772,0.09938903992778318,50
snr-10,A,legs,10.0,pre,0.6694921056155936,0.10493143304000434,50
snr-10,A,legs,30.0,all,0.6358210862458923,0.01955249089399303,50
snr-10,A,legs,30.0,post,0.642453330863772,0.09938903992778318,50
snr-10,A,legs,30.0,pre,0.6694921056155936,0.10493143304000434,50
snr-10,A,legs,100.0,all,0.6358210862458923,0.01955249089399303,50
snr-10,A,legs,100.0,post,0.642453330863772,0.09938903992778318,50
snr-10,A,legs,100.0,pre,0.6694921056155936,0.10493143304000434,50
snr-10,A,point,0.0,all,3.1613056149115213,0.016315750513705474,50
snr-10,A,point,0.0,post,3.188004634105901,0.45279356693757206,50
snr-10,A,point,0.0,pre,3.3365877363183807,0.5380306743578799,50
snr-10,A,point,0.01,all,3.1404560983877534,0.0168314605453034,50
snr-10,A,point,0.01,post,3.1669471013219006,0.44959001346628136,50
snr-10,A,point,0.01,pre,3.314600609907757,0.5345585808375956,50
snr-10,A,point,0.03,all,3.09988350968645,0.018461690495985845,50
snr-10,A,point,0.03,post,3.1259703642286256,0.44339545830054844,50
snr-10,A,point,0.03,pre,3.2718140248376075,0.5278241334611788,50
snr-10,A,point,0.1,all,2.9686517102879177,0.02670371037633378,50
snr-10,A,point,0.1,post,2.993437524896662,0.4236967850966171,50
snr-10,A,point,0.1,pre,3.1334187736920023,0.5062201681063284,50
snr-10,A,point,0.3,all,2.6659727612502757,0.04708867457883325,50
snr-10,A,point,0.3,post,2.6877989537488105,0.37993998799146345,50
snr-10,A,point,0.3,pre,2.8142020785426127,0.45710707191750677,50
snr-10,A,point,1.0,all,2.0538461943074275,0.06910552389288263,50
snr-10,A,point,1.0,post,2.0699238037741234,0.29582776812341716,50
snr-10,A,point,1.0,pre,2.168528974300445,0.3575125062573459,50
snr-10,A,point,3.0,all,1.4359153588110232,0.06131473002782788,50
snr-10,A,point,3.0,post,1.4466989792552891,0.21366610041931092,50
snr-10,A,point,3.0,pre,1.5164371678198336,0.2497698582281519,50
snr-10,A,point,10.0,all,1.0019977968004534,0.05889608839943202,50
snr-10,A,point,10.0,post,1.0091665883862715,0.16411385992075997,50
snr-10,A,point,10.0,pre,1.0584857470463958,0.1723190659875727,50
snr-10,A,point,30.0,all,0.8270250015693834,0.05779316808263631,50
snr-10,A,point,30.0,post,0.8313675783321011,0.1385350070923688,50
snr-10,A,point,30.0,pre,0.8751694802269655,0.14805222593399753,50
snr-10,A,point,100.0,all,0.766027724250986,0.05081066738299074,50
snr-10,A,point,100.0,post,0.7679515263482429,0.11729478931718561,50
snr-10,A,point,100.0,pre,0.8126658207940335,0.14483063925889514,50
snr-10,B,cur,0.0,all,0.632926026789464,0.01965294400152303,50
snr-10,B,cur,0.0,post,0.6399191486304207,0.09880967754490054,50
snr-10,B,cur,0.0,pre,0.6658413008451802,0.10372575945380293,50
snr-10,B,cur,0.01,all,0.6287609259895498,0.019520400585747874,50
snr-10,B,cur,0.01,post,0.6357263098472662,0.09808648397014726,50
snr-10,B,cur,0.01,pre,0.6614432782154794,0.10310927669458426,50
snr-10,B,cur,0.03,all,0.6206684504339894,0.019290504058812188,50
snr-10,B,cur,0.03,post,0.6275803026994184,0.0966915717935495,50
snr-10,B,cur,0.03,pre,0.6528980174340125,0.10191596528528744,50
snr-10,B,cur,0.1,all,0.5946170019515253,0.01877668490689549,50
snr-10,B,cur,0.1,post,0.6013600326608582,0.09228945440377445,50
snr-10,B,cur,0.1,pre,0.6253866727954612,0.0981107818160756,50
snr-10,B,cur,0.3,all,0.5353998732336559,0.018555038779741708,50
snr-10,B,cur,0.3,post,0.5417832627706386,0.08274593346361671,50
snr-10,B,cur,0.3,pre,0.5628352421674223,0.08961760109072207,50
snr-10,B,cur,1.0,all,0.4214637545633474,0.01979316033259128,50
snr-10,B,cur,1.0,post,0.42729069514878,0.06610939144700541,50
snr-10,B,cur,1.0,pre,0.4423873879470716,0.07364294358791651,50
snr-10,B,cur,3.0,all,0.32261020994043205,0.027000057806473365,50
snr-10,B,cur,3.0,post,0.32811912381417035,0.05638749257815047,50
snr-10,B,cur,3.0,pre,0.3377368649569934,0.06230480664063771,50
snr-10,B,cur,10.0,all,0.2746109531558985,0.042960474764160525,50
snr-10,B,cur,10.0,post,0.27965961080340046,0.06114186600811015,50
snr-10,B,cur,10.0,pre,0.2871381841405729,0.0649079049700892,50
snr-10,B,cur,30.0,all,0.2647860570266948,0.05253950844631498,50
snr-10,B,cur,30.0,post,0.2691357793371554,0.0672840573206538,50
snr-10,B,cur,30.0,pre,0.27731952411607064,0.07062578720150728,50
snr-10,B,cur,100.0,all,0.2650247031200996,0.05707189116912085,50
snr-10,B,cur,100.0,post,0.26883834948910595,0.07091460416136977,50
snr-10,B,cur,100.0,pre,0.278115843196456,0.07428802771290342,50
snr-10,B,hist,0.0,all,0.6329260267894641,0.019652944001523048,50
snr-10,B,hist,0.0,post,0.6399191486304208,0.09880967754490053,50
snr-10,B,hist,0.0,pre,0.6658413008451803,0.1037257594538029,50
snr-10,B,hist,0.01,all,0.6287651929880881,0.01951491906850785,50
snr-10,B,hist,0.01,post,0.63572372370852,0.09808447735409372,50
snr-10,B,hist,0.01,pre,0.6614504138261807,0.10307070704622272,50
snr-10,B,hist,0.03,all,0.6207102404479332,0.019277657343419016,50
snr-10,B,hist,0.03,post,0.6275729820266173,0.09668575993649259,50
snr-10,B,hist,0.03,pre,0.652978014100072,0.10179571067843732,50
snr-10,B,hist,0.1,all,0.5950634708874649,0.01875755798508817,50
snr-10,B,hist,0.1,post,0.6013405420644478,0.09227238326808071,50
snr-10,B,hist,0.1,pre,0.6262736075778959,0.09765502433380045,50
snr-10,B,hist,0.3,all,0.5387443873728577,0.01847398018341086,50
snr-10,B,hist,0.3,post,0.5417617818908363,0.08271110492386695,50
snr-10,B,hist,0.3,pre,0.5695232261175722,0.08781402679152593,50
snr-10,B,hist,1.0,all,0.44301681426465306,0.019607620537821644,50
snr-10,B,hist,1.0,post,0.4274971819025537,0.06608656901031455,50
snr-10,B,hist,1.0,pre,0.48469741878563793,0.06571755368029446,50
snr-10,B,hist,3.0,all,0.38980270249353216,0.030613098109340042,50
snr-10,B,hist,3.0,post,0.329592607068028,0.05628677332590277,50
snr-10,B,hist,3.0,pre,0.46277500806627825,0.0452893146751647,50
snr-10,B,hist,10.0,all,0.3973247985800689,0.046266444970822995,50
snr-10,B,hist,10.0,post,0.28729735307724075,0.05958889969801179,50
snr-10,B,hist,10.0,pre,0.5015590260996248,0.03978655964817239,50
snr-10,B,hist,30.0,all,0.4260035288400267,0.05133741188438301,50
snr-10,B,hist,30.0,post,0.297386374504577,0.0636897483349927,50
snr-10,B,hist,30.0,pre,0.5422310396831886,0.038868529329709633,50
snr-10,B,hist,100.0,all,0.4651666860793429,0.05386198845211955,50
snr-10,B,hist,100.0,post,0.33759969256553934,0.07210778579392269,50
snr-10,B,hist,100.0,pre,0.5829539036792077,0.04058368451370555,50
snr-10,B,in,0.0,all,0.6329260267888653,0.01965294400147225,50
snr-10,B,in,0.0,post,0.6399191486303724,0.09880967754489417,50
snr-10,B,in,0.0,pre,0.6658413008439686,0.10372575945358323,50
snr-10,B,in,0.01,all,0.6287649795934868,0.01951443976845801,50
snr-10,B,in,0.01,post,0.6357231418493656,0.09808479459825285,50
snr-10,B,in,0.01,pre,0.6614505008935935,0.10306994160255006,50
snr-10,B,in,0.03,all,0.6207100249087992,0.01927625568973411,50
snr-10,B,in,0.03,post,0.6275717142208399,0.09668673673226273,50
snr-10,B,in,0.03,pre,0.6529786923123955,0.10179370268929762,50
snr-10,B,in,0.1,all,0.5950669931280756,0.01875304528585407,50
snr-10,B,in,0.1,post,0.6013411977755116,0.09227582505091333,50
snr-10,B,in,0.1,pre,0.6262799235501898,0.09765124653946812,50
snr-10,B,in,0.3,all,0.538778307490419,0.018458725063134323,50
snr-10,B,in,0.3,post,0.541792772721362,0.0827216050601677,50
snr-10,B,in,0.3,pre,0.5695624975361264,0.08781957798315769,50
snr-10,B,in,1.0,all,0.4431913350329469,0.019544644607160943,50
snr-10,B,in,1.0,post,0.42771638746296037,0.06611995027677527,50
snr-10,B,in,1.0,pre,0.48485223565900754,0.06579905916562027,50
snr-10,B,in,3.0,all,0.3899453889966606,0.030573004623387107,50
snr-10,B,in,3.0,post,0.3299627438714819,0.05649119548759052,50
snr-10,B,in,3.0,pre,0.4628264109496149,0.045471537722026764,50
snr-10,B,in,10.0,all,0.3945698154203386,0.04688859990233927,50
snr-10,B,in,10.0,post,0.2836585458993386,0.061084516315052455,50
snr-10,B,in,10.0,pre,0.4992879641743773,0.04015197270674575,50
snr-10,B,in,30.0,all,0.4106128899620628,0.05411788031953565,50
snr-10,B,in,30.0,post,0.27437454948179424,0.06696579258122365,50
snr-10,B,in,30.0,pre,0.5300637346360503,0.04027383221678319,50
snr-10,B,in,100.0,all,0.42217372163517664,0.05712454981860484,50
snr-10,B,in,100.0,post,0.27461336714898843,0.07042575189298779,50
snr-10,B,in,100.0,pre,0.5483518407299066,0.04078984080656736,50
snr-10,B,legs,0.0,all,0.632926026789464,0.019652944001523034,50
snr-10,B,legs,0.0,post,0.6399191486304207,0.09880967754490054,50
snr-10,B,legs,0.0,pre,0.6658413008451802,0.1037257594538029,50
snr-10,B,legs,0.01,all,0.632926026789464,0.019652944001523034,50
snr-10,B,legs,0.01,post,0.6399191486304207,0.09880967754490054,50
snr-10,B,legs,0.01,pre,0.6658413008451802,0.1037257594538029,50
snr-10,B,legs,0.03,all,0.632926026789464,0.019652944001523034,50
snr-10,B,legs,0.03,post,0.6399191486304207,0.09880967754490054,50
snr-10,B,legs,0.03,pre,0.6658413008451802,0.1037257594538029,50
snr-10,B,legs,0.1,all,0.632926026789464,0.019652944001523034,50
snr-10,B,legs,0.1,post,0.6399191486304207,0.09880967754490054,50
snr-10,B,legs,0.1,pre,0.6658413008451802,0.1037257594538029,50
snr-10,B,legs,0.3,all,0.632926026789464,0.019652944001523034,50
snr-10,B,legs,0.3,post,0.6399191486304207,0.09880967754490054,50
snr-10,B,legs,0.3,pre,0.6658413008451802,0.1037257594538029,50
snr-10,B,legs,1.0,all,0.632926026789464,0.019652944001523034,50
snr-10,B,legs,1.0,post,0.6399191486304207,0.09880967754490054,50
snr-10,B,legs,1.0,pre,0.6658413008451802,0.1037257594538029,50
snr-10,B,legs,3.0,all,0.632926026789464,0.019652944001523034,50
snr-10,B,legs,3.0,post,0.6399191486304207,0.09880967754490054,50
snr-10,B,legs,3.0,pre,0.6658413008451802,0.1037257594538029,50
snr-10,B,legs,10.0,all,0.632926026789464,0.019652944001523034,50
snr-10,B,legs,10.0,post,0.6399191486304207,0.09880967754490054,50
snr-10,B,legs,10.0,pre,0.6658413008451802,0.1037257594538029,50
snr-10,B,legs,30.0,all,0.632926026789464,0.019652944001523034,50
snr-10,B,legs,30.0,post,0.6399191486304207,0.09880967754490054,50
snr-10,B,legs,30.0,pre,0.6658413008451802,0.1037257594538029,50
snr-10,B,legs,100.0,all,0.632926026789464,0.019652944001523034,50
snr-10,B,legs,100.0,post,0.6399191486304207,0.09880967754490054,50
snr-10,B,legs,100.0,pre,0.6658413008451802,0.1037257594538029,50
snr-10,B,point,0.0,all,3.1609037680388594,0.020802562409265705,50
snr-10,B,point,0.0,post,3.188004634105901,0.45279356693757206,50
snr-10,B,point,0.0,pre,3.3345702533661665,0.5294687162739613,50
snr-10,B,point,0.01,all,3.140056292904492,0.021020654021183378,50
snr-10,B,point,0.01,post,3.1669471013219006,0.44959001346628136,50
snr-10,B,point,0.01,pre,3.312594027914735,0.5260341907534697,50
snr-10,B,point,0.03,all,3.0994937625229526,0.022007488137264587,50
snr-10,B,point,0.03,post,3.1259703642286256,0.44339545830054844,50
snr-10,B,point,0.03,pre,3.269841023544592,0.5193723774321553,50
snr-10,B,point,0.1,all,2.9683534812015573,0.02848057007992111,50
snr-10,B,point,0.1,post,2.993437524896662,0.4236967850966171,50
snr-10,B,point,0.1,pre,3.1316741837931206,0.4979964890693309,50
snr-10,B,point,0.3,all,2.666296960965647,0.04713038914891904,50
snr-10,B,point,0.3,post,2.6877989537488105,0.37993998799146345,50
snr-10,B,point,0.3,pre,2.813818424391314,0.4493283347066887,50
snr-10,B,point,1.0,all,2.058193628019824,0.0677043848525711,50
snr-10,B,point,1.0,post,2.0699238037741234,0.29582776812341716,50
snr-10,B,point,1.0,pre,2.1764798611203244,0.3497949611711209,50
snr-10,B,point,3.0,all,1.4526887907935382,0.058743272144565206,50
snr-10,B,point,3.0,post,1.4466989792552891,0.21366610041931092,50
snr-10,B,point,3.0,pre,1.5494995310948068,0.23952687625466731,50
snr-10,B,point,10.0,all,1.041999591297249,0.05837963222249681,50
snr-10,B,point,10.0,post,1.0091665883862715,0.16411385992075997,50
snr-10,B,point,10.0,pre,1.1371837599223102,0.15700388566288315,50
snr-10,B,point,30.0,all,0.8857171904023197,0.05796085569731729,50
snr-10,B,point,30.0,post,0.8313675783321011,0.1385350070923688,50
snr-10,B,point,30.0,pre,0.9891396572292713,0.1282146747977864,50
snr-10,B,point,100.0,all,0.8350643086414011,0.04920860573965383,50
snr-10,B,point,100.0,post,0.7679515263482429,0.11729478931718561,50
snr-10,B,point,100.0,pre,0.9454343714699237,0.12130877534951226,50
snr-5,A,cur,0.0,all,0.36098273309896994,0.01158005928201067,50
snr-5,A,cur,0.0,post,0.364649459708213,0.05690628747653315,50
snr-5,A,cur,0.0,pre,0.3803130207956208,0.05998974335168672,50
snr-5,A,cur,0.01,all,0.3586890611279022,0.01150623473726271,50
snr-5,A,cur,0.01,post,0.36227265355181915,0.05648744779163161,50
snr-5,A,cur,0.01,pre,0.37795966854235385,0.05965990644946668,50
snr-5,A,cur,0.03,all,0.35430433176747206,0.011380349378826426,50
snr-5,A,cur,0.03,post,0.3576723824604654,0.05568216048259976,50
snr-5,A,cur,0.03,pre,0.3735150889410749,0.05900706290457962,50
snr-5,A,cur,0.1,all,0.34088001068778345,0.01110735019362111,50
snr-5,A,cur,0.1,post,0.3430344563865265,0.05316672360082845,50
snr-5,A,cur,0.1,pre,0.36043437040522236,0.05678077321975737,50
snr-5,A,cur,0.3,all,0.3150409541020721,0.011109591335701767,50
snr-5,A,cur,0.3,post,0.3109458985892768,0.04792677814896991,50
snr-5,A,cur,0.3,pre,0.3388516337823882,0.05088138804642863,50
snr-5,A,cur,1.0,all,0.29142505496723414,0.01761104172105455,50
snr-5,A,cur,1.0,post,0.2565384270170914,0.041253186150117825,50
snr-5,A,cur,1.0,pre,0.33905510744265954,0.03811569297878945,50
snr-5,A,cur,3.0,all,0.3159160781704366,0.035416235357346657,50
snr-5,A,cur,3.0,post,0.2255478437677149,0.046901603362078575,50
snr-5,A,cur,3.0,pre,0.40093076539056954,0.032976353972791125,50
snr-5,A,cur,10.0,all,0.3641406898286742,0.049809775127041246,50
snr-5,A,cur,10.0,post,0.22649679293546174,0.0608807420197837,50
snr-5,A,cur,10.0,pre,0.4782899003550053,0.03330497692801768,50
snr-5,A,cur,30.0,all,0.39287402427123164,0.05557818965808117,50
snr-5,A,cur,30.0,post,0.23457882459331222,0.06873572983302104,50
snr-5,A,cur,30.0,pre,0.5199573848491655,0.03310683079784375,50
snr-5,A,cur,100.0,all,0.40805196044486247,0.058018659051485344,50
snr-5,A,cur,100.0,post,0.24071429263612068,0.07275898019096134,50
snr-5,A,cur,100.0,pre,0.5410832623745546,0.03269638711398365,50
snr-5,A,hist,0.0,all,0.3609827330989701,0.011580059282010644,50
snr-5,A,hist,0.0,post,0.36464945970821305,0.05690628747653315,50
snr-5,A,hist,0.0,pre,0.3803130207956209,0.05998974335168672,50
snr-5,A,hist,0.01,all,0.35867701078560804,0.011508644153249335,50
snr-5,A,hist,0.01,post,0.3623337192678989,0.0565084928824617,50
snr-5,A,hist,0.01,pre,0.37787231286759665,0.05964519992285713,50
snr-5,A,hist,0.03,all,0.3542159568530226,0.011384066096084857,50
snr-5,A,hist,0.03,post,0.35785319857750475,0.055744180325454244,50
snr-5,A,hist,0.03,pre,0.37315027694349,0.05898081715778896,50
snr-5,A,hist,0.1,all,0.3400362971961966,0.011098891586429963,50
snr-5,A,hist,0.1,post,0.3436112135049037,0.05336112269947061,50
snr-5,A,hist,0.1,pre,0.35814254018410435,0.05688666000457678,50
snr-5,A,hist,0.3,all,0.309049429590458,0.011019819505335213,50
snr-5,A,hist,0.3,post,0.31248987947662776,0.048418112708706655,50
snr-5,A,hist,0.3,pre,0.32535175698276403,0.05239384872080301,50
snr-5,A,hist,1.0,all,0.25703111069170675,0.014983087917102528,50
snr-5,A,hist,1.0,post,0.26028732650257946,0.04213550464350536,50
snr-5,A,hist,1.0,pre,0.27030689982540407,0.045874433001763214,50
snr-5,A,hist,3.0,all,0.2288306080887768,0.030139611088719254,50
snr-5,A,hist,3.0,post,0.23207397200446242,0.047091838388262613,50
snr-5,A,hist,3.0,pre,0.24040079752959187,0.04921958938978887,50
snr-5,A,hist,10.0,all,0.2368910487755278,0.045711859886122704,50
snr-5,A,hist,10.0,post,0.2400374562841793,0.05872345407756302,50
snr-5,A,hist,10.0,pre,0.2486487328928992,0.060199495087153644,50
snr-5,A,hist,30.0,all,0.26816592594079514,0.052082323360262445,50
snr-5,A,hist,30.0,post,0.27038402244293835,0.06468307957130794,50
snr-5,A,hist,30.0,pre,0.28134901700106296,0.06617909782356668,50
snr-5,A,hist,100.0,all,0.31896486993604123,0.06080683082338913,50
snr-5,A,hist,100.0,post,0.3189938685745589,0.07416775451346577,50
snr-5,A,hist,100.0,pre,0.33473617193549093,0.07610424652678434,50
snr-5,A,in,0.0,all,0.36098273309864204,0.011580059281985411,50
snr-5,A,in,0.0,post,0.36464945970818524,0.05690628747652851,50
snr-5,A,in,0.0,pre,0.3803130207949609,0.059989743351576565,50
snr-5,A,in,0.01,all,0.3586775575946421,0.011508196865577188,50
snr-5,A,in,0.01,post,0.3623337788296783,0.05650861400466711,50
snr-5,A,in,0.01,pre,0.3778735820806441,0.05964624326388729,50
snr-5,A,in,0.03,all,0.3542177952130774,0.011382809476047768,50
snr-5,A,in,0.03,post,0.3578535791500422,0.055744613827491,50
snr-5,A,in,0.03,pre,0.37315430511909914,0.05898406520689175,50
snr-5,A,in,0.1,all,0.34004435632269514,0.01109536057020995,50
snr-5,A,in,0.1,post,0.34361447911769993,0.05336325023817901,50
snr-5,A,in,0.1,pre,0.35815810693618955,0.05689867327421302,50
snr-5,A,in,0.3,all,0.3090830622238524,0.011009870292381731,50
snr-5,A,in,0.3,post,0.3125100126098803,0.04842814592174477,50
snr-5,A,in,0.3,pre,0.32540868303189524,0.052436629114888576,50
snr-5,A,in,1.0,all,0.2571286811759874,0.014948455992239845,50
snr-5,A,in,1.0,post,0.26035211588182344,0.042190157202202976,50
snr-5,A,in,1.0,pre,0.27047584630324445,0.04603926956756368,50
snr-5,A,in,3.0,all,0.2284274491165946,0.030250812115260758,50
snr-5,A,in,3.0,post,0.23163303744058492,0.04743032009818101,50
snr-5,A,in,3.0,pre,0.24013083287895237,0.049694126402815834,50
snr-5,A,in,10.0,all,0.23031062557638965,0.047221281064931044,50
snr-5,A,in,10.0,post,0.233569797097403,0.06068370767769402,50
snr-5,A,in,10.0,pre,0.24209808972869185,0.06201397654883916,50
snr-5,A,in,30.0,all,0.23854593199007432,0.05547251568746858,50
snr-5,A,in,30.0,post,0.24174169914932947,0.06827884528279339,50
snr-5,A,in,30.0,pre,0.25086955849526293,0.06931634862024968,50
snr-5,A,in,100.0,all,0.24471361485761237,0.05931733533551566,50
snr-5,A,in,100.0,post,0.24780253420719758,0.07221656756415747,50
snr-5,A,in,100.0,pre,0.25751161990351584,0.0728242546530541,50
snr-5,A,legs,0.0,all,0.36098273309896994,0.011580059282010675,50
snr-5,A,legs,0.0,post,0.364649459708213,0.05690628747653316,50
snr-5,A,legs,0.0,pre,0.3803130207956208,0.05998974335168672,50
snr-5,A,legs,0.01,all,0.36098273309896994,0.011580059282010675,50
snr-5,A,legs,0.01,post,0.364649459708213,0.05690628747653316,50
snr-5,A,legs,0.01,pre,0.3803130207956208,0.05998974335168672,50
snr-5,A,legs,0.03,all,0.36098273309896994,0.011580059282010675,50
snr-5,A,legs,0.03,post,0.364649459708213,0.05690628747653316,50
snr-5,A,legs,0.03,pre,0.3803130207956208,0.05998974335168672,50
snr-5,A,legs,0.1,all,0.36098273309896994,0.011580059282010675,50
snr-5,A,legs,0.1,post,0.364649459708213,0.05690628747653316,50
snr-5,A,legs,0.1,pre,0.3803130207956208,0.05998974335168672,50
snr-5,A,legs,0.3,all,0.36098273309896994,0.011580059282010675,50
snr-5,A,legs,0.3,post,0.364649459708213,0.05690628747653316,50
snr-5,A,legs,0.3,pre,0.3803130207956208,0.05998974335168672,50
snr-5,A,legs,1.0,all,0.36098273309896994,0.011580059282010675,50
snr-5,A,legs,1.0,post,0.364649459708213,0.05690628747653316,50
snr-5,A,legs,1.0,pre,0.3803130207956208,0.05998974335168672,50
snr-5,A,legs,3.0,all,0.36098273309896994,0.011580059282010675,50
snr-5,A,legs,3.0,post,0.364649459708213,0.05690628747653316,50
snr-5,A,legs,3.0,pre,0.3803130207956208,0.05998974335168672,50
snr-5,A,legs,10.0,all,0.36098273309896994,0.011580059282010675,50
snr-5,A,legs,10.0,post,0.364649459708213,0.05690628747653316,50
snr-5,A,legs,10.0,pre,0.3803130207956208,0.05998974335168672,50
snr-5,A,legs,30.0,all,0.36098273309896994,0.011580059282010675,50
snr-5,A,legs,30.0,post,0.364649459708213,0.05690628747653316,50
snr-5,A,legs,30.0,pre,0.3803130207956208,0.05998974335168672,50
snr-5,A,legs,100.0,all,0.36098273309896994,0.011580059282010675,50
snr-5,A,legs,100.0,post,0.364649459708213,0.05690628747653316,50
snr-5,A,legs,100.0,pre,0.3803130207956208,0.05998974335168672,50
snr-5,A,point,0.0,all,1.777754620867398,0.009174101448448158,50
snr-5,A,point,0.0,post,1.7927695519320594,0.25462190053028877,50
snr-5,A,point,0.0,pre,1.8763218472293668,0.30255548679610617,50
snr-5,A,point,0.01,all,1.7660307604623162,0.009464978893813597,50
snr-5,A,point,0.01,post,1.7809303415111644,0.2528207333954143,50
snr-5,A,point,0.01,pre,1.8639566497895208,0.30060324932650007,50
snr-5,A,point,0.03,all,1.743220009766985,0.010383159841221502,50
snr-5,A,point,0.03,post,1.7578955011427166,0.24933849576328557,50
snr-5,A,point,0.03,pre,1.8398979509261886,0.2968172041959584,50
snr-5,A,point,0.1,all,1.6694732376277608,0.01501950498427958,50
snr-5,A,point,0.1,post,1.6834276042550615,0.2382706653362727,50
snr-5,A,point,0.1,pre,1.7621153804492504,0.2846764967677345,50
snr-5,A,point,0.3,all,1.4996199869493136,0.02647653320108898,50
snr-5,A,point,0.3,post,1.5119368701754083,0.2137244032783716,50
snr-5,A,point,0.3,pre,1.582957727292693,0.2571104240024527,50
snr-5,A,point,1.0,all,1.157717077441268,0.038883838676613554,50
snr-5,A,point,1.0,post,1.166884333259771,0.16679982708042412,50
snr-5,A,point,1.0,pre,1.2222556962850748,0.20144664365108797,50
snr-5,A,point,3.0,all,0.8173971168974625,0.03535395150968136,50
snr-5,A,point,3.0,post,0.8237755727962992,0.1219181393647658,50
snr-5,A,point,3.0,pre,0.8629968444720018,0.14210345603029398,50
snr-5,A,point,10.0,all,0.5866985889145717,0.03746786020138157,50
snr-5,A,point,10.0,post,0.5913478458560981,0.09716872391739445,50
snr-5,A,point,10.0,pre,0.6193211664961453,0.10172979773322678,50
snr-5,A,point,30.0,all,0.49878114271794866,0.041347929480931,50
snr-5,A,point,30.0,post,0.5021082423407602,0.08654572877247454,50
snr-5,A,point,30.0,pre,0.5271010478105598,0.09147247534610589,50
snr-5,A,point,100.0,all,0.4701154949675876,0.0419845375375316,50
snr-5,A,point,100.0,post,0.47227654176311545,0.0785418530010942,50
snr-5,A,point,100.0,pre,0.49774644140764046,0.09172212068701885,50
snr-5,B,cur,0.0,all,0.3559577899849884,0.011052938836482102,50
snr-5,B,cur,0.0,post,0.3598904574674676,0.05556462275824901,50
snr-5,B,cur,0.0,pre,0.3744658989249638,0.058319876627697,50
snr-5,B,cur,0.01,all,0.35361901122619555,0.010974780440734279,50
snr-5,B,cur,0.01,post,0.357542292863969,0.05515794426272252,50
snr-5,B,cur,0.01,pre,0.37199000283588307,0.057975076436343226,50
snr-5,B,cur,0.03,all,0.3490925294706011,0.01083960997856973,50
snr-5,B,cur,0.03,post,0.35299798505249214,0.054376664613830186,50
snr-5,B,cur,0.03,pre,0.36719788312994667,0.05731030174716651,50
snr-5,B,cur,0.1,all,0.3346910574608113,0.01054525728226655,50
snr-5,B,cur,0.1,post,0.3385432565574049,0.05194221858717497,50
snr-5,B,cur,0.1,pre,0.3519486084384301,0.05521622057855421,50
snr-5,B,cur,0.3,all,0.3031306615595757,0.01061504152547044,50
snr-5,B,cur,0.3,post,0.30689189090072694,0.04691320479973883,50
snr-5,B,cur,0.3,pre,0.3185106288744824,0.05073908239528184,50
snr-5,B,cur,1.0,all,0.24968762278937592,0.015538172656614469,50
snr-5,B,cur,1.0,post,0.2534463313395485,0.04083441368306021,50
snr-5,B,cur,1.0,pre,0.26177296166996683,0.04444654446379639,50
snr-5,B,cur,3.0,all,0.21952989739044748,0.03176054320304515,50
snr-5,B,cur,3.0,post,0.22350683980094638,0.04720556190380263,50
snr-5,B,cur,3.0,pre,0.2295819923629999,0.04865905200081287,50
snr-5,B,cur,10.0,all,0.22112332532663972,0.049102161007581566,50
snr-5,B,cur,10.0,post,0.22513833738151756,0.061372473824832435,50
snr-5,B,cur,10.0,pre,0.23121062126813574,0.06132879998672366,50
snr-5,B,cur,30.0,all,0.22964757416724488,0.05735513378580137,50
snr-5,B,cur,30.0,post,0.23345043827841688,0.06920662413044198,50
snr-5,B,cur,30.0,pre,0.2404372296246987,0.06865931747242889,50
snr-5,B,cur,100.0,all,0.2360707255643208,0.06116612505859553,50
snr-5,B,cur,100.0,post,0.2396656225401471,0.07321739207871747,50
snr-5,B,cur,100.0,pre,0.24747860097343247,0.072260257768114,50
snr-5,B,hist,0.0,all,0.35595778998498845,0.011052938836482108,50
snr-5,B,hist,0.0,post,0.35989045746746773,0.05556462275824898,50
snr-5,B,hist,0.0,pre,0.37446589892496385,0.05831987662769699,50
snr-5,B,hist,0.01,all,0.3536259886838328,0.010970556775210201,50
snr-5,B,hist,0.01,post,0.3575398120790457,0.055155315128794444,50
snr-5,B,hist,0.01,pre,0.37200306454228893,0.057940432576818635,50
snr-5,B,hist,0.03,all,0.3491655995601713,0.0108317468574631,50
snr-5,B,hist,0.03,post,0.3529918586483573,0.05436924466990687,50
snr-5,B,hist,0.03,pre,0.3673416415569233,0.05719466039225894,50
snr-5,B,hist,0.1,all,0.3354855459933958,0.010547419990274764,50
snr-5,B,hist,0.1,post,0.3385370664769679,0.051922428447733725,50
snr-5,B,hist,0.1,pre,0.3535310142175691,0.0546977312224502,50
snr-5,B,hist,0.3,all,0.30903396040214515,0.01065048823666725,50
snr-5,B,hist,0.3,post,0.30697144300047496,0.04688525564105575,50
snr-5,B,hist,0.3,pre,0.33020824571795254,0.04831319973378518,50
snr-5,B,hist,1.0,all,0.284655681621389,0.01759047017097963,50
snr-5,B,hist,1.0,post,0.2543086448210967,0.040861800331906964,50
snr-5,B,hist,1.0,pre,0.3279541227905255,0.03535245996830755,50
snr-5,B,hist,3.0,all,0.31038076513123247,0.03554301577815187,50
snr-5,B,hist,3.0,post,0.2270518160116085,0.046932329434705336,50
snr-5,B,hist,3.0,pre,0.3905486347702729,0.032562443530094666,50
snr-5,B,hist,10.0,all,0.36381543585222287,0.0496381321387172,50
snr-5,B,hist,10.0,post,0.23727671390705463,0.05907816624478663,50
snr-5,B,hist,10.0,pre,0.4722806494202332,0.035836554619647,50
snr-5,B,hist,30.0,all,0.40718431638479496,0.05374952924862237,50
snr-5,B,hist,30.0,post,0.2691718684532382,0.06484760303620207,50
snr-5,B,hist,30.0,pre,0.525559069675194,0.03648323864035307,50
snr-5,B,hist,100.0,all,0.4517074109819212,0.05614190560918048,50
snr-5,B,hist,100.0,post,0.3186034065002857,0.07410701413667407,50
snr-5,B,hist,100.0,pre,0.570554534250102,0.0389813223053093,50
snr-5,B,in,0.0,all,0.35595778998465183,0.011052938836453769,50
snr-5,B,in,0.0,post,0.3598904574674394,0.05556462275824438,50
snr-5,B,in,0.0,pre,0.3744658989242854,0.058319876627582916,50
snr-5,B,in,0.01,all,0.35362584938191943,0.010970278093581589,50
snr-5,B,in,0.01,post,0.35753942840806097,0.05515550855358713,50
snr-5,B,in,0.01,pre,0.3720031317139317,0.05793999644498904,50
snr-5,B,in,0.03,all,0.34916540397856444,0.010830910900496095,50
snr-5,B,in,0.03,post,0.3529909864307553,0.0543698263230288,50
snr-5,B,in,0.03,pre,0.36734203163055684,0.05719353539785341,50
snr-5,B,in,0.1,all,0.3354868986622541,0.01054438797989384,50
snr-5,B,in,0.1,post,0.3385369010758129,0.051924301690896825,50
snr-5,B,in,0.1,pre,0.3535337955288944,0.05469580366802974,50
snr-5,B,in,0.3,all,0.30904481149490715,0.010636747330017416,50
snr-5,B,in,0.3,post,0.30698496717371326,0.04688934749346323,50
snr-5,B,in,0.3,pre,0.3302174489476617,0.048316634482786086,50
snr-5,B,in,1.0,all,0.28463567463778827,0.017540018508958397,50
snr-5,B,in,1.0,post,0.2543557798161744,0.04086885416404363,50
snr-5,B,in,1.0,pre,0.3278879853743395,0.03535855746260837,50
snr-5,B,in,3.0,all,0.30979121263976345,0.0355749528374795,50
snr-5,B,in,3.0,post,0.2265088801956724,0.04715258653534625,50
snr-5,B,in,3.0,pre,0.3899090899008597,0.03252082488798234,50
snr-5,B,in,10.0,all,0.3593356675507431,0.05049753367217643,50
snr-5,B,in,10.0,post,0.23043354860304371,0.06094698221316892,50
snr-5,B,in,10.0,pre,0.4685684176818943,0.03608813749899361,50
snr-5,B,in,30.0,all,0.38884479004126665,0.056934360751836374,50
snr-5,B,in,30.0,post,0.23981733607670186,0.06855342480793465,50
snr-5,B,in,30.0,pre,0.5110470287149697,0.037864473756780745,50
snr-5,B,in,100.0,all,0.4045509802386708,0.059966246769945095,50
snr-5,B,in,100.0,post,0.24648349307355324,0.07244860666895106,50
snr-5,B,in,100.0,pre,0.5327863235412884,0.0388293786777363,50
snr-5,B,legs,0.0,all,0.3559577899849884,0.0110529388364821,50
snr-5,B,legs,0.0,post,0.3598904574674676,0.055564622758249,50
snr-5,B,legs,0.0,pre,0.3744658989249638,0.05831987662769698,50
snr-5,B,legs,0.01,all,0.3559577899849884,0.0110529388364821,50
snr-5,B,legs,0.01,post,0.3598904574674676,0.055564622758249,50
snr-5,B,legs,0.01,pre,0.3744658989249638,0.05831987662769698,50
snr-5,B,legs,0.03,all,0.3559577899849884,0.0110529388364821,50
snr-5,B,legs,0.03,post,0.3598904574674676,0.055564622758249,50
snr-5,B,legs,0.03,pre,0.3744658989249638,0.05831987662769698,50
snr-5,B,legs,0.1,all,0.3559577899849884,0.0110529388364821,50
snr-5,B,legs,0.1,post,0.3598904574674676,0.055564622758249,50
snr-5,B,legs,0.1,pre,0.3744658989249638,0.05831987662769698,50
snr-5,B,legs,0.3,all,0.3559577899849884,0.0110529388364821,50
snr-5,B,legs,0.3,post,0.3598904574674676,0.055564622758249,50
snr-5,B,legs,0.3,pre,0.3744658989249638,0.05831987662769698,50
snr-5,B,legs,1.0,all,0.3559577899849884,0.0110529388364821,50
snr-5,B,legs,1.0,post,0.3598904574674676,0.055564622758249,50
snr-5,B,legs,1.0,pre,0.3744658989249638,0.05831987662769698,50
snr-5,B,legs,3.0,all,0.3559577899849884,0.0110529388364821,50
snr-5,B,legs,3.0,post,0.3598904574674676,0.055564622758249,50
snr-5,B,legs,3.0,pre,0.3744658989249638,0.05831987662769698,50
snr-5,B,legs,10.0,all,0.3559577899849884,0.0110529388364821,50
snr-5,B,legs,10.0,post,0.3598904574674676,0.055564622758249,50
snr-5,B,legs,10.0,pre,0.3744658989249638,0.05831987662769698,50
snr-5,B,legs,30.0,all,0.3559577899849884,0.0110529388364821,50
snr-5,B,legs,30.0,post,0.3598904574674676,0.055564622758249,50
snr-5,B,legs,30.0,pre,0.3744658989249638,0.05831987662769698,50
snr-5,B,legs,100.0,all,0.3559577899849884,0.0110529388364821,50
snr-5,B,legs,100.0,post,0.3598904574674676,0.055564622758249,50
snr-5,B,legs,100.0,pre,0.3744658989249638,0.05831987662769698,50
snr-5,B,point,0.0,all,1.7775286391399545,0.011696727031098786,50
snr-5,B,point,0.0,post,1.7927695519320594,0.25462190053028877,50
snr-5,B,point,0.0,pre,1.8751873096846947,0.2977406424736747,50
snr-5,B,point,0.01,all,1.7658068718724182,0.011820715908371315,50
snr-5,B,point,0.01,post,1.7809303415111644,0.2528207333954143,50
snr-5,B,point,0.01,pre,1.8628299964534645,0.29580786291567035,50
snr-5,B,point,0.03,all,1.7430110554210734,0.012376913278086087,50
snr-5,B,point,0.03,post,1.7578955011427166,0.24933849576328557,50
snr-5,B,point,0.03,pre,1.838808642921206,0.29205734219508067,50
snr-5,B,point,0.1,all,1.6694178281072871,0.01600122446092274,50
snr-5,B,point,0.1,post,1.6834276042550615,0.2382706653362727,50
snr-5,B,point,0.1,pre,1.761359956947744,0.2800063079154499,50
snr-5,B,point,0.3,all,1.5006516986043954,0.026335286140833195,50
snr-5,B,point,0.3,post,1.5119368701754083,0.2137244032783716,50
snr-5,B,point,0.3,pre,1.5844541097582217,0.25243595913758216,50
snr-5,B,point,1.0,all,1.1658313232407662,0.037226326213023735,50
snr-5,B,point,1.0,post,1.166884333259771,0.16679982708042412,50
snr-5,B,point,1.0,pre,1.238109174155226,0.1951272969352944,50
snr-5,B,point,3.0,all,0.846850865784866,0.03326435337565666,50
snr-5,B,point,3.0,post,0.8237755727962992,0.1219181393647658,50
snr-5,B,point,3.0,pre,0.9210438485317016,0.13018656970520492,50
snr-5,B,point,10.0,all,0.652798777351856,0.04037771810713318,50
snr-5,B,point,10.0,post,0.5913478458560981,0.09716872391739445,50
snr-5,B,point,10.0,pre,0.7461869212446528,0.08240027058085785,50
snr-5,B,point,30.0,all,0.5909786586068022,0.045173073452139396,50
snr-5,B,point,30.0,post,0.5021082423407602,0.08654572877247454,50
snr-5,B,point,30.0,pre,0.6999638666968402,0.06634105638367276,50
snr-5,B,point,100.0,all,0.5756059710010025,0.04424888821552267,50
snr-5,B,point,100.0,post,0.47227654176311545,0.0785418530010942,50
snr-5,B,point,100.0,pre,0.6930377864450372,0.06229478642672358,50
snr0,A,cur,0.0,all,0.2089476622230635,0.008464794881257771,50
snr0,A,cur,0.0,post,0.21102648197247348,0.03407264587176278,50
snr0,A,cur,0.0,pre,0.2203823025193456,0.0359339842276366,50
snr0,A,cur,0.01,all,0.2077124851188591,0.008427498705698895,50
snr0,A,cur,0.01,post,0.2096667135187172,0.03381825581566933,50
snr0,A,cur,0.01,pre,0.21919524941705398,0.03577092156885612,50
snr0,A,cur,0.03,all,0.20544539399080716,0.008362600819197057,50
snr0,A,cur,0.03,post,0.20706495203413566,0.03333240297618677,50
snr0,A,cur,0.03,pre,0.21711769496130376,0.03543160912248633,50
snr0,A,cur,0.1,all,0.1994155560114727,0.008213273313121645,50
snr0,A,cur,0.1,post,0.19907718548833567,0.031850045850424835,50
snr0,A,cur,0.1,pre,0.21259373178119975,0.03412714660091856,50
snr0,A,cur,0.3,all,0.19386991540789872,0.008924817603928234,50
snr0,A,cur,0.3,post,0.18354625584962647,0.029157181821318035,50
snr0,A,cur,0.3,pre,0.21559630266500904,0.030309309421767714,50
snr0,A,cur,1.0,all,0.21957946129810943,0.021008631843179398,50
snr0,A,cur,1.0,post,0.16818161220743305,0.031029510507885407,50
snr0,A,cur,1.0,pre,0.2723785131472555,0.026658899690094807,50
snr0,A,cur,3.0,all,0.2861925845264548,0.03874426585316565,50
snr0,A,cur,3.0,post,0.17982676851943785,0.046693763329342435,50
snr0,A,cur,3.0,pre,0.37535030982472356,0.03019975307043304,50
snr0,A,cur,10.0,all,0.35246662675597085,0.05138703234512349,50
snr0,A,cur,10.0,post,0.20591171803864153,0.06261616318219025,50
snr0,A,cur,10.0,pre,0.468505265329993,0.032449689218988144,50
snr0,A,cur,30.0,all,0.3859088046902938,0.05670329713583949,50
snr0,A,cur,30.0,post,0.22188646765038153,0.07035995544708543,50
snr0,A,cur,30.0,pre,0.5141052324501174,0.03260545273439374,50
snr0,A,cur,100.0,all,0.4024541570370668,0.05907419863877281,50
snr0,A,cur,100.0,post,0.23056199261919613,0.07428379408096496,50
snr0,A,cur,100.0,pre,0.536316661991783,0.032244291525983126,50
snr0,A,hist,0.0,all,0.20894766222306355,0.008464794881257771,50
snr0,A,hist,0.0,post,0.21102648197247353,0.034072645871762744,50
snr0,A,hist,0.0,pre,0.22038230251934565,0.035933984227636585,50
snr0,A,hist,0.01,all,0.2076929969363784,0.008434431964375646,50
snr0,A,hist,0.01,post,0.2097726211014103,0.033861148470529755,50
snr0,A,hist,0.01,pre,0.2190482605293039,0.0357557212478525,50
snr0,A,hist,0.03,all,0.2052972120050469,0.008378882702659032,50
snr0,A,hist,0.03,post,0.20737866143440425,0.033458902937113344,50
snr0,A,hist,0.03,pre,0.21650066866851816,0.035415816719638185,50
snr0,A,hist,0.1,all,0.19798748668146907,0.008228926961359722,50
snr0,A,hist,0.1,post,0.20007763094548117,0.03224621032193087,50
snr0,A,hist,0.1,pre,0.20872524987185645,0.03438113761486028,50
snr0,A,hist,0.3,all,0.18406415475565638,0.008370583787570204,50
snr0,A,hist,0.3,post,0.1861954128892792,0.030126871238135157,50
snr0,A,hist,0.3,pre,0.19389595441527216,0.03248247088185331,50
snr0,A,hist,1.0,all,0.17176759276153036,0.01670181483018405,50
snr0,A,hist,1.0,post,0.1740973430401414,0.03221809403387622,50
snr0,A,hist,1.0,pre,0.18067676459456158,0.033840958930540545,50
snr0,A,hist,3.0,all,0.1858806186825285,0.03478582010333963,50
snr0,A,hist,3.0,post,0.18859395932830128,0.04642390420086362,50
snr0,A,hist,3.0,pre,0.19529104436093125,0.04698439221406431,50
snr0,A,hist,10.0,all,0.2188653540767284,0.04871599232755205,50
snr0,A,hist,10.0,post,0.22178049697939442,0.05992686364111422,50
snr0,A,hist,10.0,pre,0.22969009577863972,0.0603131533987072,50
snr0,A,hist,30.0,all,0.25865637412053927,0.054055144465636286,50
snr0,A,hist,30.0,post,0.260767625937094,0.06588895070808824,50
snr0,A,hist,30.0,pre,0.2712743772332323,0.06630960545731378,50
snr0,A,hist,100.0,all,0.31273749061679534,0.06227537955628299,50
snr0,A,hist,100.0,post,0.31271530280055493,0.07529769625927543,50
snr0,A,hist,100.0,pre,0.3279921054139413,0.07621895598966988,50
snr0,A,in,0.0,all,0.20894766222288602,0.008464794881249826,50
snr0,A,in,0.0,post,0.21102648197245671,0.03407264587175901,50
snr0,A,in,0.0,pre,0.2203823025189923,0.03593398422759,50
snr0,A,in,0.01,all,0.20769354594917352,0.008434371189424061,50
snr0,A,in,0.01,post,0.2097727816848071,0.03386143293541802,50
snr0,A,in,0.01,pre,0.21904945239579413,0.0357569616993723,50
snr0,A,in,0.03,all,0.2052988944193445,0.00837873669597846,50
snr0,A,in,0.03,post,0.20737917796965355,0.03345981944789298,50
snr0,A,in,0.03,pre,0.21650429402603766,0.03541961512884283,50
snr0,A,in,0.1,all,0.19799324801770218,0.008228544954735845,50
snr0,A,in,0.1,post,0.20007953545609716,0.032249837984766015,50
snr0,A,in,0.1,pre,0.2087375940675176,0.03439458699764356,50
snr0,A,in,0.3,all,0.18407800875573227,0.008366243793614623,50
snr0,A,in,0.3,post,0.18619853415353207,0.030140158255276654,50
snr0,A,in,0.3,pre,0.1939293605456328,0.032527267190487645,50
snr0,A,in,1.0,all,0.1717078083569112,0.016689652699264406,50
snr0,A,in,1.0,post,0.17401464540766817,0.032280224642900965,50
snr0,A,in,1.0,pre,0.18066721969187213,0.03399145995762465,50
snr0,A,in,3.0,all,0.18485557607171743,0.034995311465388895,50
snr0,A,in,3.0,post,0.1875516196540572,0.046834784614801006,50
snr0,A,in,3.0,pre,0.19433044890295423,0.04742680224145571,50
snr0,A,in,10.0,all,0.21070239273089172,0.05046149074785668,50
snr0,A,in,10.0,post,0.2137668982944215,0.062113411197394885,50
snr0,A,in,10.0,pre,0.22140586199168732,0.06217051196077216,50
snr0,A,in,30.0,all,0.22632662476813323,0.057677387944645504,50
snr0,A,in,30.0,post,0.22951178446175421,0.06969802130947297,50
snr0,A,in,30.0,pre,0.2378457116494207,0.0693540698873359,50
snr0,A,in,100.0,all,0.23482446718533903,0.0611097450332382,50
snr0,A,in,100.0,post,0.23801753502778772,0.07357320061394308,50
snr0,A,in,100.0,pre,0.24684188090811648,0.07264852673306527,50
snr0,A,legs,0.0,all,0.2089476622230635,0.008464794881257783,50
snr0,A,legs,0.0,post,0.21102648197247348,0.03407264587176278,50
snr0,A,legs,0.0,pre,0.22038230251934557,0.035933984227636585,50
snr0,A,legs,0.01,all,0.2089476622230635,0.008464794881257783,50
snr0,A,legs,0.01,post,0.21102648197247348,0.03407264587176278,50
snr0,A,legs,0.01,pre,0.22038230251934557,0.035933984227636585,50
snr0,A,legs,0.03,all,0.2089476622230635,0.008464794881257783,50
snr0,A,legs,0.03,post,0.21102648197247348,0.03407264587176278,50
snr0,A,legs,0.03,pre,0.22038230251934557,0.035933984227636585,50
snr0,A,legs,0.1,all,0.2089476622230635,0.008464794881257783,50
snr0,A,legs,0.1,post,0.21102648197247348,0.03407264587176278,50
snr0,A,legs,0.1,pre,0.22038230251934557,0.035933984227636585,50
snr0,A,legs,0.3,all,0.2089476622230635,0.008464794881257783,50
snr0,A,legs,0.3,post,0.21102648197247348,0.03407264587176278,50
snr0,A,legs,0.3,pre,0.22038230251934557,0.035933984227636585,50
snr0,A,legs,1.0,all,0.2089476622230635,0.008464794881257783,50
snr0,A,legs,1.0,post,0.21102648197247348,0.03407264587176278,50
snr0,A,legs,1.0,pre,0.22038230251934557,0.035933984227636585,50
snr0,A,legs,3.0,all,0.2089476622230635,0.008464794881257783,50
snr0,A,legs,3.0,post,0.21102648197247348,0.03407264587176278,50
snr0,A,legs,3.0,pre,0.22038230251934557,0.035933984227636585,50
snr0,A,legs,10.0,all,0.2089476622230635,0.008464794881257783,50
snr0,A,legs,10.0,post,0.21102648197247348,0.03407264587176278,50
snr0,A,legs,10.0,pre,0.22038230251934557,0.035933984227636585,50
snr0,A,legs,30.0,all,0.2089476622230635,0.008464794881257783,50
snr0,A,legs,30.0,post,0.21102648197247348,0.03407264587176278,50
snr0,A,legs,30.0,pre,0.22038230251934557,0.035933984227636585,50
snr0,A,legs,100.0,all,0.2089476622230635,0.008464794881257783,50
snr0,A,legs,100.0,post,0.21102648197247348,0.03407264587176278,50
snr0,A,legs,100.0,pre,0.22038230251934557,0.035933984227636585,50
snr0,A,point,0.0,all,0.9997436959767977,0.005157379713540089,50
snr0,A,point,0.0,post,1.0081889079760458,0.14317976777877595,50
snr0,A,point,0.0,pre,1.055170103539694,0.17013697495429725,50
snr0,A,point,0.01,all,0.9931521477876566,0.005321979437414315,50
snr0,A,point,0.01,post,1.0015341316649156,0.1421672870676876,50
snr0,A,point,0.01,pre,1.0482163099331094,0.16903948141099254,50
snr0,A,point,0.03,all,0.9803335128252024,0.005840246943743185,50
snr0,A,point,0.03,post,0.9885927294579419,0.14021087462424411,50
snr0,A,point,0.03,pre,1.0346931395056194,0.16691199452956382,50
snr0,A,point,0.1,all,0.9389524038233512,0.008450772504194947,50
snr0,A,point,0.1,post,0.9468172847369125,0.1340026787212756,50
snr0,A,point,0.1,pre,0.9910368181284633,0.1600986842603721,50
snr0,A,point,0.3,all,0.844069628592467,0.014895584679218525,50
snr0,A,point,0.3,post,0.8510456332711495,0.12030364509652873,50
snr0,A,point,0.3,pre,0.8909296805535694,0.14469100981642863,50
snr0,A,point,1.0,all,0.6559006382644763,0.022205218641418212,50
snr0,A,point,1.0,post,0.661225208178277,0.09464516074986892,50
snr0,A,point,1.0,pre,0.6923315919589696,0.11404814002085534,50
snr0,A,point,3.0,all,0.47672877115059037,0.024528887635297886,50
snr0,A,point,3.0,post,0.4807728636162104,0.07272149776050511,50
snr0,A,point,3.0,pre,0.5030056286019077,0.0836107704948024,50
snr0,A,point,10.0,all,0.36748079112388055,0.03602962996384882,50
snr0,A,point,10.0,post,0.37094885973741826,0.06721351713629493,50
snr0,A,point,10.0,pre,0.387370107811222,0.06909790341557331,50
snr0,A,point,30.0,all,0.33222607772038676,0.04478279054717898,50
snr0,A,point,30.0,post,0.3352284507561562,0.06851113041903925,50
snr0,A,point,30.0,pre,0.350312579418564,0.06993595153887787,50
snr0,A,point,100.0,all,0.32320857237658807,0.048951659354574864,50
snr0,A,point,100.0,post,0.32573718877670976,0.06905081201200074,50
snr0,A,point,100.0,pre,0.34116710239621606,0.07298765291713763,50
snr0,B,cur,0.0,all,0.20023627207009145,0.006218346555953632,50
snr0,B,cur,0.0,post,0.20244840029500766,0.0312523991116145,50
snr0,B,cur,0.0,pre,0.21064341449796029,0.0327857391697943,50
snr0,B,cur,0.01,all,0.1989270893881062,0.006170697907346928,50
snr0,B,cur,0.01,post,0.20114019320774276,0.031024112730224453,50
snr0,B,cur,0.01,pre,0.20925111516328646,0.032594011644724565,50
snr0,B,cur,0.03,all,0.1964246514651742,0.006089773598304362,50
snr0,B,cur,0.03,post,0.19864033146358495,0.030590974235237395,50
snr0,B,cur,0.03,pre,0.2065891506932487,0.03222922096620107,50
snr0,B,cur,0.1,all,0.18876654330646467,0.005944448298934635,50
snr0,B,cur,0.1,post,0.19099718724073977,0.029297894082920523,50
snr0,B,cur,0.1,pre,0.19843644760308865,0.031128912567349235,50
snr0,B,cur,0.3,all,0.17405030607933544,0.0068061629080183065,50
snr0,B,cur,0.3,post,0.17635888973835898,0.027176265259087968,50
snr0,B,cur,0.3,pre,0.18272684934265265,0.029222007264974256,50
snr0,B,cur,1.0,all,0.16054707201944854,0.01776857440593584,50
snr0,B,cur,1.0,post,0.16319447032026282,0.03070054662302654,50
snr0,B,cur,1.0,pre,0.16809155575164245,0.03171640005452452,50
snr0,B,cur,3.0,all,0.17395274965517193,0.03711623114481635,50
snr0,B,cur,3.0,post,0.17710277452986972,0.047222042516900695,50
snr0,B,cur,3.0,pre,0.1818989334859832,0.0466800599350225,50
snr0,B,cur,10.0,all,0.2008628190698669,0.052639981761401895,50
snr0,B,cur,10.0,post,0.2043489937685669,0.06312415264413043,50
snr0,B,cur,10.0,pre,0.21013228822868274,0.061708552494105604,50
snr0,B,cur,30.0,all,0.21712014447526684,0.05976487091511347,50
snr0,B,cur,30.0,post,0.22064732233557552,0.07080743113935788,50
snr0,B,cur,30.0,pre,0.22734158944539243,0.06893945782138762,50
snr0,B,cur,100.0,all,0.22595493490038288,0.06314054474412448,50
snr0,B,cur,100.0,post,0.22942729682839477,0.07471140520858603,50
snr0,B,cur,100.0,pre,0.23678907802191362,0.0723355784807649,50
snr0,B,hist,0.0,all,0.20023627207009148,0.006218346555953621,50
snr0,B,hist,0.0,post,0.2024484002950077,0.03125239911161449,50
snr0,B,hist,0.0,pre,0.21064341449796029,0.032785739169794284,50
snr0,B,hist,0.01,all,0.1989404757434676,0.00616771647656304,50
snr0,B,hist,0.01,post,0.20113819440117553,0.031020896806981068,50
snr0,B,hist,0.01,pre,0.20927689571706218,0.03256003773223048,50
snr0,B,hist,0.03,all,0.19655787318932139,0.006088087399805957,50
snr0,B,hist,0.03,post,0.1986369303678205,0.03058215480230705,50
snr0,B,hist,0.03,pre,0.20685265192491314,0.032103594724713004,50
snr0,B,hist,0.1,all,0.19018671119025407,0.005990888603040134,50
snr0,B,hist,0.1,post,0.19101367472655986,0.029277057850127082,50
snr0,B,hist,0.1,pre,0.20125807647277705,0.030456166406008088,50
snr0,B,hist,0.3,all,0.1841805749817132,0.007498739945827478,50
snr0,B,hist,0.3,post,0.17659265288577242,0.02716261398036555,50
snr0,B,hist,0.3,pre,0.20243822258292749,0.02608264594717078,50
snr0,B,hist,1.0,all,0.21089683969495032,0.021136798018525346,50
snr0,B,hist,1.0,post,0.16486334726561883,0.03069493512277316,50
snr0,B,hist,1.0,pre,0.25911172007353145,0.02387602501004269,50
snr0,B,hist,3.0,all,0.28049166549971866,0.03882983931967164,50
snr0,B,hist,3.0,post,0.18227498911800372,0.046576452536353986,50
snr0,B,hist,3.0,pre,0.364718091626967,0.03050451898590826,50
snr0,B,hist,10.0,all,0.3525887699222992,0.051066724673891284,50
snr0,B,hist,10.0,post,0.21878657099762808,0.06033033544914032,50
snr0,B,hist,10.0,pre,0.46272020935017466,0.035213313777169755,50
snr0,B,hist,30.0,all,0.4011076415052753,0.05469542775648132,50
snr0,B,hist,30.0,post,0.25952004961169034,0.06605398547336803,50
snr0,B,hist,30.0,pre,0.5202678918726935,0.03601722473026929,50
snr0,B,hist,100.0,all,0.44740268917851284,0.05699633625075985,50
snr0,B,hist,100.0,post,0.31232098538059505,0.0752357848011408,50
snr0,B,hist,100.0,pre,0.5666238171483461,0.03870950241639106,50
snr0,B,in,0.0,all,0.20023627206990238,0.006218346555937982,50
snr0,B,in,0.0,post,0.20244840029499023,0.03125239911161088,50
snr0,B,in,0.0,pre,0.2106434144975825,0.032785739169739606,50
snr0,B,in,0.01,all,0.19894037634630757,0.006167549294813515,50
snr0,B,in,0.01,post,0.20113790304209506,0.03102101824615603,50
snr0,B,in,0.01,pre,0.20927696756256997,0.032559784347021024,50
snr0,B,in,0.03,all,0.1965576677789141,0.006087558741975407,50
snr0,B,in,0.03,post,0.19863621937849912,0.030582509588368906,50
snr0,B,in,0.03,pre,0.20685289713600574,0.03210294767454088,50
snr0,B,in,0.1,all,0.19018644470186488,0.005988467986653885,50
snr0,B,in,0.1,post,0.19101271013625806,0.029278014439804188,50
snr0,B,in,0.1,pre,0.2012583722996238,0.030455041611861182,50
snr0,B,in,0.3,all,0.18417293806865273,0.007484780603102971,50
snr0,B,in,0.3,post,0.17659269479246767,0.027162413682082245,50
snr0,B,in,0.3,pre,0.20242345518512525,0.026080485756040626,50
snr0,B,in,1.0,all,0.21073938833109376,0.02111339080680042,50
snr0,B,in,1.0,post,0.16476703086352024,0.030698372424885736,50
snr0,B,in,1.0,pre,0.25890521587547605,0.023831318937037736,50
snr0,B,in,3.0,all,0.2795441679669503,0.038933329491295035,50
snr0,B,in,3.0,post,0.18110652597197938,0.04689244719611433,50
snr0,B,in,3.0,pre,0.3637716410870522,0.030473480896313878,50
snr0,B,in,10.0,all,0.3474305712738987,0.052057438796839904,50
snr0,B,in,10.0,post,0.21036117576205093,0.062456154825950044,50
snr0,B,in,10.0,pre,0.45845788456651887,0.035582624244247955,50
snr0,B,in,30.0,all,0.3816934619641139,0.058055769827141154,50
snr0,B,in,30.0,post,0.22753410040242383,0.06998523845841406,50
snr0,B,in,30.0,pre,0.5049054203283988,0.03755339268050891,50
snr0,B,in,100.0,all,0.39880435412421117,0.06106101170191558,50
snr0,B,in,100.0,post,0.23669786344832403,0.0738080203659984,50
snr0,B,in,100.0,pre,0.5277766343041991,0.03857341583986897,50
snr0,B,legs,0.0,all,0.20023627207009145,0.006218346555953629,50
snr0,B,legs,0.0,post,0.20244840029500766,0.0312523991116145,50
snr0,B,legs,0.0,pre,0.21064341449796029,0.03278573916979429,50
snr0,B,legs,0.01,all,0.20023627207009145,0.006218346555953629,50
snr0,B,legs,0.01,post,0.20244840029500766,0.0312523991116145,50
snr0,B,legs,0.01,pre,0.21064341449796029,0.03278573916979429,50
snr0,B,legs,0.03,all,0.20023627207009145,0.006218346555953629,50
snr0,B,legs,0.03,post,0.20244840029500766,0.0312523991116145,50
snr0,B,legs,0.03,pre,0.21064341449796029,0.03278573916979429,50
snr0,B,legs,0.1,all,0.20023627207009145,0.006218346555953629,50
snr0,B,legs,0.1,post,0.20244840029500766,0.0312523991116145,50
snr0,B,legs,0.1,pre,0.21064341449796029,0.03278573916979429,50
snr0,B,legs,0.3,all,0.20023627207009145,0.006218346555953629,50
snr0,B,legs,0.3,post,0.20244840029500766,0.0312523991116145,50
snr0,B,legs,0.3,pre,0.21064341449796029,0.03278573916979429,50
snr0,B,legs,1.0,all,0.20023627207009145,0.006218346555953629,50
snr0,B,legs,1.0,post,0.20244840029500766,0.0312523991116145,50
snr0,B,legs,1.0,pre,0.21064341449796029,0.03278573916979429,50
snr0,B,legs,3.0,all,0.20023627207009145,0.006218346555953629,50
snr0,B,legs,3.0,post,0.20244840029500766,0.0312523991116145,50
snr0,B,legs,3.0,pre,0.21064341449796029,0.03278573916979429,50
snr0,B,legs,10.0,all,0.20023627207009145,0.006218346555953629,50
snr0,B,legs,10.0,post,0.20244840029500766,0.0312523991116145,50
snr0,B,legs,10.0,pre,0.21064341449796029,0.03278573916979429,50
snr0,B,legs,30.0,all,0.20023627207009145,0.006218346555953629,50
snr0,B,legs,30.0,post,0.20244840029500766,0.0312523991116145,50
snr0,B,legs,30.0,pre,0.21064341449796029,0.03278573916979429,50
snr0,B,legs,100.0,all,0.20023627207009145,0.006218346555953629,50
snr0,B,legs,100.0,post,0.20244840029500766,0.0312523991116145,50
snr0,B,legs,100.0,pre,0.21064341449796029,0.03278573916979429,50
snr0,B,point,0.0,all,0.9996166016098236,0.006575070537557925,50
snr0,B,point,0.0,post,1.0081889079760458,0.14317976777877595,50
snr0,B,point,0.0,pre,1.0545320588138536,0.16742922133638383,50
snr0,B,point,0.01,all,0.993028157605163,0.006646134859356998,50
snr0,B,point,0.01,post,1.0015341316649156,0.1421672870676876,50
snr0,B,point,0.01,pre,1.047586438335291,0.1663407193860953,50
snr0,B,point,0.03,all,0.9802349374863907,0.006959331877356466,50
snr0,B,point,0.03,post,0.9885927294579419,0.14021087462424411,50
snr0,B,point,0.03,pre,1.034118376229521,0.1642256399268407,50
snr0,B,point,0.1,all,0.9391236631578136,0.00896701849388768,50
snr0,B,point,0.1,post,0.9468172847369125,0.1340026787212756,50
snr0,B,point,0.1,pre,0.9910197436464793,0.15739964498943718,50
snr0,B,point,0.3,all,0.84616582740086,0.014530995034358299,50
snr0,B,point,0.3,post,0.8510456332711495,0.12030364509652873,50
snr0,B,point,0.3,pre,0.8948256371728358,0.14155269420555167,50
snr0,B,point,1.0,all,0.6703642492352171,0.020186286073815854,50
snr0,B,point,1.0,post,0.661225208178277,0.09464516074986892,50
snr0,B,point,1.0,pre,0.7209364262338288,0.10732025689778792,50
snr0,B,point,3.0,all,0.5257293027407094,0.025215989383113483,50
snr0,B,point,3.0,post,0.4807728636162104,0.07272149776050511,50
snr0,B,point,3.0,pre,0.5974192365182573,0.06907528130327326,50
snr0,B,point,10.0,all,0.4657894894429688,0.041321855390145566,50
snr0,B,point,10.0,post,0.37094885973741826,0.06721351713629493,50
snr0,B,point,10.0,pre,0.5683139897152446,0.046910285073735174,50
snr0,B,point,30.0,all,0.4592130466395019,0.04894906387513458,50
snr0,B,point,30.0,post,0.3352284507561562,0.06851113041903925,50
snr0,B,point,30.0,pre,0.5783002693261862,0.04146310839420792,50
snr0,B,point,100.0,all,0.4634269361038345,0.051446710142874726,50
snr0,B,point,100.0,post,0.32573718877670976,0.06905081201200074,50
snr0,B,point,100.0,pre,0.5902393326574117,0.04049968080233219,50
snr20,A,cur,0.0,all,0.061147680639932825,0.017198891168127582,50
snr20,A,cur,0.0,post,0.0621409033199868,0.022087133747570164,50
snr20,A,cur,0.0,pre,0.06415774983458532,0.025631764492291206,50
snr20,A,cur,0.01,all,0.061192766192503044,0.017171547609748754,50
snr20,A,cur,0.01,post,0.061792779888396925,0.02191788062613967,50
snr20,A,cur,0.01,pre,0.06461984994405723,0.025628029487702583,50
snr20,A,cur,0.03,all,0.061766260226207396,0.01697907196574633,50
snr20,A,cur,0.03,post,0.06129548911055846,0.0215173084566967,50
snr20,A,cur,0.03,pre,0.0663317258036764,0.025375708484067554,50
snr20,A,cur,0.1,all,0.06758339308840143,0.015583293192246096,50
snr20,A,cur,0.1,post,0.06125639388177773,0.01985495711415802,50
snr20,A,cur,0.1,pre,0.07781475632549234,0.02330935087305683,50
snr20,A,cur,0.3,all,0.09583839103529833,0.01447064594199603,50
snr20,A,cur,0.3,post,0.06876072597155482,0.017906520347711372,50
snr20,A,cur,0.3,pre,0.12217971439099708,0.019849895876116158,50
snr20,A,cur,1.0,all,0.17660975785747288,0.02603749342015898,50
snr20,A,cur,1.0,post,0.10395499731826327,0.029770309105567692,50
snr20,A,cur,1.0,pre,0.23511849390032488,0.024070606346786354,50
snr20,A,cur,3.0,all,0.27133749877928215,0.04088454701591984,50
snr20,A,cur,3.0,post,0.15365632823698055,0.04867704348334315,50
snr20,A,cur,3.0,pre,0.3629296898414269,0.029829489678954112,50
snr20,A,cur,10.0,all,0.34699604134012657,0.05220404046407015,50
snr20,A,cur,10.0,post,0.19552558338104564,0.06401918564754741,50
snr20,A,cur,10.0,pre,0.4640022381934148,0.03223400800435757,50
snr20,A,cur,30.0,all,0.38270973438250677,0.05726949461395952,50
snr20,A,cur,30.0,post,0.215718976715821,0.07148693771777793,50
snr20,A,cur,30.0,pre,0.5114693474861671,0.032437183214933794,50
snr20,A,cur,100.0,all,0.39988311002092486,0.05960588052499591,50
snr20,A,cur,100.0,post,0.2256953594706556,0.0752977451849893,50
snr20,A,cur,100.0,pre,0.5341549503883131,0.032080226191517305,50
snr20,A,hist,0.0,all,0.061147680639932825,0.01719889116812759,50
snr20,A,hist,0.0,post,0.06214090331998678,0.022087133747570188,50
snr20,A,hist,0.0,pre,0.06415774983458533,0.025631764492291202,50
snr20,A,hist,0.01,all,0.0611338208621782,0.017186632707239795,50
snr20,A,hist,0.01,post,0.06212780753625977,0.02207282245984775,50
snr20,A,hist,0.01,pre,0.06413620113252494,0.025626084805797814,50
snr20,A,hist,0.03,all,0.06127683799055712,0.017084053344060803,50
snr20,A,hist,0.03,post,0.0622798377262984,0.021973099258994894,50
snr20,A,hist,0.03,pre,0.06427567525178024,0.025560561591491813,50
snr20,A,hist,0.1,all,0.06318986532364412,0.016242552688748274,50
snr20,A,hist,0.1,post,0.06425604892036513,0.02126316021215201,50
snr20,A,hist,0.1,pre,0.0662882406239925,0.024980853313795105,50
snr20,A,hist,0.3,all,0.07418172768393844,0.014682450128475445,50
snr20,A,hist,0.3,post,0.07539542063688681,0.020668612322692702,50
snr20,A,hist,0.3,pre,0.07800404116535328,0.0239749342098225,50
snr20,A,hist,1.0,all,0.11205173873367669,0.023179765847657723,50
snr20,A,hist,1.0,post,0.11365213781118264,0.030660815127488535,50
snr20,A,hist,1.0,pre,0.11799825873211263,0.031904005595908835,50
snr20,A,hist,3.0,all,0.1621331355258601,0.038737197141573775,50
snr20,A,hist,3.0,post,0.1643865354140426,0.04782902621796445,50
snr20,A,hist,3.0,pre,0.1705007667153225,0.04805292754880653,50
snr20,A,hist,10.0,all,0.21016014424017446,0.05057339198807019,50
snr20,A,hist,10.0,post,0.21283545870099627,0.06107427085565659,50
snr20,A,hist,10.0,pre,0.22067629987262433,0.06099409704596201,50
snr20,A,hist,30.0,all,0.2543329822518618,0.05530899343530379,50
snr20,A,hist,30.0,post,0.2563026515757124,0.06691825258105674,50
snr20,A,hist,30.0,pre,0.2668233919925247,0.06679999744236678,50
snr20,A,hist,100.0,all,0.30994788071217877,0.0631675985431644,50
snr20,A,hist,100.0,post,0.3098614211230392,0.07610197901504467,50
snr20,A,hist,100.0,pre,0.3250244823927732,0.07653716881313398,50
snr20,A,in,0.0,all,0.06114768063992739,0.017198891168128994,50
snr20,A,in,0.0,post,0.06214090331997963,0.022087133747568013,50
snr20,A,in,0.0,pre,0.06415774983457999,0.02563176449230341,50
snr20,A,in,0.01,all,0.06113393029199922,0.017186670812656846,50
snr20,A,in,0.01,post,0.0621275681521154,0.022074313814040625,50
snr20,A,in,0.01,pre,0.06413665444813066,0.025626217169732124,50
snr20,A,in,0.03,all,0.06127679087865692,0.01708405926895123,50
snr20,A,in,0.03,post,0.06227872707574338,0.021977570377206105,50
snr20,A,in,0.03,pre,0.0642766108640957,0.025561070153616673,50
snr20,A,in,0.1,all,0.06318549903856896,0.01624132486792377,50
snr20,A,in,0.1,post,0.06424854257832109,0.021276841588650112,50
snr20,A,in,0.1,pre,0.0662863569593783,0.024984269203631088,50
snr20,A,in,0.3,all,0.07414053248824257,0.014670986051606924,50
snr20,A,in,0.3,post,0.07534896757605013,0.020697966191699023,50
snr20,A,in,0.3,pre,0.07796575932167375,0.023995647479680447,50
snr20,A,in,1.0,all,0.11175227745101331,0.023178513582742873,50
snr20,A,in,1.0,post,0.11334696218787796,0.030752435183424107,50
snr20,A,in,1.0,pre,0.11769979066784876,0.031992669978851675,50
snr20,A,in,3.0,all,0.16056085094019523,0.03899798701483282,50
snr20,A,in,3.0,post,0.16282042728241472,0.04830120443121054,50
snr20,A,in,3.0,pre,0.1689075753771226,0.04842280693638622,50
snr20,A,in,10.0,all,0.2009725867107322,0.05234906225914338,50
snr20,A,in,10.0,post,0.20383477189081448,0.06328593942464714,50
snr20,A,in,10.0,pre,0.21122549085692133,0.06273207475067509,50
snr20,A,in,30.0,all,0.22045383234765797,0.05887423637211013,50
snr20,A,in,30.0,post,0.2235685345491399,0.07067262927275993,50
snr20,A,in,30.0,pre,0.2316505043065677,0.06958277900595983,50
snr20,A,in,100.0,all,0.23011028679193157,0.062069319846050346,50
snr20,A,in,100.0,post,0.23331936966927408,0.0744553398556769,50
snr20,A,in,100.0,pre,0.24178976369921704,0.07272741327504792,50
snr20,A,legs,0.0,all,0.061147680639932825,0.01719889116812758,50
snr20,A,legs,0.0,post,0.0621409033199868,0.02208713374757017,50
snr20,A,legs,0.0,pre,0.06415774983458532,0.025631764492291202,50
snr20,A,legs,0.01,all,0.061147680639932825,0.01719889116812758,50
snr20,A,legs,0.01,post,0.0621409033199868,0.02208713374757017,50
snr20,A,legs,0.01,pre,0.06415774983458532,0.025631764492291202,50
snr20,A,legs,0.03,all,0.061147680639932825,0.01719889116812758,50
snr20,A,legs,0.03,post,0.0621409033199868,0.02208713374757017,50
snr20,A,legs,0.03,pre,0.06415774983458532,0.025631764492291202,50
snr20,A,legs,0.1,all,0.061147680639932825,0.01719889116812758,50
snr20,A,legs,0.1,post,0.0621409033199868,0.02208713374757017,50
snr20,A,legs,0.1,pre,0.06415774983458532,0.025631764492291202,50
snr20,A,legs,0.3,all,0.061147680639932825,0.01719889116812758,50
snr20,A,legs,0.3,post,0.0621409033199868,0.02208713374757017,50
snr20,A,legs,0.3,pre,0.06415774983458532,0.025631764492291202,50
snr20,A,legs,1.0,all,0.061147680639932825,0.01719889116812758,50
snr20,A,legs,1.0,post,0.0621409033199868,0.02208713374757017,50
snr20,A,legs,1.0,pre,0.06415774983458532,0.025631764492291202,50
snr20,A,legs,3.0,all,0.061147680639932825,0.01719889116812758,50
snr20,A,legs,3.0,post,0.0621409033199868,0.02208713374757017,50
snr20,A,legs,3.0,pre,0.06415774983458532,0.025631764492291202,50
snr20,A,legs,10.0,all,0.061147680639932825,0.01719889116812758,50
snr20,A,legs,10.0,post,0.0621409033199868,0.02208713374757017,50
snr20,A,legs,10.0,pre,0.06415774983458532,0.025631764492291202,50
snr20,A,legs,30.0,all,0.061147680639932825,0.01719889116812758,50
snr20,A,legs,30.0,post,0.0621409033199868,0.02208713374757017,50
snr20,A,legs,30.0,pre,0.06415774983458532,0.025631764492291202,50
snr20,A,legs,100.0,all,0.061147680639932825,0.01719889116812758,50
snr20,A,legs,100.0,post,0.0621409033199868,0.02208713374757017,50
snr20,A,legs,100.0,pre,0.06415774983458532,0.025631764492291202,50
snr20,A,point,0.0,all,0.1005342011120477,0.0005322481291821731,50
snr20,A,point,0.0,post,0.10140256630832574,0.014253526070886764,50
snr20,A,point,0.0,pre,0.10604832138192721,0.016979756230012483,50
snr20,A,point,0.01,all,0.09989395345762157,0.0005528165791633303,50
snr20,A,point,0.01,post,0.10075967322738422,0.01415496614246133,50
snr20,A,point,0.01,pre,0.10536907431564897,0.01687253569268089,50
snr20,A,point,0.03,all,0.09873999117487013,0.0006221269510562108,50
snr20,A,point,0.03,post,0.09960194526457496,0.01397967505589636,50
snr20,A,point,0.03,pre,0.10414371967652362,0.016678758880533547,50
snr20,A,point,0.1,all,0.09588390889368342,0.0012727187146947911,50
snr20,A,point,0.1,post,0.096747069892416,0.01359639087408373,50
snr20,A,point,0.1,pre,0.10109966700511391,0.016213127537657548,50
snr20,A,point,0.3,all,0.09476864195837051,0.0059067417515940015,50
snr20,A,point,0.3,post,0.09571411017037171,0.014803112988383216,50
snr20,A,point,0.3,pre,0.09982825018882346,0.016914110026456295,50
snr20,A,point,1.0,all,0.11431324400427378,0.02216855260661256,50
snr20,A,point,1.0,post,0.11570261846941335,0.028634181891936103,50
snr20,A,point,1.0,pre,0.12021327638517729,0.029294097083921385,50
snr20,A,point,3.0,all,0.1553001647961176,0.04052113441126303,50
snr20,A,point,3.0,post,0.1574088917550363,0.04835733622550531,50
snr20,A,point,3.0,pre,0.16312726374340067,0.04830415604237382,50
snr20,A,point,10.0,all,0.19390195656367573,0.05446810654214401,50
snr20,A,point,10.0,post,0.19662489924021073,0.0640067944995164,50
snr20,A,point,10.0,pre,0.20356498187685784,0.06343021034397012,50
snr20,A,point,30.0,all,0.21319568015567048,0.061093559415927916,50
snr20,A,point,30.0,post,0.2161519396552954,0.07153379948753223,50
snr20,A,point,30.0,pre,0.22382671174069815,0.07049728409345936,50
snr20,A,point,100.0,all,0.22290777580550253,0.06430908488600225,50
snr20,A,point,100.0,post,0.2259297270622095,0.0753543060197403,50
snr20,A,point,100.0,pre,0.2340559259722042,0.07372083893211956,50
snr20,B,cur,0.0,all,0.020935826253449804,0.0013205443932378623,50
snr20,B,cur,0.0,post,0.021174961888146424,0.0034810251035467506,50
snr20,B,cur,0.0,pre,0.021986768221685226,0.003513938329680632,50
snr20,B,cur,0.01,all,0.020886803490606932,0.001304724047981199,50
snr20,B,cur,0.01,post,0.021139453397718246,0.0034667850189898097,50
snr20,B,cur,0.01,pre,0.02192144460370253,0.0035023545329695024,50
snr20,B,cur,0.03,all,0.021215493733054983,0.0013527853857931687,50
snr20,B,cur,0.03,post,0.021501234016377865,0.003526595999055429,50
snr20,B,cur,0.03,pre,0.022239775378300974,0.0035709429141661036,50
snr20,B,cur,0.1,all,0.025495937437395515,0.0033353329430132208,50
snr20,B,cur,0.1,post,0.025913306817420555,0.0052061790372631275,50
snr20,B,cur,0.1,pre,0.02667294590722876,0.005222384960651484,50
snr20,B,cur,0.3,all,0.0446767033644542,0.010847950371457122,50
snr20,B,cur,0.3,post,0.04541293534137528,0.01322468043791726,50
snr20,B,cur,0.3,pre,0.04677696898334172,0.013098377482756468,50
snr20,B,cur,1.0,all,0.0934443545586098,0.02587577270331438,50
snr20,B,cur,1.0,post,0.0949288047635264,0.03063271979303859,50
snr20,B,cur,1.0,pre,0.09790542387598218,0.030104307597856084,50
snr20,B,cur,3.0,all,0.14789078142564466,0.041812202916436364,50
snr20,B,cur,3.0,post,0.15026730542141706,0.04936076269836519,50
snr20,B,cur,3.0,pre,0.15489735061602022,0.048109485117073636,50
snr20,B,cur,10.0,all,0.19077063667473013,0.05473070895856626,50
snr20,B,cur,10.0,post,0.19383024467335322,0.06444737952756453,50
snr20,B,cur,10.0,pre,0.19978364397910361,0.06240181217275965,50
snr20,B,cur,30.0,all,0.21110226430171694,0.06108777410217714,50
snr20,B,cur,30.0,post,0.21441438158390316,0.07183760521241604,50
snr20,B,cur,30.0,pre,0.22114133045648313,0.06930803659317514,50
snr20,B,cur,100.0,all,0.22113328434101007,0.06421112166974163,50
snr20,B,cur,100.0,post,0.2245118441486585,0.0756266848149353,50
snr20,B,cur,100.0,pre,0.231735431260343,0.07255934828462411,50
snr20,B,hist,0.0,all,0.02093582625344981,0.0013205443932378393,50
snr20,B,hist,0.0,post,0.021174961888146458,0.0034810251035467103,50
snr20,B,hist,0.0,pre,0.0219867682216852,0.0035139383296806125,50
snr20,B,hist,0.01,all,0.021038062616668466,0.001313338971468378,50
snr20,B,hist,0.01,post,0.02114889523379183,0.0034608721851917376,50
snr20,B,hist,0.01,pre,0.022212871136788576,0.0034288576328676233,50
snr20,B,hist,0.03,all,0.022482261114032093,0.001457137743604894,50
snr20,B,hist,0.03,post,0.02155306748453668,0.0035155241526193186,50
snr20,B,hist,0.03,pre,0.024681991306065965,0.0032017371613278518,50
snr20,B,hist,0.1,all,0.034555813611113095,0.004204379205849794,50
snr20,B,hist,0.1,post,0.026263277051928543,0.005187530368799267,50
snr20,B,hist,0.1,pre,0.04288823517405393,0.004703772393434069,50
snr20,B,hist,0.3,all,0.07514906477647317,0.011936871370884242,50
snr20,B,hist,0.3,post,0.046723976574374965,0.013068728630916385,50
snr20,B,hist,0.3,pre,0.09871898610699155,0.01139965506326423,50
snr20,B,hist,1.0,all,0.16624243782192707,0.026347471908304602,50
snr20,B,hist,1.0,post,0.09834925023843134,0.030155211764039153,50
snr20,B,hist,1.0,pre,0.2205320537946741,0.022451982517890955,50
snr20,B,hist,3.0,all,0.2657865290753498,0.040850546468105334,50
snr20,B,hist,3.0,post,0.1569672211323022,0.04829701456302355,50
snr20,B,hist,3.0,pre,0.3525306322972461,0.03063295129013634,50
snr20,B,hist,10.0,all,0.34746946007699464,0.05173383927688562,50
snr20,B,hist,10.0,post,0.20972775228998677,0.061472908950685114,50
snr20,B,hist,10.0,pre,0.4584860292961529,0.03506796067768923,50
snr20,B,hist,30.0,all,0.39843153920675417,0.055127028996826845,50
snr20,B,hist,30.0,post,0.25504809440342097,0.06707043366374744,50
snr20,B,hist,30.0,pre,0.51801085246464,0.035786760968315554,50
snr20,B,hist,100.0,all,0.44550104294093856,0.057419781155853784,50
snr20,B,hist,100.0,post,0.30946818979782365,0.07603808476162031,50
snr20,B,hist,100.0,pre,0.5649130360515825,0.03863582808918172,50
snr20,B,in,0.0,all,0.020935826253431284,0.0013205443932360142,50
snr20,B,in,0.0,post,0.02117496188812883,0.0034810251035372226,50
snr20,B,in,0.0,pre,0.02198676822166904,0.0035139383296973704,50
snr20,B,in,0.01,all,0.021037969830489448,0.0013132121030686845,50
snr20,B,in,0.01,post,0.021148242185143874,0.003460591211957589,50
snr20,B,in,0.01,pre,0.022213329991365428,0.0034290077779642494,50
snr20,B,in,0.03,all,0.022481572211976285,0.0014565062322740427,50
snr20,B,in,0.03,post,0.02155109195015592,0.0035147573461445877,50
snr20,B,in,0.03,pre,0.024682404273108603,0.0032016312210249296,50
snr20,B,in,0.1,all,0.03454829384644756,0.0042035844859789106,50
snr20,B,in,0.1,post,0.02625506472171023,0.00518600922384988,50
snr20,B,in,0.1,pre,0.042880246271385085,0.004700379807445797,50
snr20,B,in,0.3,all,0.07509900487098577,0.011938850123753213,50
snr20,B,in,0.3,post,0.046676143465622204,0.013071887712802816,50
snr20,B,in,0.3,pre,0.09865947365481281,0.011391911270759624,50
snr20,B,in,1.0,all,0.16595168339196545,0.026372904873670763,50
snr20,B,in,1.0,post,0.09801288236370304,0.030218314753090916,50
snr20,B,in,1.0,pre,0.22021020295951804,0.022446253522524242,50
snr20,B,in,3.0,all,0.2646079872962968,0.04101775096530884,50
snr20,B,in,3.0,post,0.1552502258296863,0.04872314567844213,50
snr20,B,in,3.0,pre,0.35139579752313005,0.03069386828317172,50
snr20,B,in,10.0,all,0.34191261286559793,0.05280699206405058,50
snr20,B,in,10.0,post,0.20031161731881947,0.06365407060379544,50
snr20,B,in,10.0,pre,0.4538918949297428,0.035607007771721516,50
snr20,B,in,30.0,all,0.37842153926038896,0.05855916339841173,50
snr20,B,in,30.0,post,0.22160590976357464,0.0709492424374958,50
snr20,B,in,30.0,pre,0.5021524996646426,0.03749048025940898,50
snr20,B,in,100.0,all,0.3961794894788288,0.061561248792457765,50
snr20,B,in,100.0,post,0.23204249731843973,0.07467661679410201,50
snr20,B,in,100.0,pre,0.5255220517752018,0.03848213108238672,50
snr20,B,legs,0.0,all,0.02093582625344982,0.001320544393237868,50
snr20,B,legs,0.0,post,0.021174961888146434,0.0034810251035467506,50
snr20,B,legs,0.0,pre,0.021986768221685226,0.0035139383296806433,50
snr20,B,legs,0.01,all,0.02093582625344982,0.001320544393237868,50
snr20,B,legs,0.01,post,0.021174961888146434,0.0034810251035467506,50
snr20,B,legs,0.01,pre,0.021986768221685226,0.0035139383296806433,50
snr20,B,legs,0.03,all,0.02093582625344982,0.001320544393237868,50
snr20,B,legs,0.03,post,0.021174961888146434,0.0034810251035467506,50
snr20,B,legs,0.03,pre,0.021986768221685226,0.0035139383296806433,50
snr20,B,legs,0.1,all,0.02093582625344982,0.001320544393237868,50
snr20,B,legs,0.1,post,0.021174961888146434,0.0034810251035467506,50
snr20,B,legs,0.1,pre,0.021986768221685226,0.0035139383296806433,50
snr20,B,legs,0.3,all,0.02093582625344982,0.001320544393237868,50
snr20,B,legs,0.3,post,0.021174961888146434,0.0034810251035467506,50
snr20,B,legs,0.3,pre,0.021986768221685226,0.0035139383296806433,50
snr20,B,legs,1.0,all,0.02093582625344982,0.001320544393237868,50
snr20,B,legs,1.0,post,0.021174961888146434,0.0034810251035467506,50
snr20,B,legs,1.0,pre,0.021986768221685226,0.0035139383296806433,50
snr20,B,legs,3.0,all,0.02093582625344982,0.001320544393237868,50
snr20,B,legs,3.0,post,0.021174961888146434,0.0034810251035467506,50
snr20,B,legs,3.0,pre,0.021986768221685226,0.0035139383296806433,50
snr20,B,legs,10.0,all,0.02093582625344982,0.001320544393237868,50
snr20,B,legs,10.0,post,0.021174961888146434,0.0034810251035467506,50
snr20,B,legs,10.0,pre,0.021986768221685226,0.0035139383296806433,50
snr20,B,legs,30.0,all,0.02093582625344982,0.001320544393237868,50
snr20,B,legs,30.0,post,0.021174961888146434,0.0034810251035467506,50
snr20,B,legs,30.0,pre,0.021986768221685226,0.0035139383296806433,50
snr20,B,legs,100.0,all,0.02093582625344982,0.001320544393237868,50
snr20,B,legs,100.0,post,0.021174961888146434,0.0034810251035467506,50
snr20,B,legs,100.0,pre,0.021986768221685226,0.0035139383296806433,50
snr20,B,point,0.0,all,0.10052120883647526,0.0006529102805567504,50
snr20,B,point,0.0,post,0.10140256630832574,0.014253526070886764,50
snr20,B,point,0.0,pre,0.10598374190505158,0.016706801507235438,50
snr20,B,point,0.01,all,0.09991291255155632,0.0006619779562260979,50
snr20,B,point,0.01,post,0.10075967322738422,0.01415496614246133,50
snr20,B,point,0.01,pre,0.10536896582608689,0.016588661018846724,50
snr20,B,point,0.03,all,0.09901379320144846,0.0006829206510892261,50
snr20,B,point,0.03,post,0.09960194526457496,0.01397967505589636,50
snr20,B,point,0.03,pre,0.10465788617044566,0.01631969053558826,50
snr20,B,point,0.1,all,0.09876426562495359,0.0014105165718350705,50
snr20,B,point,0.1,post,0.096747069892416,0.01359639087408373,50
snr20,B,point,0.1,pre,0.1067982554332645,0.01520053711679002,50
snr20,B,point,0.3,all,0.11277490658631127,0.007717129726760176,50
snr20,B,point,0.3,post,0.09571411017037171,0.014803112988383216,50
snr20,B,point,0.3,pre,0.1336781933697948,0.014371894042767851,50
snr20,B,point,1.0,all,0.1797387794508668,0.02418311732317637,50
snr20,B,point,1.0,post,0.11570261846941335,0.028634181891936103,50
snr20,B,point,1.0,pre,0.23455317334623402,0.022543328171614006,50
snr20,B,point,3.0,all,0.27115343936393843,0.039872807548027224,50
snr20,B,point,3.0,post,0.1574088917550363,0.04835733622550531,50
snr20,B,point,3.0,pre,0.3612297915862533,0.030412010250732712,50
snr20,B,point,10.0,all,0.3468570781609226,0.051791196335287296,50
snr20,B,point,10.0,post,0.19662489924021073,0.0640067944995164,50
snr20,B,point,10.0,pre,0.46367114168563767,0.034708888690209896,50
snr20,B,point,30.0,all,0.38315940655242137,0.05746465017748626,50
snr20,B,point,30.0,post,0.2161519396552954,0.07153379948753223,50
snr20,B,point,30.0,pre,0.5123531251247891,0.036060552133097085,50
snr20,B,point,100.0,all,0.4009153323556405,0.06038945993589307,50
snr20,B,point,100.0,post,0.2259297270622095,0.0753543060197403,50
snr20,B,point,100.0,pre,0.536000018189916,0.03666863335416602,50
snr30,A,cur,0.0,all,0.057796471956315924,0.01828314890576979,50
snr30,A,cur,0.0,post,0.05877794228896294,0.023018790058485294,50
snr30,A,cur,0.0,pre,0.060408708360247934,0.026635161625622343,50
snr30,A,cur,0.01,all,0.05788844038819185,0.018243968493561892,50
snr30,A,cur,0.01,post,0.05845332107925985,0.022841811271895246,50
snr30,A,cur,0.01,pre,0.060958487660955435,0.02660073542379036,50
snr30,A,cur,0.03,all,0.058594462419092046,0.017984135939822017,50
snr30,A,cur,0.03,post,0.05802795667822021,0.022387130745605274,50
snr30,A,cur,0.03,pre,0.06290844316526548,0.026229942260727907,50
snr30,A,cur,0.1,all,0.06501788042228199,0.01625459087415901,50
snr30,A,cur,0.1,post,0.058342425107208225,0.020440480609408746,50
snr30,A,cur,0.1,pre,0.07530226108629591,0.023724079904925886,50
snr30,A,cur,0.3,all,0.09443188893690038,0.014761731294834242,50
snr30,A,cur,0.3,post,0.06674759390315178,0.018082702164432602,50
snr30,A,cur,0.3,pre,0.1209520722892838,0.01994383114690064,50
snr30,A,cur,1.0,all,0.17614951860543088,0.02613642447775966,50
snr30,A,cur,1.0,post,0.10314714967239783,0.029826563668004614,50
snr30,A,cur,1.0,pre,0.23473651716570867,0.02411411847941652,50
snr30,A,cur,3.0,all,0.2711904365005877,0.040915570188392175,50
snr30,A,cur,3.0,post,0.15337898278401174,0.04870060433588145,50
snr30,A,cur,3.0,pre,0.36280989513010975,0.029847233564328054,50
snr30,A,cur,10.0,all,0.3469481762913983,0.05221240432488006,50
snr30,A,cur,10.0,post,0.19542108669996885,0.06404115981426937,50
snr30,A,cur,10.0,pre,0.46396734008939416,0.03223504883330571,50
snr30,A,cur,30.0,all,0.3826849269886101,0.057275459417797804,50
snr30,A,cur,30.0,post,0.21565921236933774,0.07151307871286583,50
snr30,A,cur,30.0,pre,0.5114531658580178,0.03243387232846967,50
snr30,A,cur,100.0,all,0.3998623208732074,0.059612223194001036,50
snr30,A,cur,100.0,post,0.2256498151898198,0.07532305935809029,50
snr30,A,cur,100.0,pre,0.5341395571061864,0.0320762860436561,50
snr30,A,hist,0.0,all,0.057796471956315924,0.0182831489057698,50
snr30,A,hist,0.0,post,0.05877794228896291,0.02301879005848531,50
snr30,A,hist,0.0,pre,0.06040870836024795,0.02663516162562234,50
snr30,A,hist,0.01,all,0.05782612685458352,0.018261583990128387,50
snr30,A,hist,0.01,post,0.05880615004234961,0.022995427322470525,50
snr30,A,hist,0.01,pre,0.060437994374872385,0.02662132278633918,50
snr30,A,hist,0.03,all,0.05807070085719784,0.018118565102823194,50
snr30,A,hist,0.03,post,0.059063027181701866,0.02284046883118982,50
snr30,A,hist,0.03,pre,0.060694717631743576,0.026521861092161023,50
snr30,A,hist,0.1,all,0.060400602245465,0.017060509300969414,50
snr30,A,hist,0.1,post,0.06147332870241692,0.021858652523916864,50
snr30,A,hist,0.1,pre,0.06319342824276944,0.025739459399653695,50
snr30,A,hist,0.3,all,0.07234617112311502,0.015130195661194074,50
snr30,A,hist,0.3,post,0.07355705631556081,0.020886673437816857,50
snr30,A,hist,0.3,pre,0.07602410097527923,0.02434218836517307,50
snr30,A,hist,1.0,all,0.11135182962141987,0.023328147419708175,50
snr30,A,hist,1.0,post,0.1129268580219168,0.030719380653569668,50
snr30,A,hist,1.0,pre,0.11727915272826214,0.03203294315749611,50
snr30,A,hist,3.0,all,0.16191134142644759,0.03878674387617849,50
snr30,A,hist,3.0,post,0.1641420837238888,0.047854834460382294,50
snr30,A,hist,3.0,pre,0.17028789099278235,0.0481061888883198,50
snr30,A,hist,10.0,all,0.21009692853614928,0.05060490331083184,50
snr30,A,hist,10.0,post,0.21275718806267135,0.06110893165963574,50
snr30,A,hist,10.0,pre,0.22062749179686125,0.06102673851657134,50
snr30,A,hist,30.0,all,0.2543133123088425,0.05534537681538054,50
snr30,A,hist,30.0,post,0.2562726334644024,0.06696349403069037,50
snr30,A,hist,30.0,pre,0.26681827490561305,0.06683676304378858,50
snr30,A,hist,100.0,all,0.30993528537629345,0.06319401724579979,50
snr30,A,hist,100.0,post,0.3098444935912875,0.07613269780819723,50
snr30,A,hist,100.0,pre,0.3250174257743366,0.07656260757732906,50
snr30,A,in,0.0,all,0.057796471956315314,0.018283148905770236,50
snr30,A,in,0.0,post,0.05877794228895571,0.023018790058483972,50
snr30,A,in,0.0,pre,0.06040870836025226,0.026635161625630167,50
snr30,A,in,0.01,all,0.05782610227303982,0.018261581853580525,50
snr30,A,in,0.01,post,0.05880575904446962,0.022997048971166632,50
snr30,A,in,0.01,pre,0.0604381851569725,0.026621331494518525,50
snr30,A,in,0.03,all,0.05807022886684726,0.018118446792405568,50
snr30,A,in,0.03,post,0.0590614648102119,0.022845264727880423,50
snr30,A,in,0.03,pre,0.060694829288639375,0.02652202415509106,50
snr30,A,in,0.1,all,0.060394640509901745,0.01705884918785837,50
snr30,A,in,0.1,post,0.061464464614014426,0.021872752344028006,50
snr30,A,in,0.1,pre,0.06318857740533525,0.025741851016276535,50
snr30,A,in,0.3,all,0.07230023962245012,0.015117302666616456,50
snr30,A,in,0.3,post,0.0735069701392302,0.02091623579936399,50
snr30,A,in,0.3,pre,0.07597823599114886,0.024358550917933892,50
snr30,A,in,1.0,all,0.11104217184616544,0.023324047401509715,50
snr30,A,in,1.0,post,0.11261329189186768,0.030810590733631106,50
snr30,A,in,1.0,pre,0.11696678697264311,0.032110530497551346,50
snr30,A,in,3.0,all,0.16032228930985343,0.03904213576949596,50
snr30,A,in,3.0,post,0.16256141482347658,0.04832225771842082,50
snr30,A,in,3.0,pre,0.16867314131817882,0.048460802671882075,50
snr30,A,in,10.0,all,0.20088260809838396,0.05236547342454215,50
snr30,A,in,10.0,post,0.20373267788438945,0.06330435705072068,50
snr30,A,in,10.0,pre,0.21114249816923877,0.06273882036901812,50
snr30,A,in,30.0,all,0.22040005469395052,0.05888537803675661,50
snr30,A,in,30.0,post,0.22350782884254639,0.07069440527963855,50
snr30,A,in,30.0,pre,0.2316020900795285,0.06958332102639421,50
snr30,A,in,100.0,all,0.23006640006373655,0.06207876454847931,50
snr30,A,in,100.0,post,0.23327259123429592,0.07447592329931044,50
snr30,A,in,100.0,pre,0.2417477203567037,0.07272723341699666,50
snr30,A,legs,0.0,all,0.057796471956315924,0.018283148905769795,50
snr30,A,legs,0.0,post,0.058777942288962944,0.023018790058485308,50
snr30,A,legs,0.0,pre,0.06040870836024793,0.026635161625622347,50
snr30,A,legs,0.01,all,0.057796471956315924,0.018283148905769795,50
snr30,A,legs,0.01,post,0.058777942288962944,0.023018790058485308,50
snr30,A,legs,0.01,pre,0.06040870836024793,0.026635161625622347,50
snr30,A,legs,0.03,all,0.057796471956315924,0.018283148905769795,50
snr30,A,legs,0.03,post,0.058777942288962944,0.023018790058485308,50
snr30,A,legs,0.03,pre,0.06040870836024793,0.026635161625622347,50
snr30,A,legs,0.1,all,0.057796471956315924,0.018283148905769795,50
snr30,A,legs,0.1,post,0.058777942288962944,0.023018790058485308,50
snr30,A,legs,0.1,pre,0.06040870836024793,0.026635161625622347,50
snr30,A,legs,0.3,all,0.057796471956315924,0.018283148905769795,50
snr30,A,legs,0.3,post,0.058777942288962944,0.023018790058485308,50
snr30,A,legs,0.3,pre,0.06040870836024793,0.026635161625622347,50
snr30,A,legs,1.0,all,0.057796471956315924,0.018283148905769795,50
snr30,A,legs,1.0,post,0.058777942288962944,0.023018790058485308,50
snr30,A,legs,1.0,pre,0.06040870836024793,0.026635161625622347,50
snr30,A,legs,3.0,all,0.057796471956315924,0.018283148905769795,50
snr30,A,legs,3.0,post,0.058777942288962944,0.023018790058485308,50
snr30,A,legs,3.0,pre,0.06040870836024793,0.026635161625622347,50
snr30,A,legs,10.0,all,0.057796471956315924,0.018283148905769795,50
snr30,A,legs,10.0,post,0.058777942288962944,0.023018790058485308,50
snr30,A,legs,10.0,pre,0.06040870836024793,0.026635161625622347,50
snr30,A,legs,30.0,all,0.057796471956315924,0.018283148905769795,50
snr30,A,legs,30.0,post,0.058777942288962944,0.023018790058485308,50
snr30,A,legs,30.0,pre,0.06040870836024793,0.026635161625622347,50
snr30,A,legs,100.0,all,0.057796471956315924,0.018283148905769795,50
snr30,A,legs,100.0,post,0.058777942288962944,0.023018790058485308,50
snr30,A,legs,100.0,pre,0.06040870836024793,0.026635161625622347,50
snr30,A,point,0.0,all,0.0333530554654645,0.0006146734539525267,50
snr30,A,point,0.0,post,0.033689371741369274,0.004383577307642696,50
snr30,A,point,0.0,pre,0.035018433736688205,0.005321895773944373,50
snr30,A,point,0.01,all,0.03320203402563536,0.0006176565025847253,50
snr30,A,point,0.01,post,0.03354074620122709,0.0043596063046403895,50
snr30,A,point,0.01,pre,0.03485452139022441,0.005294795505696092,50
snr30,A,point,0.03,all,0.03318205234035263,0.0006673822845399565,50
snr30,A,point,0.03,post,0.03352921195463352,0.004366803965096219,50
snr30,A,point,0.03,pre,0.03482419816837276,0.0052914200273225164,50
snr30,A,point,0.1,all,0.03547128912440201,0.0023412440542199577,50
snr30,A,point,0.1,post,0.035873947317897587,0.005311050523782008,50
snr30,A,point,0.1,pre,0.03721243179671435,0.006086728373530764,50
snr30,A,point,0.3,all,0.05025603017439763,0.009750845136200378,50
snr30,A,point,0.3,post,0.05087084613529608,0.012460432817929079,50
snr30,A,point,0.3,pre,0.05277690947322416,0.012789019027400317,50
snr30,A,point,1.0,all,0.09551134599044867,0.02546502033686635,50
snr30,A,point,1.0,post,0.09674425911292854,0.030203408843660306,50
snr30,A,point,1.0,pre,0.10037099178529477,0.03025706988282733,50
snr30,A,point,3.0,all,0.14891110144040975,0.041848266243397624,50
snr30,A,point,3.0,post,0.150960479449836,0.04915705572731729,50
snr30,A,point,3.0,pre,0.15639032967891367,0.04897813312440358,50
snr30,A,point,10.0,all,0.1914945681335119,0.05500644933246008,50
snr30,A,point,10.0,post,0.1941971535372126,0.06433455731135918,50
snr30,A,point,10.0,pre,0.20102609052318635,0.06374703160323811,50
snr30,A,point,30.0,all,0.21174949590203898,0.06143210777496535,50
snr30,A,point,30.0,post,0.2147014300947516,0.07175326331924517,50
snr30,A,point,30.0,pre,0.22229552653478662,0.0706972987168087,50
snr30,A,point,100.0,all,0.2217458484323517,0.06458371375151842,50
snr30,A,point,100.0,post,0.22477373899273548,0.07554848672961223,50
snr30,A,point,100.0,pre,0.2328165003784501,0.07387002621716675,50
snr30,B,cur,0.0,all,0.008551409570447041,0.002486932834516859,50
snr30,B,cur,0.0,post,0.00868498355629136,0.0028244683846062454,50
snr30,B,cur,0.0,pre,0.008866183577949436,0.0029795804766775923,50
snr30,B,cur,0.01,all,0.008714412888268384,0.0024520849844685,50
snr30,B,cur,0.01,post,0.008861686673992605,0.0028006870856621025,50
snr30,B,cur,0.01,pre,0.009029638808524287,0.0029568282933398224,50
snr30,B,cur,0.03,all,0.009961837827432323,0.0024102050268190603,50
snr30,B,cur,0.03,post,0.010147141346553175,0.002841196425264125,50
snr30,B,cur,0.03,pre,0.010338274645430055,0.0029985355114048587,50
snr30,B,cur,0.1,all,0.017990850866456413,0.004414646944844644,50
snr30,B,cur,0.1,post,0.01830529980187973,0.005274987000984034,50
snr30,B,cur,0.1,pre,0.01879713507578514,0.005358970694523048,50
snr30,B,cur,0.3,all,0.041548500101294614,0.011464774418487911,50
snr30,B,cur,0.3,post,0.042187526426306084,0.013508088808103872,50
snr30,B,cur,0.3,pre,0.04355041978665512,0.01343509074169616,50
snr30,B,cur,1.0,all,0.09258985857907813,0.026044756734160915,50
snr30,B,cur,1.0,post,0.094009839507462,0.030702051142188377,50
snr30,B,cur,1.0,pre,0.09705723474495125,0.030213878068147567,50
snr30,B,cur,3.0,all,0.14763877821905455,0.04185893079081542,50
snr30,B,cur,3.0,post,0.14997739452103234,0.0493715990237506,50
snr30,B,cur,3.0,pre,0.15466355761516637,0.04813838668289558,50
snr30,B,cur,10.0,all,0.19068299489951204,0.054747219775485176,50
snr30,B,cur,10.0,post,0.19372327014063725,0.06445737287176855,50
snr30,B,cur,10.0,pre,0.1997099284276999,0.0624064800191813,50
snr30,B,cur,30.0,all,0.21105084784000663,0.06109969343532102,50
snr30,B,cur,30.0,post,0.21435323304604423,0.07185300289691997,50
snr30,B,cur,30.0,pre,0.22109855549667012,0.06931072365449495,50
snr30,B,cur,100.0,all,0.22109052268589657,0.06422205753620684,50
snr30,B,cur,100.0,post,0.22446526343098713,0.07564166133675,50
snr30,B,cur,100.0,pre,0.2316955906783533,0.07256261178559538,50
snr30,B,hist,0.0,all,0.008551409570447041,0.002486932834516838,50
snr30,B,hist,0.0,post,0.00868498355629139,0.002824468384606249,50
snr30,B,hist,0.0,pre,0.00886618357794939,0.00297958047667759,50
snr30,B,hist,0.01,all,0.009094164611915945,0.002390303559504338,50
snr30,B,hist,0.01,post,0.008886904753669296,0.002804452571319071,50
snr30,B,hist,0.01,pre,0.0097643464651057,0.0027529265312629106,50
snr30,B,hist,0.03,all,0.012481617116418906,0.0022821484986638775,50
snr30,B,hist,0.03,post,0.010265727210069076,0.0028508733197271274,50
snr30,B,hist,0.03,pre,0.014943882841246328,0.0023518699556521407,50
snr30,B,hist,0.1,all,0.02951691103412646,0.004854861603935734,50
snr30,B,hist,0.1,post,0.01882905304679769,0.0052363060555996955,50
snr30,B,hist,0.1,pre,0.03853436316175916,0.0047826828114164496,50
snr30,B,hist,0.3,all,0.0734002014760253,0.012222360834949835,50
snr30,B,hist,0.3,post,0.04363433630730731,0.013317956667476623,50
snr30,B,hist,0.3,pre,0.09729782891513374,0.011564733567730374,50
snr30,B,hist,1.0,all,0.16580083000647494,0.026425613249490814,50
snr30,B,hist,1.0,post,0.09748869314047987,0.030220838616773164,50
snr30,B,hist,1.0,pre,0.2202009722407344,0.022535184537326614,50
snr30,B,hist,3.0,all,0.2656701462819322,0.040868475285012106,50
snr30,B,hist,3.0,post,0.15671092910567394,0.04831500914510195,50
snr30,B,hist,3.0,pre,0.3524554523287376,0.03066661711436029,50
snr30,B,hist,10.0,all,0.3474398280614343,0.05173219829641132,50
snr30,B,hist,10.0,post,0.2096508551557276,0.06150240671252614,50
snr30,B,hist,10.0,pre,0.45847170121718067,0.035067346427567425,50
snr30,B,hist,30.0,all,0.39842297175847385,0.05512642348319487,50
snr30,B,hist,30.0,post,0.25501930791823857,0.06711381867243803,50
snr30,B,hist,30.0,pre,0.5180110917653584,0.0357758881928033,50
snr30,B,hist,100.0,all,0.4454932984011642,0.05742469673863116,50
snr30,B,hist,100.0,post,0.3094516094307793,0.07606858807205448,50
snr30,B,hist,100.0,pre,0.5649086104954061,0.03863640749830256,50
snr30,B,in,0.0,all,0.008551409570440505,0.002486932834517964,50
snr30,B,in,0.0,post,0.008684983556261374,0.002824468384569712,50
snr30,B,in,0.0,pre,0.008866183577975213,0.002979580476711646,50
snr30,B,in,0.01,all,0.0090940318563623,0.002390189718890303,50
snr30,B,in,0.01,post,0.00888573396597688,0.0028032915784213215,50
snr30,B,in,0.01,pre,0.00976519951806978,0.00275384383011118,50
snr30,B,in,0.03,all,0.012480523115748494,0.0022816170022267896,50
snr30,B,in,0.03,post,0.01026235753606266,0.0028480732540241407,50
snr30,B,in,0.03,pre,0.014944392463366906,0.0023528745586729708,50
snr30,B,in,0.1,all,0.029507994654405546,0.004855072881619538,50
snr30,B,in,0.1,post,0.01881777509265855,0.005234527398992073,50
snr30,B,in,0.1,pre,0.03852521225750523,0.0047808928374579365,50
snr30,B,in,0.3,all,0.07334830336026064,0.012225921775202422,50
snr30,B,in,0.3,post,0.04358148448175461,0.013323185949097156,50
snr30,B,in,0.3,pre,0.09723682042571997,0.011559596369814198,50
snr30,B,in,1.0,all,0.1655071941598294,0.026452926225521162,50
snr30,B,in,1.0,post,0.09714450722927653,0.030285422204896776,50
snr30,B,in,1.0,pre,0.21987687234531184,0.022533289349016623,50
snr30,B,in,3.0,all,0.2644858955708667,0.04103770108123005,50
snr30,B,in,3.0,post,0.1549811510352942,0.04873800274768674,50
snr30,B,in,3.0,pre,0.3513158090837281,0.030733688382474728,50
snr30,B,in,10.0,all,0.3418717375942897,0.05280735353895571,50
snr30,B,in,10.0,post,0.2002137827106024,0.06366789422216625,50
snr30,B,in,10.0,pre,0.45386685736774274,0.035617895595446036,50
snr30,B,in,30.0,all,0.3783978928436311,0.058556957016069514,50
snr30,B,in,30.0,post,0.221550612555849,0.07096797124724333,50
snr30,B,in,30.0,pre,0.5021374310268436,0.03748900011843879,50
snr30,B,in,100.0,all,0.39616011335121976,0.06156116106972269,50
snr30,B,in,100.0,post,0.2320012285609478,0.07469478481289475,50
snr30,B,in,100.0,pre,0.5255081827400282,0.03847619179143317,50
snr30,B,legs,0.0,all,0.008551409570447052,0.0024869328345168565,50
snr30,B,legs,0.0,post,0.008684983556291373,0.002824468384606249,50
snr30,B,legs,0.0,pre,0.008866183577949436,0.002979580476677612,50
snr30,B,legs,0.01,all,0.008551409570447052,0.0024869328345168565,50
snr30,B,legs,0.01,post,0.008684983556291373,0.002824468384606249,50
snr30,B,legs,0.01,pre,0.008866183577949436,0.002979580476677612,50
snr30,B,legs,0.03,all,0.008551409570447052,0.0024869328345168565,50
snr30,B,legs,0.03,post,0.008684983556291373,0.002824468384606249,50
snr30,B,legs,0.03,pre,0.008866183577949436,0.002979580476677612,50
snr30,B,legs,0.1,all,0.008551409570447052,0.0024869328345168565,50
snr30,B,legs,0.1,post,0.008684983556291373,0.002824468384606249,50
snr30,B,legs,0.1,pre,0.008866183577949436,0.002979580476677612,50
snr30,B,legs,0.3,all,0.008551409570447052,0.0024869328345168565,50
snr30,B,legs,0.3,post,0.008684983556291373,0.002824468384606249,50
snr30,B,legs,0.3,pre,0.008866183577949436,0.002979580476677612,50
snr30,B,legs,1.0,all,0.008551409570447052,0.0024869328345168565,50
snr30,B,legs,1.0,post,0.008684983556291373,0.002824468384606249,50
snr30,B,legs,1.0,pre,0.008866183577949436,0.002979580476677612,50
snr30,B,legs,3.0,all,0.008551409570447052,0.0024869328345168565,50
snr30,B,legs,3.0,post,0.008684983556291373,0.002824468384606249,50
snr30,B,legs,3.0,pre,0.008866183577949436,0.002979580476677612,50
snr30,B,legs,10.0,all,0.008551409570447052,0.0024869328345168565,50
snr30,B,legs,10.0,post,0.008684983556291373,0.002824468384606249,50
snr30,B,legs,10.0,pre,0.008866183577949436,0.002979580476677612,50
snr30,B,legs,30.0,all,0.008551409570447052,0.0024869328345168565,50
snr30,B,legs,30.0,post,0.008684983556291373,0.002824468384606249,50
snr30,B,legs,30.0,pre,0.008866183577949436,0.002979580476677612,50
snr30,B,legs,100.0,all,0.008551409570447052,0.0024869328345168565,50
snr30,B,legs,100.0,post,0.008684983556291373,0.002824468384606249,50
snr30,B,legs,100.0,pre,0.008866183577949436,0.002979580476677612,50
snr30,B,point,0.0,all,0.03334814209988828,0.0006095075375858163,50
snr30,B,point,0.0,post,0.033689371741369274,0.004383577307642696,50
snr30,B,point,0.0,pre,0.0349957701803079,0.0052305686791135324,50
snr30,B,point,0.01,all,0.033294429783154444,0.0006102302163530083,50
snr30,B,point,0.01,post,0.03354074620122709,0.0043596063046403895,50
snr30,B,point,0.01,pre,0.03502838717920856,0.005176342256087732,50
snr30,B,point,0.03,all,0.03402352793271755,0.0007066354211155153,50
snr30,B,point,0.03,post,0.03352921195463352,0.004366803965096219,50
snr30,B,point,0.03,pre,0.036493822818995006,0.005007705113660467,50
snr30,B,point,0.1,all,0.04262934286665233,0.0032496791946039576,50
snr30,B,point,0.1,post,0.035873947317897587,0.005311050523782008,50
snr30,B,point,0.1,pre,0.0506545855483089,0.005529237398304162,50
snr30,B,point,0.3,all,0.07912178787815799,0.011280923716580678,50
snr30,B,point,0.3,post,0.05087084613529608,0.012460432817929079,50
snr30,B,point,0.3,pre,0.10326458689708405,0.011598145002964895,50
snr30,B,point,1.0,all,0.16863771067950423,0.02591772413405768,50
snr30,B,point,1.0,post,0.09674425911292854,0.030203408843660306,50
snr30,B,point,1.0,pre,0.22521459708395472,0.022557158163816877,50
snr30,B,point,3.0,all,0.26768575468482764,0.040406975020524094,50
snr30,B,point,3.0,post,0.150960479449836,0.04915705572731729,50
snr30,B,point,3.0,pre,0.3583622103910517,0.030414365343661133,50
snr30,B,point,10.0,all,0.345581226859481,0.051974890636158906,50
snr30,B,point,10.0,post,0.1941971535372126,0.06433455731135918,50
snr30,B,point,10.0,pre,0.4626181525315351,0.034721511116009636,50
snr30,B,point,30.0,all,0.38239419836956506,0.05758605993125574,50
snr30,B,point,30.0,post,0.2147014300947516,0.07175326331924517,50
snr30,B,point,30.0,pre,0.5117170102158368,0.036085281570106945,50
snr30,B,point,100.0,all,0.4002971454486378,0.060504588546071304,50
snr30,B,point,100.0,post,0.22477373899273548,0.07554848672961223,50
snr30,B,point,100.0,pre,0.535480598362362,0.036692399069319835,50
tau0.2,A,cur,0.0,all,0.0786355781348996,0.01115981618615309,50
tau0.2,A,cur,0.0,post,0.07031786302806825,0.011570851661353874,50
tau0.2,A,cur,0.0,pre,0.12193278269724857,0.03962907223663925,50
tau0.2,A,cur,0.01,all,0.07833314621464528,0.011188484259804144,50
tau0.2,A,cur,0.01,post,0.06989549015699915,0.011498665037607443,50
tau0.2,A,cur,0.01,pre,0.1218731691602889,0.0395095226978024,50
tau0.2,A,cur,0.03,all,0.07795448018461068,0.011230623478629083,50
tau0.2,A,cur,0.03,post,0.06920432267629745,0.011353422037141665,50
tau0.2,A,cur,0.03,pre,0.12220430664110861,0.03919600777625215,50
tau0.2,A,cur,0.1,all,0.07864652909863626,0.011313634769213984,50
tau0.2,A,cur,0.1,post,0.0681944603181175,0.01090203265678825,50
tau0.2,A,cur,0.1,pre,0.12716878323258585,0.03759324317733196,50
tau0.2,A,cur,0.3,all,0.09030578942590331,0.013109167978431844,50
tau0.2,A,cur,0.3,post,0.0728438002955436,0.011902731173284145,50
tau0.2,A,cur,0.3,pre,0.1565911520387796,0.03364636838279145,50
tau0.2,A,cur,1.0,all,0.13999289630686496,0.025424516130142537,50
tau0.2,A,cur,1.0,post,0.10375759641891422,0.02518485995053976,50
tau0.2,A,cur,1.0,pre,0.2552089755035749,0.035940611262771836,50
tau0.2,A,cur,3.0,all,0.20710405498199264,0.04048303320384227,50
tau0.2,A,cur,3.0,post,0.15098720213782105,0.04235484339023138,50
tau0.2,A,cur,3.0,pre,0.3789219147344194,0.04518706165684436,50
tau0.2,A,cur,10.0,all,0.2627687466484134,0.05209422643132913,50
tau0.2,A,cur,10.0,post,0.1915949798933477,0.05590104975662824,50
tau0.2,A,cur,10.0,pre,0.4793171320038955,0.05244338717667038,50
tau0.2,A,cur,30.0,all,0.2894259077798315,0.057461244561522795,50
tau0.2,A,cur,30.0,post,0.21133061548923496,0.06242672164795577,50
tau0.2,A,cur,30.0,pre,0.5267789767597243,0.055406462321092725,50
tau0.2,A,cur,100.0,all,0.3024395631835984,0.060075024206974276,50
tau0.2,A,cur,100.0,post,0.22114080150029536,0.0656185863836619,50
tau0.2,A,cur,100.0,pre,0.5496182964838631,0.05660310605642978,50
tau0.2,A,hist,0.0,all,0.07863557813489964,0.011159816186153047,50
tau0.2,A,hist,0.0,post,0.0703178630280683,0.011570851661353836,50
tau0.2,A,hist,0.0,pre,0.12193278269724858,0.03962907223663928,50
tau0.2,A,hist,0.01,all,0.07831563305753754,0.011195355453114049,50
tau0.2,A,hist,0.01,post,0.07001367871009898,0.011587524550162083,50
tau0.2,A,hist,0.01,pre,0.12148437933258074,0.03950224005143508,50
tau0.2,A,hist,0.03,all,0.07781293247659656,0.011253686060023506,50
tau0.2,A,hist,0.03,post,0.06955346136693225,0.01161579701960864,50
tau0.2,A,hist,0.03,pre,0.1207216106908766,0.03928529161336666,50
tau0.2,A,hist,0.1,all,0.07729789795599863,0.011383043967950139,50
tau0.2,A,hist,0.1,post,0.06928248770502304,0.011715337155255141,50
tau0.2,A,hist,0.1,pre,0.11927905219146547,0.03887078087217726,50
tau0.2,A,hist,0.3,all,0.08238940620569471,0.012648527332853531,50
tau0.2,A,hist,0.3,post,0.07538539938657927,0.013411551307581034,50
tau0.2,A,hist,0.3,pre,0.1220463738837412,0.04001867997214659,50
tau0.2,A,hist,1.0,all,0.11259610603303048,0.023894839544855682,50
tau0.2,A,hist,1.0,post,0.10769477779343938,0.02566471735900298,50
tau0.2,A,hist,1.0,pre,0.1502706712784602,0.053873608824926596,50
tau0.2,A,hist,3.0,all,0.1593789665104053,0.04014543065374524,50
tau0.2,A,hist,3.0,post,0.15528749779476353,0.04220581451538541,50
tau0.2,A,hist,3.0,pre,0.20184203611203771,0.079422188869779,50
tau0.2,A,hist,10.0,all,0.20389114876025138,0.05315210557288385,50
tau0.2,A,hist,10.0,post,0.19786540669586952,0.05552499484284695,50
tau0.2,A,hist,10.0,pre,0.2603516988519148,0.10134108751077202,50
tau0.2,A,hist,30.0,all,0.237119074771442,0.05984411363931433,50
tau0.2,A,hist,30.0,post,0.22583251644099833,0.06205869671512306,50
tau0.2,A,hist,30.0,pre,0.31604836870787634,0.11386108127958189,50
tau0.2,A,hist,100.0,all,0.27439685005768627,0.06746247169607315,50
tau0.2,A,hist,100.0,post,0.2576799010336378,0.06798437658077748,50
tau0.2,A,hist,100.0,pre,0.37524512574455393,0.12652948862802102,50
tau0.2,A,in,0.0,all,0.07863557813485379,0.011159816186158984,50
tau0.2,A,in,0.0,post,0.07031786302806965,0.011570851661362201,50
tau0.2,A,in,0.0,pre,0.12193278269705,0.03962907223661549,50
tau0.2,A,in,0.01,all,0.078315521799293,0.011194856847127562,50
tau0.2,A,in,0.01,post,0.07001380465403947,0.011587623847281535,50
tau0.2,A,in,0.01,pre,0.12148404773886919,0.03950253206087598,50
tau0.2,A,in,0.03,all,0.07781243798004256,0.011252069543959414,50
tau0.2,A,in,0.03,post,0.06955381736766818,0.011616121855688302,50
tau0.2,A,in,0.03,pre,0.1207200487942821,0.03928612825255959,50
tau0.2,A,in,0.1,all,0.07729423227446382,0.01137666922549725,50
tau0.2,A,in,0.1,post,0.06928330621196081,0.011716525172665903,50
tau0.2,A,in,0.1,pre,0.11926693804978938,0.03887347667875875,50
tau0.2,A,in,0.3,all,0.0823614862370719,0.01262884743960083,50
tau0.2,A,in,0.3,post,0.07538342131787955,0.013413207020933023,50
tau0.2,A,in,0.3,pre,0.12195203818722992,0.04003196596527024,50
tau0.2,A,in,1.0,all,0.11238571774626614,0.023873258994452966,50
tau0.2,A,in,1.0,post,0.10764370200474739,0.025659020647816673,50
tau0.2,A,in,1.0,pre,0.14953147108694986,0.053980529844262076,50
tau0.2,A,in,3.0,all,0.15829274884891953,0.04020176997006351,50
tau0.2,A,in,3.0,post,0.1549028076830911,0.04220036280486264,50
tau0.2,A,in,3.0,pre,0.19813812476265202,0.07995951882807742,50
tau0.2,A,in,10.0,all,0.19807298491441552,0.05358503491501237,50
tau0.2,A,in,10.0,post,0.19519319356878595,0.05560379007963522,50
tau0.2,A,in,10.0,pre,0.2425630722879506,0.10312345404118296,50
tau0.2,A,in,30.0,all,0.21751265694735714,0.06011106254361414,50
tau0.2,A,in,30.0,post,0.21473616952310062,0.0621145411501819,50
tau0.2,A,in,30.0,pre,0.26483239190458646,0.11450835347695687,50
tau0.2,A,in,100.0,all,0.2272127888705992,0.06331758516096357,50
tau0.2,A,in,100.0,post,0.22443788580727392,0.06532134006315315,50
tau0.2,A,in,100.0,pre,0.27615451084779713,0.12013773842876854,50
tau0.2,A,legs,0.0,all,0.0786355781348996,0.011159816186153084,50
tau0.2,A,legs,0.0,post,0.07031786302806826,0.011570851661353887,50
tau0.2,A,legs,0.0,pre,0.12193278269724855,0.03962907223663926,50
tau0.2,A,legs,0.01,all,0.0786355781348996,0.011159816186153084,50
tau0.2,A,legs,0.01,post,0.07031786302806826,0.011570851661353887,50
tau0.2,A,legs,0.01,pre,0.12193278269724855,0.03962907223663926,50
tau0.2,A,legs,0.03,all,0.0786355781348996,0.011159816186153084,50
tau0.2,A,legs,0.03,post,0.07031786302806826,0.011570851661353887,50
tau0.2,A,legs,0.03,pre,0.12193278269724855,0.03962907223663926,50
tau0.2,A,legs,0.1,all,0.0786355781348996,0.011159816186153084,50
tau0.2,A,legs,0.1,post,0.07031786302806826,0.011570851661353887,50
tau0.2,A,legs,0.1,pre,0.12193278269724855,0.03962907223663926,50
tau0.2,A,legs,0.3,all,0.0786355781348996,0.011159816186153084,50
tau0.2,A,legs,0.3,post,0.07031786302806826,0.011570851661353887,50
tau0.2,A,legs,0.3,pre,0.12193278269724855,0.03962907223663926,50
tau0.2,A,legs,1.0,all,0.0786355781348996,0.011159816186153084,50
tau0.2,A,legs,1.0,post,0.07031786302806826,0.011570851661353887,50
tau0.2,A,legs,1.0,pre,0.12193278269724855,0.03962907223663926,50
tau0.2,A,legs,3.0,all,0.0786355781348996,0.011159816186153084,50
tau0.2,A,legs,3.0,post,0.07031786302806826,0.011570851661353887,50
tau0.2,A,legs,3.0,pre,0.12193278269724855,0.03962907223663926,50
tau0.2,A,legs,10.0,all,0.0786355781348996,0.011159816186153084,50
tau0.2,A,legs,10.0,post,0.07031786302806826,0.011570851661353887,50
tau0.2,A,legs,10.0,pre,0.12193278269724855,0.03962907223663926,50
tau0.2,A,legs,30.0,all,0.0786355781348996,0.011159816186153084,50
tau0.2,A,legs,30.0,post,0.07031786302806826,0.011570851661353887,50
tau0.2,A,legs,30.0,pre,0.12193278269724855,0.03962907223663926,50
tau0.2,A,legs,100.0,all,0.0786355781348996,0.011159816186153084,50
tau0.2,A,legs,100.0,post,0.07031786302806826,0.011570851661353887,50
tau0.2,A,legs,100.0,pre,0.12193278269724855,0.03962907223663926,50
tau0.2,A,point,0.0,all,0.3163080719156298,0.0016255170960457704,50
tau0.2,A,point,0.0,post,0.3144183955646574,0.01781963322100261,50
tau0.2,A,point,0.0,pre,0.3763107593085963,0.13798152455774984,50
tau0.2,A,point,0.01,all,0.3142289911201,0.001680121822889007,50
tau0.2,A,point,0.01,post,0.3123503042271392,0.017680509682512915,50
tau0.2,A,point,0.01,pre,0.3738548757963013,0.1371688953905592,50
tau0.2,A,point,0.03,all,0.31021210952822753,0.0018503579498853815,50
tau0.2,A,point,0.03,post,0.30835468307803227,0.017420287514033614,50
tau0.2,A,point,0.03,pre,0.36910911841333666,0.13559486887494726,50
tau0.2,A,point,0.1,all,0.2974993322250911,0.002705478586796138,50
tau0.2,A,point,0.1,post,0.2957095657267218,0.016670848466996385,50
tau0.2,A,point,0.1,pre,0.3540813982837207,0.13057650161621853,50
tau0.2,A,point,0.3,all,0.2700994349238968,0.005155088706363928,50
tau0.2,A,point,0.3,post,0.26845957019116967,0.01552303971677338,50
tau0.2,A,point,0.3,pre,0.3216403953433638,0.11955142778239636,50
tau0.2,A,point,1.0,all,0.22640562344634158,0.01412342999498102,50
tau0.2,A,point,1.0,post,0.22504311453956194,0.018662236872035623,50
tau0.2,A,point,1.0,pre,0.2696438205038696,0.10183491973266362,50
tau0.2,A,point,3.0,all,0.2074264867800782,0.03265511011041478,50
tau0.2,A,point,3.0,post,0.2062919311840639,0.03476613544041577,50
tau0.2,A,point,3.0,pre,0.24653129564206241,0.09857000987411806,50
tau0.2,A,point,10.0,all,0.21616051904107092,0.04999258692633679,50
tau0.2,A,point,10.0,post,0.21509710621220557,0.0516060700856288,50
tau0.2,A,point,10.0,pre,0.2562853975030852,0.11029876892568488,50
tau0.2,A,point,30.0,all,0.2269828073934234,0.0580285705657893,50
tau0.2,A,point,30.0,post,0.22585711960146884,0.05947297499601434,50
tau0.2,A,point,30.0,pre,0.2690751433916867,0.11912590194605836,50
tau0.2,A,point,100.0,all,0.2340924568028843,0.06175065184646015,50
tau0.2,A,point,100.0,post,0.23287644012846012,0.0631087013781886,50
tau0.2,A,point,100.0,pre,0.2777189363215305,0.12418148567403664,50
tau0.2,B,cur,0.0,all,0.06357869538499455,0.001969983538461511,50
tau0.2,B,cur,0.0,post,0.05945059372765813,0.0038068374727918903,50
tau0.2,B,cur,0.0,pre,0.09146471468998056,0.033774856755588646,50
tau0.2,B,cur,0.01,all,0.06318947982882633,0.0019473087690977467,50
tau0.2,B,cur,0.01,post,0.05909017762799404,0.0037779990919756417,50
tau0.2,B,cur,0.01,pre,0.09089521785214298,0.033588797120433424,50
tau0.2,B,cur,0.03,all,0.0625757493510304,0.0019223557162515437,50
tau0.2,B,cur,0.03,post,0.058541386848957364,0.0037431259535731305,50
tau0.2,B,cur,0.03,pre,0.0899255488404601,0.03327076267538799,50
tau0.2,B,cur,0.1,all,0.0619322677357109,0.002379000369848011,50
tau0.2,B,cur,0.1,post,0.05818572303838904,0.004033883871363735,50
tau0.2,B,cur,0.1,pre,0.08809726484460263,0.03268925724582323,50
tau0.2,B,cur,0.3,all,0.06791887844476001,0.007955720243588309,50
tau0.2,B,cur,0.3,post,0.06508921478237538,0.009043849952039907,50
tau0.2,B,cur,0.3,pre,0.09162347708241775,0.034770586541268626,50
tau0.2,B,cur,1.0,all,0.10160334502347858,0.024296625381179215,50
tau0.2,B,cur,1.0,post,0.10021351857013268,0.025371009522124184,50
tau0.2,B,cur,1.0,pre,0.12486588095626276,0.053332540936572775,50
tau0.2,B,cur,3.0,all,0.15046087801270003,0.04128563007813693,50
tau0.2,B,cur,3.0,post,0.14963746146139711,0.04257247001243061,50
tau0.2,B,cur,3.0,pre,0.17923221557288868,0.08131966610379197,50
tau0.2,B,cur,10.0,all,0.19169941815278935,0.054532994234892544,50
tau0.2,B,cur,10.0,post,0.19097769355600921,0.05603351366622099,50
tau0.2,B,cur,10.0,pre,0.22683153244011006,0.10451146060139133,50
tau0.2,B,cur,30.0,all,0.21164878478682314,0.06096241434476934,50
tau0.2,B,cur,30.0,post,0.21088680443459837,0.0625465241794031,50
tau0.2,B,cur,30.0,pre,0.2502598084895241,0.11567106644189938,50
tau0.2,B,cur,100.0,all,0.2215733799388027,0.06410747000723412,50
tau0.2,B,cur,100.0,post,0.22074716080781256,0.06574414243636552,50
tau0.2,B,cur,100.0,pre,0.2620940917402357,0.12112783039290849,50
tau0.2,B,hist,0.0,all,0.06357869538499458,0.0019699835384615304,50
tau0.2,B,hist,0.0,post,0.05945059372765818,0.003806837472791876,50
tau0.2,B,hist,0.0,pre,0.0914647146899806,0.03377485675558872,50
tau0.2,B,hist,0.01,all,0.06321212980511363,0.001963574751106704,50
tau0.2,B,hist,0.01,post,0.05908890698242125,0.0037778882392665563,50
tau0.2,B,hist,0.01,pre,0.0909981794236637,0.03358423017868925,50
tau0.2,B,hist,0.03,all,0.06275530385782363,0.0019615674830605855,50
tau0.2,B,hist,0.03,post,0.05854151281464689,0.003744518274209299,50
tau0.2,B,hist,0.03,pre,0.09067396962129962,0.033105314879354905,50
tau0.2,B,hist,0.1,all,0.06363173363332526,0.002522466920927892,50
tau0.2,B,hist,0.1,post,0.058226743011007505,0.004053840687589562,50
tau0.2,B,hist,0.1,pre,0.09478649361701151,0.03078201648884919,50
tau0.2,B,hist,0.3,all,0.07750405012280788,0.008964771978074144,50
tau0.2,B,hist,0.3,post,0.06541194747033402,0.009093159221667433,50
tau0.2,B,hist,0.3,pre,0.1267072706026633,0.025994579939650566,50
tau0.2,B,hist,1.0,all,0.1322546913687548,0.02572059981523852,50
tau0.2,B,hist,1.0,post,0.10148938766027944,0.025325273974642477,50
tau0.2,B,hist,1.0,pre,0.23195875144005768,0.03056312476286242,50
tau0.2,B,hist,3.0,all,0.2031059977642289,0.04215601798625519,50
tau0.2,B,hist,3.0,post,0.15228727963679387,0.04237677743890391,50
tau0.2,B,hist,3.0,pre,0.3609776399944576,0.04110794166757603,50
tau0.2,B,hist,10.0,all,0.2638152060106995,0.054837151041295024,50
tau0.2,B,hist,10.0,post,0.1967716850410643,0.05561810155854413,50
tau0.2,B,hist,10.0,pre,0.47056107308233286,0.04958679871674377,50
tau0.2,B,hist,30.0,all,0.3012782858446833,0.06191306574018372,50
tau0.2,B,hist,30.0,post,0.22541091592278484,0.0620899395273801,50
tau0.2,B,hist,30.0,pre,0.5371035685045148,0.05577078072484711,50
tau0.2,B,hist,100.0,all,0.3359673186415372,0.0692125498965282,50
tau0.2,B,hist,100.0,post,0.2574101574756417,0.06796396827536938,50
tau0.2,B,hist,100.0,pre,0.5887853330293664,0.06512882313570544,50
tau0.2,B,in,0.0,all,0.06357869538493505,0.001969983538458133,50
tau0.2,B,in,0.0,post,0.059450593727651616,0.003806837472789914,50
tau0.2,B,in,0.0,pre,0.0914647146897337,0.0337748567555523,50
tau0.2,B,in,0.01,all,0.06321202530304265,0.001963684550884328,50
tau0.2,B,in,0.01,post,0.05908872652861003,0.0037778954815772987,50
tau0.2,B,in,0.01,pre,0.09099835991630528,0.033584627555634454,50
tau0.2,B,in,0.03,all,0.06275503216456768,0.001961856430530624,50
tau0.2,B,in,0.03,post,0.05854099428098954,0.003744511280625381,50
tau0.2,B,in,0.03,pre,0.09067467725682161,0.033106868978392885,50
tau0.2,B,in,0.1,all,0.06363008643954378,0.0025222662234289615,50
tau0.2,B,in,0.1,post,0.05822474188004252,0.004053223578880236,50
tau0.2,B,in,0.1,pre,0.0947872301978043,0.03079086583894423,50
tau0.2,B,in,0.3,all,0.07748068527147582,0.008957249250792457,50
tau0.2,B,in,0.3,post,0.06539704238726872,0.009089526176127712,50
tau0.2,B,in,0.3,pre,0.12666645835245682,0.026028895023823072,50
tau0.2,B,in,1.0,all,0.13203819890457394,0.02568502714939848,50
tau0.2,B,in,1.0,post,0.10135636845553436,0.025322509415645632,50
tau0.2,B,in,1.0,pre,0.2315138479282046,0.030599806798624053,50
tau0.2,B,in,3.0,all,0.2021301452050989,0.04204972096558055,50
tau0.2,B,in,3.0,post,0.15165493403627994,0.04239791032461937,50
tau0.2,B,in,3.0,pre,0.35894789867583987,0.041123635864200744,50
tau0.2,B,in,10.0,all,0.25940421924168566,0.054412087260625956,50
tau0.2,B,in,10.0,post,0.19364001537918657,0.0557563168514391,50
tau0.2,B,in,10.0,pre,0.46175037125132695,0.04930446752282848,50
tau0.2,B,in,30.0,all,0.2869137131532953,0.06016695039420326,50
tau0.2,B,in,30.0,post,0.2138438925834934,0.062215953246457914,50
tau0.2,B,in,30.0,pre,0.5110219274569706,0.053106766073696854,50
tau0.2,B,in,100.0,all,0.3004614259089845,0.06300195178565889,50
tau0.2,B,in,100.0,post,0.22384070374984905,0.0653981561413473,50
tau0.2,B,in,100.0,pre,0.5352141617673873,0.05533534443509854,50
tau0.2,B,legs,0.0,all,0.06357869538499455,0.001969983538461513,50
tau0.2,B,legs,0.0,post,0.059450593727658145,0.0038068374727918907,50
tau0.2,B,legs,0.0,pre,0.09146471468998056,0.03377485675558865,50
tau0.2,B,legs,0.01,all,0.06357869538499455,0.001969983538461513,50
tau0.2,B,legs,0.01,post,0.059450593727658145,0.0038068374727918907,50
tau0.2,B,legs,0.01,pre,0.09146471468998056,0.03377485675558865,50
tau0.2,B,legs,0.03,all,0.06357869538499455,0.001969983538461513,50
tau0.2,B,legs,0.03,post,0.059450593727658145,0.0038068374727918907,50
tau0.2,B,legs,0.03,pre,0.09146471468998056,0.03377485675558865,50
tau0.2,B,legs,0.1,all,0.06357869538499455,0.001969983538461513,50
tau0.2,B,legs,0.1,post,0.059450593727658145,0.0038068374727918907,50
tau0.2,B,legs,0.1,pre,0.09146471468998056,0.03377485675558865,50
tau0.2,B,legs,0.3,all,0.06357869538499455,0.001969983538461513,50
tau0.2,B,legs,0.3,post,0.059450593727658145,0.0038068374727918907,50
tau0.2,B,legs,0.3,pre,0.09146471468998056,0.03377485675558865,50
tau0.2,B,legs,1.0,all,0.06357869538499455,0.001969983538461513,50
tau0.2,B,legs,1.0,post,0.059450593727658145,0.0038068374727918907,50
tau0.2,B,legs,1.0,pre,0.09146471468998056,0.03377485675558865,50
tau0.2,B,legs,3.0,all,0.06357869538499455,0.001969983538461513,50
tau0.2,B,legs,3.0,post,0.059450593727658145,0.0038068374727918907,50
tau0.2,B,legs,3.0,pre,0.09146471468998056,0.03377485675558865,50
tau0.2,B,legs,10.0,all,0.06357869538499455,0.001969983538461513,50
tau0.2,B,legs,10.0,post,0.059450593727658145,0.0038068374727918907,50
tau0.2,B,legs,10.0,pre,0.09146471468998056,0.03377485675558865,50
tau0.2,B,legs,30.0,all,0.06357869538499455,0.001969983538461513,50
tau0.2,B,legs,30.0,post,0.059450593727658145,0.0038068374727918907,50
tau0.2,B,legs,30.0,pre,0.09146471468998056,0.03377485675558865,50
tau0.2,B,legs,100.0,all,0.06357869538499455,0.001969983538461513,50
tau0.2,B,legs,100.0,post,0.059450593727658145,0.0038068374727918907,50
tau0.2,B,legs,100.0,pre,0.09146471468998056,0.03377485675558865,50
tau0.2,B,point,0.0,all,0.31618665518417094,0.0017577384015847655,50
tau0.2,B,point,0.0,post,0.3144183955646574,0.01781963322100261,50
tau0.2,B,point,0.0,pre,0.37626023779087403,0.13798091592747075,50
tau0.2,B,point,0.01,all,0.31411328728237103,0.0018011671483407576,50
tau0.2,B,point,0.01,post,0.3123503042271392,0.017680509682512915,50
tau0.2,B,point,0.01,pre,0.37382989825023943,0.1371550216625629,50
tau0.2,B,point,0.03,all,0.31013133713588353,0.0019411615649790564,50
tau0.2,B,point,0.03,post,0.30835468307803227,0.017420287514033614,50
tau0.2,B,point,0.03,pre,0.3692517246099331,0.13551731250646862,50
tau0.2,B,point,0.1,all,0.29776139500643234,0.002652275746765101,50
tau0.2,B,point,0.1,post,0.2957095657267218,0.016670848466996385,50
tau0.2,B,point,0.1,pre,0.35589862518814896,0.12992944086638386,50
tau0.2,B,point,0.3,all,0.2727082231196046,0.004763709536292293,50
tau0.2,B,point,0.3,post,0.26845957019116967,0.01552303971677338,50
tau0.2,B,point,0.3,pre,0.33473382588734446,0.11531452782160055,50
tau0.2,B,point,1.0,all,0.242253986807983,0.015006547028164558,50
tau0.2,B,point,1.0,post,0.22504311453956194,0.018662236872035623,50
tau0.2,B,point,1.0,pre,0.3394712800867942,0.08262929412636738,50
tau0.2,B,point,3.0,all,0.24883504775927814,0.03497360699096256,50
tau0.2,B,point,3.0,post,0.2062919311840639,0.03476613544041577,50
tau0.2,B,point,3.0,pre,0.4076635228242844,0.061034455564085814,50
tau0.2,B,point,10.0,all,0.2800494110184572,0.05122320701397418,50
tau0.2,B,point,10.0,post,0.21509710621220557,0.0516060700856288,50
tau0.2,B,point,10.0,pre,0.49042721134926043,0.05785662264549042,50
tau0.2,B,point,30.0,all,0.30087650454422116,0.05811939705518456,50
tau0.2,B,point,30.0,post,0.22585711960146884,0.05947297499601434,50
tau0.2,B,point,30.0,pre,0.5353475416204243,0.05898884697174949,50
tau0.2,B,point,100.0,all,0.3124746644541279,0.0612428292212008,50
tau0.2,B,point,100.0,post,0.23287644012846012,0.0631087013781886,50
tau0.2,B,point,100.0,pre,0.5585437151052646,0.06049449311696814,50
tau0.8,A,cur,0.0,all,0.08043398801883718,0.011550219844710512,50
tau0.8,A,cur,0.0,post,0.11228805240472987,0.02846420967725718,50
tau0.8,A,cur,0.0,pre,0.07310202638026793,0.01283497172456382,50
tau0.8,A,cur,0.01,all,0.08019181607916989,0.011564356916131389,50
tau0.8,A,cur,0.01,post,0.11159516579355538,0.028237527398796442,50
tau0.8,A,cur,0.01,pre,0.07301093449024804,0.012883341492499844,50
tau0.8,A,cur,0.03,all,0.08024027127484226,0.011521726805552784,50
tau0.8,A,cur,0.03,post,0.11034774695493546,0.02781530074561655,50
tau0.8,A,cur,0.03,pre,0.07351747918213404,0.01289458892504041,50
tau0.8,A,cur,0.1,all,0.08495365118919652,0.010930670647729311,50
tau0.8,A,cur,0.1,post,0.10727057590691612,0.026665634989709926,50
tau0.8,A,cur,0.1,pre,0.0809147383771376,0.012442256826577331,50
tau0.8,A,cur,0.3,all,0.11555550433569563,0.011568056280162603,50
tau0.8,A,cur,0.3,post,0.10604849628538775,0.026482586935660603,50
tau0.8,A,cur,0.3,pre,0.11992997781646576,0.013226794515226951,50
tau0.8,A,cur,1.0,all,0.2121224854765405,0.022579273225956736,50
tau0.8,A,cur,1.0,post,0.12648420936705784,0.04188230381934846,50
tau0.8,A,cur,1.0,pre,0.23109590180668121,0.021589748076492873,50
tau0.8,A,cur,3.0,all,0.32764998703519305,0.03312693208396682,50
tau0.8,A,cur,3.0,post,0.16988321540470014,0.06751037114487406,50
tau0.8,A,cur,3.0,pre,0.35976422587031837,0.027991888041407537,50
tau0.8,A,cur,10.0,all,0.42001599699806663,0.03969756821912764,50
tau0.8,A,cur,10.0,post,0.21108377132235692,0.08750649542115399,50
tau0.8,A,cur,10.0,pre,0.46180539415481475,0.030667973602855825,50
tau0.8,A,cur,30.0,all,0.4634632723747903,0.041974878114484776,50
tau0.8,A,cur,30.0,post,0.23159400747117576,0.09666992304753447,50
tau0.8,A,cur,30.0,pre,0.5096861800129687,0.031013682048400486,50
tau0.8,A,cur,100.0,all,0.4842261109146907,0.04277220569748311,50
tau0.8,A,cur,100.0,post,0.24184693574901328,0.10128165844683727,50
tau0.8,A,cur,100.0,pre,0.5325248282888331,0.030794157392118337,50
tau0.8,A,hist,0.0,all,0.08043398801883718,0.011550219844710512,50
tau0.8,A,hist,0.0,post,0.11228805240472987,0.02846420967725715,50
tau0.8,A,hist,0.0,pre,0.07310202638026796,0.012834971724563795,50
tau0.8,A,hist,0.01,all,0.08012253123552529,0.011579345666000834,50
tau0.8,A,hist,0.01,post,0.1119294859391889,0.028388508160573967,50
tau0.8,A,hist,0.01,pre,0.07278990328702296,0.012849983748779542,50
tau0.8,A,hist,0.03,all,0.07963593974758303,0.01161192284185743,50
tau0.8,A,hist,0.03,post,0.11133474537571458,0.028260929102261235,50
tau0.8,A,hist,0.03,pre,0.07231426458545982,0.012862127059543718,50
tau0.8,A,hist,0.1,all,0.07916673472611467,0.01154236903018889,50
tau0.8,A,hist,0.1,post,0.11036613004972542,0.02804615342476379,50
tau0.8,A,hist,0.1,pre,0.07199286478992342,0.012791729766125979,50
tau0.8,A,hist,0.3,all,0.08427979774320865,0.012013564974812348,50
tau0.8,A,hist,0.3,post,0.11368254967352742,0.02939226706685626,50
tau0.8,A,hist,0.3,pre,0.0779687959734923,0.013570042126591002,50
tau0.8,A,hist,1.0,all,0.11421776001427832,0.022789471056038506,50
tau0.8,A,hist,1.0,post,0.14036598264250177,0.04330216611551752,50
tau0.8,A,hist,1.0,pre,0.11012033058244418,0.024488181265359527,50
tau0.8,A,hist,3.0,all,0.16085336148809662,0.039056183996836316,50
tau0.8,A,hist,3.0,post,0.188228805576501,0.0663172546686547,50
tau0.8,A,hist,3.0,pre,0.1578684598526896,0.04068821140437195,50
tau0.8,A,hist,10.0,all,0.20625663220183038,0.0513311402236925,50
tau0.8,A,hist,10.0,post,0.24449757987217344,0.08475127171953166,50
tau0.8,A,hist,10.0,pre,0.2012341623421598,0.05361671845189871,50
tau0.8,A,hist,30.0,all,0.24211637117769816,0.05660116418809163,50
tau0.8,A,hist,30.0,post,0.3007155385636879,0.09690768031250617,50
tau0.8,A,hist,30.0,pre,0.2314331031239169,0.059082789000837875,50
tau0.8,A,hist,100.0,all,0.2837582619242105,0.06292934457804604,50
tau0.8,A,hist,100.0,post,0.3609806914317091,0.11157486345748024,50
tau0.8,A,hist,100.0,pre,0.2679313989842833,0.06376781232847462,50
tau0.8,A,in,0.0,all,0.08043398801879217,0.011550219844718256,50
tau0.8,A,in,0.0,post,0.1122880524047145,0.028464209677255214,50
tau0.8,A,in,0.0,pre,0.07310202638021163,0.01283497172458302,50
tau0.8,A,in,0.01,all,0.0801226562764275,0.011579448679942365,50
tau0.8,A,in,0.01,post,0.11192604152848121,0.028386503262481,50
tau0.8,A,in,0.01,pre,0.07279155614766993,0.012851241071768922,50
tau0.8,A,in,0.03,all,0.07963612102776102,0.011612094473706633,50
tau0.8,A,in,0.03,post,0.11132383182747255,0.028254725968573008,50
tau0.8,A,in,0.03,pre,0.07231916804389157,0.012865904210884673,50
tau0.8,A,in,0.1,all,0.07916493974638512,0.011541386865867434,50
tau0.8,A,in,0.1,post,0.11032292368772978,0.028024081722670506,50
tau0.8,A,in,0.1,pre,0.0720082592382845,0.012803959924767341,50
tau0.8,A,in,0.3,all,0.08425421218140157,0.01200067655293289,50
tau0.8,A,in,0.3,post,0.1134986952159627,0.029331126126622524,50
tau0.8,A,in,0.3,pre,0.0780038266378411,0.013592069873534809,50
tau0.8,A,in,1.0,all,0.1139788669055767,0.02277819467969363,50
tau0.8,A,in,1.0,post,0.13935411236757594,0.04327527925180896,50
tau0.8,A,in,1.0,pre,0.11013456479714266,0.02446640541512808,50
tau0.8,A,in,3.0,all,0.15951144558923205,0.03928811700583279,50
tau0.8,A,in,3.0,post,0.1836666159082292,0.0667345355852156,50
tau0.8,A,in,3.0,pre,0.1574890450973256,0.04067610467475141,50
tau0.8,A,in,10.0,all,0.19901624477643676,0.05275984821635865,50
tau0.8,A,in,10.0,post,0.22384264228008963,0.08602400589363346,50
tau0.8,A,in,10.0,pre,0.19795326696538454,0.054068855282599436,50
tau0.8,A,in,30.0,all,0.21830597133415325,0.05925832095628712,50
tau0.8,A,in,30.0,post,0.24361455110702665,0.095050893793993,50
tau0.8,A,in,30.0,pre,0.21764028315731218,0.06055414437325039,50
tau0.8,A,in,100.0,all,0.22794089658001945,0.06241197769608865,50
tau0.8,A,in,100.0,post,0.2534419288432452,0.09964459331258804,50
tau0.8,A,in,100.0,pre,0.22748038388190217,0.0636468170868961,50
tau0.8,A,legs,0.0,all,0.08043398801883718,0.011550219844710507,50
tau0.8,A,legs,0.0,post,0.11228805240472987,0.02846420967725716,50
tau0.8,A,legs,0.0,pre,0.07310202638026793,0.012834971724563816,50
tau0.8,A,legs,0.01,all,0.08043398801883718,0.011550219844710507,50
tau0.8,A,legs,0.01,post,0.11228805240472987,0.02846420967725716,50
tau0.8,A,legs,0.01,pre,0.07310202638026793,0.012834971724563816,50
tau0.8,A,legs,0.03,all,0.08043398801883718,0.011550219844710507,50
tau0.8,A,legs,0.03,post,0.11228805240472987,0.02846420967725716,50
tau0.8,A,legs,0.03,pre,0.07310202638026793,0.012834971724563816,50
tau0.8,A,legs,0.1,all,0.08043398801883718,0.011550219844710507,50
tau0.8,A,legs,0.1,post,0.11228805240472987,0.02846420967725716,50
tau0.8,A,legs,0.1,pre,0.07310202638026793,0.012834971724563816,50
tau0.8,A,legs,0.3,all,0.08043398801883718,0.011550219844710507,50
tau0.8,A,legs,0.3,post,0.11228805240472987,0.02846420967725716,50
tau0.8,A,legs,0.3,pre,0.07310202638026793,0.012834971724563816,50
tau0.8,A,legs,1.0,all,0.08043398801883718,0.011550219844710507,50
tau0.8,A,legs,1.0,post,0.11228805240472987,0.02846420967725716,50
tau0.8,A,legs,1.0,pre,0.07310202638026793,0.012834971724563816,50
tau0.8,A,legs,3.0,all,0.08043398801883718,0.011550219844710507,50
tau0.8,A,legs,3.0,post,0.11228805240472987,0.02846420967725716,50
tau0.8,A,legs,3.0,pre,0.07310202638026793,0.012834971724563816,50
tau0.8,A,legs,10.0,all,0.08043398801883718,0.011550219844710507,50
tau0.8,A,legs,10.0,post,0.11228805240472987,0.02846420967725716,50
tau0.8,A,legs,10.0,pre,0.07310202638026793,0.012834971724563816,50
tau0.8,A,legs,30.0,all,0.08043398801883718,0.011550219844710507,50
tau0.8,A,legs,30.0,post,0.11228805240472987,0.02846420967725716,50
tau0.8,A,legs,30.0,pre,0.07310202638026793,0.012834971724563816,50
tau0.8,A,legs,100.0,all,0.08043398801883718,0.011550219844710507,50
tau0.8,A,legs,100.0,post,0.11228805240472987,0.02846420967725716,50
tau0.8,A,legs,100.0,pre,0.07310202638026793,0.012834971724563816,50
tau0.8,A,point,0.0,all,0.3163081158585662,0.001625376608273057,50
tau0.8,A,point,0.0,post,0.3332153805485089,0.07668453164669356,50
tau0.8,A,point,0.0,pre,0.3200282171611509,0.02081092576876003,50
tau0.8,A,point,0.01,all,0.31422985044895213,0.0016798417969282053,50
tau0.8,A,point,0.01,post,0.33103115337412553,0.07618688094400461,50
tau0.8,A,point,0.01,pre,0.3179241477131116,0.020681271602195794,50
tau0.8,A,point,0.03,all,0.3102146014225425,0.001849042377846393,50
tau0.8,A,point,0.03,post,0.3268130982304456,0.07523044339561778,50
tau0.8,A,point,0.03,pre,0.3138586673580103,0.02043657426661281,50
tau0.8,A,point,0.1,all,0.29750752414072457,0.0026976035579798397,50
tau0.8,A,point,0.1,post,0.3134835015741441,0.07225170818263361,50
tau0.8,A,point,0.1,pre,0.3009888460963681,0.019709797112388783,50
tau0.8,A,point,0.3,all,0.2701233432629063,0.005125119670924325,50
tau0.8,A,point,0.3,post,0.2849000988365324,0.06618822382601679,50
tau0.8,A,point,0.3,pre,0.2732265243458217,0.018421432868877295,50
tau0.8,A,point,1.0,all,0.2264728549198674,0.014029903456189999,50
tau0.8,A,point,1.0,post,0.24020806743998466,0.060085518105344154,50
tau0.8,A,point,1.0,pre,0.22880895938277143,0.0199990479610619,50
tau0.8,A,point,3.0,all,0.2075267940243386,0.0325552516287443,50
tau0.8,A,point,3.0,post,0.22246585476445926,0.07017179836192694,50
tau0.8,A,point,3.0,pre,0.20921192852248993,0.0342569504547044,50
tau0.8,A,point,10.0,all,0.21620729213515483,0.04988403352814317,50
tau0.8,A,point,10.0,post,0.2331863671097817,0.08759940911291872,50
tau0.8,A,point,10.0,pre,0.21767141037526108,0.05058660467622939,50
tau0.8,A,point,30.0,all,0.22695718707007081,0.05787611047601232,50
tau0.8,A,point,30.0,post,0.2449244533380295,0.09647226086267209,50
tau0.8,A,point,30.0,pre,0.22845190751576175,0.05848167238607818,50
tau0.8,A,point,100.0,all,0.2340300125661918,0.061559745797932684,50
tau0.8,A,point,100.0,post,0.2523744804644579,0.10082057397727584,50
tau0.8,A,point,100.0,pre,0.23560383287815914,0.062169068359793384,50
tau0.8,B,cur,0.0,all,0.0636427966247825,0.002030739470933568,50
tau0.8,B,cur,0.0,post,0.08118586573692024,0.018996643268121977,50
tau0.8,B,cur,0.0,pre,0.06048217662817318,0.004035327061032073,50
tau0.8,B,cur,0.01,all,0.06325309623576228,0.0020077125199124447,50
tau0.8,B,cur,0.01,post,0.0807026177362802,0.01886200752283384,50
tau0.8,B,cur,0.01,pre,0.06010715877297101,0.004024358508531028,50
tau0.8,B,cur,0.03,all,0.06263819588364841,0.0019842226224951838,50
tau0.8,B,cur,0.03,post,0.07989543958450551,0.018653110331831944,50
tau0.8,B,cur,0.03,pre,0.059529835585330135,0.004017088832623809,50
tau0.8,B,cur,0.1,all,0.06198907849180444,0.0024468095108419797,50
tau0.8,B,cur,0.1,post,0.07853688504577332,0.01852443286858893,50
tau0.8,B,cur,0.1,pre,0.05908348175202252,0.004308838054306609,50
tau0.8,B,cur,0.3,all,0.06795819708822505,0.00799054315172951,50
tau0.8,B,cur,0.3,post,0.08265886484137139,0.022389148945286784,50
tau0.8,B,cur,0.3,pre,0.06585065232242318,0.008885499584448456,50
tau0.8,B,cur,1.0,all,0.10161813436155637,0.024305732440684614,50
tau0.8,B,cur,1.0,post,0.11449711114354016,0.043088671533977364,50
tau0.8,B,cur,1.0,pre,0.1010956866114879,0.024609090260155172,50
tau0.8,B,cur,3.0,all,0.15046571161403768,0.041287926261853125,50
tau0.8,B,cur,3.0,post,0.1650005465228461,0.06871931888855337,50
tau0.8,B,cur,3.0,pre,0.1508869474663152,0.04146307318310638,50
tau0.8,B,cur,10.0,all,0.1917011599895716,0.05453371094878802,50
tau0.8,B,cur,10.0,post,0.2086482871890986,0.08829289794940548,50
tau0.8,B,cur,10.0,pre,0.19260762409530355,0.05481253740637802,50
tau0.8,B,cur,30.0,all,0.21164983150192795,0.06096280128034445,50
tau0.8,B,cur,30.0,post,0.22969999825766307,0.09732358103980632,50
tau0.8,B,cur,30.0,pre,0.2127872886706299,0.061319889034281136,50
tau0.8,B,cur,100.0,all,0.22157426596783808,0.06410777814853384,50
tau0.8,B,cur,100.0,post,0.2400816613474404,0.10189586141143864,50
tau0.8,B,cur,100.0,pre,0.2228444716595014,0.06444697179083642,50
tau0.8,B,hist,0.0,all,0.06364279662478253,0.0020307394709335722,50
tau0.8,B,hist,0.0,post,0.08118586573692027,0.018996643268121928,50
tau0.8,B,hist,0.0,pre,0.06048217662817321,0.004035327061032049,50
tau0.8,B,hist,0.01,all,0.06333157526363077,0.0020106707822710812,50
tau0.8,B,hist,0.01,post,0.08070017900753144,0.018865554477879423,50
tau0.8,B,hist,0.01,pre,0.060215109086224745,0.004045366695553893,50
tau0.8,B,hist,0.03,all,0.06336234157204793,0.002017061602431076,50
tau0.8,B,hist,0.03,post,0.07989975795708416,0.018663681255866666,50
tau0.8,B,hist,0.03,pre,0.06049926776760354,0.0040376938109015275,50
tau0.8,B,hist,0.1,all,0.06898050590826321,0.002986259618538257,50
tau0.8,B,hist,0.1,post,0.07867331697498575,0.01855474287967961,50
tau0.8,B,hist,0.1,pre,0.06817408507626814,0.004334207081402974,50
tau0.8,B,hist,0.3,all,0.10364594359271148,0.009625366244031966,50
tau0.8,B,hist,0.3,post,0.08373691042983326,0.022383611922294207,50
tau0.8,B,hist,0.3,pre,0.10974685556554314,0.009577750559531837,50
tau0.8,B,hist,1.0,all,0.20502507968751055,0.022377443061690455,50
tau0.8,B,hist,1.0,post,0.11932403041832257,0.04247922372755134,50
tau0.8,B,hist,1.0,pre,0.22365653136504166,0.01986149953950686,50
tau0.8,B,hist,3.0,all,0.3227368468565664,0.03261223047233369,50
tau0.8,B,hist,3.0,post,0.17664266687050972,0.06692611212508517,50
tau0.8,B,hist,3.0,pre,0.3532553947598266,0.02629107603584395,50
tau0.8,B,hist,10.0,all,0.41848417090263207,0.03885511366464281,50
tau0.8,B,hist,10.0,post,0.2390063857046453,0.08494239071732816,50
tau0.8,B,hist,10.0,pre,0.4567419073130436,0.029550965778149856,50
tau0.8,B,hist,30.0,all,0.47045377436847474,0.03980526513349137,50
tau0.8,B,hist,30.0,post,0.29831358178828954,0.09680397695500773,50
tau0.8,B,hist,30.0,pre,0.5092319496955269,0.030498721278916643,50
tau0.8,B,hist,100.0,all,0.5078446136872331,0.03992089700237336,50
tau0.8,B,hist,100.0,post,0.3604896659871092,0.11157623430242467,50
tau0.8,B,hist,100.0,pre,0.5434283674155117,0.03175713747775657,50
tau0.8,B,in,0.0,all,0.06364279662472291,0.0020307394709283186,50
tau0.8,B,in,0.0,post,0.08118586573689876,0.01899664326811415,50
tau0.8,B,in,0.0,pre,0.06048217662810175,0.004035327061049605,50
tau0.8,B,in,0.01,all,0.06333143075432075,0.002010484659525398,50
tau0.8,B,in,0.01,post,0.0806990114970199,0.018864544553774752,50
tau0.8,B,in,0.01,pre,0.06021524476326748,0.004045451635392392,50
tau0.8,B,in,0.03,all,0.0633618988060152,0.002016505940369296,50
tau0.8,B,in,0.03,post,0.07989605740941895,0.01866085670511748,50
tau0.8,B,in,0.03,pre,0.06049971807538407,0.0040379158674971076,50
tau0.8,B,in,0.1,all,0.06897794584958665,0.002984534472496509,50
tau0.8,B,in,0.1,post,0.07865705442344333,0.018547835630068718,50
tau0.8,B,in,0.1,pre,0.06817489845004072,0.004334701091584062,50
tau0.8,B,in,0.3,all,0.10362377565333013,0.009620389263878476,50
tau0.8,B,in,0.3,post,0.08363488738366497,0.02238442048045806,50
tau0.8,B,in,0.3,pre,0.1097377263032367,0.009574842092237214,50
tau0.8,B,in,1.0,all,0.204860732487473,0.0223664617480037,50
tau0.8,B,in,1.0,post,0.11847744455416356,0.04261598042648561,50
tau0.8,B,in,1.0,pre,0.22356683245465747,0.019834512742162858,50
tau0.8,B,in,3.0,all,0.32197757567122964,0.03266477775484228,50
tau0.8,B,in,3.0,post,0.17226089428662006,0.06764296771967197,50
tau0.8,B,in,3.0,pre,0.35287050653907776,0.02620766309292327,50
tau0.8,B,in,10.0,all,0.41487033019092606,0.03954502431465174,50
tau0.8,B,in,10.0,post,0.21829382089722527,0.08678570269616047,50
tau0.8,B,in,10.0,pre,0.4550212160102198,0.02941727117190896,50
tau0.8,B,in,30.0,all,0.45875002673054666,0.042321736068706046,50
tau0.8,B,in,30.0,post,0.2404135127821398,0.09561138817893135,50
tau0.8,B,in,30.0,pre,0.5032317620164433,0.03047190768901886,50
tau0.8,B,in,100.0,all,0.48001633516852393,0.043660154850718516,50
tau0.8,B,in,100.0,post,0.2512853132625665,0.10010199862285991,50
tau0.8,B,in,100.0,pre,0.5265819833716158,0.0310102434802457,50
tau0.8,B,legs,0.0,all,0.0636427966247825,0.0020307394709335735,50
tau0.8,B,legs,0.0,post,0.08118586573692026,0.018996643268121977,50
tau0.8,B,legs,0.0,pre,0.06048217662817318,0.00403532706103207,50
tau0.8,B,legs,0.01,all,0.0636427966247825,0.0020307394709335735,50
tau0.8,B,legs,0.01,post,0.08118586573692026,0.018996643268121977,50
tau0.8,B,legs,0.01,pre,0.06048217662817318,0.00403532706103207,50
tau0.8,B,legs,0.03,all,0.0636427966247825,0.0020307394709335735,50
tau0.8,B,legs,0.03,post,0.08118586573692026,0.018996643268121977,50
tau0.8,B,legs,0.03,pre,0.06048217662817318,0.00403532706103207,50
tau0.8,B,legs,0.1,all,0.0636427966247825,0.0020307394709335735,50
tau0.8,B,legs,0.1,post,0.08118586573692026,0.018996643268121977,50
tau0.8,B,legs,0.1,pre,0.06048217662817318,0.00403532706103207,50
tau0.8,B,legs,0.3,all,0.0636427966247825,0.0020307394709335735,50
tau0.8,B,legs,0.3,post,0.08118586573692026,0.018996643268121977,50
tau0.8,B,legs,0.3,pre,0.06048217662817318,0.00403532706103207,50
tau0.8,B,legs,1.0,all,0.0636427966247825,0.0020307394709335735,50
tau0.8,B,legs,1.0,post,0.08118586573692026,0.018996643268121977,50
tau0.8,B,legs,1.0,pre,0.06048217662817318,0.00403532706103207,50
tau0.8,B,legs,3.0,all,0.0636427966247825,0.0020307394709335735,50
tau0.8,B,legs,3.0,post,0.08118586573692026,0.018996643268121977,50
tau0.8,B,legs,3.0,pre,0.06048217662817318,0.00403532706103207,50
tau0.8,B,legs,10.0,all,0.0636427966247825,0.0020307394709335735,50
tau0.8,B,legs,10.0,post,0.08118586573692026,0.018996643268121977,50
tau0.8,B,legs,10.0,pre,0.06048217662817318,0.00403532706103207,50
tau0.8,B,legs,30.0,all,0.0636427966247825,0.0020307394709335735,50
tau0.8,B,legs,30.0,post,0.08118586573692026,0.018996643268121977,50
tau0.8,B,legs,30.0,pre,0.06048217662817318,0.00403532706103207,50
tau0.8,B,legs,100.0,all,0.0636427966247825,0.0020307394709335735,50
tau0.8,B,legs,100.0,post,0.08118586573692026,0.018996643268121977,50
tau0.8,B,legs,100.0,pre,0.06048217662817318,0.00403532706103207,50
tau0.8,B,point,0.0,all,0.3165023088600505,0.0023335220036115765,50
tau0.8,B,point,0.0,post,0.3332153805485089,0.07668453164669356,50
tau0.8,B,point,0.0,pre,0.32030084929273417,0.021032509172756873,50
tau0.8,B,point,0.01,all,0.3144383206083938,0.002350704722766672,50
tau0.8,B,point,0.01,post,0.33103115337412553,0.07618688094400461,50
tau0.8,B,point,0.01,pre,0.3182149089889936,0.02090543986213274,50
tau0.8,B,point,0.03,all,0.31055253012375716,0.002427563769801674,50
tau0.8,B,point,0.03,post,0.3268130982304456,0.07523044339561778,50
tau0.8,B,point,0.03,pre,0.31431212421119326,0.020654073268862302,50
tau0.8,B,point,0.1,all,0.29924229601852664,0.0028730895186897592,50
tau0.8,B,point,0.1,post,0.3134835015741441,0.07225170818263361,50
tau0.8,B,point,0.1,pre,0.30319310436395597,0.019780044610625484,50
tau0.8,B,point,0.3,all,0.28155003868489326,0.004474938146088796,50
tau0.8,B,point,0.3,post,0.2849000988365324,0.06618822382601679,50
tau0.8,B,point,0.3,pre,0.28751098947601805,0.017376258308113346,50
tau0.8,B,point,1.0,all,0.2884516401709354,0.015009953069273281,50
tau0.8,B,point,1.0,post,0.24020806743998466,0.060085518105344154,50
tau0.8,B,point,1.0,pre,0.30460220970402196,0.016719727485281534,50
tau0.8,B,point,3.0,all,0.3529433427357776,0.029424809853428352,50
tau0.8,B,point,3.0,post,0.22246585476445926,0.07017179836192694,50
tau0.8,B,point,3.0,pre,0.38325345696779595,0.024424705546639478,50
tau0.8,B,point,10.0,all,0.4280978519686825,0.03800711737329814,50
tau0.8,B,point,10.0,post,0.2331863671097817,0.08759940911291872,50
tau0.8,B,point,10.0,pre,0.46898159918265014,0.02870338597872282,50
tau0.8,B,point,30.0,all,0.46774962652228014,0.04092834951753227,50
tau0.8,B,point,30.0,post,0.2449244533380295,0.09647226086267209,50
tau0.8,B,point,30.0,pre,0.5133870177383718,0.029722343573151847,50
tau0.8,B,point,100.0,all,0.48780712219857636,0.042179501504546586,50
tau0.8,B,point,100.0,post,0.2523744804644579,0.10082057397727584,50
tau0.8,B,point,100.0,pre,0.5356857558149917,0.0301662245996424,50
theta0,A,cur,0.0,all,0.06360594487442761,0.0019751755567182496,50
theta0,A,cur,0.0,post,0.06425870014397844,0.009960493197155463,50
theta0,A,cur,0.0,pre,0.06699067251752723,0.010464267555478687,50
theta0,A,cur,0.01,all,0.06321695950799261,0.0019543331937235528,50
theta0,A,cur,0.01,post,0.06388146524684428,0.009895608745499695,50
theta0,A,cur,0.01,pre,0.06656530166108744,0.010404963755218176,50
theta0,A,cur,0.03,all,0.06260471536059133,0.0019319765447035925,50
theta0,A,cur,0.03,post,0.0632937039625134,0.009793246819924615,50
theta0,A,cur,0.03,pre,0.06588990129944511,0.010314775311775864,50
theta0,A,cur,0.1,all,0.06197557095067492,0.0023802457150753076,50
theta0,A,cur,0.1,post,0.06275526091550683,0.009781976551642852,50
theta0,A,cur,0.1,pre,0.0651321563445721,0.010327818253928703,50
theta0,A,cur,0.3,all,0.06804015662004324,0.007922271144118165,50
theta0,A,cur,0.3,post,0.06905259408928562,0.013256016235372604,50
theta0,A,cur,0.3,pre,0.07136586856226136,0.01359912142712601,50
theta0,A,cur,1.0,all,0.1019104858368382,0.024329167401091475,50
theta0,A,cur,1.0,post,0.10344621566991757,0.029715041386881046,50
theta0,A,cur,1.0,pre,0.10691199417680043,0.029757948651273358,50
theta0,A,cur,3.0,all,0.15086193693503,0.04155800749967036,50
theta0,A,cur,3.0,post,0.15306870199269018,0.04896689722976777,50
theta0,A,cur,3.0,pre,0.15832206206156393,0.048822108176071265,50
theta0,A,cur,10.0,all,0.19205381986847342,0.05500488847572626,50
theta0,A,cur,10.0,post,0.1947548246813074,0.0642252851304686,50
theta0,A,cur,10.0,pre,0.20162177890015598,0.06376267484869833,50
theta0,A,cur,30.0,all,0.2119147050235414,0.061465557361151064,50
theta0,A,cur,30.0,post,0.21475791950685952,0.07163733348689509,50
theta0,A,cur,30.0,pre,0.22258676655357526,0.0707512049345558,50
theta0,A,cur,100.0,all,0.22179010882668623,0.06460734298372335,50
theta0,A,cur,100.0,post,0.22467707519513655,0.07548894324675674,50
theta0,A,cur,100.0,pre,0.23303854151829523,0.07393167298589982,50
theta0,A,hist,0.0,all,0.06360594487442758,0.001975175556718267,50
theta0,A,hist,0.0,post,0.06425870014397841,0.009960493197155453,50
theta0,A,hist,0.0,pre,0.06699067251752723,0.010464267555478678,50
theta0,A,hist,0.01,all,0.0632169595079926,0.0019543331937235888,50
theta0,A,hist,0.01,post,0.06388146524684425,0.009895608745499697,50
theta0,A,hist,0.01,pre,0.06656530166108747,0.010404963755218167,50
theta0,A,hist,0.03,all,0.06260471536059131,0.0019319765447036066,50
theta0,A,hist,0.03,post,0.06329370396251335,0.009793246819924597,50
theta0,A,hist,0.03,pre,0.06588990129944514,0.010314775311775867,50
theta0,A,hist,0.1,all,0.06197557095067491,0.002380245715075302,50
theta0,A,hist,0.1,post,0.0627552609155068,0.009781976551642837,50
theta0,A,hist,0.1,pre,0.06513215634457212,0.0103278182539287,50
theta0,A,hist,0.3,all,0.06804015662004324,0.007922271144118137,50
theta0,A,hist,0.3,post,0.0690525940892856,0.013256016235372559,50
theta0,A,hist,0.3,pre,0.07136586856226136,0.01359912142712598,50
theta0,A,hist,1.0,all,0.10191048583683818,0.024329167401091464,50
theta0,A,hist,1.0,post,0.10344621566991755,0.029715041386881018,50
theta0,A,hist,1.0,pre,0.10691199417680038,0.029757948651273337,50
theta0,A,hist,3.0,all,0.15086193693502994,0.04155800749967036,50
theta0,A,hist,3.0,post,0.15306870199269015,0.04896689722976778,50
theta0,A,hist,3.0,pre,0.15832206206156388,0.04882210817607127,50
theta0,A,hist,10.0,all,0.1920538198684734,0.055004888475726224,50
theta0,A,hist,10.0,post,0.19475482468130736,0.0642252851304686,50
theta0,A,hist,10.0,pre,0.20162177890015592,0.06376267484869835,50
theta0,A,hist,30.0,all,0.21191470502354137,0.06146555736115106,50
theta0,A,hist,30.0,post,0.21475791950685952,0.07163733348689509,50
theta0,A,hist,30.0,pre,0.22258676655357518,0.07075120493455588,50
theta0,A,hist,100.0,all,0.22179010882668618,0.06460734298372338,50
theta0,A,hist,100.0,post,0.2246770751951365,0.07548894324675674,50
theta0,A,hist,100.0,pre,0.23303854151829512,0.07393167298590002,50
theta0,A,in,0.0,all,0.06360594487437199,0.001975175556713551,50
theta0,A,in,0.0,post,0.06425870014396723,0.009960493197151891,50
theta0,A,in,0.0,pre,0.06699067251742544,0.010464267555476206,50
theta0,A,in,0.01,all,0.06321695950793722,0.0019543331937191227,50
theta0,A,in,0.01,post,0.06388146524683325,0.009895608745496078,50
theta0,A,in,0.01,pre,0.06656530166098595,0.010404963755216226,50
theta0,A,in,0.03,all,0.06260471536053654,0.0019319765446992162,50
theta0,A,in,0.03,post,0.06329370396250274,0.009793246819920939,50
theta0,A,in,0.03,pre,0.0658899012993444,0.010314775311774908,50
theta0,A,in,0.1,all,0.06197557095062331,0.002380245715069375,50
theta0,A,in,0.1,post,0.06275526091549752,0.00978197655163939,50
theta0,A,in,0.1,pre,0.06513215634447624,0.010327818253930508,50
theta0,A,in,0.3,all,0.06804015662000365,0.007922271144115766,50
theta0,A,in,0.3,post,0.06905259408927945,0.013256016235372101,50
theta0,A,in,0.3,pre,0.07136586856218602,0.013599121427133182,50
theta0,A,in,1.0,all,0.10191048583682027,0.024329167401092488,50
theta0,A,in,1.0,post,0.1034462156699152,0.029715041386882836,50
theta0,A,in,1.0,pre,0.10691199417676595,0.0297579486512812,50
theta0,A,in,3.0,all,0.1508619369350231,0.04155800749967141,50
theta0,A,in,3.0,post,0.15306870199268877,0.048966897229769185,50
theta0,A,in,3.0,pre,0.15832206206155167,0.048822108176076955,50
theta0,A,in,10.0,all,0.19205381986847064,0.05500488847572728,50
theta0,A,in,10.0,post,0.19475482468130573,0.06422528513046949,50
theta0,A,in,10.0,pre,0.20162177890015254,0.06376267484870353,50
theta0,A,in,30.0,all,0.21191470502353987,0.06146555736115219,50
theta0,A,in,30.0,post,0.2147579195068577,0.07163733348689579,50
theta0,A,in,30.0,pre,0.22258676655357462,0.07075120493456091,50
theta0,A,in,100.0,all,0.22179010882668518,0.06460734298372445,50
theta0,A,in,100.0,post,0.2246770751951345,0.07548894324675727,50
theta0,A,in,100.0,pre,0.23303854151829564,0.07393167298590482,50
theta0,A,legs,0.0,all,0.06360594487442758,0.001975175556718253,50
theta0,A,legs,0.0,post,0.06425870014397844,0.009960493197155458,50
theta0,A,legs,0.0,pre,0.06699067251752722,0.010464267555478687,50
theta0,A,legs,0.01,all,0.06360594487442758,0.001975175556718253,50
theta0,A,legs,0.01,post,0.06425870014397844,0.009960493197155458,50
theta0,A,legs,0.01,pre,0.06699067251752722,0.010464267555478687,50
theta0,A,legs,0.03,all,0.06360594487442758,0.001975175556718253,50
theta0,A,legs,0.03,post,0.06425870014397844,0.009960493197155458,50
theta0,A,legs,0.03,pre,0.06699067251752722,0.010464267555478687,50
theta0,A,legs,0.1,all,0.06360594487442758,0.001975175556718253,50
theta0,A,legs,0.1,post,0.06425870014397844,0.009960493197155458,50
theta0,A,legs,0.1,pre,0.06699067251752722,0.010464267555478687,50
theta0,A,legs,0.3,all,0.06360594487442758,0.001975175556718253,50
theta0,A,legs,0.3,post,0.06425870014397844,0.009960493197155458,50
theta0,A,legs,0.3,pre,0.06699067251752722,0.010464267555478687,50
theta0,A,legs,1.0,all,0.06360594487442758,0.001975175556718253,50
theta0,A,legs,1.0,post,0.06425870014397844,0.009960493197155458,50
theta0,A,legs,1.0,pre,0.06699067251752722,0.010464267555478687,50
theta0,A,legs,3.0,all,0.06360594487442758,0.001975175556718253,50
theta0,A,legs,3.0,post,0.06425870014397844,0.009960493197155458,50
theta0,A,legs,3.0,pre,0.06699067251752722,0.010464267555478687,50
theta0,A,legs,10.0,all,0.06360594487442758,0.001975175556718253,50
theta0,A,legs,10.0,post,0.06425870014397844,0.009960493197155458,50
theta0,A,legs,10.0,pre,0.06699067251752722,0.010464267555478687,50
theta0,A,legs,30.0,all,0.06360594487442758,0.001975175556718253,50
theta0,A,legs,30.0,post,0.06425870014397844,0.009960493197155458,50
theta0,A,legs,30.0,pre,0.06699067251752722,0.010464267555478687,50
theta0,A,legs,100.0,all,0.06360594487442758,0.001975175556718253,50
theta0,A,legs,100.0,post,0.06425870014397844,0.009960493197155458,50
theta0,A,legs,100.0,pre,0.06699067251752722,0.010464267555478687,50
theta0,A,point,0.0,all,0.3163081284058135,0.001625554152131714,50
theta0,A,point,0.0,post,0.3187880538216382,0.0454349645647628,50
theta0,A,point,0.0,pre,0.33416131951282435,0.05401460504964566,50
theta0,A,point,0.01,all,0.3142298068980765,0.0016799454772308863,50
theta0,A,point,0.01,post,0.31669496680402903,0.04511908428809935,50
theta0,A,point,0.01,pre,0.33196305617572647,0.05366650558811354,50
theta0,A,point,0.03,all,0.3102144901102069,0.00184880070867984,50
theta0,A,point,0.03,post,0.31265142179215477,0.04451261897985923,50
theta0,A,point,0.03,pre,0.32771568623159303,0.0529956981308886,50
theta0,A,point,0.1,all,0.29750760848101704,0.002695643247099505,50
theta0,A,point,0.1,post,0.2998584141585573,0.042626583253247675,50
theta0,A,point,0.1,pre,0.3142710353624161,0.0508863691106329,50
theta0,A,point,0.3,all,0.2701269665183814,0.005118489724808725,50
theta0,A,point,0.3,post,0.272318570706537,0.03877724167390431,50
theta0,A,point,0.3,pre,0.28527362411429874,0.04641965239777072,50
theta0,A,point,1.0,all,0.22650311654230618,0.014020762437998232,50
theta0,A,point,1.0,post,0.22862511580363518,0.035364211595178476,50
theta0,A,point,1.0,pre,0.2388936659497656,0.040861308114092554,50
theta0,A,point,3.0,all,0.20760117501144268,0.03261462261557885,50
theta0,A,point,3.0,post,0.21006796092148636,0.04567288603094104,50
theta0,A,point,3.0,pre,0.2184261049108235,0.047467677307333624,50
theta0,A,point,10.0,all,0.21627525941717046,0.050046783420046335,50
theta0,A,point,10.0,post,0.21910762017570617,0.06156428442010901,50
theta0,A,point,10.0,pre,0.22725745152359178,0.06133857186306382,50
theta0,A,point,30.0,all,0.226989804484446,0.05809227281747032,50
theta0,A,point,30.0,post,0.2298780932248374,0.06963468042560382,50
theta0,A,point,30.0,pre,0.23857365906751532,0.0689135290811408,50
theta0,A,point,100.0,all,0.23403947502047415,0.06180734436851831,50
theta0,A,point,100.0,post,0.2369041521342167,0.07364471861715818,50
theta0,A,point,100.0,pre,0.24608313463022247,0.07250968641941147,50
theta0,B,cur,0.0,all,0.06360594487442761,0.0019751755567182496,50
theta0,B,cur,0.0,post,0.06425870014397844,0.009960493197155463,50
theta0,B,cur,0.0,pre,0.06699067251752723,0.010464267555478687,50
theta0,B,cur,0.01,all,0.06321695950799261,0.0019543331937235528,50
theta0,B,cur,0.01,post,0.06388146524684428,0.009895608745499695,50
theta0,B,cur,0.01,pre,0.06656530166108744,0.010404963755218176,50
theta0,B,cur,0.03,all,0.06260471536059133,0.0019319765447035925,50
theta0,B,cur,0.03,post,0.0632937039625134,0.009793246819924615,50
theta0,B,cur,0.03,pre,0.06588990129944511,0.010314775311775864,50
theta0,B,cur,0.1,all,0.06197557095067492,0.0023802457150753076,50
theta0,B,cur,0.1,post,0.06275526091550683,0.009781976551642852,50
theta0,B,cur,0.1,pre,0.0651321563445721,0.010327818253928703,50
theta0,B,cur,0.3,all,0.06804015662004324,0.007922271144118165,50
theta0,B,cur,0.3,post,0.06905259408928562,0.013256016235372604,50
theta0,B,cur,0.3,pre,0.07136586856226136,0.01359912142712601,50
theta0,B,cur,1.0,all,0.1019104858368382,0.024329167401091475,50
theta0,B,cur,1.0,post,0.10344621566991757,0.029715041386881046,50
theta0,B,cur,1.0,pre,0.10691199417680043,0.029757948651273358,50
theta0,B,cur,3.0,all,0.15086193693503,0.04155800749967036,50
theta0,B,cur,3.0,post,0.15306870199269018,0.04896689722976777,50
theta0,B,cur,3.0,pre,0.15832206206156393,0.048822108176071265,50
theta0,B,cur,10.0,all,0.19205381986847342,0.05500488847572626,50
theta0,B,cur,10.0,post,0.1947548246813074,0.0642252851304686,50
theta0,B,cur,10.0,pre,0.20162177890015598,0.06376267484869833,50
theta0,B,cur,30.0,all,0.2119147050235414,0.061465557361151064,50
theta0,B,cur,30.0,post,0.21475791950685952,0.07163733348689509,50
theta0,B,cur,30.0,pre,0.22258676655357526,0.0707512049345558,50
theta0,B,cur,100.0,all,0.22179010882668623,0.06460734298372335,50
theta0,B,cur,100.0,post,0.22467707519513655,0.07548894324675674,50
theta0,B,cur,100.0,pre,0.23303854151829523,0.07393167298589982,50
theta0,B,hist,0.0,all,0.06360594487442758,0.001975175556718267,50
theta0,B,hist,0.0,post,0.06425870014397841,0.009960493197155453,50
theta0,B,hist,0.0,pre,0.06699067251752723,0.010464267555478678,50
theta0,B,hist,0.01,all,0.0632169595079926,0.0019543331937235888,50
theta0,B,hist,0.01,post,0.06388146524684425,0.009895608745499697,50
theta0,B,hist,0.01,pre,0.06656530166108747,0.010404963755218167,50
theta0,B,hist,0.03,all,0.06260471536059131,0.0019319765447036066,50
theta0,B,hist,0.03,post,0.06329370396251335,0.009793246819924597,50
theta0,B,hist,0.03,pre,0.06588990129944514,0.010314775311775867,50
theta0,B,hist,0.1,all,0.06197557095067491,0.002380245715075302,50
theta0,B,hist,0.1,post,0.0627552609155068,0.009781976551642837,50
theta0,B,hist,0.1,pre,0.06513215634457212,0.0103278182539287,50
theta0,B,hist,0.3,all,0.06804015662004324,0.007922271144118137,50
theta0,B,hist,0.3,post,0.0690525940892856,0.013256016235372559,50
theta0,B,hist,0.3,pre,0.07136586856226136,0.01359912142712598,50
theta0,B,hist,1.0,all,0.10191048583683818,0.024329167401091464,50
theta0,B,hist,1.0,post,0.10344621566991755,0.029715041386881018,50
theta0,B,hist,1.0,pre,0.10691199417680038,0.029757948651273337,50
theta0,B,hist,3.0,all,0.15086193693502994,0.04155800749967036,50
theta0,B,hist,3.0,post,0.15306870199269015,0.04896689722976778,50
theta0,B,hist,3.0,pre,0.15832206206156388,0.04882210817607127,50
theta0,B,hist,10.0,all,0.1920538198684734,0.055004888475726224,50
theta0,B,hist,10.0,post,0.19475482468130736,0.0642252851304686,50
theta0,B,hist,10.0,pre,0.20162177890015592,0.06376267484869835,50
theta0,B,hist,30.0,all,0.21191470502354137,0.06146555736115106,50
theta0,B,hist,30.0,post,0.21475791950685952,0.07163733348689509,50
theta0,B,hist,30.0,pre,0.22258676655357518,0.07075120493455588,50
theta0,B,hist,100.0,all,0.22179010882668618,0.06460734298372338,50
theta0,B,hist,100.0,post,0.2246770751951365,0.07548894324675674,50
theta0,B,hist,100.0,pre,0.23303854151829512,0.07393167298590002,50
theta0,B,in,0.0,all,0.06360594487437199,0.001975175556713551,50
theta0,B,in,0.0,post,0.06425870014396723,0.009960493197151891,50
theta0,B,in,0.0,pre,0.06699067251742544,0.010464267555476206,50
theta0,B,in,0.01,all,0.06321695950793722,0.0019543331937191227,50
theta0,B,in,0.01,post,0.06388146524683325,0.009895608745496078,50
theta0,B,in,0.01,pre,0.06656530166098595,0.010404963755216226,50
theta0,B,in,0.03,all,0.06260471536053654,0.0019319765446992162,50
theta0,B,in,0.03,post,0.06329370396250274,0.009793246819920939,50
theta0,B,in,0.03,pre,0.0658899012993444,0.010314775311774908,50
theta0,B,in,0.1,all,0.06197557095062331,0.002380245715069375,50
theta0,B,in,0.1,post,0.06275526091549752,0.00978197655163939,50
theta0,B,in,0.1,pre,0.06513215634447624,0.010327818253930508,50
theta0,B,in,0.3,all,0.06804015662000365,0.007922271144115766,50
theta0,B,in,0.3,post,0.06905259408927945,0.013256016235372101,50
theta0,B,in,0.3,pre,0.07136586856218602,0.013599121427133182,50
theta0,B,in,1.0,all,0.10191048583682027,0.024329167401092488,50
theta0,B,in,1.0,post,0.1034462156699152,0.029715041386882836,50
theta0,B,in,1.0,pre,0.10691199417676595,0.0297579486512812,50
theta0,B,in,3.0,all,0.1508619369350231,0.04155800749967141,50
theta0,B,in,3.0,post,0.15306870199268877,0.048966897229769185,50
theta0,B,in,3.0,pre,0.15832206206155167,0.048822108176076955,50
theta0,B,in,10.0,all,0.19205381986847064,0.05500488847572728,50
theta0,B,in,10.0,post,0.19475482468130573,0.06422528513046949,50
theta0,B,in,10.0,pre,0.20162177890015254,0.06376267484870353,50
theta0,B,in,30.0,all,0.21191470502353987,0.06146555736115219,50
theta0,B,in,30.0,post,0.2147579195068577,0.07163733348689579,50
theta0,B,in,30.0,pre,0.22258676655357462,0.07075120493456091,50
theta0,B,in,100.0,all,0.22179010882668518,0.06460734298372445,50
theta0,B,in,100.0,post,0.2246770751951345,0.07548894324675727,50
theta0,B,in,100.0,pre,0.23303854151829564,0.07393167298590482,50
theta0,B,legs,0.0,all,0.06360594487442758,0.001975175556718253,50
theta0,B,legs,0.0,post,0.06425870014397844,0.009960493197155458,50
theta0,B,legs,0.0,pre,0.06699067251752722,0.010464267555478687,50
theta0,B,legs,0.01,all,0.06360594487442758,0.001975175556718253,50
theta0,B,legs,0.01,post,0.06425870014397844,0.009960493197155458,50
theta0,B,legs,0.01,pre,0.06699067251752722,0.010464267555478687,50
theta0,B,legs,0.03,all,0.06360594487442758,0.001975175556718253,50
theta0,B,legs,0.03,post,0.06425870014397844,0.009960493197155458,50
theta0,B,legs,0.03,pre,0.06699067251752722,0.010464267555478687,50
theta0,B,legs,0.1,all,0.06360594487442758,0.001975175556718253,50
theta0,B,legs,0.1,post,0.06425870014397844,0.009960493197155458,50
theta0,B,legs,0.1,pre,0.06699067251752722,0.010464267555478687,50
theta0,B,legs,0.3,all,0.06360594487442758,0.001975175556718253,50
theta0,B,legs,0.3,post,0.06425870014397844,0.009960493197155458,50
theta0,B,legs,0.3,pre,0.06699067251752722,0.010464267555478687,50
theta0,B,legs,1.0,all,0.06360594487442758,0.001975175556718253,50
theta0,B,legs,1.0,post,0.06425870014397844,0.009960493197155458,50
theta0,B,legs,1.0,pre,0.06699067251752722,0.010464267555478687,50
theta0,B,legs,3.0,all,0.06360594487442758,0.001975175556718253,50
theta0,B,legs,3.0,post,0.06425870014397844,0.009960493197155458,50
theta0,B,legs,3.0,pre,0.06699067251752722,0.010464267555478687,50
theta0,B,legs,10.0,all,0.06360594487442758,0.001975175556718253,50
theta0,B,legs,10.0,post,0.06425870014397844,0.009960493197155458,50
theta0,B,legs,10.0,pre,0.06699067251752722,0.010464267555478687,50
theta0,B,legs,30.0,all,0.06360594487442758,0.001975175556718253,50
theta0,B,legs,30.0,post,0.06425870014397844,0.009960493197155458,50
theta0,B,legs,30.0,pre,0.06699067251752722,0.010464267555478687,50
theta0,B,legs,100.0,all,0.06360594487442758,0.001975175556718253,50
theta0,B,legs,100.0,post,0.06425870014397844,0.009960493197155458,50
theta0,B,legs,100.0,pre,0.06699067251752722,0.010464267555478687,50
theta0,B,point,0.0,all,0.3163081284058135,0.001625554152131714,50
theta0,B,point,0.0,post,0.3187880538216382,0.0454349645647628,50
theta0,B,point,0.0,pre,0.33416131951282435,0.05401460504964566,50
theta0,B,point,0.01,all,0.3142298068980765,0.0016799454772308863,50
theta0,B,point,0.01,post,0.31669496680402903,0.04511908428809935,50
theta0,B,point,0.01,pre,0.33196305617572647,0.05366650558811354,50
theta0,B,point,0.03,all,0.3102144901102069,0.00184880070867984,50
theta0,B,point,0.03,post,0.31265142179215477,0.04451261897985923,50
theta0,B,point,0.03,pre,0.32771568623159303,0.0529956981308886,50
theta0,B,point,0.1,all,0.29750760848101704,0.002695643247099505,50
theta0,B,point,0.1,post,0.2998584141585573,0.042626583253247675,50
theta0,B,point,0.1,pre,0.3142710353624161,0.0508863691106329,50
theta0,B,point,0.3,all,0.2701269665183814,0.005118489724808725,50
theta0,B,point,0.3,post,0.272318570706537,0.03877724167390431,50
theta0,B,point,0.3,pre,0.28527362411429874,0.04641965239777072,50
theta0,B,point,1.0,all,0.22650311654230618,0.014020762437998232,50
theta0,B,point,1.0,post,0.22862511580363518,0.035364211595178476,50
theta0,B,point,1.0,pre,0.2388936659497656,0.040861308114092554,50
theta0,B,point,3.0,all,0.20760117501144268,0.03261462261557885,50
theta0,B,point,3.0,post,0.21006796092148636,0.04567288603094104,50
theta0,B,point,3.0,pre,0.2184261049108235,0.047467677307333624,50
theta0,B,point,10.0,all,0.21627525941717046,0.050046783420046335,50
theta0,B,point,10.0,post,0.21910762017570617,0.06156428442010901,50
theta0,B,point,10.0,pre,0.22725745152359178,0.06133857186306382,50
theta0,B,point,30.0,all,0.226989804484446,0.05809227281747032,50
theta0,B,point,30.0,post,0.2298780932248374,0.06963468042560382,50
theta0,B,point,30.0,pre,0.23857365906751532,0.0689135290811408,50
theta0,B,point,100.0,all,0.23403947502047415,0.06180734436851831,50
theta0,B,point,100.0,post,0.2369041521342167,0.07364471861715818,50
theta0,B,point,100.0,pre,0.24608313463022247,0.07250968641941147,50
theta0_snr0,A,cur,0.0,all,0.20026081613726734,0.006104762716864802,50
theta0_snr0,A,cur,0.0,post,0.20232077422439101,0.0313514561968689,50
theta0_snr0,A,cur,0.0,pre,0.21095080904167932,0.03312386132156867,50
theta0_snr0,A,cur,0.01,all,0.1989534260333403,0.006064044202015624,50
theta0_snr0,A,cur,0.01,post,0.20101730375017898,0.031130781096190517,50
theta0_snr0,A,cur,0.01,pre,0.20955704296564104,0.032925935125395836,50
theta0_snr0,A,cur,0.03,all,0.19645501697651,0.005996528604726355,50
theta0_snr0,A,cur,0.03,post,0.19852676263389524,0.030711312248515935,50
theta0_snr0,A,cur,0.03,pre,0.20689320532951277,0.032549419708512314,50
theta0_snr0,A,cur,0.1,all,0.18881498492276208,0.005892009667148758,50
theta0_snr0,A,cur,0.1,post,0.19091472668661033,0.02945176637843651,50
theta0_snr0,A,cur,0.1,pre,0.19874365544329378,0.03141417376622789,50
theta0_snr0,A,cur,0.3,all,0.174171473501515,0.006807490286884188,50
theta0_snr0,A,cur,0.3,post,0.17635400383413524,0.02733890725504698,50
theta0_snr0,A,cur,0.3,pre,0.18309882199995367,0.02944529410999483,50
theta0_snr0,A,cur,1.0,all,0.160928595243762,0.017800941581769675,50
theta0_snr0,A,cur,1.0,post,0.16335448249110737,0.030645853355215608,50
theta0_snr0,A,cur,1.0,pre,0.16882149679354477,0.03200834588624044,50
theta0_snr0,A,cur,3.0,all,0.17457977882810133,0.03733749566821953,50
theta0_snr0,A,cur,3.0,post,0.17732061758237694,0.047112868361015824,50
theta0_snr0,A,cur,3.0,pre,0.1830754678590545,0.04745119021877622,50
theta0_snr0,A,cur,10.0,all,0.20146452037733525,0.05307121502198789,50
theta0_snr0,A,cur,10.0,post,0.20442557990671184,0.06309880694310076,50
theta0_snr0,A,cur,10.0,pre,0.2114242912361688,0.06300130369152496,50
theta0_snr0,A,cur,30.0,all,0.21759572640338615,0.06025224073717593,50
theta0_snr0,A,cur,30.0,post,0.2205758706654687,0.07081032090324803,50
theta0_snr0,A,cur,30.0,pre,0.22853282123715135,0.07037129182154453,50
theta0_snr0,A,cur,100.0,all,0.22635497219771303,0.06363289961775402,50
theta0_snr0,A,cur,100.0,post,0.22930244113430007,0.074767310153211,50
theta0_snr0,A,cur,100.0,pre,0.23787611924918836,0.07371852198541101,50
theta0_snr0,A,hist,0.0,all,0.20026081613726737,0.006104762716864817,50
theta0_snr0,A,hist,0.0,post,0.20232077422439101,0.031351456196868924,50
theta0_snr0,A,hist,0.0,pre,0.21095080904167937,0.03312386132156869,50
theta0_snr0,A,hist,0.01,all,0.1989534260333403,0.006064044202015631,50
theta0_snr0,A,hist,0.01,post,0.201017303750179,0.03113078109619055,50
theta0_snr0,A,hist,0.01,pre,0.20955704296564104,0.032925935125395836,50
theta0_snr0,A,hist,0.03,all,0.19645501697651002,0.005996528604726371,50
theta0_snr0,A,hist,0.03,post,0.19852676263389524,0.03071131224851596,50
theta0_snr0,A,hist,0.03,pre,0.20689320532951283,0.03254941970851233,50
theta0_snr0,A,hist,0.1,all,0.18881498492276208,0.005892009667148784,50
theta0_snr0,A,hist,0.1,post,0.19091472668661033,0.0294517663784365,50
theta0_snr0,A,hist,0.1,pre,0.19874365544329384,0.03141417376622793,50
theta0_snr0,A,hist,0.3,all,0.17417147350151502,0.006807490286884179,50
theta0_snr0,A,hist,0.3,post,0.1763540038341353,0.027338907255046965,50
theta0_snr0,A,hist,0.3,pre,0.18309882199995373,0.029445294109994857,50
theta0_snr0,A,hist,1.0,all,0.160928595243762,0.017800941581769675,50
theta0_snr0,A,hist,1.0,post,0.16335448249110737,0.030645853355215594,50
theta0_snr0,A,hist,1.0,pre,0.16882149679354477,0.03200834588624047,50
theta0_snr0,A,hist,3.0,all,0.1745797788281013,0.0373374956682195,50
theta0_snr0,A,hist,3.0,post,0.1773206175823769,0.0471128683610158,50
theta0_snr0,A,hist,3.0,pre,0.18307546785905443,0.04745119021877624,50
theta0_snr0,A,hist,10.0,all,0.20146452037733517,0.05307121502198789,50
theta0_snr0,A,hist,10.0,post,0.20442557990671179,0.06309880694310076,50
theta0_snr0,A,hist,10.0,pre,0.21142429123616868,0.063001303691525,50
theta0_snr0,A,hist,30.0,all,0.217595726403386,0.060252240737175944,50
theta0_snr0,A,hist,30.0,post,0.22057587066546866,0.07081032090324806,50
theta0_snr0,A,hist,30.0,pre,0.2285328212371512,0.07037129182154472,50
theta0_snr0,A,hist,100.0,all,0.22635497219771264,0.06363289961775406,50
theta0_snr0,A,hist,100.0,post,0.22930244113429993,0.074767310153211,50
theta0_snr0,A,hist,100.0,pre,0.2378761192491879,0.07371852198541146,50
theta0_snr0,A,in,0.0,all,0.20026081613708213,0.006104762716849637,50
theta0_snr0,A,in,0.0,post,0.2023207742243733,0.03135145619686479,50
theta0_snr0,A,in,0.0,pre,0.2109508090413099,0.033123861321514375,50
theta0_snr0,A,in,0.01,all,0.19895342603315616,0.006064044202000831,50
theta0_snr0,A,in,0.01,post,0.2010173037501614,0.031130781096186368,50
theta0_snr0,A,in,0.01,pre,0.20955704296527367,0.032925935125342407,50
theta0_snr0,A,in,0.03,all,0.19645501697632803,0.005996528604712218,50
theta0_snr0,A,in,0.03,post,0.19852676263387792,0.030711312248511785,50
theta0_snr0,A,in,0.03,pre,0.20689320532914965,0.03254941970846053,50
theta0_snr0,A,in,0.1,all,0.1888149849225874,0.005892009667136316,50
theta0_snr0,A,in,0.1,post,0.19091472668659396,0.02945176637843221,50
theta0_snr0,A,in,0.1,pre,0.1987436554429451,0.03141417376618163,50
theta0_snr0,A,in,0.3,all,0.17417147350135986,0.006807490286875283,50
theta0_snr0,A,in,0.3,post,0.1763540038341211,0.02733890725504265,50
theta0_snr0,A,in,0.3,pre,0.18309882199964364,0.029445294109962324,50
theta0_snr0,A,in,1.0,all,0.16092859524365682,0.017800941581774726,50
theta0_snr0,A,in,1.0,post,0.163354482491098,0.030645853355213665,50
theta0_snr0,A,in,1.0,pre,0.16882149679333383,0.03200834588624653,50
theta0_snr0,A,in,3.0,all,0.17457977882804826,0.03733749566822923,50
theta0_snr0,A,in,3.0,post,0.17732061758237147,0.04711286836101625,50
theta0_snr0,A,in,3.0,pre,0.18307546785894918,0.04745119021880288,50
theta0_snr0,A,in,10.0,all,0.20146452037731033,0.053071215021995466,50
theta0_snr0,A,in,10.0,post,0.20442557990670795,0.06309880694310138,50
theta0_snr0,A,in,10.0,pre,0.21142429123612175,0.06300130369154797,50
theta0_snr0,A,in,30.0,all,0.21759572640337013,0.06025224073718232,50
theta0_snr0,A,in,30.0,post,0.22057587066546513,0.07081032090324857,50
theta0_snr0,A,in,30.0,pre,0.228532821237123,0.07037129182156483,50
theta0_snr0,A,in,100.0,all,0.2263549721977,0.06363289961776,50
theta0_snr0,A,in,100.0,post,0.22930244113429651,0.07476731015321147,50
theta0_snr0,A,in,100.0,pre,0.23787611924916635,0.07371852198543025,50
theta0_snr0,A,legs,0.0,all,0.20026081613726734,0.006104762716864807,50
theta0_snr0,A,legs,0.0,post,0.202320774224391,0.031351456196868896,50
theta0_snr0,A,legs,0.0,pre,0.21095080904167932,0.03312386132156866,50
theta0_snr0,A,legs,0.01,all,0.20026081613726734,0.006104762716864807,50
theta0_snr0,A,legs,0.01,post,0.202320774224391,0.031351456196868896,50
theta0_snr0,A,legs,0.01,pre,0.21095080904167932,0.03312386132156866,50
theta0_snr0,A,legs,0.03,all,0.20026081613726734,0.006104762716864807,50
theta0_snr0,A,legs,0.03,post,0.202320774224391,0.031351456196868896,50
theta0_snr0,A,legs,0.03,pre,0.21095080904167932,0.03312386132156866,50
theta0_snr0,A,legs,0.1,all,0.20026081613726734,0.006104762716864807,50
theta0_snr0,A,legs,0.1,post,0.202320774224391,0.031351456196868896,50
theta0_snr0,A,legs,0.1,pre,0.21095080904167932,0.03312386132156866,50
theta0_snr0,A,legs,0.3,all,0.20026081613726734,0.006104762716864807,50
theta0_snr0,A,legs,0.3,post,0.202320774224391,0.031351456196868896,50
theta0_snr0,A,legs,0.3,pre,0.21095080904167932,0.03312386132156866,50
theta0_snr0,A,legs,1.0,all,0.20026081613726734,0.006104762716864807,50
theta0_snr0,A,legs,1.0,post,0.202320774224391,0.031351456196868896,50
theta0_snr0,A,legs,1.0,pre,0.21095080904167932,0.03312386132156866,50
theta0_snr0,A,legs,3.0,all,0.20026081613726734,0.006104762716864807,50
theta0_snr0,A,legs,3.0,post,0.202320774224391,0.031351456196868896,50
theta0_snr0,A,legs,3.0,pre,0.21095080904167932,0.03312386132156866,50
theta0_snr0,A,legs,10.0,all,0.20026081613726734,0.006104762716864807,50
theta0_snr0,A,legs,10.0,post,0.202320774224391,0.031351456196868896,50
theta0_snr0,A,legs,10.0,pre,0.21095080904167932,0.03312386132156866,50
theta0_snr0,A,legs,30.0,all,0.20026081613726734,0.006104762716864807,50
theta0_snr0,A,legs,30.0,post,0.202320774224391,0.031351456196868896,50
theta0_snr0,A,legs,30.0,pre,0.21095080904167932,0.03312386132156866,50
theta0_snr0,A,legs,100.0,all,0.20026081613726734,0.006104762716864807,50
theta0_snr0,A,legs,100.0,post,0.202320774224391,0.031351456196868896,50
theta0_snr0,A,legs,100.0,pre,0.21095080904167932,0.03312386132156866,50
theta0_snr0,A,point,0.0,all,0.9997437100857824,0.00515741115254504,50
theta0_snr0,A,point,0.0,post,1.0075637018478636,0.1437389173353797,50
theta0_snr0,A,point,0.0,pre,1.0562269888295517,0.17084197610752924,50
theta0_snr0,A,point,0.01,all,0.9931542805298196,0.005322838623417296,50
theta0_snr0,A,point,0.01,post,1.0009188729479765,0.14273483098775147,50
theta0_snr0,A,point,0.01,pre,1.0492659503004613,0.1697384344942406,50
theta0_snr0,A,point,0.03,all,0.9803398205687754,0.00584038397195109,50
theta0_snr0,A,point,0.03,post,0.9879969343752518,0.140794449976963,50
theta0_snr0,A,point,0.03,pre,1.0357286711352098,0.16759915661075636,50
theta0_snr0,A,point,0.1,all,0.938972726757587,0.008437280868824934,50
theta0_snr0,A,point,0.1,post,0.9462854939811932,0.1346352745949249,50
theta0_snr0,A,point,0.1,pre,0.9920266206955358,0.16074761333288193,50
theta0_snr0,A,point,0.3,all,0.8441258379465411,0.014838437261258629,50
theta0_snr0,A,point,0.3,post,0.8506689122362997,0.12103168010873713,50
theta0_snr0,A,point,0.3,pre,0.8918134352440513,0.14525272885143137,50
theta0_snr0,A,point,1.0,all,0.6560499064844162,0.022055866130203276,50
theta0_snr0,A,point,1.0,post,0.6612062312405308,0.09548212748969749,50
theta0_snr0,A,point,1.0,pre,0.6929979366776686,0.11445336651078572,50
theta0_snr0,A,point,3.0,all,0.47699706298155903,0.024286816899828964,50
theta0_snr0,A,point,3.0,post,0.4811693166241389,0.0735112199170005,50
theta0_snr0,A,point,3.0,pre,0.5034473949861153,0.08390948831006818,50
theta0_snr0,A,point,10.0,all,0.3677847813918237,0.03574164472685142,50
theta0_snr0,A,point,10.0,post,0.3715298052503304,0.06768913114226092,50
theta0_snr0,A,point,10.0,pre,0.3876515004723305,0.06931077079583325,50
theta0_snr0,A,point,30.0,all,0.33249087117381426,0.04445512969489168,50
theta0_snr0,A,point,30.0,post,0.33577126748585084,0.06876587242573692,50
theta0_snr0,A,point,30.0,pre,0.3505257987215945,0.07008244478331759,50
theta0_snr0,A,point,100.0,all,0.32345253583122896,0.0486291186293066,50
theta0_snr0,A,point,100.0,post,0.32626139882927496,0.06932108610502698,50
theta0_snr0,A,point,100.0,pre,0.3413526184505999,0.07310167258899361,50
theta0_snr0,B,cur,0.0,all,0.20026081613726734,0.006104762716864802,50
theta0_snr0,B,cur,0.0,post,0.20232077422439101,0.0313514561968689,50
theta0_snr0,B,cur,0.0,pre,0.21095080904167932,0.03312386132156867,50
theta0_snr0,B,cur,0.01,all,0.1989534260333403,0.006064044202015624,50
theta0_snr0,B,cur,0.01,post,0.20101730375017898,0.031130781096190517,50
theta0_snr0,B,cur,0.01,pre,0.20955704296564104,0.032925935125395836,50
theta0_snr0,B,cur,0.03,all,0.19645501697651,0.005996528604726355,50
theta0_snr0,B,cur,0.03,post,0.19852676263389524,0.030711312248515935,50
theta0_snr0,B,cur,0.03,pre,0.20689320532951277,0.032549419708512314,50
theta0_snr0,B,cur,0.1,all,0.18881498492276208,0.005892009667148758,50
theta0_snr0,B,cur,0.1,post,0.19091472668661033,0.02945176637843651,50
theta0_snr0,B,cur,0.1,pre,0.19874365544329378,0.03141417376622789,50
theta0_snr0,B,cur,0.3,all,0.174171473501515,0.006807490286884188,50
theta0_snr0,B,cur,0.3,post,0.17635400383413524,0.02733890725504698,50
theta0_snr0,B,cur,0.3,pre,0.18309882199995367,0.02944529410999483,50
theta0_snr0,B,cur,1.0,all,0.160928595243762,0.017800941581769675,50
theta0_snr0,B,cur,1.0,post,0.16335448249110737,0.030645853355215608,50
theta0_snr0,B,cur,1.0,pre,0.16882149679354477,0.03200834588624044,50
theta0_snr0,B,cur,3.0,all,0.17457977882810133,0.03733749566821953,50
theta0_snr0,B,cur,3.0,post,0.17732061758237694,0.047112868361015824,50
theta0_snr0,B,cur,3.0,pre,0.1830754678590545,0.04745119021877622,50
theta0_snr0,B,cur,10.0,all,0.20146452037733525,0.05307121502198789,50
theta0_snr0,B,cur,10.0,post,0.20442557990671184,0.06309880694310076,50
theta0_snr0,B,cur,10.0,pre,0.2114242912361688,0.06300130369152496,50
theta0_snr0,B,cur,30.0,all,0.21759572640338615,0.06025224073717593,50
theta0_snr0,B,cur,30.0,post,0.2205758706654687,0.07081032090324803,50
theta0_snr0,B,cur,30.0,pre,0.22853282123715135,0.07037129182154453,50
theta0_snr0,B,cur,100.0,all,0.22635497219771303,0.06363289961775402,50
theta0_snr0,B,cur,100.0,post,0.22930244113430007,0.074767310153211,50
theta0_snr0,B,cur,100.0,pre,0.23787611924918836,0.07371852198541101,50
theta0_snr0,B,hist,0.0,all,0.20026081613726737,0.006104762716864817,50
theta0_snr0,B,hist,0.0,post,0.20232077422439101,0.031351456196868924,50
theta0_snr0,B,hist,0.0,pre,0.21095080904167937,0.03312386132156869,50
theta0_snr0,B,hist,0.01,all,0.1989534260333403,0.006064044202015631,50
theta0_snr0,B,hist,0.01,post,0.201017303750179,0.03113078109619055,50
theta0_snr0,B,hist,0.01,pre,0.20955704296564104,0.032925935125395836,50
theta0_snr0,B,hist,0.03,all,0.19645501697651002,0.005996528604726371,50
theta0_snr0,B,hist,0.03,post,0.19852676263389524,0.03071131224851596,50
theta0_snr0,B,hist,0.03,pre,0.20689320532951283,0.03254941970851233,50
theta0_snr0,B,hist,0.1,all,0.18881498492276208,0.005892009667148784,50
theta0_snr0,B,hist,0.1,post,0.19091472668661033,0.0294517663784365,50
theta0_snr0,B,hist,0.1,pre,0.19874365544329384,0.03141417376622793,50
theta0_snr0,B,hist,0.3,all,0.17417147350151502,0.006807490286884179,50
theta0_snr0,B,hist,0.3,post,0.1763540038341353,0.027338907255046965,50
theta0_snr0,B,hist,0.3,pre,0.18309882199995373,0.029445294109994857,50
theta0_snr0,B,hist,1.0,all,0.160928595243762,0.017800941581769675,50
theta0_snr0,B,hist,1.0,post,0.16335448249110737,0.030645853355215594,50
theta0_snr0,B,hist,1.0,pre,0.16882149679354477,0.03200834588624047,50
theta0_snr0,B,hist,3.0,all,0.1745797788281013,0.0373374956682195,50
theta0_snr0,B,hist,3.0,post,0.1773206175823769,0.0471128683610158,50
theta0_snr0,B,hist,3.0,pre,0.18307546785905443,0.04745119021877624,50
theta0_snr0,B,hist,10.0,all,0.20146452037733517,0.05307121502198789,50
theta0_snr0,B,hist,10.0,post,0.20442557990671179,0.06309880694310076,50
theta0_snr0,B,hist,10.0,pre,0.21142429123616868,0.063001303691525,50
theta0_snr0,B,hist,30.0,all,0.217595726403386,0.060252240737175944,50
theta0_snr0,B,hist,30.0,post,0.22057587066546866,0.07081032090324806,50
theta0_snr0,B,hist,30.0,pre,0.2285328212371512,0.07037129182154472,50
theta0_snr0,B,hist,100.0,all,0.22635497219771264,0.06363289961775406,50
theta0_snr0,B,hist,100.0,post,0.22930244113429993,0.074767310153211,50
theta0_snr0,B,hist,100.0,pre,0.2378761192491879,0.07371852198541146,50
theta0_snr0,B,in,0.0,all,0.20026081613708213,0.006104762716849637,50
theta0_snr0,B,in,0.0,post,0.2023207742243733,0.03135145619686479,50
theta0_snr0,B,in,0.0,pre,0.2109508090413099,0.033123861321514375,50
theta0_snr0,B,in,0.01,all,0.19895342603315616,0.006064044202000831,50
theta0_snr0,B,in,0.01,post,0.2010173037501614,0.031130781096186368,50
theta0_snr0,B,in,0.01,pre,0.20955704296527367,0.032925935125342407,50
theta0_snr0,B,in,0.03,all,0.19645501697632803,0.005996528604712218,50
theta0_snr0,B,in,0.03,post,0.19852676263387792,0.030711312248511785,50
theta0_snr0,B,in,0.03,pre,0.20689320532914965,0.03254941970846053,50
theta0_snr0,B,in,0.1,all,0.1888149849225874,0.005892009667136316,50
theta0_snr0,B,in,0.1,post,0.19091472668659396,0.02945176637843221,50
theta0_snr0,B,in,0.1,pre,0.1987436554429451,0.03141417376618163,50
theta0_snr0,B,in,0.3,all,0.17417147350135986,0.006807490286875283,50
theta0_snr0,B,in,0.3,post,0.1763540038341211,0.02733890725504265,50
theta0_snr0,B,in,0.3,pre,0.18309882199964364,0.029445294109962324,50
theta0_snr0,B,in,1.0,all,0.16092859524365682,0.017800941581774726,50
theta0_snr0,B,in,1.0,post,0.163354482491098,0.030645853355213665,50
theta0_snr0,B,in,1.0,pre,0.16882149679333383,0.03200834588624653,50
theta0_snr0,B,in,3.0,all,0.17457977882804826,0.03733749566822923,50
theta0_snr0,B,in,3.0,post,0.17732061758237147,0.04711286836101625,50
theta0_snr0,B,in,3.0,pre,0.18307546785894918,0.04745119021880288,50
theta0_snr0,B,in,10.0,all,0.20146452037731033,0.053071215021995466,50
theta0_snr0,B,in,10.0,post,0.20442557990670795,0.06309880694310138,50
theta0_snr0,B,in,10.0,pre,0.21142429123612175,0.06300130369154797,50
theta0_snr0,B,in,30.0,all,0.21759572640337013,0.06025224073718232,50
theta0_snr0,B,in,30.0,post,0.22057587066546513,0.07081032090324857,50
theta0_snr0,B,in,30.0,pre,0.228532821237123,0.07037129182156483,50
theta0_snr0,B,in,100.0,all,0.2263549721977,0.06363289961776,50
theta0_snr0,B,in,100.0,post,0.22930244113429651,0.07476731015321147,50
theta0_snr0,B,in,100.0,pre,0.23787611924916635,0.07371852198543025,50
theta0_snr0,B,legs,0.0,all,0.20026081613726734,0.006104762716864807,50
theta0_snr0,B,legs,0.0,post,0.202320774224391,0.031351456196868896,50
theta0_snr0,B,legs,0.0,pre,0.21095080904167932,0.03312386132156866,50
theta0_snr0,B,legs,0.01,all,0.20026081613726734,0.006104762716864807,50
theta0_snr0,B,legs,0.01,post,0.202320774224391,0.031351456196868896,50
theta0_snr0,B,legs,0.01,pre,0.21095080904167932,0.03312386132156866,50
theta0_snr0,B,legs,0.03,all,0.20026081613726734,0.006104762716864807,50
theta0_snr0,B,legs,0.03,post,0.202320774224391,0.031351456196868896,50
theta0_snr0,B,legs,0.03,pre,0.21095080904167932,0.03312386132156866,50
theta0_snr0,B,legs,0.1,all,0.20026081613726734,0.006104762716864807,50
theta0_snr0,B,legs,0.1,post,0.202320774224391,0.031351456196868896,50
theta0_snr0,B,legs,0.1,pre,0.21095080904167932,0.03312386132156866,50
theta0_snr0,B,legs,0.3,all,0.20026081613726734,0.006104762716864807,50
theta0_snr0,B,legs,0.3,post,0.202320774224391,0.031351456196868896,50
theta0_snr0,B,legs,0.3,pre,0.21095080904167932,0.03312386132156866,50
theta0_snr0,B,legs,1.0,all,0.20026081613726734,0.006104762716864807,50
theta0_snr0,B,legs,1.0,post,0.202320774224391,0.031351456196868896,50
theta0_snr0,B,legs,1.0,pre,0.21095080904167932,0.03312386132156866,50
theta0_snr0,B,legs,3.0,all,0.20026081613726734,0.006104762716864807,50
theta0_snr0,B,legs,3.0,post,0.202320774224391,0.031351456196868896,50
theta0_snr0,B,legs,3.0,pre,0.21095080904167932,0.03312386132156866,50
theta0_snr0,B,legs,10.0,all,0.20026081613726734,0.006104762716864807,50
theta0_snr0,B,legs,10.0,post,0.202320774224391,0.031351456196868896,50
theta0_snr0,B,legs,10.0,pre,0.21095080904167932,0.03312386132156866,50
theta0_snr0,B,legs,30.0,all,0.20026081613726734,0.006104762716864807,50
theta0_snr0,B,legs,30.0,post,0.202320774224391,0.031351456196868896,50
theta0_snr0,B,legs,30.0,pre,0.21095080904167932,0.03312386132156866,50
theta0_snr0,B,legs,100.0,all,0.20026081613726734,0.006104762716864807,50
theta0_snr0,B,legs,100.0,post,0.202320774224391,0.031351456196868896,50
theta0_snr0,B,legs,100.0,pre,0.21095080904167932,0.03312386132156866,50
theta0_snr0,B,point,0.0,all,0.9997437100857824,0.00515741115254504,50
theta0_snr0,B,point,0.0,post,1.0075637018478636,0.1437389173353797,50
theta0_snr0,B,point,0.0,pre,1.0562269888295517,0.17084197610752924,50
theta0_snr0,B,point,0.01,all,0.9931542805298196,0.005322838623417296,50
theta0_snr0,B,point,0.01,post,1.0009188729479765,0.14273483098775147,50
theta0_snr0,B,point,0.01,pre,1.0492659503004613,0.1697384344942406,50
theta0_snr0,B,point,0.03,all,0.9803398205687754,0.00584038397195109,50
theta0_snr0,B,point,0.03,post,0.9879969343752518,0.140794449976963,50
theta0_snr0,B,point,0.03,pre,1.0357286711352098,0.16759915661075636,50
theta0_snr0,B,point,0.1,all,0.938972726757587,0.008437280868824934,50
theta0_snr0,B,point,0.1,post,0.9462854939811932,0.1346352745949249,50
theta0_snr0,B,point,0.1,pre,0.9920266206955358,0.16074761333288193,50
theta0_snr0,B,point,0.3,all,0.8441258379465411,0.014838437261258629,50
theta0_snr0,B,point,0.3,post,0.8506689122362997,0.12103168010873713,50
theta0_snr0,B,point,0.3,pre,0.8918134352440513,0.14525272885143137,50
theta0_snr0,B,point,1.0,all,0.6560499064844162,0.022055866130203276,50
theta0_snr0,B,point,1.0,post,0.6612062312405308,0.09548212748969749,50
theta0_snr0,B,point,1.0,pre,0.6929979366776686,0.11445336651078572,50
theta0_snr0,B,point,3.0,all,0.47699706298155903,0.024286816899828964,50
theta0_snr0,B,point,3.0,post,0.4811693166241389,0.0735112199170005,50
theta0_snr0,B,point,3.0,pre,0.5034473949861153,0.08390948831006818,50
theta0_snr0,B,point,10.0,all,0.3677847813918237,0.03574164472685142,50
theta0_snr0,B,point,10.0,post,0.3715298052503304,0.06768913114226092,50
theta0_snr0,B,point,10.0,pre,0.3876515004723305,0.06931077079583325,50
theta0_snr0,B,point,30.0,all,0.33249087117381426,0.04445512969489168,50
theta0_snr0,B,point,30.0,post,0.33577126748585084,0.06876587242573692,50
theta0_snr0,B,point,30.0,pre,0.3505257987215945,0.07008244478331759,50
theta0_snr0,B,point,100.0,all,0.32345253583122896,0.0486291186293066,50
theta0_snr0,B,point,100.0,post,0.32626139882927496,0.06932108610502698,50
theta0_snr0,B,point,100.0,pre,0.3413526184505999,0.07310167258899361,50
theta10,A,cur,0.0,all,0.06502286035064107,0.0022776301536795215,50
theta10,A,cur,0.0,post,0.06559894778728698,0.010358676755049695,50
theta10,A,cur,0.0,pre,0.06861717322998026,0.010892008355672562,50
theta10,A,cur,0.01,all,0.06464778872082977,0.002251077478973719,50
theta10,A,cur,0.01,post,0.06521191405926091,0.010284372509335431,50
theta10,A,cur,0.01,pre,0.06823031005687544,0.010833204094787191,50
theta10,A,cur,0.03,all,0.06407573441140921,0.0022054091192301273,50
theta10,A,cur,0.03,post,0.06460232010267875,0.010161665665961448,50
theta10,A,cur,0.03,pre,0.06765867760976747,0.010734664564311831,50
theta10,A,cur,0.1,all,0.06369355393761506,0.0024478578974231557,50
theta10,A,cur,0.1,post,0.06396911054238448,0.010064026504723338,50
theta10,A,cur,0.1,pre,0.06749184123568025,0.010628505031262834,50
theta10,A,cur,0.3,all,0.07087909298584179,0.007582863134117293,50
theta10,A,cur,0.3,post,0.06995888690951764,0.01329107339419577,50
theta10,A,cur,0.3,pre,0.07623968460237246,0.013140703824975805,50
theta10,A,cur,1.0,all,0.10791971058540267,0.02331364598787939,50
theta10,A,cur,1.0,post,0.10381470210309685,0.029652263971741085,50
theta10,A,cur,1.0,pre,0.11841930713248827,0.027302352533639426,50
theta10,A,cur,3.0,all,0.16030900374603768,0.039652849236417355,50
theta10,A,cur,3.0,post,0.15318572090916344,0.04894873049418268,50
theta10,A,cur,3.0,pre,0.1766804157239306,0.0441494442335861,50
theta10,A,cur,10.0,all,0.2041630986109809,0.05228641672513604,50
theta10,A,cur,10.0,post,0.19481615514492107,0.06423903724702844,50
theta10,A,cur,10.0,pre,0.22516087090762693,0.0572105554313901,50
theta10,A,cur,30.0,all,0.22523296606541446,0.05831699969102726,50
theta10,A,cur,30.0,post,0.21482807176820531,0.0716731319930897,50
theta10,A,cur,30.0,pre,0.24844544181124914,0.06328792680755593,50
theta10,A,cur,100.0,all,0.23561339416373983,0.06125981805485553,50
theta10,A,cur,100.0,post,0.224749288407011,0.07553289774656297,50
theta10,A,cur,100.0,pre,0.2598715890386988,0.0660798759934503,50
theta10,A,hist,0.0,all,0.0650228603506411,0.002277630153679522,50
theta10,A,hist,0.0,post,0.06559894778728698,0.01035867675504964,50
theta10,A,hist,0.0,pre,0.06861717322998033,0.010892008355672606,50
theta10,A,hist,0.01,all,0.06464308762334672,0.002252012088589219,50
theta10,A,hist,0.01,post,0.06523038087396121,0.010291486697908104,50
theta10,A,hist,0.01,pre,0.06820197665494443,0.010831306663858096,50
theta10,A,hist,0.03,all,0.06404612077137703,0.002207169687322275,50
theta10,A,hist,0.03,post,0.06465688921928975,0.010182211421516601,50
theta10,A,hist,0.03,pre,0.06754340758607077,0.01073449359873497,50
theta10,A,hist,0.1,all,0.06343956027532059,0.002447388494226504,50
theta10,A,hist,0.1,post,0.06413875569167925,0.010120327568003944,50
theta10,A,hist,0.1,pre,0.06680970375379595,0.010687638789306468,50
theta10,A,hist,0.3,all,0.06940748691204657,0.007672616490456779,50
theta10,A,hist,0.3,post,0.07034473597259852,0.013342576641633564,50
theta10,A,hist,0.3,pre,0.0729268142214613,0.0136731584174164,50
theta10,A,hist,1.0,all,0.10286702031528559,0.024059925340244624,50
theta10,A,hist,1.0,post,0.10436043879632191,0.02959340901338456,50
theta10,A,hist,1.0,pre,0.10798778923912775,0.029615171573613836,50
theta10,A,hist,3.0,all,0.15152368227157248,0.04134180085752467,50
theta10,A,hist,3.0,post,0.15371412010101446,0.048856058674844584,50
theta10,A,hist,3.0,pre,0.1590473694904385,0.048689958863876046,50
theta10,A,hist,10.0,all,0.1926334907749569,0.05480815085365187,50
theta10,A,hist,10.0,post,0.19534218779529536,0.06413088988271438,50
theta10,A,hist,10.0,pre,0.20222425169990513,0.06362710881087277,50
theta10,A,hist,30.0,all,0.21278190369733466,0.061168903396409874,50
theta10,A,hist,30.0,post,0.2156501124626054,0.07143860951352339,50
theta10,A,hist,30.0,pre,0.2234528381488452,0.07049811753855616,50
theta10,A,hist,100.0,all,0.22545966821549335,0.06330821777742597,50
theta10,A,hist,100.0,post,0.22834761137667478,0.0742853997584545,50
theta10,A,hist,100.0,pre,0.2367618945720112,0.07278695324067119,50
theta10,A,in,0.0,all,0.0650228603505867,0.00227763015367645,50
theta10,A,in,0.0,post,0.0655989477872764,0.010358676755045908,50
theta10,A,in,0.0,pre,0.0686171732298802,0.010892008355672497,50
theta10,A,in,0.01,all,0.06464310372299549,0.00225198933901244,50
theta10,A,in,0.01,post,0.06523035602268054,0.010291530368279244,50
theta10,A,in,0.01,pre,0.06820205209537557,0.010831403920984861,50
theta10,A,in,0.03,all,0.06404616999018736,0.0022070933081183076,50
theta10,A,in,0.03,post,0.06465681646351368,0.010182328101565824,50
theta10,A,in,0.03,pre,0.06754363259222647,0.010734785924618358,50
theta10,A,in,0.1,all,0.0634397296440806,0.0024469631578112397,50
theta10,A,in,0.1,post,0.06413854401725712,0.010120487895635721,50
theta10,A,in,0.1,pre,0.06681041851632159,0.010688584070628724,50
theta10,A,in,0.3,all,0.06940791245077305,0.0076715639303300874,50
theta10,A,in,0.3,post,0.07034433873168798,0.013341628966851498,50
theta10,A,in,0.3,pre,0.07292844190428281,0.013675047101643538,50
theta10,A,in,1.0,all,0.10286691180991132,0.02405857492732297,50
theta10,A,in,1.0,post,0.10435924339159632,0.029590796770080433,50
theta10,A,in,1.0,pre,0.10798939006588712,0.0296170593082959,50
theta10,A,in,3.0,all,0.15151820342814773,0.04134223359366391,50
theta10,A,in,3.0,post,0.15370758277623786,0.04885451185588617,50
theta10,A,in,3.0,pre,0.15904386255163905,0.04869467762150171,50
theta10,A,in,10.0,all,0.19258460352016335,0.054825936083417105,50
theta10,A,in,10.0,post,0.19529261360136616,0.064145671683233,50
theta10,A,in,10.0,pre,0.20217792119910538,0.0636542936523643,50
theta10,A,in,30.0,all,0.21241459447617966,0.06131462290027914,50
theta10,A,in,30.0,post,0.21528385878571232,0.07158151523892058,50
theta10,A,in,30.0,pre,0.22308531440251156,0.07065303727162116,50
theta10,A,in,100.0,all,0.22227742968382805,0.06447726488572039,50
theta10,A,in,100.0,post,0.2251975317475136,0.07544121252786337,50
theta10,A,in,100.0,pre,0.2335108023500927,0.07384117808575659,50
theta10,A,legs,0.0,all,0.06502286035064107,0.00227763015367952,50
theta10,A,legs,0.0,post,0.06559894778728699,0.01035867675504969,50
theta10,A,legs,0.0,pre,0.06861717322998027,0.010892008355672571,50
theta10,A,legs,0.01,all,0.06502286035064107,0.00227763015367952,50
theta10,A,legs,0.01,post,0.06559894778728699,0.01035867675504969,50
theta10,A,legs,0.01,pre,0.06861717322998027,0.010892008355672571,50
theta10,A,legs,0.03,all,0.06502286035064107,0.00227763015367952,50
theta10,A,legs,0.03,post,0.06559894778728699,0.01035867675504969,50
theta10,A,legs,0.03,pre,0.06861717322998027,0.010892008355672571,50
theta10,A,legs,0.1,all,0.06502286035064107,0.00227763015367952,50
theta10,A,legs,0.1,post,0.06559894778728699,0.01035867675504969,50
theta10,A,legs,0.1,pre,0.06861717322998027,0.010892008355672571,50
theta10,A,legs,0.3,all,0.06502286035064107,0.00227763015367952,50
theta10,A,legs,0.3,post,0.06559894778728699,0.01035867675504969,50
theta10,A,legs,0.3,pre,0.06861717322998027,0.010892008355672571,50
theta10,A,legs,1.0,all,0.06502286035064107,0.00227763015367952,50
theta10,A,legs,1.0,post,0.06559894778728699,0.01035867675504969,50
theta10,A,legs,1.0,pre,0.06861717322998027,0.010892008355672571,50
theta10,A,legs,3.0,all,0.06502286035064107,0.00227763015367952,50
theta10,A,legs,3.0,post,0.06559894778728699,0.01035867675504969,50
theta10,A,legs,3.0,pre,0.06861717322998027,0.010892008355672571,50
theta10,A,legs,10.0,all,0.06502286035064107,0.00227763015367952,50
theta10,A,legs,10.0,post,0.06559894778728699,0.01035867675504969,50
theta10,A,legs,10.0,pre,0.06861717322998027,0.010892008355672571,50
theta10,A,legs,30.0,all,0.06502286035064107,0.00227763015367952,50
theta10,A,legs,30.0,post,0.06559894778728699,0.01035867675504969,50
theta10,A,legs,30.0,pre,0.06861717322998027,0.010892008355672571,50
theta10,A,legs,100.0,all,0.06502286035064107,0.00227763015367952,50
theta10,A,legs,100.0,post,0.06559894778728699,0.01035867675504969,50
theta10,A,legs,100.0,pre,0.06861717322998027,0.010892008355672571,50
theta10,A,point,0.0,all,0.31630814437119065,0.001625520271653139,50
theta10,A,point,0.0,post,0.31882168369515473,0.04535774592271146,50
theta10,A,point,0.0,pre,0.3340772513569599,0.053926452856055344,50
theta10,A,point,0.01,all,0.3142298602078488,0.0016798232829920916,50
theta10,A,point,0.01,post,0.3167282699964721,0.04504102144514409,50
theta10,A,point,0.01,pre,0.33187957482149527,0.053579122804094687,50
theta10,A,point,0.03,all,0.3102146083680479,0.0018487560257915646,50
theta10,A,point,0.03,post,0.3126840703302109,0.0444330430989726,50
theta10,A,point,0.03,pre,0.32763335784873154,0.05290979595328481,50
theta10,A,point,0.1,all,0.29750786211499664,0.0026969972349452313,50
theta10,A,point,0.1,post,0.29988876139824927,0.04254334982544536,50
theta10,A,point,0.1,pre,0.3141925424458763,0.05080508660135275,50
theta10,A,point,0.3,all,0.2701270054279652,0.005124179407095485,50
theta10,A,point,0.3,post,0.2723423385736185,0.03869380912234116,50
theta10,A,point,0.3,pre,0.2852046689823248,0.046347901971076626,50
theta10,A,point,1.0,all,0.2264993169543763,0.014034577100094162,50
theta10,A,point,1.0,post,0.22862860356075818,0.035324780284490195,50
theta10,A,point,1.0,pre,0.23884685071971062,0.040807940885103075,50
theta10,A,point,3.0,all,0.2075905821712812,0.03262903851443118,50
theta10,A,point,3.0,post,0.21004866795448712,0.04570215332640824,50
theta10,A,point,3.0,pre,0.21840178170440402,0.04744392407368119,50
theta10,A,point,10.0,all,0.21627352843524236,0.05006125879125305,50
theta10,A,point,10.0,post,0.2191005766370116,0.06161929754773778,50
theta10,A,point,10.0,pre,0.22724560974415836,0.06133102583640451,50
theta10,A,point,30.0,all,0.22700554119919011,0.058116060689695645,50
theta10,A,point,30.0,post,0.229900712654012,0.06969836482762283,50
theta10,A,point,30.0,pre,0.23856585845959405,0.06890937280624654,50
theta10,A,point,100.0,all,0.2340647426926433,0.06184146677634563,50
theta10,A,point,100.0,post,0.2369395023682588,0.073705975277818,50
theta10,A,point,100.0,pre,0.24607669891657832,0.0725063408425728,50
theta10,B,cur,0.0,all,0.0636001242492398,0.0019771441908750225,50
theta10,B,cur,0.0,post,0.06426642884606187,0.009947910101556759,50
theta10,B,cur,0.0,pre,0.06696155315125496,0.010439474230403303,50
theta10,B,cur,0.01,all,0.06321164085326232,0.001955456272086632,50
theta10,B,cur,0.01,post,0.06388988827454392,0.00988189250268683,50
theta10,B,cur,0.01,pre,0.06653650908989603,0.01038094498322637,50
theta10,B,cur,0.03,all,0.06260009433127872,0.001931515835809114,50
theta10,B,cur,0.03,post,0.0633033442844853,0.009777969292729293,50
theta10,B,cur,0.03,pre,0.06586128947480147,0.010291864522108129,50
theta10,B,cur,0.1,all,0.061970527370953966,0.002378031461264389,50
theta10,B,cur,0.1,post,0.06276752331509912,0.009767529997046486,50
theta10,B,cur,0.1,pre,0.06509982268368156,0.010305666230334163,50
theta10,B,cur,0.3,all,0.06802035388057678,0.007923785676285986,50
theta10,B,cur,0.3,post,0.06906360630644237,0.01326506940034052,50
theta10,B,cur,0.3,pre,0.07130384008749747,0.013566554888162977,50
theta10,B,cur,1.0,all,0.10184358369259755,0.02431360277457376,50
theta10,B,cur,1.0,post,0.10344245631908901,0.029751993825344387,50
theta10,B,cur,1.0,pre,0.10676668676820902,0.029660272274287275,50
theta10,B,cur,3.0,all,0.15076331953607328,0.0414912316763834,50
theta10,B,cur,3.0,post,0.1530585013350559,0.04900592784198424,50
theta10,B,cur,3.0,pre,0.15811151223178588,0.04860167661939038,50
theta10,B,cur,10.0,all,0.1919551599998045,0.054896889737547076,50
theta10,B,cur,10.0,post,0.1947646021507864,0.064270510840686,50
theta10,B,cur,10.0,pre,0.2013821228911202,0.06343311883558331,50
theta10,B,cur,30.0,all,0.21183377386144675,0.06135272317764735,50
theta10,B,cur,30.0,post,0.21479456950067166,0.0716960000929526,50
theta10,B,cur,30.0,pre,0.22235342193030946,0.0703915912038953,50
theta10,B,cur,100.0,all,0.2217242864921716,0.06449718471956196,50
theta10,B,cur,100.0,post,0.22472259005803655,0.075552427885564,50
theta10,B,cur,100.0,pre,0.23282652754611302,0.07357138949474107,50
theta10,B,hist,0.0,all,0.06360012424923983,0.0019771441908750347,50
theta10,B,hist,0.0,post,0.06426642884606186,0.009947910101556738,50
theta10,B,hist,0.0,pre,0.06696155315125502,0.010439474230403346,50
theta10,B,hist,0.01,all,0.063212657691767,0.0019551452026581565,50
theta10,B,hist,0.01,post,0.06388916406702885,0.009881043517519611,50
theta10,B,hist,0.01,pre,0.06653890720821107,0.01037727397186969,50
theta10,B,hist,0.03,all,0.06261969803277964,0.0019314251204435855,50
theta10,B,hist,0.03,post,0.06330164856308343,0.009775445093059052,50
theta10,B,hist,0.03,pre,0.06590174314427705,0.010276305009751224,50
theta10,B,hist,0.1,all,0.06220328100845665,0.002376560055048898,50
theta10,B,hist,0.1,post,0.06276690575254557,0.009759553981373322,50
theta10,B,hist,0.1,pre,0.06557054578997035,0.010206413331957858,50
theta10,B,hist,0.3,all,0.06949861252340356,0.007829811545679912,50
theta10,B,hist,0.3,post,0.06908924893157722,0.013246229015653511,50
theta10,B,hist,0.3,pre,0.07425251526917614,0.013065063744305109,50
theta10,B,hist,1.0,all,0.10706737432655901,0.023550891622228603,50
theta10,B,hist,1.0,post,0.1035761966241618,0.02970565116020637,50
theta10,B,hist,1.0,pre,0.11698002293678966,0.027658527753441017,50
theta10,B,hist,3.0,all,0.1598947851755388,0.039976485508346864,50
theta10,B,hist,3.0,post,0.15332472876580527,0.04893475235166807,50
theta10,B,hist,3.0,pre,0.17581599467506973,0.04489783717239391,50
theta10,B,hist,10.0,all,0.20403277034152623,0.05291247529607103,50
theta10,B,hist,10.0,post,0.19517552754894343,0.06417389346028961,50
theta10,B,hist,10.0,pre,0.22465416849055583,0.05853972180600638,50
theta10,B,hist,30.0,all,0.2255871560193525,0.05905809222848938,50
theta10,B,hist,30.0,post,0.21557226734055882,0.07146750322066989,50
theta10,B,hist,30.0,pre,0.24848014790454204,0.06484011028113949,50
theta10,B,hist,100.0,all,0.23877960306016416,0.06120460326801961,50
theta10,B,hist,100.0,post,0.22831118688315125,0.07431005613283978,50
theta10,B,hist,100.0,pre,0.26272109881400835,0.06704871033948642,50
theta10,B,in,0.0,all,0.06360012424918327,0.0019771441908701393,50
theta10,B,in,0.0,post,0.06426642884605079,0.009947910101553213,50
theta10,B,in,0.0,pre,0.06696155315115108,0.010439474230400791,50
theta10,B,in,0.01,all,0.06321264114364178,0.0019551361608260787,50
theta10,B,in,0.01,post,0.06388911067830998,0.009881048016080014,50
theta10,B,in,0.01,pre,0.0665389283542364,0.010377277249486633,50
theta10,B,in,0.03,all,0.06261964565461277,0.001931385472004954,50
theta10,B,in,0.03,post,0.06330149407841498,0.009775449602033031,50
theta10,B,in,0.03,pre,0.06590179338518942,0.010276311037874483,50
theta10,B,in,0.1,all,0.062203082816064355,0.0023762030373469844,50
theta10,B,in,0.1,post,0.06276646341800673,0.009759435662057815,50
theta10,B,in,0.1,pre,0.06557057310233,0.010206349071813335,50
theta10,B,in,0.3,all,0.06949792334241191,0.007828797215229735,50
theta10,B,in,0.3,post,0.06908844044596493,0.013245253897092605,50
theta10,B,in,0.3,pre,0.07425182184602477,0.013064236407897629,50
theta10,B,in,1.0,all,0.10706470132272176,0.023549795514154735,50
theta10,B,in,1.0,post,0.10357486419165808,0.029703728425209373,50
theta10,B,in,1.0,pre,0.11697576861067517,0.027656745582666016,50
theta10,B,in,3.0,all,0.1598855519151844,0.039977391440040304,50
theta10,B,in,3.0,post,0.1533186746042607,0.04893377355504435,50
theta10,B,in,3.0,pre,0.17580349514514068,0.04489822339440769,50
theta10,B,in,10.0,all,0.20398181937722754,0.05292872987953575,50
theta10,B,in,10.0,post,0.1951267870005389,0.06418811947250874,50
theta10,B,in,10.0,pre,0.22460145264513354,0.05855725341839477,50
theta10,B,in,30.0,all,0.2252406835414857,0.05918718848082404,50
theta10,B,in,30.0,post,0.2152067630475772,0.07160751933685106,50
theta10,B,in,30.0,pre,0.24814797403165204,0.06495500123301308,50
theta10,B,in,100.0,all,0.2358178271889434,0.06226010925224665,50
theta10,B,in,100.0,post,0.225160948877986,0.07545894537386338,50
theta10,B,in,100.0,pre,0.25987180732974796,0.06787464544069605,50
theta10,B,legs,0.0,all,0.06360012424923982,0.0019771441908750255,50
theta10,B,legs,0.0,post,0.06426642884606189,0.009947910101556769,50
theta10,B,legs,0.0,pre,0.06696155315125496,0.010439474230403329,50
theta10,B,legs,0.01,all,0.06360012424923982,0.0019771441908750255,50
theta10,B,legs,0.01,post,0.06426642884606189,0.009947910101556769,50
theta10,B,legs,0.01,pre,0.06696155315125496,0.010439474230403329,50
theta10,B,legs,0.03,all,0.06360012424923982,0.0019771441908750255,50
theta10,B,legs,0.03,post,0.06426642884606189,0.009947910101556769,50
theta10,B,legs,0.03,pre,0.06696155315125496,0.010439474230403329,50
theta10,B,legs,0.1,all,0.06360012424923982,0.0019771441908750255,50
theta10,B,legs,0.1,post,0.06426642884606189,0.009947910101556769,50
theta10,B,legs,0.1,pre,0.06696155315125496,0.010439474230403329,50
theta10,B,legs,0.3,all,0.06360012424923982,0.0019771441908750255,50
theta10,B,legs,0.3,post,0.06426642884606189,0.009947910101556769,50
theta10,B,legs,0.3,pre,0.06696155315125496,0.010439474230403329,50
theta10,B,legs,1.0,all,0.06360012424923982,0.0019771441908750255,50
theta10,B,legs,1.0,post,0.06426642884606189,0.009947910101556769,50
theta10,B,legs,1.0,pre,0.06696155315125496,0.010439474230403329,50
theta10,B,legs,3.0,all,0.06360012424923982,0.0019771441908750255,50
theta10,B,legs,3.0,post,0.06426642884606189,0.009947910101556769,50
theta10,B,legs,3.0,pre,0.06696155315125496,0.010439474230403329,50
theta10,B,legs,10.0,all,0.06360012424923982,0.0019771441908750255,50
theta10,B,legs,10.0,post,0.06426642884606189,0.009947910101556769,50
theta10,B,legs,10.0,pre,0.06696155315125496,0.010439474230403329,50
theta10,B,legs,30.0,all,0.06360012424923982,0.0019771441908750255,50
theta10,B,legs,30.0,post,0.06426642884606189,0.009947910101556769,50
theta10,B,legs,30.0,pre,0.06696155315125496,0.010439474230403329,50
theta10,B,legs,100.0,all,0.06360012424923982,0.0019771441908750255,50
theta10,B,legs,100.0,post,0.06426642884606189,0.009947910101556769,50
theta10,B,legs,100.0,pre,0.06696155315125496,0.010439474230403329,50
theta10,B,point,0.0,all,0.3162817998762725,0.0016506091329431954,50
theta10,B,point,0.0,post,0.31882168369515473,0.04535774592271146,50
theta10,B,point,0.0,pre,0.3340107049955258,0.053748001949611886,50
theta10,B,point,0.01,all,0.31420385483008667,0.0016993185795829344,50
theta10,B,point,0.01,post,0.3167282699964721,0.04504102144514409,50
theta10,B,point,0.01,pre,0.33181378350859847,0.05340131480806583,50
theta10,B,point,0.03,all,0.3101926777840259,0.0018572754704744884,50
theta10,B,point,0.03,post,0.3126840703302109,0.0444330430989726,50
theta10,B,point,0.03,pre,0.3275759553637959,0.05273235385524693,50
theta10,B,point,0.1,all,0.2975321517900158,0.002673916425560409,50
theta10,B,point,0.1,post,0.29988876139824927,0.04254334982544536,50
theta10,B,point,0.1,pre,0.31422919674246413,0.050619729787697694,50
theta10,B,point,0.3,all,0.27048425909051976,0.005026771255216562,50
theta10,B,point,0.3,post,0.2723423385736185,0.03869380912234116,50
theta10,B,point,0.3,pre,0.28591607082564413,0.04607531307019191,50
theta10,B,point,1.0,all,0.22884839347488595,0.013786163810440958,50
theta10,B,point,1.0,post,0.22862860356075818,0.035324780284490195,50
theta10,B,point,1.0,pre,0.24356987075377468,0.0399235870817298,50
theta10,B,point,3.0,all,0.21421635605933925,0.031944689728181284,50
theta10,B,point,3.0,post,0.21004866795448712,0.04570215332640824,50
theta10,B,point,3.0,pre,0.23160825296043988,0.04504961903453297,50
theta10,B,point,10.0,all,0.22702780880333118,0.04860449875798999,50
theta10,B,point,10.0,post,0.2191005766370116,0.06161929754773778,50
theta10,B,point,10.0,pre,0.2484568438167258,0.05708670564308669,50
theta10,B,point,30.0,all,0.23967385211532424,0.05620839097102471,50
theta10,B,point,30.0,post,0.229900712654012,0.06969836482762283,50
theta10,B,point,30.0,pre,0.26340378168482437,0.06367506430865742,50
theta10,B,point,100.0,all,0.2476216121974183,0.05972748542593618,50
theta10,B,point,100.0,post,0.2369395023682588,0.073705975277818,50
theta10,B,point,100.0,pre,0.27256542273676254,0.06681466781969929,50
theta10_snr0,A,cur,0.0,all,0.20071731175537655,0.006141938292045167,50
theta10_snr0,A,cur,0.0,post,0.2026998768617957,0.03138177492297681,50
theta10_snr0,A,cur,0.0,pre,0.21149695981382277,0.03317006550089822,50
theta10_snr0,A,cur,0.01,all,0.1994159485593541,0.00609982734421002,50
theta10_snr0,A,cur,0.01,post,0.2013942531023725,0.031157410781468223,50
theta10_snr0,A,cur,0.01,pre,0.21011795555390753,0.032975112504598635,50
theta10_snr0,A,cur,0.03,all,0.19693443841572889,0.006029209793002915,50
theta10_snr0,A,cur,0.03,post,0.19889940509030474,0.03073106516699682,50
theta10_snr0,A,cur,0.03,pre,0.20749336517338235,0.03260221853857005,50
theta10_snr0,A,cur,0.1,all,0.18939855413058487,0.005909062983781856,50
theta10_snr0,A,cur,0.1,post,0.19127233015503467,0.02945205157291677,50
theta10_snr0,A,cur,0.1,pre,0.19957145085209846,0.031456957402294684,50
theta10_snr0,A,cur,0.3,all,0.17531946295649908,0.00673642208204951,50
theta10_snr0,A,cur,0.3,post,0.17666997475071228,0.027310023952896584,50
theta10_snr0,A,cur,0.3,pre,0.18510995191782834,0.029306430850724915,50
theta10_snr0,A,cur,1.0,all,0.16475682634125033,0.017345939290630347,50
theta10_snr0,A,cur,1.0,post,0.16356164570847898,0.030598716207121533,50
theta10_snr0,A,cur,1.0,pre,0.1762962655752261,0.03058404398871946,50
theta10_snr0,A,cur,3.0,all,0.18268626940018912,0.0359632383684911,50
theta10_snr0,A,cur,3.0,post,0.1774179424541138,0.04705689167434099,50
theta10_snr0,A,cur,3.0,pre,0.1990081124843977,0.04360632020049497,50
theta10_snr0,A,cur,10.0,all,0.21292262286222452,0.05066313737969224,50
theta10_snr0,A,cur,10.0,post,0.20447670066399973,0.0630502507853708,50
theta10_snr0,A,cur,10.0,pre,0.23381643858200263,0.05693890980099666,50
theta10_snr0,A,cur,30.0,all,0.23048768705414469,0.057305179099969634,50
theta10_snr0,A,cur,30.0,post,0.2206306836909969,0.07077934698091846,50
theta10_snr0,A,cur,30.0,pre,0.2536486514884046,0.0632497627613483,50
theta10_snr0,A,cur,100.0,all,0.23983153847730793,0.06044274590680098,50
theta10_snr0,A,cur,100.0,post,0.22936086161461436,0.07474703916928105,50
theta10_snr0,A,cur,100.0,pre,0.2640995267105433,0.06615393697783577,50
theta10_snr0,A,hist,0.0,all,0.20071731175537658,0.006141938292045186,50
theta10_snr0,A,hist,0.0,post,0.20269987686179572,0.03138177492297679,50
theta10_snr0,A,hist,0.0,pre,0.21149695981382283,0.033170065500898245,50
theta10_snr0,A,hist,0.01,all,0.19941336939423251,0.006099375789151603,50
theta10_snr0,A,hist,0.01,post,0.20139967103034603,0.031159116476633084,50
theta10_snr0,A,hist,0.01,pre,0.2101069411370898,0.032972339820620256,50
theta10_snr0,A,hist,0.03,all,0.19692165502829254,0.0060277259986174555,50
theta10_snr0,A,hist,0.03,post,0.19891546064832155,0.030736028530805405,50
theta10_snr0,A,hist,0.03,pre,0.20745039750001118,0.032595999297054284,50
theta10_snr0,A,hist,0.1,all,0.18930301516273293,0.005904696269572093,50
theta10_snr0,A,hist,0.1,post,0.19132360108909802,0.029466885396412294,50
theta10_snr0,A,hist,0.1,pre,0.1993242961786676,0.03145924888084487,50
theta10_snr0,A,hist,0.3,all,0.17470496740687744,0.006755072978609519,50
theta10_snr0,A,hist,0.3,post,0.1768060177861198,0.02734161382990832,50
theta10_snr0,A,hist,0.3,pre,0.183729724780786,0.029473768799395082,50
theta10_snr0,A,hist,1.0,all,0.1615102666682516,0.0176713815155889,50
theta10_snr0,A,hist,1.0,post,0.16386304996825887,0.030613070830706815,50
theta10_snr0,A,hist,1.0,pre,0.169500198575325,0.03196502422041981,50
theta10_snr0,A,hist,3.0,all,0.17512024464073064,0.03716837754852347,50
theta10_snr0,A,hist,3.0,post,0.1778260520769711,0.0470047747790362,50
theta10_snr0,A,hist,3.0,pre,0.18367987011711936,0.04736394502473461,50
theta10_snr0,A,hist,10.0,all,0.20196720340886717,0.052877939462722234,50
theta10_snr0,A,hist,10.0,post,0.20493100530341699,0.06295517990341422,50
theta10_snr0,A,hist,10.0,pre,0.21194218941759702,0.06288480150528132,50
theta10_snr0,A,hist,30.0,all,0.21834013676276715,0.05994717957202187,50
theta10_snr0,A,hist,30.0,post,0.22134972981954168,0.07055298072318195,50
theta10_snr0,A,hist,30.0,pre,0.2292524960582341,0.07011123837984914,50
theta10_snr0,A,hist,100.0,all,0.22970274757920212,0.06233189779454198,50
theta10_snr0,A,hist,100.0,post,0.23268193880551938,0.07352713078328361,50
theta10_snr0,A,hist,100.0,pre,0.24120744374945424,0.07253168131711916,50
theta10_snr0,A,in,0.0,all,0.20071731175519175,0.006141938292030192,50
theta10_snr0,A,in,0.0,post,0.20269987686177823,0.031381774922972644,50
theta10_snr0,A,in,0.0,pre,0.21149695981345418,0.033170065500844725,50
theta10_snr0,A,in,0.01,all,0.19941337870819686,0.006099343129773471,50
theta10_snr0,A,in,0.01,post,0.20139959371492278,0.03115912942353226,50
theta10_snr0,A,in,0.01,pre,0.21010705514920056,0.03297243060338712,50
theta10_snr0,A,in,0.03,all,0.19692169065330983,0.006027633153859658,50
theta10_snr0,A,in,0.03,post,0.198915240441585,0.030736061023097755,50
theta10_snr0,A,in,0.03,pre,0.20745074312096992,0.03259627886197273,50
theta10_snr0,A,in,0.1,all,0.18930321649104684,0.00590437171521663,50
theta10_snr0,A,in,0.1,post,0.191322997599334,0.029466905876344957,50
theta10_snr0,A,in,0.1,pre,0.19932548209540996,0.03146023845364622,50
theta10_snr0,A,in,0.3,all,0.17470612088426776,0.006753202487107315,50
theta10_snr0,A,in,0.3,post,0.1768051510745081,0.027340831197692612,50
theta10_snr0,A,in,0.3,pre,0.18373342392314637,0.029476730551681214,50
theta10_snr0,A,in,1.0,all,0.16151644404873622,0.017665130319980044,50
theta10_snr0,A,in,1.0,post,0.16386544062950514,0.030607412044206785,50
theta10_snr0,A,in,1.0,pre,0.1695116245960896,0.031969477558002155,50
theta10_snr0,A,in,3.0,all,0.17513381063186817,0.037161522172216625,50
theta10_snr0,A,in,3.0,post,0.1778350736707006,0.04699802008243305,50
theta10_snr0,A,in,3.0,pre,0.183700761151804,0.04736748745603024,50
theta10_snr0,A,in,10.0,all,0.2019613049844341,0.05289012112417753,50
theta10_snr0,A,in,10.0,post,0.20491868892010387,0.06296621767907874,50
theta10_snr0,A,in,10.0,pre,0.21194832695528593,0.06291573475534833,50
theta10_snr0,A,in,30.0,all,0.2180729700483884,0.06009264945873924,50
theta10_snr0,A,in,30.0,post,0.22106960990415372,0.07069396300810009,50
theta10_snr0,A,in,30.0,pre,0.22900898351631985,0.07029094945682407,50
theta10_snr0,A,in,100.0,all,0.22682315855794322,0.06349486568206732,50
theta10_snr0,A,in,100.0,post,0.22979580418892948,0.07466277730779716,50
theta10_snr0,A,in,100.0,pre,0.23832814240058997,0.07364337753432623,50
theta10_snr0,A,legs,0.0,all,0.20071731175537655,0.006141938292045164,50
theta10_snr0,A,legs,0.0,post,0.2026998768617957,0.03138177492297681,50
theta10_snr0,A,legs,0.0,pre,0.21149695981382277,0.03317006550089824,50
theta10_snr0,A,legs,0.01,all,0.20071731175537655,0.006141938292045164,50
theta10_snr0,A,legs,0.01,post,0.2026998768617957,0.03138177492297681,50
theta10_snr0,A,legs,0.01,pre,0.21149695981382277,0.03317006550089824,50
theta10_snr0,A,legs,0.03,all,0.20071731175537655,0.006141938292045164,50
theta10_snr0,A,legs,0.03,post,0.2026998768617957,0.03138177492297681,50
theta10_snr0,A,legs,0.03,pre,0.21149695981382277,0.03317006550089824,50
theta10_snr0,A,legs,0.1,all,0.20071731175537655,0.006141938292045164,50
theta10_snr0,A,legs,0.1,post,0.2026998768617957,0.03138177492297681,50
theta10_snr0,A,legs,0.1,pre,0.21149695981382277,0.03317006550089824,50
theta10_snr0,A,legs,0.3,all,0.20071731175537655,0.006141938292045164,50
theta10_snr0,A,legs,0.3,post,0.2026998768617957,0.03138177492297681,50
theta10_snr0,A,legs,0.3,pre,0.21149695981382277,0.03317006550089824,50
theta10_snr0,A,legs,1.0,all,0.20071731175537655,0.006141938292045164,50
theta10_snr0,A,legs,1.0,post,0.2026998768617957,0.03138177492297681,50
theta10_snr0,A,legs,1.0,pre,0.21149695981382277,0.03317006550089824,50
theta10_snr0,A,legs,3.0,all,0.20071731175537655,0.006141938292045164,50
theta10_snr0,A,legs,3.0,post,0.2026998768617957,0.03138177492297681,50
theta10_snr0,A,legs,3.0,pre,0.21149695981382277,0.03317006550089824,50
theta10_snr0,A,legs,10.0,all,0.20071731175537655,0.006141938292045164,50
theta10_snr0,A,legs,10.0,post,0.2026998768617957,0.03138177492297681,50
theta10_snr0,A,legs,10.0,pre,0.21149695981382277,0.03317006550089824,50
theta10_snr0,A,legs,30.0,all,0.20071731175537655,0.006141938292045164,50
theta10_snr0,A,legs,30.0,post,0.2026998768617957,0.03138177492297681,50
theta10_snr0,A,legs,30.0,pre,0.21149695981382277,0.03317006550089824,50
theta10_snr0,A,legs,100.0,all,0.20071731175537655,0.006141938292045164,50
theta10_snr0,A,legs,100.0,post,0.2026998768617957,0.03138177492297681,50
theta10_snr0,A,legs,100.0,pre,0.21149695981382277,0.03317006550089824,50
theta10_snr0,A,point,0.0,all,0.9997437133140231,0.005157400992062502,50
theta10_snr0,A,point,0.0,post,1.0076700290181297,0.14349469897181247,50
theta10_snr0,A,point,0.0,pre,1.0559610427504664,0.17056312776891888,50
theta10_snr0,A,point,0.01,all,0.9931541937483126,0.005322299993836108,50
theta10_snr0,A,point,0.01,post,1.001023826360793,0.1424884082783844,50
theta10_snr0,A,point,0.01,pre,1.0490018534922694,0.16946197829986479,50
theta10_snr0,A,point,0.03,all,0.9803395549223524,0.0058395126066970475,50
theta10_snr0,A,point,0.03,post,0.9880992127832154,0.14054387468737084,50
theta10_snr0,A,point,0.03,pre,1.035468174835873,0.16732735590041722,50
theta10_snr0,A,point,0.1,all,0.9389718423894826,0.008439040423241883,50
theta10_snr0,A,point,0.1,post,0.946379090551287,0.1343725480731857,50
theta10_snr0,A,point,0.1,pre,0.991777787802669,0.1604908448560571,50
theta10_snr0,A,point,0.3,all,0.8441231925117095,0.014850864260934763,50
theta10_snr0,A,point,0.3,post,0.8507420982632549,0.1207489138927399,50
theta10_snr0,A,point,0.3,pre,0.8915916175797602,0.1450300301711127,50
theta10_snr0,A,point,1.0,all,0.6560412607654509,0.022088580481656322,50
theta10_snr0,A,point,1.0,post,0.6612342929747952,0.09519656152691064,50
theta10_snr0,A,point,1.0,pre,0.6928314350491561,0.11429247551948081,50
theta10_snr0,A,point,3.0,all,0.4769775401603855,0.024330467816743178,50
theta10_snr0,A,point,3.0,post,0.4811435834276456,0.07328245576190373,50
theta10_snr0,A,point,3.0,pre,0.5033381954017755,0.08379522909147903,50
theta10_snr0,A,point,10.0,all,0.36776046932879697,0.03579434541959045,50
theta10_snr0,A,point,10.0,post,0.3714734764128613,0.06756024697578636,50
theta10_snr0,A,point,10.0,pre,0.3875834203615861,0.0692337367586125,50
theta10_snr0,A,point,30.0,all,0.3324758894167727,0.04452167651096294,50
theta10_snr0,A,point,30.0,post,0.3357248800180686,0.0686890930643209,50
theta10_snr0,A,point,30.0,pre,0.35047483787913547,0.07002857455452649,50
theta10_snr0,A,point,100.0,all,0.32344765837766704,0.04869777577139888,50
theta10_snr0,A,point,100.0,post,0.3262307366970256,0.06924744265215875,50
theta10_snr0,A,point,100.0,pre,0.3413083123559177,0.07305741422774828,50
theta10_snr0,B,cur,0.0,all,0.20024407239391329,0.006111049408170039,50
theta10_snr0,B,cur,0.0,post,0.20234340585345353,0.0313073294783286,50
theta10_snr0,B,cur,0.0,pre,0.21086280514504452,0.03304498988626215,50
theta10_snr0,B,cur,0.01,all,0.19893698629344342,0.006067780012895229,50
theta10_snr0,B,cur,0.01,post,0.20104037310828332,0.031084676861809886,50
theta10_snr0,B,cur,0.01,pre,0.20946930900147645,0.03284877735309602,50
theta10_snr0,B,cur,0.03,all,0.19643903813021507,0.005995307183224778,50
theta10_snr0,B,cur,0.03,post,0.1985506343946675,0.03066165845923094,50
theta10_snr0,B,cur,0.03,pre,0.2068057774409511,0.032475445381101746,50
theta10_snr0,B,cur,0.1,all,0.18879925532867067,0.005875600247098347,50
theta10_snr0,B,cur,0.1,post,0.19094071148743896,0.029393445746340837,50
theta10_snr0,B,cur,0.1,pre,0.19865514945092447,0.031349199643599245,50
theta10_snr0,B,cur,0.3,all,0.17414834875575455,0.006772646562452537,50
theta10_snr0,B,cur,0.3,post,0.17638157655696024,0.02727820323273823,50
theta10_snr0,B,cur,0.3,pre,0.18299479554838397,0.029394391338457313,50
theta10_snr0,B,cur,1.0,all,0.1608570579024348,0.017774257030218028,50
theta10_snr0,B,cur,1.0,post,0.16337002950087737,0.030634901002966976,50
theta10_snr0,B,cur,1.0,pre,0.16863382985432657,0.03194664923965888,50
theta10_snr0,B,cur,3.0,all,0.17444608566562017,0.03727976326226555,50
theta10_snr0,B,cur,3.0,post,0.17731539252471384,0.04712085190294326,50
theta10_snr0,B,cur,3.0,pre,0.1827837596218708,0.04729982052043641,50
theta10_snr0,B,cur,10.0,all,0.20132203825453737,0.052969601869226966,50
theta10_snr0,B,cur,10.0,post,0.20442181903996182,0.06309956376118901,50
theta10_snr0,B,cur,10.0,pre,0.2111051685124959,0.062732219123615,50
theta10_snr0,B,cur,30.0,all,0.21747843120324103,0.060137948256515486,50
theta10_snr0,B,cur,30.0,post,0.22059131300396423,0.07081857037018956,50
theta10_snr0,B,cur,30.0,pre,0.22824112218693923,0.07004980609505335,50
theta10_snr0,B,cur,100.0,all,0.22625927307479543,0.06351824054004752,50
theta10_snr0,B,cur,100.0,post,0.22932798055589282,0.07478218317175687,50
theta10_snr0,B,cur,100.0,pre,0.23761862724077126,0.07338588385032038,50
theta10_snr0,B,hist,0.0,all,0.20024407239391334,0.006111049408170039,50
theta10_snr0,B,hist,0.0,post,0.20234340585345353,0.03130732947832859,50
theta10_snr0,B,hist,0.0,pre,0.21086280514504455,0.03304498988626214,50
theta10_snr0,B,hist,0.01,all,0.1989362936127212,0.0060671392288174,50
theta10_snr0,B,hist,0.01,post,0.20103949292185572,0.031084042381883597,50
theta10_snr0,B,hist,0.01,pre,0.20946836739923164,0.03284482577434755,50
theta10_snr0,B,hist,0.03,all,0.19644224919331688,0.005993903459860539,50
theta10_snr0,B,hist,0.03,post,0.19854816848341933,0.030659780090599494,50
theta10_snr0,B,hist,0.03,pre,0.20681357466127687,0.032462552046781244,50
theta10_snr0,B,hist,0.1,all,0.18886583516427902,0.0058731112711846905,50
theta10_snr0,B,hist,0.1,post,0.19093437246264525,0.029387489917855898,50
theta10_snr0,B,hist,0.1,pre,0.19879335166248346,0.031293920666203866,50
theta10_snr0,B,hist,0.3,all,0.17470101398173557,0.006743577535905541,50
theta10_snr0,B,hist,0.3,post,0.17637526935094214,0.027263038897387282,50
theta10_snr0,B,hist,0.3,pre,0.18411658375732298,0.02913814319930659,50
theta10_snr0,B,hist,1.0,all,0.16407836050733746,0.017525788357868853,50
theta10_snr0,B,hist,1.0,post,0.1634170667148197,0.030605275753930097,50
theta10_snr0,B,hist,1.0,pre,0.17507213840551328,0.030772682951054297,50
theta10_snr0,B,hist,3.0,all,0.1822147773427765,0.0362993737122401,50
theta10_snr0,B,hist,3.0,post,0.177500399347785,0.047066978346213525,50
theta10_snr0,B,hist,3.0,pre,0.1980409299986087,0.044386023918887255,50
theta10_snr0,B,hist,10.0,all,0.21275806822712875,0.051263546220973184,50
theta10_snr0,B,hist,10.0,post,0.20476580327813404,0.06301027961944627,50
theta10_snr0,B,hist,10.0,pre,0.23327540298507582,0.058232834790371384,50
theta10_snr0,B,hist,30.0,all,0.23077803259556715,0.05800973859693804,50
theta10_snr0,B,hist,30.0,post,0.22126616466170948,0.0705949581215336,50
theta10_snr0,B,hist,30.0,pre,0.2536283765301053,0.06471617061996715,50
theta10_snr0,B,hist,100.0,all,0.24275376332122126,0.060350079548910814,50
theta10_snr0,B,hist,100.0,post,0.23263958746011276,0.07356270459392641,50
theta10_snr0,B,hist,100.0,pre,0.2666896084174314,0.06698573039440954,50
theta10_snr0,B,in,0.0,all,0.20024407239372718,0.006111049408154597,50
theta10_snr0,B,in,0.0,post,0.2023434058534359,0.03130732947832444,50
theta10_snr0,B,in,0.0,pre,0.21086280514467304,0.03304498988620775,50
theta10_snr0,B,in,0.01,all,0.19893626884405724,0.00606713513700727,50
theta10_snr0,B,in,0.01,post,0.2010393972020521,0.03108405986778719,50
theta10_snr0,B,in,0.01,pre,0.20946841793232043,0.032844844368623394,50
theta10_snr0,B,in,0.03,all,0.1964421802207218,0.005993894598363248,50
theta10_snr0,B,in,0.03,post,0.1985478941828772,0.030659825805916023,50
theta10_snr0,B,in,0.03,pre,0.2068137239429083,0.032462618387863636,50
theta10_snr0,B,in,0.1,all,0.18886566478810107,0.005873045452927497,50
theta10_snr0,B,in,0.1,post,0.1909336009403549,0.029387552623312066,50
theta10_snr0,B,in,0.1,pre,0.19879382389255362,0.03129423255318135,50
theta10_snr0,B,in,0.3,all,0.1747009412135461,0.0067422615061151474,50
theta10_snr0,B,in,0.3,post,0.17637398771111606,0.027262401936425866,50
theta10_snr0,B,in,0.3,pre,0.18411783106993154,0.029139261464876002,50
theta10_snr0,B,in,1.0,all,0.16408061339407898,0.017520019575727512,50
theta10_snr0,B,in,1.0,post,0.16341872016891665,0.03060016849535853,50
theta10_snr0,B,in,1.0,pre,0.17507535180476486,0.030772618358404464,50
theta10_snr0,B,in,3.0,all,0.18222096712176164,0.03629296713801621,50
theta10_snr0,B,in,3.0,post,0.17750881682104677,0.047060665269315204,50
theta10_snr0,B,in,3.0,pre,0.19804622238453298,0.044383293765069866,50
theta10_snr0,B,in,10.0,all,0.21274410444449832,0.05127353500050395,50
theta10_snr0,B,in,10.0,post,0.2047531541538846,0.0630205360575222,50
theta10_snr0,B,in,10.0,pre,0.23326426371020112,0.058250823223709856,50
theta10_snr0,B,in,30.0,all,0.23052141907155924,0.05813492146217116,50
theta10_snr0,B,in,30.0,post,0.22098538332711054,0.07073323631331768,50
theta10_snr0,B,in,30.0,pre,0.2534017641962223,0.06484528064789725,50
theta10_snr0,B,in,100.0,all,0.24006511144485798,0.06139367949636183,50
theta10_snr0,B,in,100.0,post,0.2297507339580912,0.0746936736985765,50
theta10_snr0,B,in,100.0,pre,0.2641597633805854,0.06784763133323682,50
theta10_snr0,B,legs,0.0,all,0.20024407239391329,0.0061110494081700354,50
theta10_snr0,B,legs,0.0,post,0.20234340585345353,0.03130732947832859,50
theta10_snr0,B,legs,0.0,pre,0.21086280514504452,0.03304498988626216,50
theta10_snr0,B,legs,0.01,all,0.20024407239391329,0.0061110494081700354,50
theta10_snr0,B,legs,0.01,post,0.20234340585345353,0.03130732947832859,50
theta10_snr0,B,legs,0.01,pre,0.21086280514504452,0.03304498988626216,50
theta10_snr0,B,legs,0.03,all,0.20024407239391329,0.0061110494081700354,50
theta10_snr0,B,legs,0.03,post,0.20234340585345353,0.03130732947832859,50
theta10_snr0,B,legs,0.03,pre,0.21086280514504452,0.03304498988626216,50
theta10_snr0,B,legs,0.1,all,0.20024407239391329,0.0061110494081700354,50
theta10_snr0,B,legs,0.1,post,0.20234340585345353,0.03130732947832859,50
theta10_snr0,B,legs,0.1,pre,0.21086280514504452,0.03304498988626216,50
theta10_snr0,B,legs,0.3,all,0.20024407239391329,0.0061110494081700354,50
theta10_snr0,B,legs,0.3,post,0.20234340585345353,0.03130732947832859,50
theta10_snr0,B,legs,0.3,pre,0.21086280514504452,0.03304498988626216,50
theta10_snr0,B,legs,1.0,all,0.20024407239391329,0.0061110494081700354,50
theta10_snr0,B,legs,1.0,post,0.20234340585345353,0.03130732947832859,50
theta10_snr0,B,legs,1.0,pre,0.21086280514504452,0.03304498988626216,50
theta10_snr0,B,legs,3.0,all,0.20024407239391329,0.0061110494081700354,50
theta10_snr0,B,legs,3.0,post,0.20234340585345353,0.03130732947832859,50
theta10_snr0,B,legs,3.0,pre,0.21086280514504452,0.03304498988626216,50
theta10_snr0,B,legs,10.0,all,0.20024407239391329,0.0061110494081700354,50
theta10_snr0,B,legs,10.0,post,0.20234340585345353,0.03130732947832859,50
theta10_snr0,B,legs,10.0,pre,0.21086280514504452,0.03304498988626216,50
theta10_snr0,B,legs,30.0,all,0.20024407239391329,0.0061110494081700354,50
theta10_snr0,B,legs,30.0,post,0.20234340585345353,0.03130732947832859,50
theta10_snr0,B,legs,30.0,pre,0.21086280514504452,0.03304498988626216,50
theta10_snr0,B,legs,100.0,all,0.20024407239391329,0.0061110494081700354,50
theta10_snr0,B,legs,100.0,post,0.20234340585345353,0.03130732947832859,50
theta10_snr0,B,legs,100.0,pre,0.21086280514504452,0.03304498988626216,50
theta10_snr0,B,point,0.0,all,0.9996604449850538,0.005242813710926337,50
theta10_snr0,B,point,0.0,post,1.0076700290181297,0.14349469897181247,50
theta10_snr0,B,point,0.0,pre,1.0557507383834939,0.16999947652881228,50
theta10_snr0,B,point,0.01,all,0.9930711891251831,0.005389366193280495,50
theta10_snr0,B,point,0.01,post,1.001023826360793,0.1424884082783844,50
theta10_snr0,B,point,0.01,pre,1.048792334339958,0.16890112186299844,50
theta10_snr0,B,point,0.03,all,0.980258133536632,0.005873363595131866,50
theta10_snr0,B,point,0.03,post,0.9880992127832154,0.14054387468737084,50
theta10_snr0,B,point,0.03,pre,1.0352623551172915,0.16677173798755757,50
theta10_snr0,B,point,0.1,all,0.938905924201776,0.008403693553135924,50
theta10_snr0,B,point,0.1,post,0.946379090551287,0.1343725480731857,50
theta10_snr0,B,point,0.1,pre,0.9916049920385201,0.15994995867908185,50
theta10_snr0,B,point,0.3,all,0.8441655150826363,0.014750797839653546,50
theta10_snr0,B,point,0.3,post,0.8507420982632549,0.1207489138927399,50
theta10_snr0,B,point,0.3,pre,0.8916418473585681,0.1445038884414453,50
theta10_snr0,B,point,1.0,all,0.6567851898844661,0.021868305127290807,50
theta10_snr0,B,point,1.0,post,0.6612342929747952,0.09519656152691064,50
theta10_snr0,B,point,1.0,pre,0.6943084298799775,0.1136399828578767,50
theta10_snr0,B,point,3.0,all,0.4797984653825857,0.024065510143259514,50
theta10_snr0,B,point,3.0,post,0.4811435834276456,0.07328245576190373,50
theta10_snr0,B,point,3.0,pre,0.5090083106772917,0.0825982123300801,50
theta10_snr0,B,point,10.0,all,0.3739700951811845,0.03559102328101884,50
theta10_snr0,B,point,10.0,post,0.3714734764128613,0.06756024697578636,50
theta10_snr0,B,point,10.0,pre,0.40001742913669214,0.06709837176601724,50
theta10_snr0,B,point,30.0,all,0.34097866777168684,0.04399038134392953,50
theta10_snr0,B,point,30.0,post,0.3357248800180686,0.0686890930643209,50
theta10_snr0,B,point,30.0,pre,0.36739333772995003,0.06699341710620237,50
theta10_snr0,B,point,100.0,all,0.3331240040739476,0.04780017689492651,50
theta10_snr0,B,point,100.0,post,0.3262307366970256,0.06924744265215875,50
theta10_snr0,B,point,100.0,pre,0.36046621929484113,0.06935437750606967,50
theta20,A,cur,0.0,all,0.06905347011311962,0.004020792537957204,50
theta20,A,cur,0.0,post,0.06966848427924682,0.01192569906807215,50
theta20,A,cur,0.0,pre,0.07299380582248523,0.012714479869594775,50
theta20,A,cur,0.01,all,0.068709876003549,0.003999252508258575,50
theta20,A,cur,0.01,post,0.06925256013979351,0.01183117222456179,50
theta20,A,cur,0.01,pre,0.072700440526699,0.012671845969215959,50
theta20,A,cur,0.03,all,0.06823522655684194,0.0039444814539479804,50
theta20,A,cur,0.03,post,0.06857927471696479,0.011661177945545276,50
theta20,A,cur,0.03,pre,0.07238981276057015,0.012580792093646298,50
theta20,A,cur,0.1,all,0.06848770543188017,0.003840731137449272,50
theta20,A,cur,0.1,post,0.0676737497217785,0.011329147760708501,50
theta20,A,cur,0.1,pre,0.07374775905797244,0.012275279420885542,50
theta20,A,cur,0.3,all,0.07858317218240689,0.0074640522714512075,50
theta20,A,cur,0.3,post,0.0727737268246374,0.013704685180156476,50
theta20,A,cur,0.3,pre,0.0887632234853098,0.013294874681202095,50
theta20,A,cur,1.0,all,0.12373241283009177,0.02192006681872172,50
theta20,A,cur,1.0,post,0.10500933708747161,0.029516038107395975,50
theta20,A,cur,1.0,pre,0.14661058023076873,0.02384545799496176,50
theta20,A,cur,3.0,all,0.18497502981752997,0.036915047904242514,50
theta20,A,cur,3.0,post,0.1535940779249358,0.0488652502724566,50
theta20,A,cur,3.0,pre,0.22115285086429565,0.036856434653770156,50
theta20,A,cur,10.0,all,0.2357056116573732,0.048346691874824946,50
theta20,A,cur,10.0,post,0.19501256919857396,0.06420121778157267,50
theta20,A,cur,10.0,pre,0.28204742293711343,0.04668620003721753,50
theta20,A,cur,30.0,all,0.2599669481643589,0.053692087876707574,50
theta20,A,cur,30.0,post,0.21500368687686788,0.07165433946440582,50
theta20,A,cur,30.0,pre,0.31102840056893,0.05113495531269254,50
theta20,A,cur,100.0,all,0.2718025064996628,0.056272009417779954,50
theta20,A,cur,100.0,post,0.2249191028577462,0.07551252289254079,50
theta20,A,cur,100.0,pre,0.32505976097602707,0.05311652609269753,50
theta20,A,hist,0.0,all,0.06905347011311962,0.004020792537957189,50
theta20,A,hist,0.0,post,0.06966848427924685,0.011925699068072134,50
theta20,A,hist,0.0,pre,0.07299380582248526,0.012714479869594725,50
theta20,A,hist,0.01,all,0.06869617543118896,0.004004003827833746,50
theta20,A,hist,0.01,post,0.06932154217774536,0.011863124130567,50
theta20,A,hist,0.01,pre,0.07260303873843628,0.012663794012895723,50
theta20,A,hist,0.03,all,0.06813604261999695,0.0039569253699896475,50
theta20,A,hist,0.03,post,0.06878305465115457,0.011754603408421977,50
theta20,A,hist,0.03,pre,0.07198469500264248,0.01257672236692778,50
theta20,A,hist,0.1,all,0.06757979572963113,0.003854771469823392,50
theta20,A,hist,0.1,post,0.06830819761555249,0.011601492420720007,50
theta20,A,hist,0.1,pre,0.07130783343297502,0.012454775858782489,50
theta20,A,hist,0.3,all,0.0732880582869187,0.007472213901263506,50
theta20,A,hist,0.3,post,0.07423829709297797,0.0140663764014374,50
theta20,A,hist,0.3,pre,0.0771512091510292,0.014617334250922055,50
theta20,A,hist,1.0,all,0.10566137918657022,0.023367792930448193,50
theta20,A,hist,1.0,post,0.1071567320772762,0.029425886706625954,50
theta20,A,hist,1.0,pre,0.11103679688424277,0.029452150173322943,50
theta20,A,hist,3.0,all,0.15354803417667384,0.04072532868265327,50
theta20,A,hist,3.0,post,0.15574586260776224,0.04858079648624239,50
theta20,A,hist,3.0,pre,0.16124373333768494,0.048370910215513006,50
theta20,A,hist,10.0,all,0.19483249989137913,0.054079100553753506,50
theta20,A,hist,10.0,post,0.19756569197742796,0.063669361448705,50
theta20,A,hist,10.0,pre,0.20454398991665415,0.06313111183570631,50
theta20,A,hist,30.0,all,0.21823862446117848,0.059396612144857044,50
theta20,A,hist,30.0,post,0.2211023713257987,0.06989619852798504,50
theta20,A,hist,30.0,pre,0.22908840646327996,0.06907428976804479,50
theta20,A,hist,100.0,all,0.24759513400270422,0.05880036082382099,50
theta20,A,hist,100.0,post,0.24993345367058317,0.07040091101632263,50
theta20,A,hist,100.0,pre,0.2597567064472546,0.06931197385833088,50
theta20,A,in,0.0,all,0.06905347011306831,0.004020792537957565,50
theta20,A,in,0.0,post,0.06966848427923705,0.011925699068068021,50
theta20,A,in,0.0,pre,0.07299380582239032,0.01271447986959938,50
theta20,A,in,0.01,all,0.06869626608884824,0.004004017997780364,50
theta20,A,in,0.01,post,0.06932153387753048,0.011863323869400498,50
theta20,A,in,0.01,pre,0.07260329190819675,0.0126641217490463,50
theta20,A,in,0.03,all,0.06813630539025702,0.003956964120980234,50
theta20,A,in,0.03,post,0.068783019164358,0.011755180833146873,50
theta20,A,in,0.03,pre,0.07198544411132683,0.012577715691595727,50
theta20,A,in,0.1,all,0.06758052701483806,0.0038546847420011243,50
theta20,A,in,0.1,post,0.06830796843792811,0.011602961088344218,50
theta20,A,in,0.1,pre,0.07131012020626279,0.012458192266695893,50
theta20,A,in,0.3,all,0.07328861886101254,0.007470768089533195,50
theta20,A,in,0.3,post,0.07423668952691949,0.01406654798934667,50
theta20,A,in,0.3,pre,0.07715541279091101,0.01462652821495162,50
theta20,A,in,1.0,all,0.10564960871037943,0.023367786240263876,50
theta20,A,in,1.0,post,0.10714186953283328,0.02942423562043536,50
theta20,A,in,1.0,pre,0.11103087868497549,0.02946791641509244,50
theta20,A,in,3.0,all,0.15346045123693697,0.04074928751278596,50
theta20,A,in,3.0,post,0.15565530962221147,0.048604695224828645,50
theta20,A,in,3.0,pre,0.1611630304303454,0.048414042584647585,50
theta20,A,in,10.0,all,0.19414388908201846,0.054316734139629924,50
theta20,A,in,10.0,post,0.196878700536059,0.06392159253616998,50
theta20,A,in,10.0,pre,0.2038542641019808,0.06338081751596053,50
theta20,A,in,30.0,all,0.2138547226401447,0.06084607434999566,50
theta20,A,in,30.0,post,0.21677199186565643,0.07137472583079016,50
theta20,A,in,30.0,pre,0.22460585470567487,0.0703887037511969,50
theta20,A,in,100.0,all,0.22366649099188282,0.06403152735433307,50
theta20,A,in,100.0,post,0.22664285869895828,0.07523256761025912,50
theta20,A,in,100.0,pre,0.23496169932535194,0.0735839228907001,50
theta20,A,legs,0.0,all,0.0690534701131196,0.004020792537957205,50
theta20,A,legs,0.0,post,0.06966848427924682,0.011925699068072157,50
theta20,A,legs,0.0,pre,0.07299380582248523,0.01271447986959476,50
theta20,A,legs,0.01,all,0.0690534701131196,0.004020792537957205,50
theta20,A,legs,0.01,post,0.06966848427924682,0.011925699068072157,50
theta20,A,legs,0.01,pre,0.07299380582248523,0.01271447986959476,50
theta20,A,legs,0.03,all,0.0690534701131196,0.004020792537957205,50
theta20,A,legs,0.03,post,0.06966848427924682,0.011925699068072157,50
theta20,A,legs,0.03,pre,0.07299380582248523,0.01271447986959476,50
theta20,A,legs,0.1,all,0.0690534701131196,0.004020792537957205,50
theta20,A,legs,0.1,post,0.06966848427924682,0.011925699068072157,50
theta20,A,legs,0.1,pre,0.07299380582248523,0.01271447986959476,50
theta20,A,legs,0.3,all,0.0690534701131196,0.004020792537957205,50
theta20,A,legs,0.3,post,0.06966848427924682,0.011925699068072157,50
theta20,A,legs,0.3,pre,0.07299380582248523,0.01271447986959476,50
theta20,A,legs,1.0,all,0.0690534701131196,0.004020792537957205,50
theta20,A,legs,1.0,post,0.06966848427924682,0.011925699068072157,50
theta20,A,legs,1.0,pre,0.07299380582248523,0.01271447986959476,50
theta20,A,legs,3.0,all,0.0690534701131196,0.004020792537957205,50
theta20,A,legs,3.0,post,0.06966848427924682,0.011925699068072157,50
theta20,A,legs,3.0,pre,0.07299380582248523,0.01271447986959476,50
theta20,A,legs,10.0,all,0.0690534701131196,0.004020792537957205,50
theta20,A,legs,10.0,post,0.06966848427924682,0.011925699068072157,50
theta20,A,legs,10.0,pre,0.07299380582248523,0.01271447986959476,50
theta20,A,legs,30.0,all,0.0690534701131196,0.004020792537957205,50
theta20,A,legs,30.0,post,0.06966848427924682,0.011925699068072157,50
theta20,A,legs,30.0,pre,0.07299380582248523,0.01271447986959476,50
theta20,A,legs,100.0,all,0.0690534701131196,0.004020792537957205,50
theta20,A,legs,100.0,post,0.06966848427924682,0.011925699068072157,50
theta20,A,legs,100.0,pre,0.07299380582248523,0.01271447986959476,50
theta20,A,point,0.0,all,0.3163081524323685,0.0016254874494771403,50
theta20,A,point,0.0,post,0.31886323098636665,0.0453032111561461,50
theta20,A,point,0.0,pre,0.33399673945574143,0.053859320863619185,50
theta20,A,point,0.01,all,0.314229794048491,0.0016797645552785445,50
theta20,A,point,0.01,post,0.31676923720323324,0.044985671562527876,50
theta20,A,point,0.01,pre,0.3317996204431066,0.053512578266330386,50
theta20,A,point,0.03,all,0.31021438699932163,0.0018488625011876436,50
theta20,A,point,0.03,post,0.31272388414005425,0.044376224230050935,50
theta20,A,point,0.03,pre,0.3275544986359523,0.052844381250425836,50
theta20,A,point,0.1,all,0.2975070358238942,0.0026986082828672577,50
theta20,A,point,0.1,post,0.2999246084361828,0.04248289623429433,50
theta20,A,point,0.1,pre,0.3141173235731053,0.05074319019919273,50
theta20,A,point,0.3,all,0.2701240813513031,0.00513079730325927,50
theta20,A,point,0.3,post,0.27236743278944137,0.03863251534204611,50
theta20,A,point,0.3,pre,0.2851384819717967,0.046293221628051585,50
theta20,A,point,1.0,all,0.22648805563195304,0.014053097920035125,50
theta20,A,point,1.0,post,0.22862364116011633,0.03530344495689243,50
theta20,A,point,1.0,pre,0.2388015429643543,0.04076741553771009,50
theta20,A,point,3.0,all,0.2075696791385858,0.032645424397323874,50
theta20,A,point,3.0,post,0.21001473644098156,0.045736977419183734,50
theta20,A,point,3.0,pre,0.21837782701230357,0.04742684620757573,50
theta20,A,point,10.0,all,0.21626482370862227,0.05007006265414435,50
theta20,A,point,10.0,post,0.2190864261631104,0.06166738336105152,50
theta20,A,point,10.0,pre,0.2272337608451977,0.061326214162460896,50
theta20,A,point,30.0,all,0.22701741517066507,0.05812647450164524,50
theta20,A,point,30.0,post,0.2299235466627108,0.06974437138257113,50
theta20,A,point,30.0,pre,0.23855800719714207,0.06890693314460401,50
theta20,A,point,100.0,all,0.23408690650080413,0.06185582104084631,50
theta20,A,point,100.0,post,0.23697686714732158,0.07373767074731079,50
theta20,A,point,100.0,pre,0.24607023136024225,0.07250443701111028,50
theta20,B,cur,0.0,all,0.06359628886564433,0.001983036225245372,50
theta20,B,cur,0.0,post,0.06427533340961292,0.009939543510403569,50
theta20,B,cur,0.0,pre,0.06693579096276277,0.010415362176553714,50
theta20,B,cur,0.01,all,0.06320801164435383,0.001960706905576898,50
theta20,B,cur,0.01,post,0.0638988726143695,0.009872364523302804,50
theta20,B,cur,0.01,pre,0.06651108934641363,0.010357623182756449,50
theta20,B,cur,0.03,all,0.06259658503592427,0.001935694801076016,50
theta20,B,cur,0.03,post,0.06331235366162796,0.009766812271781812,50
theta20,B,cur,0.03,pre,0.06583608140031567,0.010269811619536221,50
theta20,B,cur,0.1,all,0.0619647797451351,0.002381658017477122,50
theta20,B,cur,0.1,post,0.06277543300997256,0.00975693640482026,50
theta20,B,cur,0.1,pre,0.06507101789817261,0.010285810585922818,50
theta20,B,cur,0.3,all,0.0679966030911813,0.007931059827812136,50
theta20,B,cur,0.3,post,0.06906344090415813,0.013278693424223881,50
theta20,B,cur,0.3,pre,0.07124578206854562,0.013540939119434242,50
theta20,B,cur,1.0,all,0.10177136807076209,0.024304946669074522,50
theta20,B,cur,1.0,post,0.10342374564938232,0.029793086815595716,50
theta20,B,cur,1.0,pre,0.10662620514454979,0.029570696018766225,50
theta20,B,cur,3.0,all,0.15066269724175269,0.041427758751852235,50
theta20,B,cur,3.0,post,0.153039016721791,0.04904140920365436,50
theta20,B,cur,3.0,pre,0.15790670307661794,0.04838160580654559,50
theta20,B,cur,10.0,all,0.19185975774158276,0.05478659792814552,50
theta20,B,cur,10.0,post,0.19477590594980584,0.0643026385090244,50
theta20,B,cur,10.0,pre,0.20114909130935554,0.06310025014091133,50
theta20,B,cur,30.0,all,0.21175781477469982,0.06123424025700861,50
theta20,B,cur,30.0,post,0.2148399423409481,0.07173164626679499,50
theta20,B,cur,30.0,pre,0.2221241845693919,0.07003699581007601,50
theta20,B,cur,100.0,all,0.22166170192583806,0.0643791935775178,50
theta20,B,cur,100.0,post,0.2247789943616755,0.07558169016079982,50
theta20,B,cur,100.0,pre,0.2326134049849774,0.07322688439633467,50
theta20,B,hist,0.0,all,0.06359628886564433,0.0019830362252453698,50
theta20,B,hist,0.0,post,0.0642753334096129,0.009939543510403544,50
theta20,B,hist,0.0,pre,0.06693579096276277,0.010415362176553655,50
theta20,B,hist,0.01,all,0.06321607274436293,0.0019606803470195323,50
theta20,B,hist,0.01,post,0.06389798039397541,0.0098704726378103,50
theta20,B,hist,0.01,pre,0.06652726778341672,0.010346647656935588,50
theta20,B,hist,0.03,all,0.06268484176777654,0.0019392677420437313,50
theta20,B,hist,0.03,post,0.06331150498034922,0.009761502949154913,50
theta20,B,hist,0.03,pre,0.06601292220085174,0.010218966425313506,50
theta20,B,hist,0.1,all,0.06290030992625766,0.0024087108040064887,50
theta20,B,hist,0.1,post,0.06279149036967871,0.00974291635810304,50
theta20,B,hist,0.1,pre,0.0669337500332975,0.00994386882853948,50
theta20,B,hist,0.3,all,0.07362679662937684,0.007772899702227559,50
theta20,B,hist,0.3,post,0.06920786119832018,0.01324811201735848,50
theta20,B,hist,0.3,pre,0.08212971321816344,0.011988525862231807,50
theta20,B,hist,1.0,all,0.12067321615901638,0.02236693148097571,50
theta20,B,hist,1.0,post,0.10401414749561262,0.0296770917261714,50
theta20,B,hist,1.0,pre,0.14176479815761037,0.024009787199691438,50
theta20,B,hist,3.0,all,0.18323518143450004,0.03738738588888028,50
theta20,B,hist,3.0,post,0.15418577522377214,0.0488191204206751,50
theta20,B,hist,3.0,pre,0.21771711317620712,0.037981064652413014,50
theta20,B,hist,10.0,all,0.23508684853669365,0.04921396375304972,50
theta20,B,hist,10.0,post,0.19689418035246445,0.06381672790032147,50
theta20,B,hist,10.0,pre,0.2797490945905732,0.04896397151128925,50
theta20,B,hist,30.0,all,0.2626846313401522,0.054137400306017484,50
theta20,B,hist,30.0,post,0.22079001324222766,0.07000599033777491,50
theta20,B,hist,30.0,pre,0.31180700555483226,0.05358104554579218,50
theta20,B,hist,100.0,all,0.2909298791969247,0.053826306184951815,50
theta20,B,hist,100.0,post,0.24980878316810237,0.07046732340350771,50
theta20,B,hist,100.0,pre,0.3408496159908492,0.054178566075133806,50
theta20,B,in,0.0,all,0.06359628886558688,0.0019830362252404206,50
theta20,B,in,0.0,post,0.06427533340960194,0.009939543510400101,50
theta20,B,in,0.0,pre,0.06693579096265684,0.010415362176551052,50
theta20,B,in,0.01,all,0.06321603993401159,0.00196065553851443,50
theta20,B,in,0.01,post,0.06389786000958847,0.009870479841597722,50
theta20,B,in,0.01,pre,0.06652732252965832,0.010346638463749737,50
theta20,B,in,0.03,all,0.06268473000063372,0.001939161462432085,50
theta20,B,in,0.03,post,0.06331115992534808,0.009761510159090995,50
theta20,B,in,0.03,pre,0.06601303809157345,0.010218932118969376,50
theta20,B,in,0.1,all,0.06289973899508643,0.0024078670616081575,50
theta20,B,in,0.1,post,0.06279049138827561,0.009742684011335958,50
theta20,B,in,0.1,pre,0.06693352891601684,0.009943583882409103,50
theta20,B,in,0.3,all,0.07362320009697895,0.007770885213746778,50
theta20,B,in,0.3,post,0.06920525206621325,0.013245994148663716,50
theta20,B,in,0.3,pre,0.08212487772107212,0.011986394157304658,50
theta20,B,in,1.0,all,0.12065016932799912,0.02236795615874309,50
theta20,B,in,1.0,post,0.10399896433283319,0.029674951034629873,50
theta20,B,in,1.0,pre,0.1417340306297523,0.024007507231512775,50
theta20,B,in,3.0,all,0.18313687119502706,0.037407562355109926,50
theta20,B,in,3.0,post,0.15409378177616534,0.0488402560849127,50
theta20,B,in,3.0,pre,0.2176078319690064,0.037991680169094086,50
theta20,B,in,10.0,all,0.23449946765750831,0.04938133615137215,50
theta20,B,in,10.0,post,0.1962001654833756,0.06405632972045036,50
theta20,B,in,10.0,pre,0.2792037162621619,0.04907196455939821,50
theta20,B,in,30.0,all,0.2591557797326449,0.0551941430840061,50
theta20,B,in,30.0,post,0.2164397285189014,0.07145969466607333,50
theta20,B,in,30.0,pre,0.30866869898844,0.054254581399916776,50
theta20,B,in,100.0,all,0.2713472768934434,0.05810611449225389,50
theta20,B,in,100.0,post,0.2264649518943166,0.07529221195350994,50
theta20,B,in,100.0,pre,0.32318385840452807,0.05666505054821779,50
theta20,B,legs,0.0,all,0.06359628886564433,0.001983036225245375,50
theta20,B,legs,0.0,post,0.06427533340961292,0.009939543510403557,50
theta20,B,legs,0.0,pre,0.06693579096276277,0.010415362176553705,50
theta20,B,legs,0.01,all,0.06359628886564433,0.001983036225245375,50
theta20,B,legs,0.01,post,0.06427533340961292,0.009939543510403557,50
theta20,B,legs,0.01,pre,0.06693579096276277,0.010415362176553705,50
theta20,B,legs,0.03,all,0.06359628886564433,0.001983036225245375,50
theta20,B,legs,0.03,post,0.06427533340961292,0.009939543510403557,50
theta20,B,legs,0.03,pre,0.06693579096276277,0.010415362176553705,50
theta20,B,legs,0.1,all,0.06359628886564433,0.001983036225245375,50
theta20,B,legs,0.1,post,0.06427533340961292,0.009939543510403557,50
theta20,B,legs,0.1,pre,0.06693579096276277,0.010415362176553705,50
theta20,B,legs,0.3,all,0.06359628886564433,0.001983036225245375,50
theta20,B,legs,0.3,post,0.06427533340961292,0.009939543510403557,50
theta20,B,legs,0.3,pre,0.06693579096276277,0.010415362176553705,50
theta20,B,legs,1.0,all,0.06359628886564433,0.001983036225245375,50
theta20,B,legs,1.0,post,0.06427533340961292,0.009939543510403557,50
theta20,B,legs,1.0,pre,0.06693579096276277,0.010415362176553705,50
theta20,B,legs,3.0,all,0.06359628886564433,0.001983036225245375,50
theta20,B,legs,3.0,post,0.06427533340961292,0.009939543510403557,50
theta20,B,legs,3.0,pre,0.06693579096276277,0.010415362176553705,50
theta20,B,legs,10.0,all,0.06359628886564433,0.001983036225245375,50
theta20,B,legs,10.0,post,0.06427533340961292,0.009939543510403557,50
theta20,B,legs,10.0,pre,0.06693579096276277,0.010415362176553705,50
theta20,B,legs,30.0,all,0.06359628886564433,0.001983036225245375,50
theta20,B,legs,30.0,post,0.06427533340961292,0.009939543510403557,50
theta20,B,legs,30.0,pre,0.06693579096276277,0.010415362176553705,50
theta20,B,legs,100.0,all,0.06359628886564433,0.001983036225245375,50
theta20,B,legs,100.0,post,0.06427533340961292,0.009939543510403557,50
theta20,B,legs,100.0,pre,0.06693579096276277,0.010415362176553705,50
theta20,B,point,0.0,all,0.3162651510134921,0.0017321128301659178,50
theta20,B,point,0.0,post,0.31886323098636665,0.0453032111561461,50
theta20,B,point,0.0,pre,0.3338753800707488,0.0534939548289543,50
theta20,B,point,0.01,all,0.31418863877352515,0.0017736246990121684,50
theta20,B,point,0.01,post,0.31676923720323324,0.044985671562527876,50
theta20,B,point,0.01,pre,0.3316821363753066,0.05314783734507975,50
theta20,B,point,0.03,all,0.310190201686223,0.0019147575445575193,50
theta20,B,point,0.03,post,0.31272388414005425,0.044376224230050935,50
theta20,B,point,0.03,pre,0.32747163098682064,0.05247713718739327,50
theta20,B,point,0.1,all,0.2976670288290821,0.0026661848030030792,50
theta20,B,point,0.1,post,0.2999246084361828,0.04248289623429433,50
theta20,B,point,0.1,pre,0.3144078997256425,0.0503299502846633,50
theta20,B,point,0.3,all,0.2715902530897258,0.004832039244824703,50
theta20,B,point,0.3,post,0.27236743278944137,0.03863251534204611,50
theta20,B,point,0.3,pre,0.2880647005795507,0.045497005501978105,50
theta20,B,point,1.0,all,0.2355928648257514,0.013366594298946093,50
theta20,B,point,1.0,post,0.22862364116011633,0.03530344495689243,50
theta20,B,point,1.0,pre,0.25683630610606945,0.037715355633337465,50
theta20,B,point,3.0,all,0.2322929669341822,0.030781301192746004,50
theta20,B,point,3.0,post,0.21001473644098156,0.045736977419183734,50
theta20,B,point,3.0,pre,0.2658978064312977,0.03979458306671435,50
theta20,B,point,10.0,all,0.25530764030859215,0.045959378934855334,50
theta20,B,point,10.0,post,0.2190864261631104,0.06166738336105152,50
theta20,B,point,10.0,pre,0.3006325309307978,0.04851807424685711,50
theta20,B,point,30.0,all,0.2724848738206054,0.05272540740291044,50
theta20,B,point,30.0,post,0.2299235466627108,0.06974437138257113,50
theta20,B,point,30.0,pre,0.3233303119543925,0.05341039071423287,50
theta20,B,point,100.0,all,0.2824436014835569,0.055884822874013945,50
theta20,B,point,100.0,post,0.23697686714732158,0.07373767074731079,50
theta20,B,point,100.0,pre,0.33591068652999256,0.05581067464290055,50
theta20_snr0,A,cur,0.0,all,0.20208000228237272,0.006326955512207265,50
theta20_snr0,A,cur,0.0,post,0.20403211319180722,0.031734191878099366,50
theta20_snr0,A,cur,0.0,pre,0.21300225703142503,0.03351368085237873,50
theta20_snr0,A,cur,0.01,all,0.20079143744030223,0.006281947893388287,50
theta20_snr0,A,cur,0.01,post,0.20271729979533823,0.03150343333937389,50
theta20_snr0,A,cur,0.01,pre,0.21165923080406582,0.033323355324361655,50
theta20_snr0,A,cur,0.03,all,0.19835002259272452,0.006205007529454522,50
theta20_snr0,A,cur,0.03,post,0.20020426851124576,0.03106469187890372,50
theta20_snr0,A,cur,0.03,pre,0.2091355619907367,0.032954084807454605,50
theta20_snr0,A,cur,0.1,all,0.19108913506025918,0.006052103772822868,50
theta20_snr0,A,cur,0.1,post,0.19251551642647496,0.029745924291409608,50
theta20_snr0,A,cur,0.1,pre,0.20183489207158645,0.03176670494381723,50
theta20_snr0,A,cur,0.3,all,0.17858760428972295,0.006700598062138199,50
theta20_snr0,A,cur,0.3,post,0.17775273968590638,0.02751213021195723,50
theta20_snr0,A,cur,0.3,pre,0.19068928080045414,0.029159280276689657,50
theta20_snr0,A,cur,1.0,all,0.17542440780174892,0.016822808049791686,50
theta20_snr0,A,cur,1.0,post,0.16425423576530057,0.03061316697469277,50
theta20_snr0,A,cur,1.0,pre,0.19634633750045055,0.02807741445155005,50
theta20_snr0,A,cur,3.0,all,0.2044954041594889,0.034051056637670614,50
theta20_snr0,A,cur,3.0,post,0.1777374872482166,0.04697795808014039,50
theta20_snr0,A,cur,3.0,pre,0.23925192848015026,0.03715202104951215,50
theta20_snr0,A,cur,10.0,all,0.24319210095414473,0.04715587674534271,50
theta20_snr0,A,cur,10.0,post,0.20464041066985555,0.06297054230712401,50
theta20_snr0,A,cur,10.0,pre,0.2888927282939359,0.04682693161781478,50
theta20_snr0,A,cur,30.0,all,0.2644251057183638,0.052937050075679656,50
theta20_snr0,A,cur,30.0,post,0.22077538697211796,0.07071144788375958,50
theta20_snr0,A,cur,30.0,pre,0.3151122490340329,0.05133933007581058,50
theta20_snr0,A,cur,100.0,all,0.2753809401931903,0.05563849447055385,50
theta20_snr0,A,cur,100.0,post,0.2295021297037805,0.07467807934741615,50
theta20_snr0,A,cur,100.0,pre,0.3283820182426095,0.053373807400102995,50
theta20_snr0,A,hist,0.0,all,0.20208000228237274,0.006326955512207292,50
theta20_snr0,A,hist,0.0,post,0.20403211319180728,0.031734191878099345,50
theta20_snr0,A,hist,0.0,pre,0.21300225703142506,0.03351368085237869,50
theta20_snr0,A,hist,0.01,all,0.20078494887164366,0.006282312604510732,50
theta20_snr0,A,hist,0.01,post,0.20274032260273775,0.031511438503898766,50
theta20_snr0,A,hist,0.01,pre,0.21162226491844305,0.03331777210963425,50
theta20_snr0,A,hist,0.03,all,0.19831053185120173,0.006205028673270235,50
theta20_snr0,A,hist,0.03,post,0.20027248492835048,0.031088169357333273,50
theta20_snr0,A,hist,0.03,pre,0.20898524707357197,0.032944602802539226,50
theta20_snr0,A,hist,0.1,all,0.1907475066492134,0.00604793263472719,50
theta20_snr0,A,hist,0.1,post,0.1927332437214314,0.029818019958011043,50
theta20_snr0,A,hist,0.1,pre,0.20092205496162727,0.03181434621226794,50
theta20_snr0,A,hist,0.3,all,0.1762698504974943,0.0067255525086898455,50
theta20_snr0,A,hist,0.3,post,0.17832957106418906,0.02767837156623196,50
theta20_snr0,A,hist,0.3,pre,0.18546429735875786,0.02981356184108284,50
theta20_snr0,A,hist,1.0,all,0.1632167763504313,0.017343384613125498,50
theta20_snr0,A,hist,1.0,post,0.16552544251390489,0.030760676701654468,50
theta20_snr0,A,hist,1.0,pre,0.17139432646722905,0.03208034073734329,50
theta20_snr0,A,hist,3.0,all,0.17677326350642614,0.036701489037030056,50
theta20_snr0,A,hist,3.0,post,0.17946230219390039,0.04685481869138911,50
theta20_snr0,A,hist,3.0,pre,0.18548955093058933,0.04718384973905526,50
theta20_snr0,A,hist,10.0,all,0.20392607638551888,0.052204842672848105,50
theta20_snr0,A,hist,10.0,post,0.20690856799037635,0.06251120811992827,50
theta20_snr0,A,hist,10.0,pre,0.21400192036843346,0.062434320154118116,50
theta20_snr0,A,hist,30.0,all,0.22341512577839884,0.058225993671434356,50
theta20_snr0,A,hist,30.0,post,0.22642555801045325,0.06902955687310959,50
theta20_snr0,A,hist,30.0,pre,0.23446119143192784,0.06870565945195078,50
theta20_snr0,A,hist,100.0,all,0.2510929900127538,0.05788241884718512,50
theta20_snr0,A,hist,100.0,post,0.2535444126249864,0.06967956685044943,50
theta20_snr0,A,hist,100.0,pre,0.2633865674181505,0.06905308962148739,50
theta20_snr0,A,in,0.0,all,0.20208000228218925,0.006326955512193013,50
theta20_snr0,A,in,0.0,post,0.20403211319179004,0.0317341918780952,50
theta20_snr0,A,in,0.0,pre,0.21300225703105904,0.033513680852326345,50
theta20_snr0,A,in,0.01,all,0.2007850414515512,0.006282203770360655,50
theta20_snr0,A,in,0.01,post,0.2027402305172588,0.03151146245614946,50
theta20_snr0,A,in,0.01,pre,0.21162259983973,0.03331806188886213,50
theta20_snr0,A,in,0.03,all,0.19831083665036633,0.006204716859000677,50
theta20_snr0,A,in,0.03,post,0.2002722406843922,0.031088233932604688,50
theta20_snr0,A,in,0.03,pre,0.20898627572670542,0.032945494358418315,50
theta20_snr0,A,in,0.1,all,0.19074879393734417,0.0060469103247295436,50
theta20_snr0,A,in,0.1,post,0.19273276534040348,0.029818110238615306,50
theta20_snr0,A,in,0.1,pre,0.20092570788662112,0.03181752080283522,50
theta20_snr0,A,in,0.3,all,0.17627516447604363,0.006720982824059817,50
theta20_snr0,A,in,0.3,post,0.17833021406335706,0.02767716428475868,50
theta20_snr0,A,in,0.3,pre,0.18547615470418508,0.029823706987843524,50
theta20_snr0,A,in,1.0,all,0.16323497324241137,0.01733049774065564,50
theta20_snr0,A,in,1.0,post,0.1655338169831697,0.030750975728156296,50
theta20_snr0,A,in,1.0,pre,0.17142804997823943,0.03210481350631831,50
theta20_snr0,A,in,3.0,all,0.1767677644326993,0.036703720829817245,50
theta20_snr0,A,in,3.0,post,0.17944384442253272,0.04686164897338952,50
theta20_snr0,A,in,3.0,pre,0.1855084171421662,0.04723191449806273,50
theta20_snr0,A,in,10.0,all,0.20342336827086027,0.05241694213651806,50
theta20_snr0,A,in,10.0,post,0.2063914477790348,0.06274071594138096,50
theta20_snr0,A,in,10.0,pre,0.21353122870853838,0.06269878677838253,50
theta20_snr0,A,in,30.0,all,0.21945517616138793,0.059641086223760256,50
theta20_snr0,A,in,30.0,post,0.2224855236842421,0.07046338715824979,50
theta20_snr0,A,in,30.0,pre,0.23047643013488806,0.07006295106741298,50
theta20_snr0,A,in,100.0,all,0.2281649001369889,0.06306252909851379,50
theta20_snr0,A,in,100.0,post,0.23118073779833634,0.07442780859566145,50
theta20_snr0,A,in,100.0,pre,0.2397361555366415,0.07341594133641613,50
theta20_snr0,A,legs,0.0,all,0.20208000228237266,0.006326955512207266,50
theta20_snr0,A,legs,0.0,post,0.20403211319180722,0.03173419187809937,50
theta20_snr0,A,legs,0.0,pre,0.21300225703142497,0.03351368085237873,50
theta20_snr0,A,legs,0.01,all,0.20208000228237266,0.006326955512207266,50
theta20_snr0,A,legs,0.01,post,0.20403211319180722,0.03173419187809937,50
theta20_snr0,A,legs,0.01,pre,0.21300225703142497,0.03351368085237873,50
theta20_snr0,A,legs,0.03,all,0.20208000228237266,0.006326955512207266,50
theta20_snr0,A,legs,0.03,post,0.20403211319180722,0.03173419187809937,50
theta20_snr0,A,legs,0.03,pre,0.21300225703142497,0.03351368085237873,50
theta20_snr0,A,legs,0.1,all,0.20208000228237266,0.006326955512207266,50
theta20_snr0,A,legs,0.1,post,0.20403211319180722,0.03173419187809937,50
theta20_snr0,A,legs,0.1,pre,0.21300225703142497,0.03351368085237873,50
theta20_snr0,A,legs,0.3,all,0.20208000228237266,0.006326955512207266,50
theta20_snr0,A,legs,0.3,post,0.20403211319180722,0.03173419187809937,50
theta20_snr0,A,legs,0.3,pre,0.21300225703142497,0.03351368085237873,50
theta20_snr0,A,legs,1.0,all,0.20208000228237266,0.006326955512207266,50
theta20_snr0,A,legs,1.0,post,0.20403211319180722,0.03173419187809937,50
theta20_snr0,A,legs,1.0,pre,0.21300225703142497,0.03351368085237873,50
theta20_snr0,A,legs,3.0,all,0.20208000228237266,0.006326955512207266,50
theta20_snr0,A,legs,3.0,post,0.20403211319180722,0.03173419187809937,50
theta20_snr0,A,legs,3.0,pre,0.21300225703142497,0.03351368085237873,50
theta20_snr0,A,legs,10.0,all,0.20208000228237266,0.006326955512207266,50
theta20_snr0,A,legs,10.0,post,0.20403211319180722,0.03173419187809937,50
theta20_snr0,A,legs,10.0,pre,0.21300225703142497,0.03351368085237873,50
theta20_snr0,A,legs,30.0,all,0.20208000228237266,0.006326955512207266,50
theta20_snr0,A,legs,30.0,post,0.20403211319180722,0.03173419187809937,50
theta20_snr0,A,legs,30.0,pre,0.21300225703142497,0.03351368085237873,50
theta20_snr0,A,legs,100.0,all,0.20208000228237266,0.006326955512207266,50
theta20_snr0,A,legs,100.0,post,0.20403211319180722,0.03173419187809937,50
theta20_snr0,A,legs,100.0,pre,0.21300225703142497,0.03351368085237873,50
theta20_snr0,A,point,0.0,all,0.9997437128623141,0.005157392429132537,50
theta20_snr0,A,point,0.0,post,1.0078014282350953,0.1433221914017911,50
theta20_snr0,A,point,0.0,pre,1.0557063451689672,0.17035075334739339,50
theta20_snr0,A,point,0.01,all,0.9931538826485218,0.005321941484331459,50
theta20_snr0,A,point,0.01,post,1.0011533182100525,0.14231384326703195,50
theta20_snr0,A,point,0.01,pre,1.0487489131160164,0.16925142953887004,50
theta20_snr0,A,point,0.03,all,0.9803386302427058,0.005839085817233723,50
theta20_snr0,A,point,0.03,post,0.9882249772750249,0.14036540579524626,50
theta20_snr0,A,point,0.03,pre,1.0352186561194079,0.1671203627062301,50
theta20_snr0,A,point,0.1,all,0.9389688423943451,0.0084415087688077,50
theta20_snr0,A,point,0.1,post,0.9464926380826774,0.13418238218653628,50
theta20_snr0,A,point,0.1,pre,0.9915393566130818,0.16029535197856096,50
theta20_snr0,A,point,0.3,all,0.8441147473272943,0.014863581382338611,50
theta20_snr0,A,point,0.3,post,0.8508262416120492,0.12053753207355025,50
theta20_snr0,A,point,0.3,pre,0.8913788854622388,0.14486066465769917,50
theta20_snr0,A,point,1.0,all,0.656017752521351,0.022121513776912856,50
theta20_snr0,A,point,1.0,post,0.6612509362708675,0.09496922393111713,50
theta20_snr0,A,point,1.0,pre,0.6926713641578534,0.11417021308494674,50
theta20_snr0,A,point,3.0,all,0.4769328754925815,0.024378652315922063,50
theta20_snr0,A,point,3.0,post,0.48108025842418217,0.07308360381000227,50
theta20_snr0,A,point,3.0,pre,0.5032326026057451,0.08370683124857217,50
theta20_snr0,A,point,10.0,all,0.36770861270037813,0.03585174861860056,50
theta20_snr0,A,point,10.0,post,0.37137139049276535,0.06744172041497333,50
theta20_snr0,A,point,10.0,pre,0.3875168213303193,0.06917248798030294,50
theta20_snr0,A,point,30.0,all,0.33243369117209004,0.04458994851457684,50
theta20_snr0,A,point,30.0,post,0.3356327526111522,0.06861882520125394,50
theta20_snr0,A,point,30.0,pre,0.3504246544777625,0.06998601141681547,50
theta20_snr0,A,point,100.0,all,0.3234129965278881,0.048765410114825505,50
theta20_snr0,A,point,100.0,post,0.32614850312271365,0.0691731225094094,50
theta20_snr0,A,point,100.0,pre,0.341264667138643,0.07302326424035224,50
theta20_snr0,B,cur,0.0,all,0.20023362626138616,0.006129707566344222,50
theta20_snr0,B,cur,0.0,post,0.2023706374084014,0.031276645005596404,50
theta20_snr0,B,cur,0.0,pre,0.21078451321272257,0.03296832597222579,50
theta20_snr0,B,cur,0.01,all,0.1989265107759327,0.006084379912844401,50
theta20_snr0,B,cur,0.01,post,0.2010672530305151,0.031052135560881485,50
theta20_snr0,B,cur,0.01,pre,0.20939139845313012,0.032773726305499226,50
theta20_snr0,B,cur,0.03,all,0.19642837051222894,0.006007907964863267,50
theta20_snr0,B,cur,0.03,post,0.19857679188126817,0.030625792052687294,50
theta20_snr0,B,cur,0.03,pre,0.20672837628689641,0.032403435365596714,50
theta20_snr0,B,cur,0.1,all,0.18878669756259592,0.005875919037087794,50
theta20_snr0,B,cur,0.1,post,0.19096416465259508,0.029349533332189502,50
theta20_snr0,B,cur,0.1,pre,0.19857720758619218,0.031286172875548156,50
theta20_snr0,B,cur,0.3,all,0.17412347012196,0.006757214416266254,50
theta20_snr0,B,cur,0.3,post,0.17639635817093877,0.027232929460466945,50
theta20_snr0,B,cur,0.3,pre,0.1829019026967173,0.029347152994457008,50
theta20_snr0,B,cur,1.0,all,0.1607758581925779,0.017758584947668087,50
theta20_snr0,B,cur,1.0,post,0.16335811194088948,0.030642332442836002,50
theta20_snr0,B,cur,1.0,pre,0.16845587074355994,0.03188818483205334,50
theta20_snr0,B,cur,3.0,all,0.17430253023742165,0.0372257877281591,50
theta20_snr0,B,cur,3.0,post,0.17728530958770122,0.047142770987966515,50
theta20_snr0,B,cur,3.0,pre,0.18249737488613832,0.04713732792216392,50
theta20_snr0,B,cur,10.0,all,0.20117609334523895,0.052866948104372515,50
theta20_snr0,B,cur,10.0,post,0.2044101934295849,0.0631047015917326,50
theta20_snr0,B,cur,10.0,pre,0.21078791077011125,0.06244400058905001,50
theta20_snr0,B,cur,30.0,all,0.21736003940157708,0.06002043956107193,50
theta20_snr0,B,cur,30.0,post,0.2206080258351528,0.07082110210951371,50
theta20_snr0,B,cur,30.0,pre,0.2279480929921492,0.06971712634980058,50
theta20_snr0,B,cur,100.0,all,0.22616059457569015,0.06339864903444065,50
theta20_snr0,B,cur,100.0,post,0.22935649813015016,0.07477856033629508,50
theta20_snr0,B,cur,100.0,pre,0.23735443958001284,0.07305403251521524,50
theta20_snr0,B,hist,0.0,all,0.20023362626138624,0.006129707566344238,50
theta20_snr0,B,hist,0.0,post,0.20237063740840144,0.031276645005596376,50
theta20_snr0,B,hist,0.0,pre,0.21078451321272265,0.03296832597222577,50
theta20_snr0,B,hist,0.01,all,0.19892735748471263,0.006083167694353054,50
theta20_snr0,B,hist,0.01,post,0.201065731219281,0.031050794998187137,50
theta20_snr0,B,hist,0.01,pre,0.2093935841721337,0.03276346402806065,50
theta20_snr0,B,hist,0.03,all,0.1964513490657278,0.006005913938909972,50
theta20_snr0,B,hist,0.03,post,0.19857283482979238,0.030621922865179004,50
theta20_snr0,B,hist,0.03,pre,0.20677589283732284,0.032367801905203615,50
theta20_snr0,B,hist,0.1,all,0.1890787194711674,0.005875997521491513,50
theta20_snr0,B,hist,0.1,post,0.19095747911893987,0.029338278332655076,50
theta20_snr0,B,hist,0.1,pre,0.1991670359880831,0.031112140402006414,50
theta20_snr0,B,hist,0.3,all,0.1763446223307801,0.006702330725589632,50
theta20_snr0,B,hist,0.3,post,0.17641919100119602,0.027209948847868044,50
theta20_snr0,B,hist,0.3,pre,0.18734239035071076,0.02845579377683721,50
theta20_snr0,B,hist,1.0,all,0.17306121990281642,0.017167053983475226,50
theta20_snr0,B,hist,1.0,post,0.16364134908372394,0.030603082146652957,50
theta20_snr0,B,hist,1.0,pre,0.1922949752735123,0.027970581329057064,50
theta20_snr0,B,hist,3.0,all,0.20271669926266087,0.034555431735753754,50
theta20_snr0,B,hist,3.0,post,0.17814641557494051,0.047002836000386315,50
theta20_snr0,B,hist,3.0,pre,0.23574881140970688,0.038229166413461586,50
theta20_snr0,B,hist,10.0,all,0.24246618366720948,0.04802635015416268,50
theta20_snr0,B,hist,10.0,post,0.20625897825479148,0.06266954046669239,50
theta20_snr0,B,hist,10.0,pre,0.2865092026125508,0.049050807649848635,50
theta20_snr0,B,hist,30.0,all,0.2668893301318469,0.0533939973703636,50
theta20_snr0,B,hist,30.0,post,0.226108952197769,0.06915620140758835,50
theta20_snr0,B,hist,30.0,pre,0.3156719865981863,0.053711666832085156,50
theta20_snr0,B,hist,100.0,all,0.29385549431114394,0.05319287746244673,50
theta20_snr0,B,hist,100.0,post,0.2534145736125012,0.06975556729595636,50
theta20_snr0,B,hist,100.0,pre,0.34357662690586777,0.054286254952336375,50
theta20_snr0,B,in,0.0,all,0.2002336262611992,0.00612970756632854,50
theta20_snr0,B,in,0.0,post,0.2023706374083839,0.03127664500559228,50
theta20_snr0,B,in,0.0,pre,0.21078451321234914,0.032968325972171246,50
theta20_snr0,B,in,0.01,all,0.19892731102643693,0.006083138094179136,50
theta20_snr0,B,in,0.01,post,0.20106555477893168,0.031050825470429463,50
theta20_snr0,B,in,0.01,pre,0.2093936690748278,0.03276345309304477,50
theta20_snr0,B,in,0.03,all,0.1964512314770314,0.006005828233861501,50
theta20_snr0,B,in,0.03,post,0.1985723463690306,0.030622002075228843,50
theta20_snr0,B,in,0.03,pre,0.20677615143927638,0.032367803017359,50
theta20_snr0,B,in,0.1,all,0.1890785367062366,0.005875594672262239,50
theta20_snr0,B,in,0.1,post,0.19095627743579294,0.029338371207469446,50
theta20_snr0,B,in,0.1,pre,0.199167899048456,0.03111245682670886,50
theta20_snr0,B,in,0.3,all,0.1763450446568356,0.0066986839765085125,50
theta20_snr0,B,in,0.3,post,0.1764182105368065,0.027208533908392,50
theta20_snr0,B,in,0.3,pre,0.18734434105917125,0.0284578530479359,50
theta20_snr0,B,in,1.0,all,0.17306128776742022,0.01715493508726763,50
theta20_snr0,B,in,1.0,post,0.16364681872428022,0.030592217263512047,50
theta20_snr0,B,in,1.0,pre,0.19229133136373577,0.027971850602178473,50
theta20_snr0,B,in,3.0,all,0.20267653698605412,0.03455499985266523,50
theta20_snr0,B,in,3.0,post,0.17812270586799933,0.04700539357626859,50
theta20_snr0,B,in,3.0,pre,0.2356982152770486,0.03823280986979413,50
theta20_snr0,B,in,10.0,all,0.24201127095029357,0.04816588723530994,50
theta20_snr0,B,in,10.0,post,0.20573013310338728,0.06288563950837105,50
theta20_snr0,B,in,10.0,pre,0.28609697276349233,0.049147436906792304,50
theta20_snr0,B,in,30.0,all,0.26366334321467155,0.05440444044329311,50
theta20_snr0,B,in,30.0,post,0.22214237211865268,0.07056783629238446,50
theta20_snr0,B,in,30.0,pre,0.3128432083023515,0.054366933790126276,50
theta20_snr0,B,in,100.0,all,0.27497409438979287,0.05742042749418169,50
theta20_snr0,B,in,100.0,post,0.23098630090757385,0.07450784969721792,50
theta20_snr0,B,in,100.0,pre,0.32659848795164254,0.056792602596344194,50
theta20_snr0,B,legs,0.0,all,0.20023362626138616,0.0061297075663442205,50
theta20_snr0,B,legs,0.0,post,0.2023706374084014,0.03127664500559638,50
theta20_snr0,B,legs,0.0,pre,0.21078451321272257,0.032968325972225786,50
theta20_snr0,B,legs,0.01,all,0.20023362626138616,0.0061297075663442205,50
theta20_snr0,B,legs,0.01,post,0.2023706374084014,0.03127664500559638,50
theta20_snr0,B,legs,0.01,pre,0.21078451321272257,0.032968325972225786,50
theta20_snr0,B,legs,0.03,all,0.20023362626138616,0.0061297075663442205,50
theta20_snr0,B,legs,0.03,post,0.2023706374084014,0.03127664500559638,50
theta20_snr0,B,legs,0.03,pre,0.21078451321272257,0.032968325972225786,50
theta20_snr0,B,legs,0.1,all,0.20023362626138616,0.0061297075663442205,50
theta20_snr0,B,legs,0.1,post,0.2023706374084014,0.03127664500559638,50
theta20_snr0,B,legs,0.1,pre,0.21078451321272257,0.032968325972225786,50
theta20_snr0,B,legs,0.3,all,0.20023362626138616,0.0061297075663442205,50
theta20_snr0,B,legs,0.3,post,0.2023706374084014,0.03127664500559638,50
theta20_snr0,B,legs,0.3,pre,0.21078451321272257,0.032968325972225786,50
theta20_snr0,B,legs,1.0,all,0.20023362626138616,0.0061297075663442205,50
theta20_snr0,B,legs,1.0,post,0.2023706374084014,0.03127664500559638,50
theta20_snr0,B,legs,1.0,pre,0.21078451321272257,0.032968325972225786,50
theta20_snr0,B,legs,3.0,all,0.20023362626138616,0.0061297075663442205,50
theta20_snr0,B,legs,3.0,post,0.2023706374084014,0.03127664500559638,50
theta20_snr0,B,legs,3.0,pre,0.21078451321272257,0.032968325972225786,50
theta20_snr0,B,legs,10.0,all,0.20023362626138616,0.0061297075663442205,50
theta20_snr0,B,legs,10.0,post,0.2023706374084014,0.03127664500559638,50
theta20_snr0,B,legs,10.0,pre,0.21078451321272257,0.032968325972225786,50
theta20_snr0,B,legs,30.0,all,0.20023362626138616,0.0061297075663442205,50
theta20_snr0,B,legs,30.0,post,0.2023706374084014,0.03127664500559638,50
theta20_snr0,B,legs,30.0,pre,0.21078451321272257,0.032968325972225786,50
theta20_snr0,B,legs,100.0,all,0.20023362626138616,0.0061297075663442205,50
theta20_snr0,B,legs,100.0,post,0.2023706374084014,0.03127664500559638,50
theta20_snr0,B,legs,100.0,pre,0.21078451321272257,0.032968325972225786,50
theta20_snr0,B,point,0.0,all,0.9996078202892735,0.005504742814230963,50
theta20_snr0,B,point,0.0,post,1.0078014282350953,0.1433221914017911,50
theta20_snr0,B,point,0.0,pre,1.0553228548468667,0.16919658627859846,50
theta20_snr0,B,point,0.01,all,0.9930187974469785,0.005628236117655836,50
theta20_snr0,B,point,0.01,post,1.0011533182100525,0.14231384326703195,50
theta20_snr0,B,point,0.01,pre,1.0483676549475482,0.16810236425624656,50
theta20_snr0,B,point,0.03,all,0.9802093256260075,0.006064718992756479,50
theta20_snr0,B,point,0.03,post,0.9882249772750249,0.14036540579524626,50
theta20_snr0,B,point,0.03,pre,1.034850269309396,0.16598022460110284,50
theta20_snr0,B,point,0.1,all,0.9388990353288511,0.008472819697693411,50
theta20_snr0,B,point,0.1,post,0.9464926380826774,0.13418238218653628,50
theta20_snr0,B,point,0.1,pre,0.9912952200853895,0.15917351097895185,50
theta20_snr0,B,point,0.3,all,0.8444662912682778,0.01467068528987131,50
theta20_snr0,B,point,0.3,post,0.8508262416120492,0.12053753207355025,50
theta20_snr0,B,point,0.3,pre,0.8919959172135326,0.1436953364912664,50
theta20_snr0,B,point,1.0,all,0.6591006344064667,0.02146129967901878,50
theta20_snr0,B,point,1.0,post,0.6612509362708675,0.09496922393111713,50
theta20_snr0,B,point,1.0,pre,0.6988118964203908,0.11227425769161291,50
theta20_snr0,B,point,3.0,all,0.4880044049868324,0.023546592026899526,50
theta20_snr0,B,point,3.0,post,0.48108025842418217,0.07308360381000227,50
theta20_snr0,B,point,3.0,pre,0.5252904363346805,0.07950295110583419,50
theta20_snr0,B,point,10.0,all,0.39142663729130406,0.03523526762612127,50
theta20_snr0,B,point,10.0,post,0.37137139049276535,0.06744172041497333,50
theta20_snr0,B,point,10.0,pre,0.43398339355399584,0.061536967593885925,50
theta20_snr0,B,point,30.0,all,0.3643438686592917,0.04293619855976955,50
theta20_snr0,B,point,30.0,post,0.3356327526111522,0.06861882520125394,50
theta20_snr0,B,point,30.0,pre,0.4120723414403403,0.05953768854635686,50
theta20_snr0,B,point,100.0,all,0.3593333849442095,0.046047975061814676,50
theta20_snr0,B,point,100.0,post,0.32614850312271365,0.0691731225094094,50
theta20_snr0,B,point,100.0,pre,0.4101138068342354,0.06075516449945999,50
theta30,A,cur,0.0,all,0.07508801246302423,0.007045094506570561,50
theta30,A,cur,0.0,post,0.07583770698098215,0.01469742516748576,50
theta30,A,cur,0.0,pre,0.07941820549002304,0.016084462257088046,50
theta30,A,cur,0.01,all,0.07478362401541297,0.007035016879477277,50
theta30,A,cur,0.01,post,0.07538042001729678,0.014577731994470978,50
theta30,A,cur,0.01,pre,0.07924664741988918,0.0160720262855328,50
theta30,A,cur,0.03,all,0.07443596832900935,0.0069900588923778265,50
theta30,A,cur,0.03,post,0.07461709106783658,0.014348588611409899,50
theta30,A,cur,0.03,pre,0.07928276767238908,0.01600688948125279,50
theta30,A,cur,0.1,all,0.07553993374583273,0.006733405021025241,50
theta30,A,cur,0.1,post,0.07333432849631628,0.013716263124643925,50
theta30,A,cur,0.1,pre,0.08266699544041652,0.015514434980311085,50
theta30,A,cur,0.3,all,0.08948101981380985,0.00873827842139718,50
theta30,A,cur,0.3,post,0.07719672439372911,0.01478950400537509,50
theta30,A,cur,0.3,pre,0.10555005898982892,0.01512511481930508,50
theta30,A,cur,1.0,all,0.14512409400447038,0.02205904591835925,50
theta30,A,cur,1.0,post,0.10702297536115077,0.029364551184246246,50
theta30,A,cur,1.0,pre,0.18223054043262327,0.022412522906299016,50
theta30,A,cur,3.0,all,0.21798112469729877,0.03648071399504157,50
theta30,A,cur,3.0,post,0.15434713032918143,0.0487175063235109,50
theta30,A,cur,3.0,pre,0.2766872013675384,0.03188128902512092,50
theta30,A,cur,10.0,all,0.277810963272179,0.04732210914135649,50
theta30,A,cur,10.0,post,0.19539968683502024,0.06410675775077458,50
theta30,A,cur,10.0,pre,0.3529591500018775,0.03845797736603263,50
theta30,A,cur,30.0,all,0.30632095503560214,0.05224569957457754,50
theta30,A,cur,30.0,post,0.215336423333096,0.07157601159405937,50
theta30,A,cur,30.0,pre,0.3890619021314432,0.041172366019974094,50
theta30,A,cur,100.0,all,0.32013876583472844,0.05455920412279383,50
theta30,A,cur,100.0,post,0.2252359137316377,0.07542438825663567,50
theta30,A,cur,100.0,pre,0.4064232703666214,0.04223063065153434,50
theta30,A,hist,0.0,all,0.07508801246302423,0.007045094506570526,50
theta30,A,hist,0.0,post,0.07583770698098218,0.01469742516748575,50
theta30,A,hist,0.0,pre,0.07941820549002306,0.016084462257088046,50
theta30,A,hist,0.01,all,0.07475864137463305,0.00704243592700041,50
theta30,A,hist,0.01,post,0.07551750719779238,0.01464748255500616,50
theta30,A,hist,0.01,pre,0.07905729611400682,0.016052857609399264,50
theta30,A,hist,0.03,all,0.07424386820283863,0.007013820074857164,50
theta30,A,hist,0.03,post,0.07502188215880279,0.014553471964133253,50
theta30,A,hist,0.03,pre,0.07848776300609751,0.01599226818065789,50
theta30,A,hist,0.1,all,0.07374642756359386,0.006796871913162714,50
theta30,A,hist,0.1,post,0.07459632365176547,0.014333413999794127,50
theta30,A,hist,0.1,pre,0.07787750810734549,0.01583871996255047,50
theta30,A,hist,0.3,all,0.0791142006033354,0.008369713303370557,50
theta30,A,hist,0.3,post,0.08015972217239709,0.015822867333991734,50
theta30,A,hist,0.3,pre,0.08337683947728626,0.017013573686559102,50
theta30,A,hist,1.0,all,0.110036228877561,0.022576791281084755,50
theta30,A,hist,1.0,post,0.11158330404094452,0.02944464433010574,50
theta30,A,hist,1.0,pre,0.11574543895998995,0.0296626565604518,50
theta30,A,hist,3.0,all,0.15694563340153345,0.039808855489248826,50
theta30,A,hist,3.0,post,0.15917848627187728,0.04818450752093999,50
theta30,A,hist,3.0,pre,0.16489514561956703,0.048005065325101605,50
theta30,A,hist,10.0,all,0.19943611979316195,0.05272364938863758,50
theta30,A,hist,10.0,post,0.2021950107330431,0.06267249608729569,50
theta30,A,hist,10.0,pre,0.20937867408200866,0.06222871637638504,50
theta30,A,hist,30.0,all,0.23041755056020669,0.056703961452509936,50
theta30,A,hist,30.0,post,0.23308197538873945,0.06761080253790447,50
theta30,A,hist,30.0,pre,0.241763433174612,0.06705780919586145,50
theta30,A,hist,100.0,all,0.27695675942465753,0.05862043859627466,50
theta30,A,hist,100.0,post,0.278216379960073,0.07100453041963502,50
theta30,A,hist,100.0,pre,0.2904768368266821,0.07043467759329611,50
theta30,A,in,0.0,all,0.07508801246297683,0.007045094506573384,50
theta30,A,in,0.0,post,0.07583770698097309,0.014697425167481714,50
theta30,A,in,0.0,pre,0.07941820548993489,0.016084462257097733,50
theta30,A,in,0.01,all,0.07475884180482488,0.007042518639085757,50
theta30,A,in,0.01,post,0.0755175380900302,0.014647965053030624,50
theta30,A,in,0.01,pre,0.07905778803905643,0.016053417582733414,50
theta30,A,in,0.03,all,0.0742444140159334,0.007014051841451212,50
theta30,A,in,0.03,post,0.07502191377355882,0.014554907798260608,50
theta30,A,in,0.03,pre,0.0784891837454872,0.015993968128848162,50
theta30,A,in,0.1,all,0.07374752529572852,0.006797321924186183,50
theta30,A,in,0.1,post,0.0745957379397442,0.014337723737721901,50
theta30,A,in,0.1,pre,0.07788142735810653,0.01584470866021487,50
theta30,A,in,0.3,all,0.07911099061062718,0.00836830823593728,50
theta30,A,in,0.3,post,0.08015261214570943,0.015829516195247917,50
theta30,A,in,0.3,pre,0.0833803350691349,0.01703269137053063,50
theta30,A,in,1.0,all,0.10997589522809205,0.022583113664270797,50
theta30,A,in,1.0,post,0.11151726319811237,0.02946061123642775,50
theta30,A,in,1.0,pre,0.11569611481464857,0.029708072894411172,50
theta30,A,in,3.0,all,0.15655610202433945,0.03990947849840995,50
theta30,A,in,3.0,post,0.15878446319729744,0.048316238034488146,50
theta30,A,in,3.0,pre,0.16451629317424377,0.048149093389415455,50
theta30,A,in,10.0,all,0.19664642420509482,0.053554455465618024,50
theta30,A,in,10.0,post,0.19943046697362296,0.06360950955367821,50
theta30,A,in,10.0,pre,0.20654643310194604,0.06303943614864638,50
theta30,A,in,30.0,all,0.21616190297818375,0.06012358526831562,50
theta30,A,in,30.0,post,0.21914967881419029,0.07106373165425961,50
theta30,A,in,30.0,pre,0.22706084561212175,0.07003579092131573,50
theta30,A,in,100.0,all,0.22588868673904272,0.06332885560353309,50
theta30,A,in,100.0,post,0.22894414811155656,0.07490734019816343,50
theta30,A,in,100.0,pre,0.23731050262926423,0.07322974564646874,50
theta30,A,legs,0.0,all,0.07508801246302421,0.0070450945065705555,50
theta30,A,legs,0.0,post,0.07583770698098215,0.014697425167485756,50
theta30,A,legs,0.0,pre,0.07941820549002304,0.01608446225708805,50
theta30,A,legs,0.01,all,0.07508801246302421,0.0070450945065705555,50
theta30,A,legs,0.01,post,0.07583770698098215,0.014697425167485756,50
theta30,A,legs,0.01,pre,0.07941820549002304,0.01608446225708805,50
theta30,A,legs,0.03,all,0.07508801246302421,0.0070450945065705555,50
theta30,A,legs,0.03,post,0.07583770698098215,0.014697425167485756,50
theta30,A,legs,0.03,pre,0.07941820549002304,0.01608446225708805,50
theta30,A,legs,0.1,all,0.07508801246302421,0.0070450945065705555,50
theta30,A,legs,0.1,post,0.07583770698098215,0.014697425167485756,50
theta30,A,legs,0.1,pre,0.07941820549002304,0.01608446225708805,50
theta30,A,legs,0.3,all,0.07508801246302421,0.0070450945065705555,50
theta30,A,legs,0.3,post,0.07583770698098215,0.014697425167485756,50
theta30,A,legs,0.3,pre,0.07941820549002304,0.01608446225708805,50
theta30,A,legs,1.0,all,0.07508801246302421,0.0070450945065705555,50
theta30,A,legs,1.0,post,0.07583770698098215,0.014697425167485756,50
theta30,A,legs,1.0,pre,0.07941820549002304,0.01608446225708805,50
theta30,A,legs,3.0,all,0.07508801246302421,0.0070450945065705555,50
theta30,A,legs,3.0,post,0.07583770698098215,0.014697425167485756,50
theta30,A,legs,3.0,pre,0.07941820549002304,0.01608446225708805,50
theta30,A,legs,10.0,all,0.07508801246302421,0.0070450945065705555,50
theta30,A,legs,10.0,post,0.07583770698098215,0.014697425167485756,50
theta30,A,legs,10.0,pre,0.07941820549002304,0.01608446225708805,50
theta30,A,legs,30.0,all,0.07508801246302421,0.0070450945065705555,50
theta30,A,legs,30.0,post,0.07583770698098215,0.014697425167485756,50
theta30,A,legs,30.0,pre,0.07941820549002304,0.01608446225708805,50
theta30,A,legs,100.0,all,0.07508801246302421,0.0070450945065705555,50
theta30,A,legs,100.0,post,0.07583770698098215,0.014697425167485756,50
theta30,A,legs,100.0,pre,0.07941820549002304,0.01608446225708805,50
theta30,A,point,0.0,all,0.31630815231233017,0.0016254567641200907,50
theta30,A,point,0.0,post,0.3189102495910994,0.04527020727234626,50
theta30,A,point,0.0,pre,0.3339223318208411,0.0538147082411339,50
theta30,A,point,0.01,all,0.31422960507887543,0.0016797711459986136,50
theta30,A,point,0.01,post,0.31681543934036965,0.044951931683912004,50
theta30,A,point,0.01,pre,0.33172572345031975,0.05346835648721041,50
theta30,A,point,0.03,all,0.3102138190132,0.0018491145184745452,50
theta30,A,point,0.03,post,0.31276847122854756,0.04434114807549132,50
theta30,A,point,0.03,pre,0.3274816043913545,0.05280091075214089,50
theta30,A,point,0.1,all,0.29750513254033145,0.0027004057186034913,50
theta30,A,point,0.1,post,0.29996372073033956,0.042444413546847366,50
theta30,A,point,0.1,pre,0.3140477591570535,0.050702054068635614,50
theta30,A,point,0.3,all,0.27011835911573645,0.005138076516145495,50
theta30,A,point,0.3,post,0.2723922243770107,0.03859251886285,50
theta30,A,point,0.3,pre,0.28507715515609805,0.04625684226811775,50
theta30,A,point,1.0,all,0.2264705189165527,0.014075725427756642,50
theta30,A,point,1.0,post,0.22861104641052138,0.03529721553919832,50
theta30,A,point,1.0,pre,0.2387591621354172,0.04074075415422257,50
theta30,A,point,3.0,all,0.20754132044109586,0.03266336917041279,50
theta30,A,point,3.0,post,0.20997049112304225,0.04577249412877774,50
theta30,A,point,3.0,pre,0.21835497912981985,0.047416921744915096,50
theta30,A,point,10.0,all,0.21625202123645249,0.050073757160966154,50
theta30,A,point,10.0,post,0.21906964193987752,0.061704987868060945,50
theta30,A,point,10.0,pre,0.22722226649313965,0.06132427744952004,50
theta30,A,point,30.0,all,0.22702707358042887,0.05812515292280995,50
theta30,A,point,30.0,post,0.2299488230541602,0.06977172839681561,50
theta30,A,point,30.0,pre,0.23855034433493352,0.06890628255904183,50
theta30,A,point,100.0,all,0.23410681732889707,0.06185285948746806,50
theta30,A,point,100.0,post,0.2370172481260266,0.07374167566136905,50
theta30,A,point,100.0,pre,0.24606392875376,0.07250403186643846,50
theta30,B,cur,0.0,all,0.06359453445848028,0.0019923024126915693,50
theta30,B,cur,0.0,post,0.0642848972549535,0.00993504640333036,50
theta30,B,cur,0.0,pre,0.06691404226410502,0.010391897865002483,50
theta30,B,cur,0.01,all,0.06320610616414098,0.0019695985242780103,50
theta30,B,cur,0.01,post,0.06390785628283506,0.009866801037041212,50
theta30,B,cur,0.01,pre,0.06648962909135168,0.010334911240235148,50
theta30,B,cur,0.03,all,0.06259413111977866,0.0019441186534890206,50
theta30,B,cur,0.03,post,0.063320101666937,0.009759749333236235,50
theta30,B,cur,0.03,pre,0.06581476023425127,0.010248390063039348,50
theta30,B,cur,0.1,all,0.06195825041986823,0.00239067182790364,50
theta30,B,cur,0.1,post,0.06277832861140104,0.009750371762033447,50
theta30,B,cur,0.1,pre,0.06504619017680942,0.010267296077851843,50
theta30,B,cur,0.3,all,0.06797019994689585,0.007942616015775271,50
theta30,B,cur,0.3,post,0.06905238264860637,0.013295356162544692,50
theta30,B,cur,0.3,pre,0.07119368584126134,0.013518895591859382,50
theta30,B,cur,1.0,all,0.10169987064187083,0.024300519779029552,50
theta30,B,cur,1.0,post,0.10339363059001493,0.029833643830484535,50
theta30,B,cur,1.0,pre,0.1064982628025091,0.029484374231617958,50
theta30,B,cur,3.0,all,0.15056936137682958,0.04136747246418387,50
theta30,B,cur,3.0,post,0.15301548718713087,0.04906906714656213,50
theta30,B,cur,3.0,pre,0.15772036768431255,0.048163089906729024,50
theta30,B,cur,10.0,all,0.19177778853644994,0.05467848684072579,50
theta30,B,cur,10.0,post,0.19479272545482051,0.06431923877166133,50
theta30,B,cur,10.0,pre,0.20093910273340776,0.06277507998484236,50
theta30,B,cur,30.0,all,0.21169626577676529,0.06111722195602964,50
theta30,B,cur,30.0,post,0.21489576049221934,0.07174375056019391,50
theta30,B,cur,30.0,pre,0.22191651798354958,0.06970243478124304,50
theta30,B,cur,100.0,all,0.22161091225843207,0.06426176461371418,50
theta30,B,cur,100.0,post,0.2248469750138643,0.07557828327063781,50
theta30,B,cur,100.0,pre,0.23241596322865146,0.07291346741278514,50
theta30,B,hist,0.0,all,0.06359453445848026,0.0019923024126915325,50
theta30,B,hist,0.0,post,0.06428489725495354,0.009935046403330369,50
theta30,B,hist,0.0,pre,0.06691404226410501,0.010391897865002522,50
theta30,B,hist,0.01,all,0.06322671716741615,0.001970333646682451,50
theta30,B,hist,0.01,post,0.06390733219488771,0.00986372245094791,50
theta30,B,hist,0.01,pre,0.0665299574552956,0.010313414483372073,50
theta30,B,hist,0.03,all,0.06279505610797448,0.0019555937435986504,50
theta30,B,hist,0.03,post,0.0633224909742951,0.009751518908528187,50
theta30,B,hist,0.03,pre,0.0662136256163343,0.01014549262359563,50
theta30,B,hist,0.1,all,0.06400121740073984,0.0025311887163731537,50
theta30,B,hist,0.1,post,0.06282699491559503,0.00973243254503956,50
theta30,B,hist,0.1,pre,0.06906563273695811,0.009607250345098173,50
theta30,B,hist,0.3,all,0.0797117500039381,0.008222190019721425,50
theta30,B,hist,0.3,post,0.06940161157154744,0.013260616496466366,50
theta30,B,hist,0.3,pre,0.09317830723539167,0.01125887641486154,50
theta30,B,hist,1.0,all,0.1392856684279388,0.022508988020865546,50
theta30,B,hist,1.0,post,0.10475350917598039,0.029627728895535964,50
theta30,B,hist,1.0,pre,0.17345590235326847,0.021866213469146353,50
theta30,B,hist,3.0,all,0.2146356818340071,0.036829342358958184,50
theta30,B,hist,3.0,post,0.15574563599966185,0.04859047553115774,50
theta30,B,hist,3.0,pre,0.27030308070108455,0.03301672452311111,50
theta30,B,hist,10.0,all,0.2771912307373916,0.04786778532230499,50
theta30,B,hist,10.0,post,0.20071825058516204,0.0629606626355813,50
theta30,B,hist,10.0,pre,0.34902822193190486,0.04125817414228291,50
theta30,B,hist,30.0,all,0.31420786554644575,0.051605161142815326,50
theta30,B,hist,30.0,post,0.23243341481433677,0.06780148151049147,50
theta30,B,hist,30.0,pre,0.3923880962392569,0.04411000346262965,50
theta30,B,hist,100.0,all,0.355635777604529,0.05223121643200986,50
theta30,B,hist,100.0,post,0.2779985992115894,0.07104728427880029,50
theta30,B,hist,100.0,pre,0.4337312436761545,0.04594117428706663,50
theta30,B,in,0.0,all,0.0635945344584219,0.001992302412686632,50
theta30,B,in,0.0,post,0.06428489725494257,0.009935046403327014,50
theta30,B,in,0.0,pre,0.0669140422639971,0.010391897864999737,50
theta30,B,in,0.01,all,0.06322666811803206,0.0019702868546941383,50
theta30,B,in,0.01,post,0.06390713514534703,0.009863735056321472,50
theta30,B,in,0.01,pre,0.06653005449687703,0.01031337815801718,50
theta30,B,in,0.03,all,0.06279487216251792,0.0019553940507220564,50
theta30,B,in,0.03,post,0.06332192845197294,0.009751541825759696,50
theta30,B,in,0.03,pre,0.06621380305543242,0.010145371791713135,50
theta30,B,in,0.1,all,0.06399989216115577,0.0025297582356292314,50
theta30,B,in,0.1,post,0.06282524296431177,0.009732153672423784,50
theta30,B,in,0.1,pre,0.06906456155138226,0.009606489065089582,50
theta30,B,in,0.3,all,0.07970014164591731,0.008219391608074545,50
theta30,B,in,0.3,post,0.06939397611410722,0.0132577087228397,50
theta30,B,in,0.3,pre,0.09316264499722894,0.011253633187086214,50
theta30,B,in,1.0,all,0.13920306868565444,0.02251631153400169,50
theta30,B,in,1.0,post,0.10468502317530783,0.029634469112700082,50
theta30,B,in,1.0,pre,0.1733557298291839,0.021861212445722134,50
theta30,B,in,3.0,all,0.214274633057478,0.036895162710589194,50
theta30,B,in,3.0,post,0.15533073325260952,0.04870456708129025,50
theta30,B,in,3.0,pre,0.2699329699253113,0.03304226202793787,50
theta30,B,in,10.0,all,0.2751640584125108,0.048358897946396556,50
theta30,B,in,10.0,post,0.19788591714605194,0.06385891845641826,50
theta30,B,in,10.0,pre,0.3472574637762811,0.04151793983254159,50
theta30,B,in,30.0,all,0.30425436592052657,0.05392929188757543,50
theta30,B,in,30.0,post,0.21835364610836241,0.07122969039607771,50
theta30,B,in,30.0,pre,0.3840100193964771,0.04539874301117782,50
theta30,B,in,100.0,all,0.3185420053278429,0.05677416831212198,50
theta30,B,in,100.0,post,0.22847948355884604,0.07502927901687065,50
theta30,B,in,100.0,pre,0.4019660992040586,0.04725822434351569,50
theta30,B,legs,0.0,all,0.06359453445848026,0.001992302412691555,50
theta30,B,legs,0.0,post,0.0642848972549535,0.009935046403330367,50
theta30,B,legs,0.0,pre,0.06691404226410502,0.010391897865002478,50
theta30,B,legs,0.01,all,0.06359453445848026,0.001992302412691555,50
theta30,B,legs,0.01,post,0.0642848972549535,0.009935046403330367,50
theta30,B,legs,0.01,pre,0.06691404226410502,0.010391897865002478,50
theta30,B,legs,0.03,all,0.06359453445848026,0.001992302412691555,50
theta30,B,legs,0.03,post,0.0642848972549535,0.009935046403330367,50
theta30,B,legs,0.03,pre,0.06691404226410502,0.010391897865002478,50
theta30,B,legs,0.1,all,0.06359453445848026,0.001992302412691555,50
theta30,B,legs,0.1,post,0.0642848972549535,0.009935046403330367,50
theta30,B,legs,0.1,pre,0.06691404226410502,0.010391897865002478,50
theta30,B,legs,0.3,all,0.06359453445848026,0.001992302412691555,50
theta30,B,legs,0.3,post,0.0642848972549535,0.009935046403330367,50
theta30,B,legs,0.3,pre,0.06691404226410502,0.010391897865002478,50
theta30,B,legs,1.0,all,0.06359453445848026,0.001992302412691555,50
theta30,B,legs,1.0,post,0.0642848972549535,0.009935046403330367,50
theta30,B,legs,1.0,pre,0.06691404226410502,0.010391897865002478,50
theta30,B,legs,3.0,all,0.06359453445848026,0.001992302412691555,50
theta30,B,legs,3.0,post,0.0642848972549535,0.009935046403330367,50
theta30,B,legs,3.0,pre,0.06691404226410502,0.010391897865002478,50
theta30,B,legs,10.0,all,0.06359453445848026,0.001992302412691555,50
theta30,B,legs,10.0,post,0.0642848972549535,0.009935046403330367,50
theta30,B,legs,10.0,pre,0.06691404226410502,0.010391897865002478,50
theta30,B,legs,30.0,all,0.06359453445848026,0.001992302412691555,50
theta30,B,legs,30.0,post,0.0642848972549535,0.009935046403330367,50
theta30,B,legs,30.0,pre,0.06691404226410502,0.010391897865002478,50
theta30,B,legs,100.0,all,0.06359453445848026,0.001992302412691555,50
theta30,B,legs,100.0,post,0.0642848972549535,0.009935046403330367,50
theta30,B,legs,100.0,pre,0.06691404226410502,0.010391897865002478,50
theta30,B,point,0.0,all,0.31625859229945236,0.001852652900855819,50
theta30,B,point,0.0,post,0.3189102495910994,0.04527020727234626,50
theta30,B,point,0.0,pre,0.33375883845874865,0.05325603427115169,50
theta30,B,point,0.01,all,0.3141844535204438,0.0018867718156921798,50
theta30,B,point,0.01,post,0.31681543934036965,0.044951931683912004,50
theta30,B,point,0.01,pre,0.33157136437221624,0.05290968101422068,50
theta30,B,point,0.03,all,0.31020643769207334,0.0020087369065872906,50
theta30,B,point,0.03,post,0.31276847122854756,0.04434114807549132,50
theta30,B,point,0.03,pre,0.3274040721727183,0.052233965907246,50
theta30,B,point,0.1,all,0.2979017863142004,0.00267388164920288,50
theta30,B,point,0.1,post,0.29996372073033956,0.042444413546847366,50
theta30,B,point,0.1,pre,0.3147881370401599,0.050024800137632434,50
theta30,B,point,0.3,all,0.27335689485293063,0.004624268106776038,50
theta30,B,point,0.3,post,0.2723922243770107,0.03859251886285,50
theta30,B,point,0.3,pre,0.2915259406322532,0.0447454409228856,50
theta30,B,point,1.0,all,0.2458866178774658,0.013585493721733913,50
theta30,B,point,1.0,post,0.22861104641052138,0.03529721553919832,50
theta30,B,point,1.0,pre,0.27648725458067397,0.03519456932520918,50
theta30,B,point,3.0,all,0.2581258524318347,0.031112101452254584,50
theta30,B,point,3.0,post,0.20997049112304225,0.04577249412877774,50
theta30,B,point,3.0,pre,0.3120845636846481,0.03514414605489889,50
theta30,B,point,10.0,all,0.2940177931731093,0.04542700204817791,50
theta30,B,point,10.0,post,0.21906964193987752,0.061704987868060945,50
theta30,B,point,10.0,pre,0.3674069162036541,0.041131666904532294,50
theta30,B,point,30.0,all,0.31677966402506547,0.051666988188562864,50
theta30,B,point,30.0,post,0.2299488230541602,0.06977172839681561,50
theta30,B,point,30.0,pre,0.39894974927415616,0.04445083017398619,50
theta30,B,point,100.0,all,0.3292204617230123,0.05461403898587826,50
theta30,B,point,100.0,post,0.2370172481260266,0.07374167566136905,50
theta30,B,point,100.0,pre,0.41548962991564414,0.04613487169982056,50
theta30_snr0,A,cur,0.0,all,0.20428529011588809,0.00682796909474487,50
theta30_snr0,A,cur,0.0,post,0.20625447339120867,0.03241695124059665,50
theta30_snr0,A,cur,0.0,pre,0.2153922462134681,0.03419603346756097,50
theta30_snr0,A,cur,0.01,all,0.20301515058470013,0.006781974192039994,50
theta30_snr0,A,cur,0.01,post,0.20492452085243062,0.03217762857248265,50
theta30_snr0,A,cur,0.01,pre,0.2141027996900684,0.03401330812767172,50
theta30_snr0,A,cur,0.03,all,0.2006333192601932,0.006702201562379606,50
theta30_snr0,A,cur,0.03,post,0.2023815859440712,0.031721983799406946,50
theta30_snr0,A,cur,0.03,pre,0.21173155286460976,0.033650900217056745,50
theta30_snr0,A,cur,0.1,all,0.1937911375331783,0.006525773706097096,50
theta30_snr0,A,cur,0.1,post,0.19459186948165438,0.030346136582605394,50
theta30_snr0,A,cur,0.1,pre,0.2053790162280291,0.032409371137336725,50
theta30_snr0,A,cur,0.3,all,0.18368730906323927,0.007071822816586972,50
theta30_snr0,A,cur,0.3,post,0.17956897311330347,0.027962454466591964,50
theta30_snr0,A,cur,0.3,pre,0.19919352809378332,0.029262640230193857,50
theta30_snr0,A,cur,1.0,all,0.19107992450017566,0.017434584007071742,50
theta30_snr0,A,cur,1.0,post,0.16544175485155702,0.03070095351516114,50
theta30_snr0,A,cur,1.0,pre,0.22429698347693347,0.026396001482969784,50
theta30_snr0,A,cur,3.0,all,0.2346775554349711,0.034146414322371296,50
theta30_snr0,A,cur,3.0,post,0.17831972630578793,0.046875853454663136,50
theta30_snr0,A,cur,3.0,pre,0.29134547582323256,0.032402088584013736,50
theta30_snr0,A,cur,10.0,all,0.2841054144274,0.046387405607626706,50
theta30_snr0,A,cur,10.0,post,0.20496388646727212,0.0628561296841257,50
theta30_snr0,A,cur,10.0,pre,0.3584062855642571,0.03869809517388543,50
theta30_snr0,A,cur,30.0,all,0.31004499584985973,0.051627931658721087,50
theta30_snr0,A,cur,30.0,post,0.22105545790454326,0.07060318397123896,50
theta30_snr0,A,cur,30.0,pre,0.39229153486749413,0.04140181367162324,50
theta30_snr0,A,cur,100.0,all,0.32312874658147467,0.05401172392190746,50
theta30_snr0,A,cur,100.0,post,0.22977015479517893,0.07455855446547728,50
theta30_snr0,A,cur,100.0,pre,0.40905578915611324,0.042485951324249975,50
theta30_snr0,A,hist,0.0,all,0.2042852901158881,0.006827969094744818,50
theta30_snr0,A,hist,0.0,post,0.20625447339120873,0.032416951240596625,50
theta30_snr0,A,hist,0.0,pre,0.21539224621346814,0.03419603346756101,50
theta30_snr0,A,hist,0.01,all,0.20300379746290992,0.006784698897446035,50
theta30_snr0,A,hist,0.01,post,0.2049754646192558,0.032196512424606534,50
theta30_snr0,A,hist,0.01,pre,0.21402767300082337,0.03400455367076122,50
theta30_snr0,A,hist,0.03,all,0.20055577941318264,0.006707742798723602,50
theta30_snr0,A,hist,0.03,post,0.20253251492886512,0.03177753031855281,50
theta30_snr0,A,hist,0.03,pre,0.21142067339360515,0.03363956924714159,50
theta30_snr0,A,hist,0.1,all,0.19307774655447232,0.006527372514232734,50
theta30_snr0,A,hist,0.1,post,0.1950734331951515,0.030518468294915314,50
theta30_snr0,A,hist,0.1,pre,0.20345414890490268,0.03253109865940053,50
theta30_snr0,A,hist,0.3,all,0.17878522762882681,0.006966397570182941,50
theta30_snr0,A,hist,0.3,post,0.18084430066323942,0.028371893058049692,50
theta30_snr0,A,hist,0.3,pre,0.18820717849003085,0.030537953205253713,50
theta30_snr0,A,hist,1.0,all,0.1659673927189858,0.01695554726319135,50
theta30_snr0,A,hist,1.0,post,0.16826174723150308,0.031128898060805734,50
theta30_snr0,A,hist,1.0,pre,0.17440432201136818,0.03247174887636458,50
theta30_snr0,A,hist,3.0,all,0.17957774619129654,0.0359966402095462,50
theta30_snr0,A,hist,3.0,post,0.18226570985947027,0.04666479238818684,50
theta30_snr0,A,hist,3.0,pre,0.1885289989787262,0.04699606102955695,50
theta30_snr0,A,hist,10.0,all,0.20812965700310473,0.05094766648329141,50
theta30_snr0,A,hist,10.0,post,0.21112061537819923,0.061589503339028066,50
theta30_snr0,A,hist,10.0,pre,0.21841509589503413,0.06160251491198054,50
theta30_snr0,A,hist,30.0,all,0.23506819796937686,0.055592803985516366,50
theta30_snr0,A,hist,30.0,post,0.2378706600207288,0.06677818083982352,50
theta30_snr0,A,hist,30.0,pre,0.2465770534432739,0.06671217644170067,50
theta30_snr0,A,hist,100.0,all,0.2799074851080707,0.057737910628054036,50
theta30_snr0,A,hist,100.0,post,0.28126493300036043,0.07027234810316013,50
theta30_snr0,A,hist,100.0,pre,0.29355998293595076,0.07015555166676596,50
theta30_snr0,A,in,0.0,all,0.20428529011570665,0.006827969094732405,50
theta30_snr0,A,in,0.0,post,0.20625447339119166,0.03241695124059258,50
theta30_snr0,A,in,0.0,pre,0.21539224621310638,0.03419603346751029,50
theta30_snr0,A,in,0.01,all,0.20300403973500772,0.006784547352892798,50
theta30_snr0,A,in,0.01,post,0.20497542899297336,0.032196584231932494,50
theta30_snr0,A,in,0.01,pre,0.21402831365736208,0.03400515672237362,50
theta30_snr0,A,in,0.03,all,0.20055655183397433,0.006707318069925791,50
theta30_snr0,A,in,0.03,post,0.20253245711990345,0.03177775128088823,50
theta30_snr0,A,in,0.03,pre,0.21142264295169702,0.03364142138275372,50
theta30_snr0,A,in,0.1,all,0.19308074109152024,0.006526071752705752,50
theta30_snr0,A,in,0.1,post,0.19507371771652143,0.030519190824269855,50
theta30_snr0,A,in,0.1,pre,0.20346113029040563,0.03253768963089355,50
theta30_snr0,A,in,0.3,all,0.17879567755912373,0.006960669136240521,50
theta30_snr0,A,in,0.3,post,0.1808473599654551,0.028372946000071005,50
theta30_snr0,A,in,0.3,pre,0.18822910529458375,0.030559587789474634,50
theta30_snr0,A,in,1.0,all,0.1659839425517916,0.016941218509679057,50
theta30_snr0,A,in,1.0,post,0.16826215329077776,0.03112943755318779,50
theta30_snr0,A,in,1.0,pre,0.17444982997810896,0.03253453409699939,50
theta30_snr0,A,in,3.0,all,0.1793879009125765,0.03605491059456778,50
theta30_snr0,A,in,3.0,post,0.1820559866393674,0.04675898159279246,50
theta30_snr0,A,in,3.0,pre,0.18838400806703212,0.04715404207976134,50
theta30_snr0,A,in,10.0,all,0.20577364794306796,0.05172016620725565,50
theta30_snr0,A,in,10.0,post,0.20876754177482656,0.06246840469166724,50
theta30_snr0,A,in,10.0,pre,0.21608014958571753,0.06243293640960713,50
theta30_snr0,A,in,30.0,all,0.22167277307307764,0.0589572203021034,50
theta30_snr0,A,in,30.0,post,0.22475311897775793,0.07016020555790978,50
theta30_snr0,A,in,30.0,pre,0.23285318295653948,0.06975740693082168,50
theta30_snr0,A,in,100.0,all,0.230314147851637,0.062391614361019934,50
theta30_snr0,A,in,100.0,post,0.23338957651572023,0.07410279769686225,50
theta30_snr0,A,in,100.0,pre,0.2420235490441327,0.07310038822234927,50
theta30_snr0,A,legs,0.0,all,0.20428529011588809,0.006827969094744863,50
theta30_snr0,A,legs,0.0,post,0.20625447339120864,0.03241695124059668,50
theta30_snr0,A,legs,0.0,pre,0.2153922462134681,0.03419603346756098,50
theta30_snr0,A,legs,0.01,all,0.20428529011588809,0.006827969094744863,50
theta30_snr0,A,legs,0.01,post,0.20625447339120864,0.03241695124059668,50
theta30_snr0,A,legs,0.01,pre,0.2153922462134681,0.03419603346756098,50
theta30_snr0,A,legs,0.03,all,0.20428529011588809,0.006827969094744863,50
theta30_snr0,A,legs,0.03,post,0.20625447339120864,0.03241695124059668,50
theta30_snr0,A,legs,0.03,pre,0.2153922462134681,0.03419603346756098,50
theta30_snr0,A,legs,0.1,all,0.20428529011588809,0.006827969094744863,50
theta30_snr0,A,legs,0.1,post,0.20625447339120864,0.03241695124059668,50
theta30_snr0,A,legs,0.1,pre,0.2153922462134681,0.03419603346756098,50
theta30_snr0,A,legs,0.3,all,0.20428529011588809,0.006827969094744863,50
theta30_snr0,A,legs,0.3,post,0.20625447339120864,0.03241695124059668,50
theta30_snr0,A,legs,0.3,pre,0.2153922462134681,0.03419603346756098,50
theta30_snr0,A,legs,1.0,all,0.20428529011588809,0.006827969094744863,50
theta30_snr0,A,legs,1.0,post,0.20625447339120864,0.03241695124059668,50
theta30_snr0,A,legs,1.0,pre,0.2153922462134681,0.03419603346756098,50
theta30_snr0,A,legs,3.0,all,0.20428529011588809,0.006827969094744863,50
theta30_snr0,A,legs,3.0,post,0.20625447339120864,0.03241695124059668,50
theta30_snr0,A,legs,3.0,pre,0.2153922462134681,0.03419603346756098,50
theta30_snr0,A,legs,10.0,all,0.20428529011588809,0.006827969094744863,50
theta30_snr0,A,legs,10.0,post,0.20625447339120864,0.03241695124059668,50
theta30_snr0,A,legs,10.0,pre,0.2153922462134681,0.03419603346756098,50
theta30_snr0,A,legs,30.0,all,0.20428529011588809,0.006827969094744863,50
theta30_snr0,A,legs,30.0,post,0.20625447339120864,0.03241695124059668,50
theta30_snr0,A,legs,30.0,pre,0.2153922462134681,0.03419603346756098,50
theta30_snr0,A,legs,100.0,all,0.20428529011588809,0.006827969094744863,50
theta30_snr0,A,legs,100.0,post,0.20625447339120864,0.03241695124059668,50
theta30_snr0,A,legs,100.0,pre,0.2153922462134681,0.03419603346756098,50
theta30_snr0,A,point,0.0,all,0.9997437087385699,0.005157385742284425,50
theta30_snr0,A,point,0.0,post,1.0079501630506373,0.14321774901510273,50
theta30_snr0,A,point,0.0,pre,1.0554709570784022,0.1702095942129548,50
theta30_snr0,A,point,0.01,all,0.993153341738347,0.0053217930706658595,50
theta30_snr0,A,point,0.01,post,1.0012996633618463,0.1422075678219645,50
theta30_snr0,A,point,0.01,pre,1.0485151347061037,0.1691114841368642,50
theta30_snr0,A,point,0.03,all,0.9803370312149812,0.005839162471794113,50
theta30_snr0,A,point,0.03,post,0.9883666439150167,0.1402556214893936,50
theta30_snr0,A,point,0.03,pre,1.0349880125147535,0.16698278462191468,50
theta30_snr0,A,point,0.1,all,0.9389636886939999,0.008444686531871727,50
theta30_snr0,A,point,0.1,post,0.9466188942599715,0.13406178936366256,50
theta30_snr0,A,point,0.1,pre,0.9913188745320001,0.1601654583379457,50
theta30_snr0,A,point,0.3,all,0.8441004801599901,0.014876343512768498,50
theta30_snr0,A,point,0.3,post,0.8509150041238585,0.1203953441615229,50
theta30_snr0,A,point,0.3,pre,0.8911819737854917,0.1447483238575341,50
theta30_snr0,A,point,1.0,all,0.6559798448756924,0.02215451207965947,50
theta30_snr0,A,point,1.0,post,0.6612524886156609,0.09479901379183574,50
theta30_snr0,A,point,1.0,pre,0.6925227879376127,0.11408921968475123,50
theta30_snr0,A,point,3.0,all,0.47686485074157725,0.024432837525951434,50
theta30_snr0,A,point,3.0,post,0.48097996368870516,0.07291527374946996,50
theta30_snr0,A,point,3.0,pre,0.5031339394617735,0.08364638277577523,50
theta30_snr0,A,point,10.0,all,0.36763157569318694,0.03591633164224982,50
theta30_snr0,A,point,10.0,post,0.37122650284887393,0.06733709864658012,50
theta30_snr0,A,point,10.0,pre,0.3874537755339595,0.06912865853483569,50
theta30_snr0,A,point,30.0,all,0.33236573612978376,0.04466266279783537,50
theta30_snr0,A,point,30.0,post,0.33549661293379596,0.0685616857871617,50
theta30_snr0,A,point,30.0,pre,0.3503767988117059,0.06995594291292394,50
theta30_snr0,A,point,100.0,all,0.32334919799838113,0.048835815925807,50
theta30_snr0,A,point,100.0,post,0.3260151682501279,0.06910898936391838,50
theta30_snr0,A,point,100.0,pre,0.34122302690686224,0.07300019148198596,50
theta30_snr0,B,cur,0.0,all,0.20022973118108361,0.0061589864873908716,50
theta30_snr0,B,cur,0.0,post,0.20240086995625586,0.031258453068471775,50
theta30_snr0,B,cur,0.0,pre,0.2107179355233547,0.032893871430705615,50
theta30_snr0,B,cur,0.01,all,0.1989221531680826,0.006112227175072549,50
theta30_snr0,B,cur,0.01,post,0.2010962345491302,0.03103226786232451,50
theta30_snr0,B,cur,0.01,pre,0.20932521981930338,0.0327006872918533,50
theta30_snr0,B,cur,0.03,all,0.19642298626765334,0.00603298213517242,50
theta30_snr0,B,cur,0.03,post,0.19860331725547464,0.030602921789055566,50
theta30_snr0,B,cur,0.03,pre,0.2066627451021678,0.03233309572127606,50
theta30_snr0,B,cur,0.1,all,0.18877681483321535,0.005892510933190593,50
theta30_snr0,B,cur,0.1,post,0.19098254554697636,0.029319369542424457,50
theta30_snr0,B,cur,0.1,pre,0.19851119866562847,0.031224062109465735,50
theta30_snr0,B,cur,0.3,all,0.17409601234092076,0.006762115930479793,50
theta30_snr0,B,cur,0.3,post,0.17639476274827817,0.027201548768239867,50
theta30_snr0,B,cur,0.3,pre,0.18282164108378826,0.02930047761088415,50
theta30_snr0,B,cur,1.0,all,0.16068696056203738,0.01775395752988753,50
theta30_snr0,B,cur,1.0,post,0.16331533033901885,0.03066198817212044,50
theta30_snr0,B,cur,1.0,pre,0.16829378199990377,0.0318271155821561,50
theta30_snr0,B,cur,3.0,all,0.1741567515248894,0.037176427229106225,50
theta30_snr0,B,cur,3.0,post,0.17722956268101442,0.04717283982366758,50
theta30_snr0,B,cur,3.0,pre,0.1822311611076265,0.04696277089520157,50
theta30_snr0,B,cur,10.0,all,0.2010368542758,0.052768004829594706,50
theta30_snr0,B,cur,10.0,post,0.20439079204670726,0.0631119181903475,50
theta30_snr0,B,cur,10.0,pre,0.21049263633893778,0.06214639214686275,50
theta30_snr0,B,cur,30.0,all,0.21724986057085388,0.05990734389494149,50
theta30_snr0,B,cur,30.0,post,0.22062487581292733,0.07081819907251868,50
theta30_snr0,B,cur,30.0,pre,0.22767397494330596,0.06938858611980889,50
theta30_snr0,B,cur,100.0,all,0.2260670981620978,0.0632833473574144,50
theta30_snr0,B,cur,100.0,post,0.22938607976055878,0.07475919823504473,50
theta30_snr0,B,cur,100.0,pre,0.23710234497190377,0.07273940436539227,50
theta30_snr0,B,hist,0.0,all,0.20022973118108361,0.006158986487390844,50
theta30_snr0,B,hist,0.0,post,0.20240086995625592,0.03125845306847176,50
theta30_snr0,B,hist,0.0,pre,0.2107179355233547,0.03289387143070563,50
theta30_snr0,B,hist,0.01,all,0.19892665213647567,0.0061103906812379595,50
theta30_snr0,B,hist,0.01,post,0.20109432886332226,0.03103017943284146,50
theta30_snr0,B,hist,0.01,pre,0.20933437038514074,0.03268206265019495,50
theta30_snr0,B,hist,0.03,all,0.19648086821489044,0.006030889008545295,50
theta30_snr0,B,hist,0.03,post,0.1985988712278603,0.03059702730452723,50
theta30_snr0,B,hist,0.03,pre,0.20677906503776775,0.03226617519370136,50
theta30_snr0,B,hist,0.1,all,0.1894367299891563,0.0059026934673113715,50
theta30_snr0,B,hist,0.1,post,0.19098130637575267,0.029303611391225285,50
theta30_snr0,B,hist,0.1,pre,0.19983207848148576,0.030877973468830002,50
theta30_snr0,B,hist,0.3,all,0.17895302903568092,0.0068116296889130235,50
theta30_snr0,B,hist,0.3,post,0.1764802678321525,0.027177744938397256,50
theta30_snr0,B,hist,0.3,pre,0.19242581143505672,0.027541144376927975,50
theta30_snr0,B,hist,1.0,all,0.18639679644936372,0.01775781455657646,50
theta30_snr0,B,hist,1.0,post,0.16402191356974363,0.030628389991041765,50
theta30_snr0,B,hist,1.0,pre,0.21666785000774444,0.025397003920446116,50
theta30_snr0,B,hist,3.0,all,0.23129346594566846,0.034550575841266216,50
theta30_snr0,B,hist,3.0,post,0.179342364612521,0.04688331924350883,50
theta30_snr0,B,hist,3.0,pre,0.28488933250080467,0.03333650420969223,50
theta30_snr0,B,hist,10.0,all,0.2832889426471882,0.046996566710553606,50
theta30_snr0,B,hist,10.0,post,0.20969886568231957,0.061880213979761726,50
theta30_snr0,B,hist,10.0,pre,0.35432656778385196,0.041445796287051834,50
theta30_snr0,B,hist,30.0,all,0.3175263006576597,0.05106652727931966,50
theta30_snr0,B,hist,30.0,post,0.23722307674543047,0.06698339084696645,50
theta30_snr0,B,hist,30.0,pre,0.39529609515692976,0.044333530089878156,50
theta30_snr0,B,hist,100.0,all,0.35788589104603546,0.05171764100190856,50
theta30_snr0,B,hist,100.0,post,0.2810441971906388,0.07032025612319541,50
theta30_snr0,B,hist,100.0,pre,0.43577494919450244,0.046059458466639745,50
theta30_snr0,B,in,0.0,all,0.2002297311808957,0.00615898648737512,50
theta30_snr0,B,in,0.0,post,0.20240086995623843,0.03125845306846783,50
theta30_snr0,B,in,0.0,pre,0.21071793552297932,0.032893871430650944,50
theta30_snr0,B,in,0.01,all,0.19892658525533188,0.006110315616921435,50
theta30_snr0,B,in,0.01,post,0.2010940909210902,0.03103023107871716,50
theta30_snr0,B,in,0.01,pre,0.2093344681627541,0.03268197829923447,50
theta30_snr0,B,in,0.03,all,0.19648071470402304,0.006030660206723051,50
theta30_snr0,B,in,0.03,post,0.19859823995492104,0.03059716762016818,50
theta30_snr0,B,in,0.03,pre,0.20677937346628078,0.03226598703009532,50
theta30_snr0,B,in,0.1,all,0.18943659219725034,0.005901659783711641,50
theta30_snr0,B,in,0.1,post,0.19098000960567668,0.0293038542735489,50
theta30_snr0,B,in,0.1,pre,0.19983307175129794,0.030877952364187812,50
theta30_snr0,B,in,0.3,all,0.17895283272898607,0.006804556176223186,50
theta30_snr0,B,in,0.3,post,0.17648031664771716,0.02717604764766151,50
theta30_snr0,B,in,0.3,pre,0.19242548856674666,0.027543142902311805,50
theta30_snr0,B,in,1.0,all,0.1863686337894759,0.01774094944668342,50
theta30_snr0,B,in,1.0,post,0.1640162686222884,0.030616478421919318,50
theta30_snr0,B,in,1.0,pre,0.21662281675403183,0.025392096017020357,50
theta30_snr0,B,in,3.0,all,0.23104872223191347,0.03457928727977397,50
theta30_snr0,B,in,3.0,post,0.17910840696294944,0.046951897451147175,50
theta30_snr0,B,in,3.0,pre,0.284624875098906,0.03333853954743622,50
theta30_snr0,B,in,10.0,all,0.2815014310823664,0.04743005404930988,50
theta30_snr0,B,in,10.0,post,0.2072715692470323,0.06271558721690815,50
theta30_snr0,B,in,10.0,pre,0.35277421703050293,0.041650603672740025,50
theta30_snr0,B,in,30.0,all,0.3080404665279151,0.053309887191637685,50
theta30_snr0,B,in,30.0,post,0.22394618009033634,0.07034436565714841,50
theta30_snr0,B,in,30.0,pre,0.38734660251258424,0.045537243616366664,50
theta30_snr0,B,in,100.0,all,0.32158660230488756,0.05620229976207432,50
theta30_snr0,B,in,100.0,post,0.2329016944205086,0.0742452714550524,50
theta30_snr0,B,in,100.0,pre,0.4046970088145332,0.047396880413244837,50
theta30_snr0,B,legs,0.0,all,0.20022973118108361,0.006158986487390862,50
theta30_snr0,B,legs,0.0,post,0.20240086995625586,0.031258453068471796,50
theta30_snr0,B,legs,0.0,pre,0.21071793552335463,0.032893871430705615,50
theta30_snr0,B,legs,0.01,all,0.20022973118108361,0.006158986487390862,50
theta30_snr0,B,legs,0.01,post,0.20240086995625586,0.031258453068471796,50
theta30_snr0,B,legs,0.01,pre,0.21071793552335463,0.032893871430705615,50
theta30_snr0,B,legs,0.03,all,0.20022973118108361,0.006158986487390862,50
theta30_snr0,B,legs,0.03,post,0.20240086995625586,0.031258453068471796,50
theta30_snr0,B,legs,0.03,pre,0.21071793552335463,0.032893871430705615,50
theta30_snr0,B,legs,0.1,all,0.20022973118108361,0.006158986487390862,50
theta30_snr0,B,legs,0.1,post,0.20240086995625586,0.031258453068471796,50
theta30_snr0,B,legs,0.1,pre,0.21071793552335463,0.032893871430705615,50
theta30_snr0,B,legs,0.3,all,0.20022973118108361,0.006158986487390862,50
theta30_snr0,B,legs,0.3,post,0.20240086995625586,0.031258453068471796,50
theta30_snr0,B,legs,0.3,pre,0.21071793552335463,0.032893871430705615,50
theta30_snr0,B,legs,1.0,all,0.20022973118108361,0.006158986487390862,50
theta30_snr0,B,legs,1.0,post,0.20240086995625586,0.031258453068471796,50
theta30_snr0,B,legs,1.0,pre,0.21071793552335463,0.032893871430705615,50
theta30_snr0,B,legs,3.0,all,0.20022973118108361,0.006158986487390862,50
theta30_snr0,B,legs,3.0,post,0.20240086995625586,0.031258453068471796,50
theta30_snr0,B,legs,3.0,pre,0.21071793552335463,0.032893871430705615,50
theta30_snr0,B,legs,10.0,all,0.20022973118108361,0.006158986487390862,50
theta30_snr0,B,legs,10.0,post,0.20240086995625586,0.031258453068471796,50
theta30_snr0,B,legs,10.0,pre,0.21071793552335463,0.032893871430705615,50
theta30_snr0,B,legs,30.0,all,0.20022973118108361,0.006158986487390862,50
theta30_snr0,B,legs,30.0,post,0.20240086995625586,0.031258453068471796,50
theta30_snr0,B,legs,30.0,pre,0.21071793552335463,0.032893871430705615,50
theta30_snr0,B,legs,100.0,all,0.20022973118108361,0.006158986487390862,50
theta30_snr0,B,legs,100.0,post,0.20240086995625586,0.031258453068471796,50
theta30_snr0,B,legs,100.0,pre,0.21071793552335463,0.032893871430705615,50
theta30_snr0,B,point,0.0,all,0.9995871333014005,0.005888117099699835,50
theta30_snr0,B,point,0.0,post,1.0079501630506373,0.14321774901510273,50
theta30_snr0,B,point,0.0,pre,1.0549543849799488,0.16844457657101958,50
theta30_snr0,B,point,0.01,all,0.9929983604778673,0.00598850562661806,50
theta30_snr0,B,point,0.01,post,1.0012996633618463,0.1422075678219645,50
theta30_snr0,B,point,0.01,pre,1.048002830233722,0.1673534119295365,50
theta30_snr0,B,point,0.03,all,0.9801943508690393,0.006372996541530312,50
theta30_snr0,B,point,0.03,post,0.9883666439150167,0.1402556214893936,50
theta30_snr0,B,point,0.03,pre,1.0345026358237621,0.16523589696878138,50
theta30_snr0,B,point,0.1,all,0.938949917293312,0.008626098866809494,50
theta30_snr0,B,point,0.1,post,0.9466188942599715,0.13406178936366256,50
theta30_snr0,B,point,0.1,pre,0.9911009383672703,0.15843038192955772,50
theta30_snr0,B,point,0.3,all,0.8450038208405144,0.014601138741688625,50
theta30_snr0,B,point,0.3,post,0.8509150041238585,0.1203953441615229,50
theta30_snr0,B,point,0.3,pre,0.8928328304062464,0.14284746296931758,50
theta30_snr0,B,point,1.0,all,0.6628125071137404,0.020929378152392427,50
theta30_snr0,B,point,1.0,post,0.6612524886156609,0.09479901379183574,50
theta30_snr0,B,point,1.0,pre,0.7061089794394987,0.1104769555288614,50
theta30_snr0,B,point,3.0,all,0.5007587979696345,0.02340111385237453,50
theta30_snr0,B,point,3.0,post,0.48097996368870516,0.07291527374946996,50
theta30_snr0,B,point,3.0,pre,0.5501475636951135,0.07540605682963482,50
theta30_snr0,B,point,10.0,all,0.4174948105932288,0.036141194693147916,50
theta30_snr0,B,point,10.0,post,0.37122650284887393,0.06733709864658012,50
theta30_snr0,B,point,10.0,pre,0.48261927683489764,0.05504134808542243,50
theta30_snr0,B,point,30.0,all,0.3983028058459331,0.043437825664729764,50
theta30_snr0,B,point,30.0,post,0.33549661293379596,0.0685616857871617,50
theta30_snr0,B,point,30.0,pre,0.4736905803410539,0.0513190328076932,50
theta30_snr0,B,point,100.0,all,0.3969254950020313,0.04602591471033188,50
theta30_snr0,B,point,100.0,post,0.3260151682501279,0.06910898936391838,50
theta30_snr0,B,point,100.0,pre,0.47747664341248014,0.051527688318035926,50
theta45,A,cur,0.0,all,0.08650675294646054,0.012560732890512108,50
theta45,A,cur,0.0,post,0.08756311531498318,0.02037037790541683,50
theta45,A,cur,0.0,pre,0.09140834923561353,0.022929514039308867,50
theta45,A,cur,0.01,all,0.08626054499654662,0.012563120585958938,50
theta45,A,cur,0.01,post,0.08703552321639663,0.0202131992544543,50
theta45,A,cur,0.01,pre,0.09142868883674474,0.022957002042919165,50
theta45,A,cur,0.03,all,0.08611166870698746,0.012523949022754844,50
theta45,A,cur,0.03,post,0.08612129656691109,0.01989870102308869,50
theta45,A,cur,0.03,pre,0.09202228146404623,0.02291222328589078,50
theta45,A,cur,0.1,all,0.08858907692202321,0.012104297204186706,50
theta45,A,cur,0.1,post,0.08422138089448353,0.01885368704325796,50
theta45,A,cur,0.1,pre,0.09865825416745595,0.022066875143679953,50
theta45,A,cur,0.3,all,0.10866564631265539,0.012669633754384704,50
theta45,A,cur,0.3,post,0.08605133573022647,0.017907844172175207,50
theta45,A,cur,0.3,pre,0.13359537003881267,0.019921136197916123,50
theta45,A,cur,1.0,all,0.18100833490476537,0.025320567665730338,50
theta45,A,cur,1.0,post,0.11152981990135713,0.029311461143080676,50
theta45,A,cur,1.0,pre,0.23879765615706364,0.02400309429154185,50
theta45,A,cur,3.0,all,0.272742256778003,0.04065063207293995,50
theta45,A,cur,3.0,post,0.15628466337565475,0.048400028463756774,50
theta45,A,cur,3.0,pre,0.36408893637348955,0.029795966963736365,50
theta45,A,cur,10.0,all,0.347492217112543,0.05212578131609337,50
theta45,A,cur,10.0,post,0.19651410710417166,0.06385661600068596,50
theta45,A,cur,10.0,pre,0.4643997170755226,0.0322436371396115,50
theta45,A,cur,30.0,all,0.3829920106069635,0.05721528237431443,50
theta45,A,cur,30.0,post,0.2162954675447338,0.07134293529205389,50
theta45,A,cur,30.0,pre,0.511692124412013,0.032454962118020625,50
theta45,A,cur,100.0,all,0.4001117156768771,0.059553451212016315,50
theta45,A,cur,100.0,post,0.22614543006485077,0.07516540701947748,50
theta45,A,cur,100.0,pre,0.534342311141075,0.032099356562760424,50
theta45,A,hist,0.0,all,0.08650675294646057,0.012560732890512119,50
theta45,A,hist,0.0,post,0.08756311531498319,0.020370377905416806,50
theta45,A,hist,0.0,pre,0.09140834923561356,0.02292951403930889,50
theta45,A,hist,0.01,all,0.08621816188016443,0.012573036463114844,50
theta45,A,hist,0.01,post,0.08728141429448524,0.02034144539180342,50
theta45,A,hist,0.01,pre,0.09109089759936533,0.02292335248362313,50
theta45,A,hist,0.03,all,0.08576905975649424,0.012567816896089289,50
theta45,A,hist,0.03,post,0.08684696091200655,0.02027602339024007,50
theta45,A,hist,0.03,pre,0.0905918919727092,0.022901297521378972,50
theta45,A,hist,0.1,all,0.08535254906719784,0.012326672695920991,50
theta45,A,hist,0.1,post,0.08648764940474898,0.020014323065537565,50
theta45,A,hist,0.1,pre,0.09007450287920891,0.022754392481784024,50
theta45,A,hist,0.3,all,0.09019847078154902,0.012096042421567253,50
theta45,A,hist,0.3,post,0.09149304788181124,0.020292930157842042,50
theta45,A,hist,0.3,pre,0.09505844589590011,0.02286122864703556,50
theta45,A,hist,1.0,all,0.11883446833087294,0.02197898662423089,50
theta45,A,hist,1.0,post,0.12054782617925776,0.03030942758407952,50
theta45,A,hist,1.0,pre,0.12509686491571315,0.031335610023971394,50
theta45,A,hist,3.0,all,0.1644294083236209,0.03828209010525517,50
theta45,A,hist,3.0,post,0.16676802840696758,0.04760938622902084,50
theta45,A,hist,3.0,pre,0.172858596759301,0.04778106233080875,50
theta45,A,hist,10.0,all,0.21092999278366015,0.05036229202364223,50
theta45,A,hist,10.0,post,0.21365657070300295,0.06090542714702668,50
theta45,A,hist,10.0,pre,0.221436606427375,0.06086148931824702,50
theta45,A,hist,30.0,all,0.25468536200269604,0.05513600762278868,50
theta45,A,hist,30.0,post,0.2566885266013012,0.06674045056341125,50
theta45,A,hist,30.0,pre,0.267152406624912,0.06667966306714807,50
theta45,A,hist,100.0,all,0.3101741023046581,0.06304432059315175,50
theta45,A,hist,100.0,post,0.3101020681062254,0.075974685625323,50
theta45,A,hist,100.0,pre,0.32525098151832516,0.07645650263305973,50
theta45,A,in,0.0,all,0.08650675294641896,0.012560732890516908,50
theta45,A,in,0.0,post,0.08756311531497474,0.020370377905413743,50
theta45,A,in,0.0,pre,0.09140834923553591,0.022929514039323407,50
theta45,A,in,0.01,all,0.08621853987678058,0.012573188213286186,50
theta45,A,in,0.01,post,0.08728149906264251,0.020342467314481395,50
theta45,A,in,0.01,pre,0.09109178130748916,0.022924118295495146,50
theta45,A,in,0.03,all,0.08576995581729213,0.01256818428503044,50
theta45,A,in,0.03,post,0.08684696281270395,0.02027912307593593,50
theta45,A,in,0.03,pre,0.09059429859639416,0.022903639686805508,50
theta45,A,in,0.1,all,0.08535267054302294,0.012326811605979813,50
theta45,A,in,0.1,post,0.08648479166225725,0.02002455829969298,50
theta45,A,in,0.1,pre,0.09007941153096123,0.02276296196927576,50
theta45,A,in,0.3,all,0.09017550314033419,0.012088501000536819,50
theta45,A,in,0.3,post,0.09146292037300303,0.020318346687905255,50
theta45,A,in,0.3,pre,0.09504625626981436,0.022893668233742382,50
theta45,A,in,1.0,all,0.11858385652927965,0.02198113817939023,50
theta45,A,in,1.0,post,0.12028670648977924,0.030395760634980125,50
theta45,A,in,1.0,pre,0.12486080701639195,0.03145026318777262,50
theta45,A,in,3.0,all,0.16293964093153285,0.03854929120666657,50
theta45,A,in,3.0,post,0.16527827173714715,0.04808425535534297,50
theta45,A,in,3.0,pre,0.17136556393481178,0.04818743842231508,50
theta45,A,in,10.0,all,0.20187833488465481,0.052168416779183484,50
theta45,A,in,10.0,post,0.20478271727735428,0.06314999208338587,50
theta45,A,in,10.0,pre,0.2121488871868477,0.06266383300570023,50
theta45,A,in,30.0,all,0.22099478107842832,0.05876045377768633,50
theta45,A,in,30.0,post,0.22413028885141334,0.07055006849713966,50
theta45,A,in,30.0,pre,0.23220289253078089,0.06955980023788637,50
theta45,A,in,100.0,all,0.23054506925625728,0.06197741134962195,50
theta45,A,in,100.0,post,0.2337596577800417,0.07434358075100535,50
theta45,A,in,100.0,pre,0.24224484742075109,0.0727182282835365,50
theta45,A,legs,0.0,all,0.08650675294646054,0.012560732890512105,50
theta45,A,legs,0.0,post,0.08756311531498319,0.020370377905416837,50
theta45,A,legs,0.0,pre,0.09140834923561353,0.022929514039308867,50
theta45,A,legs,0.01,all,0.08650675294646054,0.012560732890512105,50
theta45,A,legs,0.01,post,0.08756311531498319,0.020370377905416837,50
theta45,A,legs,0.01,pre,0.09140834923561353,0.022929514039308867,50
theta45,A,legs,0.03,all,0.08650675294646054,0.012560732890512105,50
theta45,A,legs,0.03,post,0.08756311531498319,0.020370377905416837,50
theta45,A,legs,0.03,pre,0.09140834923561353,0.022929514039308867,50
theta45,A,legs,0.1,all,0.08650675294646054,0.012560732890512105,50
theta45,A,legs,0.1,post,0.08756311531498319,0.020370377905416837,50
theta45,A,legs,0.1,pre,0.09140834923561353,0.022929514039308867,50
theta45,A,legs,0.3,all,0.08650675294646054,0.012560732890512105,50
theta45,A,legs,0.3,post,0.08756311531498319,0.020370377905416837,50
theta45,A,legs,0.3,pre,0.09140834923561353,0.022929514039308867,50
theta45,A,legs,1.0,all,0.08650675294646054,0.012560732890512105,50
theta45,A,legs,1.0,post,0.08756311531498319,0.020370377905416837,50
theta45,A,legs,1.0,pre,0.09140834923561353,0.022929514039308867,50
theta45,A,legs,3.0,all,0.08650675294646054,0.012560732890512105,50
theta45,A,legs,3.0,post,0.08756311531498319,0.020370377905416837,50
theta45,A,legs,3.0,pre,0.09140834923561353,0.022929514039308867,50
theta45,A,legs,10.0,all,0.08650675294646054,0.012560732890512105,50
theta45,A,legs,10.0,post,0.08756311531498319,0.020370377905416837,50
theta45,A,legs,10.0,pre,0.09140834923561353,0.022929514039308867,50
theta45,A,legs,30.0,all,0.08650675294646054,0.012560732890512105,50
theta45,A,legs,30.0,post,0.08756311531498319,0.020370377905416837,50
theta45,A,legs,30.0,pre,0.09140834923561353,0.022929514039308867,50
theta45,A,legs,100.0,all,0.08650675294646054,0.012560732890512105,50
theta45,A,legs,100.0,post,0.08756311531498319,0.020370377905416837,50
theta45,A,legs,100.0,pre,0.09140834923561353,0.022929514039308867,50
theta45,A,point,0.0,all,0.3163081368633068,0.0016254169910733484,50
theta45,A,point,0.0,post,0.31898570576049795,0.04525824369965449,50
theta45,A,point,0.0,pre,0.3338272306822593,0.05379178054202925,50
theta45,A,point,0.01,all,0.31422911438638823,0.0016798923715501794,50
theta45,A,point,0.01,post,0.3168893168107511,0.04493907235902316,50
theta45,A,point,0.01,pre,0.3316312657384074,0.05344562807721211,50
theta45,A,point,0.03,all,0.3102123901481906,0.001849726601746012,50
theta45,A,point,0.03,post,0.3128392435818109,0.044326635113034946,50
theta45,A,point,0.03,pre,0.3273884094435867,0.05277856497862087,50
theta45,A,point,0.1,all,0.2975005423371022,0.0027033257039960957,50
theta45,A,point,0.1,post,0.30002413361154984,0.04242541347060856,50
theta45,A,point,0.1,pre,0.313958750095773,0.05068089000062874,50
theta45,A,point,0.3,all,0.27010560728410105,0.005149842019184558,50
theta45,A,point,0.3,post,0.27242659060044067,0.0385696200086947,50
theta45,A,point,0.3,pre,0.28499844896682364,0.04623804602560507,50
theta45,A,point,1.0,all,0.22643652077769608,0.014116254104638367,50
theta45,A,point,1.0,post,0.22858240591247178,0.03530995565166048,50
theta45,A,point,1.0,pre,0.23870394197683203,0.04072800812978743,50
theta45,A,point,3.0,all,0.20749241435373356,0.032693132605044854,50
theta45,A,point,3.0,post,0.20989684859096822,0.04582082444526353,50
theta45,A,point,3.0,pre,0.21832430745088702,0.047415960957650605,50
theta45,A,point,10.0,all,0.216231566171319,0.05007242520759278,50
theta45,A,point,10.0,post,0.21904940466322823,0.06174004040039933,50
theta45,A,point,10.0,pre,0.22720645151815905,0.061326855093141154,50
theta45,A,point,30.0,all,0.22704044823498126,0.05810696064523959,50
theta45,A,point,30.0,post,0.22999476438492933,0.06978228805718424,50
theta45,A,point,30.0,pre,0.23853971031631815,0.06890868567830373,50
theta45,A,point,100.0,all,0.23413364878118795,0.061824318515329664,50
theta45,A,point,100.0,post,0.23708404294686325,0.07370773861495829,50
theta45,A,point,100.0,pre,0.24605520083140817,0.07250624641182511,50
theta45,B,cur,0.0,all,0.06359587018124929,0.0020111304189723333,50
theta45,B,cur,0.0,post,0.06429938912443002,0.009934777581870214,50
theta45,B,cur,0.0,pre,0.06689004209682398,0.010357653502664136,50
theta45,B,cur,0.01,all,0.0632065176492405,0.0019884031249811254,50
theta45,B,cur,0.01,post,0.06392031008970345,0.009865339715921398,50
theta45,B,cur,0.01,pre,0.06646584206262204,0.010301548491907822,50
theta45,B,cur,0.03,all,0.06259247089261134,0.00196336841664038,50
theta45,B,cur,0.03,post,0.06332851333372069,0.009756647994578132,50
theta45,B,cur,0.03,pre,0.065790877598306,0.01021657521645738,50
theta45,B,cur,0.1,all,0.06194756597176873,0.002412699033529278,50
theta45,B,cur,0.1,post,0.06277333722241302,0.009748272446893875,50
theta45,B,cur,0.1,pre,0.06501724327065528,0.010239186154816159,50
theta45,B,cur,0.3,all,0.06792985024183777,0.007965483871744202,50
theta45,B,cur,0.3,post,0.06901895501175147,0.013323329144026544,50
theta45,B,cur,0.3,pre,0.07113062822143125,0.013484510234905454,50
theta45,B,cur,1.0,all,0.10160771132602471,0.024298273719333605,50
theta45,B,cur,1.0,post,0.10333737917618374,0.029886734676892145,50
theta45,B,cur,1.0,pre,0.10634487234761894,0.029351866614876005,50
theta45,B,cur,3.0,all,0.1504622960461015,0.04128589015288387,50
theta45,B,cur,3.0,post,0.15298418764643268,0.04909279629537662,50
theta45,B,cur,3.0,pre,0.15750066712209476,0.047843602133893916,50
theta45,B,cur,10.0,all,0.191699886106935,0.05453300911807909,50
theta45,B,cur,10.0,post,0.19483435549937356,0.06431701426237517,50
theta45,B,cur,10.0,pre,0.2007004269224037,0.06232739591801226,50
theta45,B,cur,30.0,all,0.21164910003523751,0.06096238452408056,50
theta45,B,cur,30.0,post,0.21499870413839228,0.07172453191379181,50
theta45,B,cur,30.0,pre,0.22168200912519725,0.06926988780495483,50
theta45,B,cur,100.0,all,0.22157368837772204,0.06410743399848332,50
theta45,B,cur,100.0,post,0.2249677032711935,0.07552456335750714,50
theta45,B,cur,100.0,pre,0.23218598928161213,0.07253199562611241,50
theta45,B,hist,0.0,all,0.0635958701812493,0.002011130418972327,50
theta45,B,hist,0.0,post,0.06429938912443006,0.00993477758187018,50
theta45,B,hist,0.0,pre,0.06689004209682395,0.010357653502664096,50
theta45,B,hist,0.01,all,0.06325428815958045,0.001990957042465017,50
theta45,B,hist,0.01,post,0.06392121750313662,0.009860348253174934,50
theta45,B,hist,0.01,pre,0.06655803032413542,0.010259631573294266,50
theta45,B,hist,0.03,all,0.06302684117856365,0.001995740945883756,50
theta45,B,hist,0.03,post,0.06333954326724374,0.00974408785850686,50
theta45,B,hist,0.03,pre,0.06664684672853334,0.010013343660053433,50
theta45,B,hist,0.1,all,0.06619548188710936,0.0029579093058192743,50
theta45,B,hist,0.1,post,0.06289541047563404,0.009728601081093337,50
theta45,B,hist,0.1,pre,0.07322822579795994,0.009117361999409488,50
theta45,B,hist,0.3,all,0.09079569465431414,0.010035480641054684,50
theta45,B,hist,0.3,post,0.06980864818231183,0.013297722985665714,50
theta45,B,hist,0.3,pre,0.11225217814512467,0.011500122156090037,50
theta45,B,hist,1.0,all,0.17077170562972854,0.025640525608437634,50
theta45,B,hist,1.0,post,0.10637389823652951,0.029527311014386035,50
theta45,B,hist,1.0,pre,0.22422374691230595,0.022152226931600683,50
theta45,B,hist,3.0,all,0.2671126137951819,0.04065411605803513,50
theta45,B,hist,3.0,post,0.1594733583793063,0.048059654578427445,50
theta45,B,hist,3.0,pre,0.3535741468396422,0.03052766033244888,50
theta45,B,hist,10.0,all,0.3478997998905291,0.05168858303889956,50
theta45,B,hist,10.0,post,0.210554564416619,0.06131536714479215,50
theta45,B,hist,10.0,pre,0.4588184746739372,0.0350767214986821,50
theta45,B,hist,30.0,all,0.39864034455394887,0.05509701631204407,50
theta45,B,hist,30.0,post,0.25543176100089665,0.06689762252746871,50
theta45,B,hist,30.0,pre,0.5181700957464871,0.035826082034844144,50
theta45,B,hist,100.0,all,0.4456529469697799,0.05737840400091863,50
theta45,B,hist,100.0,post,0.3097079875713864,0.07591140664717767,50
theta45,B,hist,100.0,pre,0.5650439363628802,0.038638959665564444,50
theta45,B,in,0.0,all,0.06359587018118977,0.0020111304189677714,50
theta45,B,in,0.0,post,0.06429938912441915,0.009934777581867206,50
theta45,B,in,0.0,pre,0.06689004209671343,0.010357653502661397,50
theta45,B,in,0.01,all,0.06325421391734615,0.0019908701636826764,50
theta45,B,in,0.01,post,0.06392089621054668,0.009860382043233985,50
theta45,B,in,0.01,pre,0.06655819819393324,0.010259533956542638,50
theta45,B,in,0.03,all,0.0630265075350382,0.001995367323954937,50
theta45,B,in,0.03,post,0.06333862052951814,0.009744183976942272,50
theta45,B,in,0.03,pre,0.06664706151259343,0.010013021081034272,50
theta45,B,in,0.1,all,0.0661917919873234,0.00295549541963782,50
theta45,B,in,0.1,post,0.0628918845179452,0.009728463818006775,50
theta45,B,in,0.1,pre,0.07322405825638675,0.009115144231292038,50
theta45,B,in,0.3,all,0.09075745806082548,0.010030680942706541,50
theta45,B,in,0.3,post,0.06978133903960665,0.013294964997988087,50
theta45,B,in,0.3,pre,0.11220306653398004,0.011485084842579494,50
theta45,B,in,1.0,all,0.1704998525077463,0.025656519219853593,50
theta45,B,in,1.0,post,0.10608688642041592,0.02957427505162581,50
theta45,B,in,1.0,pre,0.22391689158025507,0.022131459277495547,50
theta45,B,in,3.0,all,0.2659641376062802,0.04081172189657428,50
theta45,B,in,3.0,post,0.15783218766710513,0.04847996956679023,50
theta45,B,in,3.0,pre,0.3524639006210567,0.030567008318995833,50
theta45,B,in,10.0,all,0.34239666565335364,0.052751204337051175,50
theta45,B,in,10.0,post,0.20125944906966942,0.06352556009710797,50
theta45,B,in,10.0,pre,0.45427194311089153,0.03557736806974538,50
theta45,B,in,30.0,all,0.37870644983823326,0.058527435967709145,50
theta45,B,in,30.0,post,0.2221546967507117,0.07083391596820306,50
theta45,B,in,30.0,pre,0.5023811476522139,0.037496356794465634,50
theta45,B,in,100.0,all,0.3964087955366239,0.061525252524019684,50
theta45,B,in,100.0,post,0.23246750931466698,0.07457103944235549,50
theta45,B,in,100.0,pre,0.5257126300414557,0.038500343913769344,50
theta45,B,legs,0.0,all,0.06359587018124929,0.002011130418972337,50
theta45,B,legs,0.0,post,0.06429938912443003,0.009934777581870216,50
theta45,B,legs,0.0,pre,0.06689004209682396,0.010357653502664124,50
theta45,B,legs,0.01,all,0.06359587018124929,0.002011130418972337,50
theta45,B,legs,0.01,post,0.06429938912443003,0.009934777581870216,50
theta45,B,legs,0.01,pre,0.06689004209682396,0.010357653502664124,50
theta45,B,legs,0.03,all,0.06359587018124929,0.002011130418972337,50
theta45,B,legs,0.03,post,0.06429938912443003,0.009934777581870216,50
theta45,B,legs,0.03,pre,0.06689004209682396,0.010357653502664124,50
theta45,B,legs,0.1,all,0.06359587018124929,0.002011130418972337,50
theta45,B,legs,0.1,post,0.06429938912443003,0.009934777581870216,50
theta45,B,legs,0.1,pre,0.06689004209682396,0.010357653502664124,50
theta45,B,legs,0.3,all,0.06359587018124929,0.002011130418972337,50
theta45,B,legs,0.3,post,0.06429938912443003,0.009934777581870216,50
theta45,B,legs,0.3,pre,0.06689004209682396,0.010357653502664124,50
theta45,B,legs,1.0,all,0.06359587018124929,0.002011130418972337,50
theta45,B,legs,1.0,post,0.06429938912443003,0.009934777581870216,50
theta45,B,legs,1.0,pre,0.06689004209682396,0.010357653502664124,50
theta45,B,legs,3.0,all,0.06359587018124929,0.002011130418972337,50
theta45,B,legs,3.0,post,0.06429938912443003,0.009934777581870216,50
theta45,B,legs,3.0,pre,0.06689004209682396,0.010357653502664124,50
theta45,B,legs,10.0,all,0.06359587018124929,0.002011130418972337,50
theta45,B,legs,10.0,post,0.06429938912443003,0.009934777581870216,50
theta45,B,legs,10.0,pre,0.06689004209682396,0.010357653502664124,50
theta45,B,legs,30.0,all,0.06359587018124929,0.002011130418972337,50
theta45,B,legs,30.0,post,0.06429938912443003,0.009934777581870216,50
theta45,B,legs,30.0,pre,0.06689004209682396,0.010357653502664124,50
theta45,B,legs,100.0,all,0.06359587018124929,0.002011130418972337,50
theta45,B,legs,100.0,post,0.06429938912443003,0.009934777581870216,50
theta45,B,legs,100.0,pre,0.06689004209682396,0.010357653502664124,50
theta45,B,point,0.0,all,0.31626786915915395,0.00206978506651251,50
theta45,B,point,0.0,post,0.31898570576049795,0.04525824369965449,50
theta45,B,point,0.0,pre,0.3336252473851156,0.05293485952033284,50
theta45,B,point,0.01,all,0.3141986674434659,0.0020942755005727335,50
theta45,B,point,0.01,post,0.3168893168107511,0.04493907235902316,50
theta45,B,point,0.01,pre,0.3314494936148326,0.052586832450760186,50
theta45,B,point,0.03,all,0.3102624767905198,0.0021892631672060063,50
theta45,B,point,0.03,post,0.3128392435818109,0.044326635113034946,50
theta45,B,point,0.03,pre,0.32737015650397056,0.05189858463694505,50
theta45,B,point,0.1,all,0.2984032633522547,0.0027198801238904466,50
theta45,B,point,0.1,post,0.30002413361154984,0.04242541347060856,50
theta45,B,point,0.1,pre,0.3156635161366311,0.0495576691563008,50
theta45,B,point,0.3,all,0.27694205796652643,0.004557829672931175,50
theta45,B,point,0.3,post,0.27242659060044067,0.0385696200086947,50
theta45,B,point,0.3,pre,0.2985273646640392,0.04346024591830133,50
theta45,B,point,1.0,all,0.26553028034572784,0.016161419635540193,50
theta45,B,point,1.0,post,0.22858240591247178,0.03530995565166048,50
theta45,B,point,1.0,pre,0.3124865137597409,0.032386000727383644,50
theta45,B,point,3.0,all,0.30360772065284675,0.0355913067294938,50
theta45,B,point,3.0,post,0.20989684859096822,0.04582082444526353,50
theta45,B,point,3.0,pre,0.38891989415686623,0.03187673023189027,50
theta45,B,point,10.0,all,0.359400633951221,0.05007790876277887,50
theta45,B,point,10.0,post,0.21904940466322823,0.06174004040039933,50
theta45,B,point,10.0,pre,0.4741844231773939,0.03485745426832056,50
theta45,B,point,30.0,all,0.39074342848978993,0.056290878251049316,50
theta45,B,point,30.0,post,0.22999476438492933,0.06978228805718424,50
theta45,B,point,30.0,pre,0.5187217540831381,0.03594395154815312,50
theta45,B,point,100.0,all,0.4070446749054292,0.05927396081432659,50
theta45,B,point,100.0,post,0.23708404294686325,0.07370773861495829,50
theta45,B,point,100.0,pre,0.54118333921643,0.03651925504928086,50
theta45_snr0,A,cur,0.0,all,0.2089476622230635,0.008464794881257776,50
theta45_snr0,A,cur,0.0,post,0.21102648197247348,0.03407264587176278,50
theta45_snr0,A,cur,0.0,pre,0.22038230251934557,0.035933984227636606,50
theta45_snr0,A,cur,0.01,all,0.2077124851188591,0.008427498705698908,50
theta45_snr0,A,cur,0.01,post,0.2096667135187172,0.03381825581566933,50
theta45_snr0,A,cur,0.01,pre,0.21919524941705393,0.03577092156885612,50
theta45_snr0,A,cur,0.03,all,0.20544539399080716,0.008362600819197053,50
theta45_snr0,A,cur,0.03,post,0.20706495203413566,0.033332402976186754,50
theta45_snr0,A,cur,0.03,pre,0.21711769496130376,0.03543160912248632,50
theta45_snr0,A,cur,0.1,all,0.1994155560114727,0.008213273313121647,50
theta45_snr0,A,cur,0.1,post,0.19907718548833567,0.03185004585042485,50
theta45_snr0,A,cur,0.1,pre,0.21259373178119975,0.03412714660091857,50
theta45_snr0,A,cur,0.3,all,0.19386991540789872,0.008924817603928234,50
theta45_snr0,A,cur,0.3,post,0.18354625584962647,0.02915718182131803,50
theta45_snr0,A,cur,0.3,pre,0.21559630266500904,0.030309309421767728,50
theta45_snr0,A,cur,1.0,all,0.21957946129810943,0.021008631843179398,50
theta45_snr0,A,cur,1.0,post,0.16818161220743305,0.031029510507885397,50
theta45_snr0,A,cur,1.0,pre,0.2723785131472555,0.026658899690094794,50
theta45_snr0,A,cur,3.0,all,0.2861925845264548,0.03874426585316567,50
theta45_snr0,A,cur,3.0,post,0.17982676851943785,0.04669376332934244,50
theta45_snr0,A,cur,3.0,pre,0.37535030982472356,0.03019975307043304,50
theta45_snr0,A,cur,10.0,all,0.35246662675597085,0.05138703234512349,50
theta45_snr0,A,cur,10.0,post,0.20591171803864153,0.06261616318219024,50
theta45_snr0,A,cur,10.0,pre,0.468505265329993,0.032449689218988144,50
theta45_snr0,A,cur,30.0,all,0.3859088046902938,0.056703297135839506,50
theta45_snr0,A,cur,30.0,post,0.22188646765038153,0.07035995544708543,50
theta45_snr0,A,cur,30.0,pre,0.5141052324501174,0.03260545273439374,50
theta45_snr0,A,cur,100.0,all,0.4024541570370668,0.059074198638772814,50
theta45_snr0,A,cur,100.0,post,0.23056199261919613,0.07428379408096496,50
theta45_snr0,A,cur,100.0,pre,0.536316661991783,0.0322442915259831,50
theta45_snr0,A,hist,0.0,all,0.20894766222306355,0.008464794881257775,50
theta45_snr0,A,hist,0.0,post,0.21102648197247353,0.034072645871762744,50
theta45_snr0,A,hist,0.0,pre,0.22038230251934565,0.035933984227636565,50
theta45_snr0,A,hist,0.01,all,0.2076929969363784,0.008434431964375658,50
theta45_snr0,A,hist,0.01,post,0.2097726211014103,0.033861148470529755,50
theta45_snr0,A,hist,0.01,pre,0.2190482605293039,0.0357557212478525,50
theta45_snr0,A,hist,0.03,all,0.2052972120050469,0.00837888270265904,50
theta45_snr0,A,hist,0.03,post,0.20737866143440425,0.033458902937113344,50
theta45_snr0,A,hist,0.03,pre,0.21650066866851816,0.03541581671963819,50
theta45_snr0,A,hist,0.1,all,0.19798748668146907,0.00822892696135972,50
theta45_snr0,A,hist,0.1,post,0.20007763094548117,0.03224621032193086,50
theta45_snr0,A,hist,0.1,pre,0.20872524987185645,0.03438113761486028,50
theta45_snr0,A,hist,0.3,all,0.18406415475565638,0.008370583787570206,50
theta45_snr0,A,hist,0.3,post,0.1861954128892792,0.03012687123813517,50
theta45_snr0,A,hist,0.3,pre,0.19389595441527216,0.03248247088185332,50
theta45_snr0,A,hist,1.0,all,0.17176759276153036,0.01670181483018405,50
theta45_snr0,A,hist,1.0,post,0.1740973430401414,0.032218094033876224,50
theta45_snr0,A,hist,1.0,pre,0.18067676459456158,0.03384095893054055,50
theta45_snr0,A,hist,3.0,all,0.1858806186825285,0.03478582010333962,50
theta45_snr0,A,hist,3.0,post,0.18859395932830128,0.046423904200863626,50
theta45_snr0,A,hist,3.0,pre,0.19529104436093125,0.04698439221406432,50
theta45_snr0,A,hist,10.0,all,0.2188653540767284,0.048715992327552055,50
theta45_snr0,A,hist,10.0,post,0.22178049697939442,0.059926863641114235,50
theta45_snr0,A,hist,10.0,pre,0.22969009577863972,0.06031315339870722,50
theta45_snr0,A,hist,30.0,all,0.25865637412053927,0.054055144465636286,50
theta45_snr0,A,hist,30.0,post,0.260767625937094,0.06588895070808824,50
theta45_snr0,A,hist,30.0,pre,0.2712743772332323,0.06630960545731378,50
theta45_snr0,A,hist,100.0,all,0.31273749061679534,0.06227537955628299,50
theta45_snr0,A,hist,100.0,post,0.31271530280055493,0.07529769625927543,50
theta45_snr0,A,hist,100.0,pre,0.3279921054139413,0.07621895598966988,50
theta45_snr0,A,in,0.0,all,0.20894766222288602,0.00846479488124983,50
theta45_snr0,A,in,0.0,post,0.21102648197245671,0.03407264587175902,50
theta45_snr0,A,in,0.0,pre,0.2203823025189923,0.03593398422759,50
theta45_snr0,A,in,0.01,all,0.20769354594917352,0.008434371189424056,50
theta45_snr0,A,in,0.01,post,0.2097727816848071,0.03386143293541802,50
theta45_snr0,A,in,0.01,pre,0.21904945239579413,0.03575696169937229,50
theta45_snr0,A,in,0.03,all,0.2052988944193445,0.008378736695978453,50
theta45_snr0,A,in,0.03,post,0.20737917796965355,0.03345981944789298,50
theta45_snr0,A,in,0.03,pre,0.21650429402603766,0.03541961512884282,50
theta45_snr0,A,in,0.1,all,0.19799324801770218,0.008228544954735843,50
theta45_snr0,A,in,0.1,post,0.20007953545609716,0.032249837984766015,50
theta45_snr0,A,in,0.1,pre,0.2087375940675176,0.03439458699764354,50
theta45_snr0,A,in,0.3,all,0.18407800875573227,0.008366243793614619,50
theta45_snr0,A,in,0.3,post,0.18619853415353207,0.030140158255276654,50
theta45_snr0,A,in,0.3,pre,0.1939293605456328,0.032527267190487645,50
theta45_snr0,A,in,1.0,all,0.1717078083569112,0.016689652699264396,50
theta45_snr0,A,in,1.0,post,0.17401464540766817,0.03228022464290096,50
theta45_snr0,A,in,1.0,pre,0.18066721969187213,0.033991459957624655,50
theta45_snr0,A,in,3.0,all,0.18485557607171743,0.03499531146538889,50
theta45_snr0,A,in,3.0,post,0.1875516196540572,0.046834784614801,50
theta45_snr0,A,in,3.0,pre,0.19433044890295423,0.047426802241455714,50
theta45_snr0,A,in,10.0,all,0.21070239273089172,0.05046149074785668,50
theta45_snr0,A,in,10.0,post,0.2137668982944215,0.062113411197394885,50
theta45_snr0,A,in,10.0,pre,0.22140586199168732,0.06217051196077215,50
theta45_snr0,A,in,30.0,all,0.22632662476813323,0.05767738794464552,50
theta45_snr0,A,in,30.0,post,0.22951178446175421,0.06969802130947297,50
theta45_snr0,A,in,30.0,pre,0.2378457116494207,0.06935406988733592,50
theta45_snr0,A,in,100.0,all,0.23482446718533903,0.0611097450332382,50
theta45_snr0,A,in,100.0,post,0.23801753502778772,0.07357320061394307,50
theta45_snr0,A,in,100.0,pre,0.24684188090811648,0.07264852673306524,50
theta45_snr0,A,legs,0.0,all,0.2089476622230635,0.008464794881257792,50
theta45_snr0,A,legs,0.0,post,0.21102648197247348,0.034072645871762786,50
theta45_snr0,A,legs,0.0,pre,0.22038230251934557,0.035933984227636585,50
theta45_snr0,A,legs,0.01,all,0.2089476622230635,0.008464794881257792,50
theta45_snr0,A,legs,0.01,post,0.21102648197247348,0.034072645871762786,50
theta45_snr0,A,legs,0.01,pre,0.22038230251934557,0.035933984227636585,50
theta45_snr0,A,legs,0.03,all,0.2089476622230635,0.008464794881257792,50
theta45_snr0,A,legs,0.03,post,0.21102648197247348,0.034072645871762786,50
theta45_snr0,A,legs,0.03,pre,0.22038230251934557,0.035933984227636585,50
theta45_snr0,A,legs,0.1,all,0.2089476622230635,0.008464794881257792,50
theta45_snr0,A,legs,0.1,post,0.21102648197247348,0.034072645871762786,50
theta45_snr0,A,legs,0.1,pre,0.22038230251934557,0.035933984227636585,50
theta45_snr0,A,legs,0.3,all,0.2089476622230635,0.008464794881257792,50
theta45_snr0,A,legs,0.3,post,0.21102648197247348,0.034072645871762786,50
theta45_snr0,A,legs,0.3,pre,0.22038230251934557,0.035933984227636585,50
theta45_snr0,A,legs,1.0,all,0.2089476622230635,0.008464794881257792,50
theta45_snr0,A,legs,1.0,post,0.21102648197247348,0.034072645871762786,50
theta45_snr0,A,legs,1.0,pre,0.22038230251934557,0.035933984227636585,50
theta45_snr0,A,legs,3.0,all,0.2089476622230635,0.008464794881257792,50
theta45_snr0,A,legs,3.0,post,0.21102648197247348,0.034072645871762786,50
theta45_snr0,A,legs,3.0,pre,0.22038230251934557,0.035933984227636585,50
theta45_snr0,A,legs,10.0,all,0.2089476622230635,0.008464794881257792,50
theta45_snr0,A,legs,10.0,post,0.21102648197247348,0.034072645871762786,50
theta45_snr0,A,legs,10.0,pre,0.22038230251934557,0.035933984227636585,50
theta45_snr0,A,legs,30.0,all,0.2089476622230635,0.008464794881257792,50
theta45_snr0,A,legs,30.0,post,0.21102648197247348,0.034072645871762786,50
theta45_snr0,A,legs,30.0,pre,0.22038230251934557,0.035933984227636585,50
theta45_snr0,A,legs,100.0,all,0.2089476622230635,0.008464794881257792,50
theta45_snr0,A,legs,100.0,post,0.21102648197247348,0.034072645871762786,50
theta45_snr0,A,legs,100.0,pre,0.22038230251934557,0.035933984227636585,50
theta45_snr0,A,point,0.0,all,0.9997436959767977,0.005157379713540075,50
theta45_snr0,A,point,0.0,post,1.0081889079760458,0.14317976777877595,50
theta45_snr0,A,point,0.0,pre,1.055170103539694,0.17013697495429722,50
theta45_snr0,A,point,0.01,all,0.9931521477876566,0.005321979437414329,50
theta45_snr0,A,point,0.01,post,1.0015341316649156,0.14216728706768764,50
theta45_snr0,A,point,0.01,pre,1.0482163099331094,0.1690394814109925,50
theta45_snr0,A,point,0.03,all,0.9803335128252024,0.0058402469437431855,50
theta45_snr0,A,point,0.03,post,0.9885927294579419,0.14021087462424414,50
theta45_snr0,A,point,0.03,pre,1.0346931395056194,0.16691199452956382,50
theta45_snr0,A,point,0.1,all,0.9389524038233512,0.008450772504194948,50
theta45_snr0,A,point,0.1,post,0.9468172847369125,0.13400267872127558,50
theta45_snr0,A,point,0.1,pre,0.9910368181284633,0.1600986842603721,50
theta45_snr0,A,point,0.3,all,0.844069628592467,0.014895584679218539,50
theta45_snr0,A,point,0.3,post,0.8510456332711495,0.12030364509652876,50
theta45_snr0,A,point,0.3,pre,0.8909296805535694,0.1446910098164286,50
theta45_snr0,A,point,1.0,all,0.6559006382644763,0.022205218641418202,50
theta45_snr0,A,point,1.0,post,0.661225208178277,0.09464516074986892,50
theta45_snr0,A,point,1.0,pre,0.6923315919589696,0.11404814002085534,50
theta45_snr0,A,point,3.0,all,0.47672877115059037,0.024528887635297886,50
theta45_snr0,A,point,3.0,post,0.4807728636162104,0.07272149776050509,50
theta45_snr0,A,point,3.0,pre,0.5030056286019077,0.08361077049480241,50
theta45_snr0,A,point,10.0,all,0.36748079112388055,0.03602962996384882,50
theta45_snr0,A,point,10.0,post,0.37094885973741826,0.06721351713629492,50
theta45_snr0,A,point,10.0,pre,0.387370107811222,0.06909790341557333,50
theta45_snr0,A,point,30.0,all,0.33222607772038676,0.04478279054717897,50
theta45_snr0,A,point,30.0,post,0.3352284507561562,0.06851113041903925,50
theta45_snr0,A,point,30.0,pre,0.350312579418564,0.06993595153887787,50
theta45_snr0,A,point,100.0,all,0.323208572376588,0.04895165935457485,50
theta45_snr0,A,point,100.0,post,0.32573718877670976,0.06905081201200074,50
theta45_snr0,A,point,100.0,pre,0.34116710239621606,0.07298765291713764,50
theta45_snr0,B,cur,0.0,all,0.20023627207009145,0.006218346555953632,50
theta45_snr0,B,cur,0.0,post,0.20244840029500766,0.0312523991116145,50
theta45_snr0,B,cur,0.0,pre,0.21064341449796029,0.03278573916979429,50
theta45_snr0,B,cur,0.01,all,0.1989270893881062,0.006170697907346931,50
theta45_snr0,B,cur,0.01,post,0.20114019320774276,0.031024112730224457,50
theta45_snr0,B,cur,0.01,pre,0.20925111516328646,0.032594011644724565,50
theta45_snr0,B,cur,0.03,all,0.1964246514651742,0.0060897735983043745,50
theta45_snr0,B,cur,0.03,post,0.19864033146358495,0.030590974235237392,50
theta45_snr0,B,cur,0.03,pre,0.2065891506932487,0.03222922096620107,50
theta45_snr0,B,cur,0.1,all,0.18876654330646467,0.005944448298934633,50
theta45_snr0,B,cur,0.1,post,0.19099718724073977,0.029297894082920523,50
theta45_snr0,B,cur,0.1,pre,0.19843644760308865,0.031128912567349225,50
theta45_snr0,B,cur,0.3,all,0.17405030607933544,0.006806162908018313,50
theta45_snr0,B,cur,0.3,post,0.17635888973835898,0.027176265259087975,50
theta45_snr0,B,cur,0.3,pre,0.18272684934265265,0.029222007264974256,50
theta45_snr0,B,cur,1.0,all,0.16054707201944854,0.017768574405935843,50
theta45_snr0,B,cur,1.0,post,0.16319447032026282,0.030700546623026542,50
theta45_snr0,B,cur,1.0,pre,0.16809155575164245,0.03171640005452453,50
theta45_snr0,B,cur,3.0,all,0.17395274965517193,0.03711623114481635,50
theta45_snr0,B,cur,3.0,post,0.17710277452986972,0.047222042516900695,50
theta45_snr0,B,cur,3.0,pre,0.1818989334859832,0.04668005993502251,50
theta45_snr0,B,cur,10.0,all,0.2008628190698669,0.05263998176140188,50
theta45_snr0,B,cur,10.0,post,0.2043489937685669,0.06312415264413042,50
theta45_snr0,B,cur,10.0,pre,0.21013228822868274,0.06170855249410562,50
theta45_snr0,B,cur,30.0,all,0.21712014447526684,0.0597648709151135,50
theta45_snr0,B,cur,30.0,post,0.22064732233557552,0.07080743113935786,50
theta45_snr0,B,cur,30.0,pre,0.22734158944539243,0.06893945782138762,50
theta45_snr0,B,cur,100.0,all,0.22595493490038288,0.06314054474412448,50
theta45_snr0,B,cur,100.0,post,0.22942729682839477,0.07471140520858603,50
theta45_snr0,B,cur,100.0,pre,0.23678907802191362,0.0723355784807649,50
theta45_snr0,B,hist,0.0,all,0.20023627207009148,0.00621834655595362,50
theta45_snr0,B,hist,0.0,post,0.2024484002950077,0.031252399111614496,50
theta45_snr0,B,hist,0.0,pre,0.21064341449796029,0.03278573916979428,50
theta45_snr0,B,hist,0.01,all,0.1989404757434676,0.006167716476563044,50
theta45_snr0,B,hist,0.01,post,0.20113819440117553,0.031020896806981068,50
theta45_snr0,B,hist,0.01,pre,0.20927689571706218,0.032560037732230485,50
theta45_snr0,B,hist,0.03,all,0.19655787318932139,0.006088087399805951,50
theta45_snr0,B,hist,0.03,post,0.1986369303678205,0.030582154802307047,50
theta45_snr0,B,hist,0.03,pre,0.20685265192491314,0.032103594724713,50
theta45_snr0,B,hist,0.1,all,0.19018671119025407,0.005990888603040129,50
theta45_snr0,B,hist,0.1,post,0.19101367472655986,0.029277057850127092,50
theta45_snr0,B,hist,0.1,pre,0.20125807647277705,0.030456166406008085,50
theta45_snr0,B,hist,0.3,all,0.1841805749817132,0.007498739945827477,50
theta45_snr0,B,hist,0.3,post,0.17659265288577242,0.027162613980365544,50
theta45_snr0,B,hist,0.3,pre,0.20243822258292749,0.026082645947170774,50
theta45_snr0,B,hist,1.0,all,0.21089683969495032,0.021136798018525346,50
theta45_snr0,B,hist,1.0,post,0.16486334726561883,0.030694935122773166,50
theta45_snr0,B,hist,1.0,pre,0.25911172007353145,0.023876025010042694,50
theta45_snr0,B,hist,3.0,all,0.28049166549971866,0.03882983931967165,50
theta45_snr0,B,hist,3.0,post,0.18227498911800372,0.04657645253635397,50
theta45_snr0,B,hist,3.0,pre,0.364718091626967,0.03050451898590827,50
theta45_snr0,B,hist,10.0,all,0.3525887699222992,0.051066724673891284,50
theta45_snr0,B,hist,10.0,post,0.21878657099762808,0.0603303354491403,50
theta45_snr0,B,hist,10.0,pre,0.46272020935017466,0.035213313777169755,50
theta45_snr0,B,hist,30.0,all,0.4011076415052753,0.05469542775648131,50
theta45_snr0,B,hist,30.0,post,0.25952004961169034,0.06605398547336802,50
theta45_snr0,B,hist,30.0,pre,0.5202678918726935,0.03601722473026926,50
theta45_snr0,B,hist,100.0,all,0.44740268917851284,0.05699633625075984,50
theta45_snr0,B,hist,100.0,post,0.31232098538059505,0.07523578480114078,50
theta45_snr0,B,hist,100.0,pre,0.5666238171483461,0.03870950241639106,50
theta45_snr0,B,in,0.0,all,0.20023627206990238,0.006218346555937974,50
theta45_snr0,B,in,0.0,post,0.20244840029499023,0.03125239911161088,50
theta45_snr0,B,in,0.0,pre,0.2106434144975825,0.03278573916973961,50
theta45_snr0,B,in,0.01,all,0.19894037634630757,0.006167549294813504,50
theta45_snr0,B,in,0.01,post,0.20113790304209506,0.031021018246156027,50
theta45_snr0,B,in,0.01,pre,0.20927696756256997,0.032559784347021024,50
theta45_snr0,B,in,0.03,all,0.1965576677789141,0.006087558741975412,50
theta45_snr0,B,in,0.03,post,0.19863621937849912,0.030582509588368917,50
theta45_snr0,B,in,0.03,pre,0.20685289713600574,0.03210294767454089,50
theta45_snr0,B,in,0.1,all,0.19018644470186488,0.005988467986653882,50
theta45_snr0,B,in,0.1,post,0.19101271013625806,0.02927801443980418,50
theta45_snr0,B,in,0.1,pre,0.2012583722996238,0.030455041611861175,50
theta45_snr0,B,in,0.3,all,0.18417293806865273,0.007484780603102963,50
theta45_snr0,B,in,0.3,post,0.17659269479246767,0.027162413682082262,50
theta45_snr0,B,in,0.3,pre,0.20242345518512525,0.026080485756040626,50
theta45_snr0,B,in,1.0,all,0.21073938833109376,0.021113390806800435,50
theta45_snr0,B,in,1.0,post,0.16476703086352024,0.03069837242488573,50
theta45_snr0,B,in,1.0,pre,0.25890521587547605,0.02383131893703775,50
theta45_snr0,B,in,3.0,all,0.2795441679669503,0.03893332949129503,50
theta45_snr0,B,in,3.0,post,0.18110652597197938,0.046892447196114316,50
theta45_snr0,B,in,3.0,pre,0.3637716410870522,0.030473480896313878,50
theta45_snr0,B,in,10.0,all,0.3474305712738987,0.05205743879683991,50
theta45_snr0,B,in,10.0,post,0.21036117576205093,0.06245615482595005,50
theta45_snr0,B,in,10.0,pre,0.45845788456651887,0.03558262424424799,50
theta45_snr0,B,in,30.0,all,0.3816934619641139,0.05805576982714115,50
theta45_snr0,B,in,30.0,post,0.22753410040242383,0.06998523845841406,50
theta45_snr0,B,in,30.0,pre,0.5049054203283988,0.03755339268050891,50
theta45_snr0,B,in,100.0,all,0.39880435412421117,0.06106101170191555,50
theta45_snr0,B,in,100.0,post,0.23669786344832405,0.0738080203659984,50
theta45_snr0,B,in,100.0,pre,0.5277766343041991,0.03857341583986898,50
theta45_snr0,B,legs,0.0,all,0.20023627207009145,0.006218346555953621,50
theta45_snr0,B,legs,0.0,post,0.20244840029500766,0.031252399111614496,50
theta45_snr0,B,legs,0.0,pre,0.21064341449796029,0.032785739169794284,50
theta45_snr0,B,legs,0.01,all,0.20023627207009145,0.006218346555953621,50
theta45_snr0,B,legs,0.01,post,0.20244840029500766,0.031252399111614496,50
theta45_snr0,B,legs,0.01,pre,0.21064341449796029,0.032785739169794284,50
theta45_snr0,B,legs,0.03,all,0.20023627207009145,0.006218346555953621,50
theta45_snr0,B,legs,0.03,post,0.20244840029500766,0.031252399111614496,50
theta45_snr0,B,legs,0.03,pre,0.21064341449796029,0.032785739169794284,50
theta45_snr0,B,legs,0.1,all,0.20023627207009145,0.006218346555953621,50
theta45_snr0,B,legs,0.1,post,0.20244840029500766,0.031252399111614496,50
theta45_snr0,B,legs,0.1,pre,0.21064341449796029,0.032785739169794284,50
theta45_snr0,B,legs,0.3,all,0.20023627207009145,0.006218346555953621,50
theta45_snr0,B,legs,0.3,post,0.20244840029500766,0.031252399111614496,50
theta45_snr0,B,legs,0.3,pre,0.21064341449796029,0.032785739169794284,50
theta45_snr0,B,legs,1.0,all,0.20023627207009145,0.006218346555953621,50
theta45_snr0,B,legs,1.0,post,0.20244840029500766,0.031252399111614496,50
theta45_snr0,B,legs,1.0,pre,0.21064341449796029,0.032785739169794284,50
theta45_snr0,B,legs,3.0,all,0.20023627207009145,0.006218346555953621,50
theta45_snr0,B,legs,3.0,post,0.20244840029500766,0.031252399111614496,50
theta45_snr0,B,legs,3.0,pre,0.21064341449796029,0.032785739169794284,50
theta45_snr0,B,legs,10.0,all,0.20023627207009145,0.006218346555953621,50
theta45_snr0,B,legs,10.0,post,0.20244840029500766,0.031252399111614496,50
theta45_snr0,B,legs,10.0,pre,0.21064341449796029,0.032785739169794284,50
theta45_snr0,B,legs,30.0,all,0.20023627207009145,0.006218346555953621,50
theta45_snr0,B,legs,30.0,post,0.20244840029500766,0.031252399111614496,50
theta45_snr0,B,legs,30.0,pre,0.21064341449796029,0.032785739169794284,50
theta45_snr0,B,legs,100.0,all,0.20023627207009145,0.006218346555953621,50
theta45_snr0,B,legs,100.0,post,0.20244840029500766,0.031252399111614496,50
theta45_snr0,B,legs,100.0,pre,0.21064341449796029,0.032785739169794284,50
theta45_snr0,B,point,0.0,all,0.9996166016098236,0.006575070537557944,50
theta45_snr0,B,point,0.0,post,1.0081889079760458,0.14317976777877595,50
theta45_snr0,B,point,0.0,pre,1.0545320588138536,0.1674292213363838,50
theta45_snr0,B,point,0.01,all,0.993028157605163,0.006646134859357,50
theta45_snr0,B,point,0.01,post,1.0015341316649156,0.14216728706768764,50
theta45_snr0,B,point,0.01,pre,1.047586438335291,0.16634071938609532,50
theta45_snr0,B,point,0.03,all,0.9802349374863907,0.006959331877356481,50
theta45_snr0,B,point,0.03,post,0.9885927294579419,0.14021087462424414,50
theta45_snr0,B,point,0.03,pre,1.034118376229521,0.1642256399268407,50
theta45_snr0,B,point,0.1,all,0.9391236631578136,0.008967018493887674,50
theta45_snr0,B,point,0.1,post,0.9468172847369125,0.13400267872127558,50
theta45_snr0,B,point,0.1,pre,0.9910197436464793,0.15739964498943712,50
theta45_snr0,B,point,0.3,all,0.84616582740086,0.014530995034358294,50
theta45_snr0,B,point,0.3,post,0.8510456332711495,0.12030364509652876,50
theta45_snr0,B,point,0.3,pre,0.8948256371728358,0.14155269420555167,50
theta45_snr0,B,point,1.0,all,0.6703642492352171,0.02018628607381581,50
theta45_snr0,B,point,1.0,post,0.661225208178277,0.09464516074986892,50
theta45_snr0,B,point,1.0,pre,0.7209364262338288,0.10732025689778792,50
theta45_snr0,B,point,3.0,all,0.5257293027407094,0.025215989383113466,50
theta45_snr0,B,point,3.0,post,0.4807728636162104,0.07272149776050509,50
theta45_snr0,B,point,3.0,pre,0.5974192365182573,0.06907528130327327,50
theta45_snr0,B,point,10.0,all,0.4657894894429688,0.04132185539014557,50
theta45_snr0,B,point,10.0,post,0.37094885973741826,0.06721351713629492,50
theta45_snr0,B,point,10.0,pre,0.5683139897152446,0.0469102850737352,50
theta45_snr0,B,point,30.0,all,0.4592130466395019,0.04894906387513458,50
theta45_snr0,B,point,30.0,post,0.3352284507561562,0.06851113041903925,50
theta45_snr0,B,point,30.0,pre,0.5783002693261862,0.041463108394207936,50
theta45_snr0,B,point,100.0,all,0.4634269361038345,0.05144671014287471,50
theta45_snr0,B,point,100.0,post,0.32573718877670976,0.06905081201200074,50
theta45_snr0,B,point,100.0,pre,0.5902393326574117,0.04049968080233219,50
theta5,A,cur,0.0,all,0.06395910647998522,0.0020192645627764056,50
theta5,A,cur,0.0,post,0.06455919703087046,0.010027397725325087,50
theta5,A,cur,0.0,pre,0.0674251334174982,0.010540094018647292,50
theta5,A,cur,0.01,all,0.06357433163373764,0.0019964262283721024,50
theta5,A,cur,0.01,post,0.06417974826614925,0.009959453434429593,50
theta5,A,cur,0.01,pre,0.06701063716635701,0.010480121449524775,50
theta5,A,cur,0.03,all,0.06297354396173689,0.0019669513551859455,50
theta5,A,cur,0.03,post,0.06358702506087882,0.009850964674906634,50
theta5,A,cur,0.03,pre,0.06636351917436764,0.010386129309913608,50
theta5,A,cur,0.1,all,0.0624104526267894,0.0023650465940165074,50
theta5,A,cur,0.1,post,0.06302690692847707,0.009817740726174591,50
theta5,A,cur,0.1,pre,0.0657603611540564,0.010362470639575834,50
theta5,A,cur,0.3,all,0.06876391095132964,0.007816319653754143,50
theta5,A,cur,0.3,post,0.06925446434004771,0.013242077292976773,50
theta5,A,cur,0.3,pre,0.07264106281463781,0.013415532856947935,50
theta5,A,cur,1.0,all,0.10343935637823877,0.024027217287437085,50
theta5,A,cur,1.0,post,0.10352709310501826,0.029694839445665998,50
theta5,A,cur,1.0,pre,0.10990367759605536,0.028982812692942023,50
theta5,A,cur,3.0,all,0.1532608407691282,0.040976854974071775,50
theta5,A,cur,3.0,post,0.15309296685790186,0.048965788896499475,50
theta5,A,cur,3.0,pre,0.1630870111840072,0.04736325328224366,50
theta5,A,cur,10.0,all,0.1951299074177461,0.05415075168170285,50
theta5,A,cur,10.0,post,0.19477084126406974,0.06423822240688996,50
theta5,A,cur,10.0,pre,0.2077337949160037,0.06169531922872175,50
theta5,A,cur,30.0,all,0.21528924768122032,0.060468772766149016,50
theta5,A,cur,30.0,post,0.21478187277924132,0.07166169742106304,50
theta5,A,cur,30.0,pre,0.22928517174821725,0.06839326828474669,50
theta5,A,cur,100.0,all,0.2252737771868674,0.06354775866281781,50
theta5,A,cur,100.0,post,0.2247029433310529,0.07551867302216478,50
theta5,A,cur,100.0,pre,0.23995559229942312,0.07146317841513009,50
theta5,A,hist,0.0,all,0.06395910647998523,0.002019264562776382,50
theta5,A,hist,0.0,post,0.06455919703087043,0.010027397725325012,50
theta5,A,hist,0.0,pre,0.06742513341749824,0.010540094018647337,50
theta5,A,hist,0.01,all,0.06357262041241007,0.0019963350887562646,50
theta5,A,hist,0.01,post,0.06418423483098523,0.009960971864468704,50
theta5,A,hist,0.01,pre,0.06700251872825584,0.010479286933641271,50
theta5,A,hist,0.03,all,0.06296456256835835,0.001966432364829392,50
theta5,A,hist,0.03,post,0.06360027964503372,0.009855274392728501,50
theta5,A,hist,0.03,pre,0.0663316763578619,0.010385111563525564,50
theta5,A,hist,0.1,all,0.06234204943688539,0.002363341300794607,50
theta5,A,hist,0.1,post,0.06306805405259458,0.00982869423928622,50
theta5,A,hist,0.1,pre,0.06558031137519515,0.010375992943674863,50
theta5,A,hist,0.3,all,0.06838303882002884,0.00785083440043398,50
theta5,A,hist,0.3,post,0.06934751307209194,0.013247133713101076,50
theta5,A,hist,0.3,pre,0.07178039285035738,0.013577766860279075,50
theta5,A,hist,1.0,all,0.10214824603294756,0.02426172394054611,50
theta5,A,hist,1.0,post,0.10365781737267822,0.02967026514953007,50
theta5,A,hist,1.0,pre,0.1071893612902912,0.029708882276012837,50
theta5,A,hist,3.0,all,0.15102421243209652,0.04150315541710506,50
theta5,A,hist,3.0,post,0.15322007938467952,0.04893280793014104,50
theta5,A,hist,3.0,pre,0.15850122394877983,0.04878505417194683,50
theta5,A,hist,10.0,all,0.19219017028672458,0.05495882153440807,50
theta5,A,hist,10.0,post,0.19489264312371765,0.06420580490822692,50
theta5,A,hist,10.0,pre,0.2017576723136127,0.06372992646365588,50
theta5,A,hist,30.0,all,0.2120675978917001,0.061421427975271656,50
theta5,A,hist,30.0,post,0.21492136896489725,0.07162148897548214,50
theta5,A,hist,30.0,pre,0.22272640875206118,0.07070841972124764,50
theta5,A,hist,100.0,all,0.22216093540324977,0.06447893901696583,50
theta5,A,hist,100.0,post,0.22506057635240265,0.0753868223058328,50
theta5,A,hist,100.0,pre,0.23339124271911213,0.073795926276708,50
theta5,A,in,0.0,all,0.06395910647992994,0.00201926456277216,50
theta5,A,in,0.0,post,0.06455919703085951,0.010027397725321446,50
theta5,A,in,0.0,pre,0.06742513341739673,0.01054009401864571,50
theta5,A,in,0.01,all,0.06357262024339935,0.001996324516440628,50
theta5,A,in,0.01,post,0.06418421691323506,0.009960983607787612,50
theta5,A,in,0.01,pre,0.0670025414518008,0.010479313964447415,50
theta5,A,in,0.03,all,0.0629645626348425,0.0019663954926170198,50
theta5,A,in,0.03,post,0.06360022735146505,0.009855303040226405,50
theta5,A,in,0.03,pre,0.06633174349244578,0.010385191434260147,50
theta5,A,in,0.1,all,0.06234205786249743,0.002363130479947698,50
theta5,A,in,0.1,post,0.06306790303352061,0.00982869456382238,50
theta5,A,in,0.1,pre,0.0655805209319168,0.010376224741342735,50
theta5,A,in,0.3,all,0.06838311490618766,0.007850332580239075,50
theta5,A,in,0.3,post,0.06934725825681648,0.013246660855463515,50
theta5,A,in,0.3,pre,0.07178088265634171,0.013578009858289837,50
theta5,A,in,1.0,all,0.10214845528119404,0.02426103518770571,50
theta5,A,in,1.0,post,0.10365762825140129,0.02966924049691794,50
theta5,A,in,1.0,pre,0.10719007260042197,0.029708624791832207,50
theta5,A,in,3.0,all,0.1510241794330981,0.04150264000831085,50
theta5,A,in,3.0,post,0.1532196947101071,0.04893178733413499,50
theta5,A,in,3.0,pre,0.15850168890622623,0.048785002944867116,50
theta5,A,in,10.0,all,0.1921874714819548,0.054959768944899234,50
theta5,A,in,10.0,post,0.19488964543970685,0.06420563412008189,50
theta5,A,in,10.0,pre,0.20175578395633237,0.06373318992375433,50
theta5,A,in,30.0,all,0.21204440951378709,0.06143229692186137,50
theta5,A,in,30.0,post,0.21489793449239758,0.07163000913860747,50
theta5,A,in,30.0,pre,0.22270494972872135,0.07072607011216164,50
theta5,A,in,100.0,all,0.22191851215807976,0.06458404805642952,50
theta5,A,in,100.0,post,0.22481914278824638,0.07548680902332033,50
theta5,A,in,100.0,pre,0.23314927778147504,0.07391009508951067,50
theta5,A,legs,0.0,all,0.06395910647998522,0.0020192645627764056,50
theta5,A,legs,0.0,post,0.06455919703087043,0.010027397725325106,50
theta5,A,legs,0.0,pre,0.0674251334174982,0.010540094018647276,50
theta5,A,legs,0.01,all,0.06395910647998522,0.0020192645627764056,50
theta5,A,legs,0.01,post,0.06455919703087043,0.010027397725325106,50
theta5,A,legs,0.01,pre,0.0674251334174982,0.010540094018647276,50
theta5,A,legs,0.03,all,0.06395910647998522,0.0020192645627764056,50
theta5,A,legs,0.03,post,0.06455919703087043,0.010027397725325106,50
theta5,A,legs,0.03,pre,0.0674251334174982,0.010540094018647276,50
theta5,A,legs,0.1,all,0.06395910647998522,0.0020192645627764056,50
theta5,A,legs,0.1,post,0.06455919703087043,0.010027397725325106,50
theta5,A,legs,0.1,pre,0.0674251334174982,0.010540094018647276,50
theta5,A,legs,0.3,all,0.06395910647998522,0.0020192645627764056,50
theta5,A,legs,0.3,post,0.06455919703087043,0.010027397725325106,50
theta5,A,legs,0.3,pre,0.0674251334174982,0.010540094018647276,50
theta5,A,legs,1.0,all,0.06395910647998522,0.0020192645627764056,50
theta5,A,legs,1.0,post,0.06455919703087043,0.010027397725325106,50
theta5,A,legs,1.0,pre,0.0674251334174982,0.010540094018647276,50
theta5,A,legs,3.0,all,0.06395910647998522,0.0020192645627764056,50
theta5,A,legs,3.0,post,0.06455919703087043,0.010027397725325106,50
theta5,A,legs,3.0,pre,0.0674251334174982,0.010540094018647276,50
theta5,A,legs,10.0,all,0.06395910647998522,0.0020192645627764056,50
theta5,A,legs,10.0,post,0.06455919703087043,0.010027397725325106,50
theta5,A,legs,10.0,pre,0.0674251334174982,0.010540094018647276,50
theta5,A,legs,30.0,all,0.06395910647998522,0.0020192645627764056,50
theta5,A,legs,30.0,post,0.06455919703087043,0.010027397725325106,50
theta5,A,legs,30.0,pre,0.0674251334174982,0.010540094018647276,50
theta5,A,legs,100.0,all,0.06395910647998522,0.0020192645627764056,50
theta5,A,legs,100.0,post,0.06455919703087043,0.010027397725325106,50
theta5,A,legs,100.0,pre,0.0674251334174982,0.010540094018647276,50
theta5,A,point,0.0,all,0.3163081373487576,0.0016255371473964965,50
theta5,A,point,0.0,post,0.31880373243812865,0.04539346330850617,50
theta5,A,point,0.0,pre,0.33411900548972967,0.05396801996315132,50
theta5,A,point,0.01,all,0.314229847804633,0.0016798768093115991,50
theta5,A,point,0.01,post,0.316710513955663,0.04507716109803005,50
theta5,A,point,0.01,pre,0.3319210380705201,0.0536203268165218,50
theta5,A,point,0.03,all,0.31021458986820766,0.0018487595715668474,50
theta5,A,point,0.03,post,0.3126667045701556,0.044469940582478995,50
theta5,A,point,0.03,pre,0.3276742495903325,0.052950301352979554,50
theta5,A,point,0.1,all,0.29750786600736434,0.002696283350972944,50
theta5,A,point,0.1,post,0.2998727585494931,0.04258208982256788,50
theta5,A,point,0.1,pre,0.3142315333491952,0.050843413371194565,50
theta5,A,point,0.3,all,0.2701273544655217,0.0051211990695446095,50
theta5,A,point,0.3,post,0.272330170358406,0.038732732634295886,50
theta5,A,point,0.3,pre,0.28523893547582746,0.04638174057548177,50
theta5,A,point,1.0,all,0.2265021951457007,0.014027041466114812,50
theta5,A,point,1.0,post,0.22862791889110473,0.035342062435300255,50
theta5,A,point,1.0,pre,0.2388701609747281,0.04083309872344109,50
theta5,A,point,3.0,all,0.20759731232510853,0.03262154593366567,50
theta5,A,point,3.0,post,0.21006035641080378,0.04568647576802838,50
theta5,A,point,3.0,pre,0.21841394408540743,0.0474550043665839,50
theta5,A,point,10.0,all,0.21627543052589246,0.05005473798143577,50
theta5,A,point,10.0,post,0.21910524659722047,0.061592353451858046,50
theta5,A,point,10.0,pre,0.22725155424639096,0.06133446917829977,50
theta5,A,point,30.0,all,0.22699825883285377,0.05810589603761383,50
theta5,A,point,30.0,post,0.22988952708565433,0.06966856770881827,50
theta5,A,point,30.0,pre,0.23856978006073173,0.06891124297813682,50
theta5,A,point,100.0,all,0.2340525546784033,0.061826967239935124,50
theta5,A,point,100.0,post,0.23692165720899708,0.07367902111669558,50
theta5,A,point,100.0,pre,0.24607993308477183,0.07250783871852533,50
theta5,B,cur,0.0,all,0.06360279466405692,0.001975640316301661,50
theta5,B,cur,0.0,post,0.06426238595873134,0.00995365559530129,50
theta5,B,cur,0.0,pre,0.06697573951609684,0.010451789814368928,50
theta5,B,cur,0.01,all,0.06321409193108506,0.0019543548928470387,50
theta5,B,cur,0.01,post,0.06388556963990853,0.009888215969909731,50
theta5,B,cur,0.01,pre,0.0665505254863398,0.010392869301273004,50
theta5,B,cur,0.03,all,0.06260226023338637,0.0019311507688695528,50
theta5,B,cur,0.03,post,0.06329855675721893,0.00978509445324801,50
theta5,B,cur,0.03,pre,0.06587520468381153,0.010303208978622991,50
theta5,B,cur,0.1,all,0.06197312102424359,0.0023783918193226936,50
theta5,B,cur,0.1,post,0.06276187236623706,0.009774285632934743,50
theta5,B,cur,0.1,pre,0.06511557990384204,0.010316417068930555,50
theta5,B,cur,0.3,all,0.0680308034301241,0.007922210955721225,50
theta5,B,cur,0.3,post,0.06905946591241935,0.013259872044943036,50
theta5,B,cur,0.3,pre,0.07133448710192901,0.013581791949537642,50
theta5,B,cur,1.0,all,0.10187804599244284,0.024320334800875296,50
theta5,B,cur,1.0,post,0.10344637094520931,0.029732674971785125,50
theta5,B,cur,1.0,pre,0.10683922881103043,0.029707811290834794,50
theta5,B,cur,3.0,all,0.15081344329775864,0.04152416234108235,50
theta5,B,cur,3.0,post,0.15306506648498308,0.04898650980776305,50
theta5,B,cur,3.0,pre,0.15821687231163412,0.048711901136772165,50
theta5,B,cur,10.0,all,0.1920047200452834,0.054951404861296786,50
theta5,B,cur,10.0,post,0.19475979752123798,0.06424927619906508,50
theta5,B,cur,10.0,pre,0.2015021446786432,0.06359895965094171,50
theta5,B,cur,30.0,all,0.2118742124796828,0.06141023423467856,50
theta5,B,cur,30.0,post,0.2147753184021232,0.07166938382360204,50
theta5,B,cur,30.0,pre,0.22247064346734546,0.07057169666788199,50
theta5,B,cur,100.0,all,0.22175732492084468,0.06455370337755129,50
theta5,B,cur,100.0,post,0.22469857960809453,0.07552490086019081,50
theta5,B,cur,100.0,pre,0.2329336666568268,0.07375053503394143,50
theta5,B,hist,0.0,all,0.06360279466405695,0.0019756403163016492,50
theta5,B,hist,0.0,post,0.06426238595873135,0.009953655595301246,50
theta5,B,hist,0.0,pre,0.06697573951609685,0.010451789814368962,50
theta5,B,hist,0.01,all,0.06321382978801376,0.0019541171783575236,50
theta5,B,hist,0.01,post,0.06388513820570768,0.009887818274684506,50
theta5,B,hist,0.01,pre,0.06655026769972003,0.010391504630722205,50
theta5,B,hist,0.03,all,0.06260574887527455,0.0019306526382696127,50
theta5,B,hist,0.03,post,0.06329738811231878,0.009783871893427965,50
theta5,B,hist,0.03,pre,0.06588306281201504,0.010298018105369981,50
theta5,B,hist,0.1,all,0.062028239970766584,0.00237643733508463,50
theta5,B,hist,0.1,post,0.06275935959909484,0.009770071670210403,50
theta5,B,hist,0.1,pre,0.06522954974436301,0.01028769597067014,50
theta5,B,hist,0.3,all,0.06840349111063948,0.007898739026433526,50
theta5,B,hist,0.3,post,0.06906040459738323,0.013249588912722926,50
theta5,B,hist,0.3,pre,0.07209062328715297,0.013455034967034731,50
theta5,B,hist,1.0,all,0.10323847478775529,0.02411796028294795,50
theta5,B,hist,1.0,post,0.10347264210328469,0.02971245814846909,50
theta5,B,hist,1.0,pre,0.10956042637045779,0.02918803716223709,50
theta5,B,hist,3.0,all,0.15321368173213368,0.041133901084343796,50
theta5,B,hist,3.0,post,0.15312598102311056,0.04895925659819984,50
theta5,B,hist,3.0,pre,0.16298738947249028,0.04775173306145562,50
theta5,B,hist,10.0,all,0.19517977123358374,0.054475217317108186,50
theta5,B,hist,10.0,post,0.19485249751746817,0.06421966942421374,50
theta5,B,hist,10.0,pre,0.20777680239053692,0.062372344460218096,50
theta5,B,hist,30.0,all,0.2154472264193571,0.06089568916659454,50
theta5,B,hist,30.0,post,0.21490348000958792,0.07163017372612313,50
theta5,B,hist,30.0,pre,0.22947805958005812,0.06920419446506271,50
theta5,B,hist,100.0,all,0.22574622662932634,0.06394030249521532,50
theta5,B,hist,100.0,post,0.22505330216689373,0.07539326802881467,50
theta5,B,hist,100.0,pre,0.24052049182714733,0.07222479810257697,50
theta5,B,in,0.0,all,0.06360279466400083,0.00197564031629688,50
theta5,B,in,0.0,post,0.06426238595872019,0.009953655595297744,50
theta5,B,in,0.0,pre,0.06697573951599398,0.010451789814366418,50
theta5,B,in,0.01,all,0.06321382147206825,0.001954113476355875,50
theta5,B,in,0.01,post,0.06388511344425903,0.009887821037228909,50
theta5,B,in,0.01,pre,0.06655027650942412,0.010391508225381901,50
theta5,B,in,0.03,all,0.0626057233808591,0.0019306359730690292,50
theta5,B,in,0.03,post,0.06329731602838133,0.009783875347771993,50
theta5,B,in,0.03,pre,0.06588308505559418,0.010298026689177479,50
theta5,B,in,0.1,all,0.0620281545038907,0.002376275483469209,50
theta5,B,in,0.1,post,0.06275915084551568,0.009770016487261694,50
theta5,B,in,0.1,pre,0.06522958294989901,0.010287678675468143,50
theta5,B,in,0.3,all,0.0684032847551404,0.00789826390791794,50
theta5,B,in,0.3,post,0.06906003885802726,0.013249154111272097,50
theta5,B,in,0.3,pre,0.07209053132928325,0.013454627055024024,50
theta5,B,in,1.0,all,0.10323809375824848,0.02411730769888533,50
theta5,B,in,1.0,post,0.10347240901092719,0.0297116657652112,50
theta5,B,in,1.0,pre,0.10955975991665504,0.0291869109563663,50
theta5,B,in,3.0,all,0.1532128521769543,0.04113347131879092,50
theta5,B,in,3.0,post,0.15312575115927776,0.04895846897902401,50
theta5,B,in,3.0,pre,0.16298580943596166,0.04775079344797071,50
theta5,B,in,10.0,all,0.19517613699945405,0.054476269752404195,50
theta5,B,in,10.0,post,0.19484981359663878,0.06421958765961498,50
theta5,B,in,10.0,pre,0.20777244087102523,0.062374613140949484,50
theta5,B,in,30.0,all,0.21542336431056439,0.06090634372640671,50
theta5,B,in,30.0,post,0.21488041170075095,0.07163854658618139,50
theta5,B,in,30.0,pre,0.22945466811267712,0.06921990020102323,50
theta5,B,in,100.0,all,0.22550752288897818,0.06404253354608702,50
theta5,B,in,100.0,post,0.22481230383177359,0.07549261335460372,50
theta5,B,in,100.0,pre,0.24028541577677523,0.0723304282873366,50
theta5,B,legs,0.0,all,0.06360279466405692,0.00197564031630166,50
theta5,B,legs,0.0,post,0.06426238595873132,0.00995365559530132,50
theta5,B,legs,0.0,pre,0.06697573951609682,0.010451789814368919,50
theta5,B,legs,0.01,all,0.06360279466405692,0.00197564031630166,50
theta5,B,legs,0.01,post,0.06426238595873132,0.00995365559530132,50
theta5,B,legs,0.01,pre,0.06697573951609682,0.010451789814368919,50
theta5,B,legs,0.03,all,0.06360279466405692,0.00197564031630166,50
theta5,B,legs,0.03,post,0.06426238595873132,0.00995365559530132,50
theta5,B,legs,0.03,pre,0.06697573951609682,0.010451789814368919,50
theta5,B,legs,0.1,all,0.06360279466405692,0.00197564031630166,50
theta5,B,legs,0.1,post,0.06426238595873132,0.00995365559530132,50
theta5,B,legs,0.1,pre,0.06697573951609682,0.010451789814368919,50
theta5,B,legs,0.3,all,0.06360279466405692,0.00197564031630166,50
theta5,B,legs,0.3,post,0.06426238595873132,0.00995365559530132,50
theta5,B,legs,0.3,pre,0.06697573951609682,0.010451789814368919,50
theta5,B,legs,1.0,all,0.06360279466405692,0.00197564031630166,50
theta5,B,legs,1.0,post,0.06426238595873132,0.00995365559530132,50
theta5,B,legs,1.0,pre,0.06697573951609682,0.010451789814368919,50
theta5,B,legs,3.0,all,0.06360279466405692,0.00197564031630166,50
theta5,B,legs,3.0,post,0.06426238595873132,0.00995365559530132,50
theta5,B,legs,3.0,pre,0.06697573951609682,0.010451789814368919,50
theta5,B,legs,10.0,all,0.06360279466405692,0.00197564031630166,50
theta5,B,legs,10.0,post,0.06426238595873132,0.00995365559530132,50
theta5,B,legs,10.0,pre,0.06697573951609682,0.010451789814368919,50
theta5,B,legs,30.0,all,0.06360279466405692,0.00197564031630166,50
theta5,B,legs,30.0,post,0.06426238595873132,0.00995365559530132,50
theta5,B,legs,30.0,pre,0.06697573951609682,0.010451789814368919,50
theta5,B,legs,100.0,all,0.06360279466405692,0.00197564031630166,50
theta5,B,legs,100.0,post,0.06426238595873132,0.00995365559530132,50
theta5,B,legs,100.0,pre,0.06697573951609682,0.010451789814368919,50
theta5,B,point,0.0,all,0.31629379096514126,0.0016300964253000007,50
theta5,B,point,0.0,post,0.31880373243812865,0.04539346330850617,50
theta5,B,point,0.0,pre,0.33408434493584666,0.05388000870965611,50
theta5,B,point,0.01,all,0.3142155209747017,0.0016819220673123044,50
theta5,B,point,0.01,post,0.316710513955663,0.04507716109803005,50
theta5,B,point,0.01,pre,0.3318864512572089,0.05353272101178001,50
theta5,B,point,0.03,all,0.31020116404246206,0.0018462732681009128,50
theta5,B,point,0.03,post,0.3126667045701556,0.044469940582478995,50
theta5,B,point,0.03,pre,0.32764155844150805,0.05286329542817211,50
theta5,B,point,0.1,all,0.2975057158442836,0.0026830312183553236,50
theta5,B,point,0.1,post,0.2998727585494931,0.04258208982256788,50
theta5,B,point,0.1,pre,0.314221944985042,0.05075637737733853,50
theta5,B,point,0.3,all,0.27020870900409605,0.005088860361519487,50
theta5,B,point,0.3,post,0.272330170358406,0.038732732634295886,50
theta5,B,point,0.3,pre,0.2853992461101974,0.04627934123381881,50
theta5,B,point,1.0,all,0.2270909257549988,0.013964879353845912,50
theta5,B,point,1.0,post,0.22862791889110473,0.035342062435300255,50
theta5,B,point,1.0,pre,0.24005949335265064,0.0406000379003534,50
theta5,B,point,3.0,all,0.2092949631999972,0.03246174653432789,50
theta5,B,point,3.0,post,0.21006035641080378,0.04568647576802838,50
theta5,B,point,3.0,pre,0.22184289945802077,0.046862130747837544,50
theta5,B,point,10.0,all,0.2190657420268572,0.04971087942306586,50
theta5,B,point,10.0,post,0.21910524659722047,0.061592353451858046,50
theta5,B,point,10.0,pre,0.23286065197781775,0.06025832448160199,50
theta5,B,point,30.0,all,0.23031253835403562,0.057652891983740746,50
theta5,B,point,30.0,post,0.22988952708565433,0.06966856770881827,50
theta5,B,point,30.0,pre,0.24519992644163147,0.06756101378507319,50
theta5,B,point,100.0,all,0.23762569933237643,0.06132199267257833,50
theta5,B,point,100.0,post,0.23692165720899708,0.07367902111669558,50
theta5,B,point,100.0,pre,0.2532017985545808,0.07101958702703735,50
theta5_snr0,A,cur,0.0,all,0.20037343283306364,0.0061124474210402825,50
theta5_snr0,A,cur,0.0,post,0.2023889673259397,0.03132658133333091,50
theta5_snr0,A,cur,0.0,pre,0.2111010996314198,0.03311176206804672,50
theta5_snr0,A,cur,0.01,all,0.19906815675496645,0.0060713297880466656,50
theta5_snr0,A,cur,0.01,post,0.2010853333397526,0.031104423470382767,50
theta5_snr0,A,cur,0.01,pre,0.20971191006410447,0.032915163405073486,50
theta5_snr0,A,cur,0.03,all,0.19657513755445905,0.006002885231334401,50
theta5_snr0,A,cur,0.03,post,0.19859444036052026,0.03068224953358325,50
theta5_snr0,A,cur,0.03,pre,0.2070595672084052,0.03254058336842381,50
theta5_snr0,A,cur,0.1,all,0.18896471714615093,0.005893653692826399,50
theta5_snr0,A,cur,0.1,post,0.19098094702296906,0.029415622041575315,50
theta5_snr0,A,cur,0.1,pre,0.19897192481581244,0.03140522130033927,50
theta5_snr0,A,cur,0.3,all,0.1744688982308768,0.00678436383694599,50
theta5_snr0,A,cur,0.3,post,0.1764148814831539,0.02729611877440049,50
theta5_snr0,A,cur,0.3,pre,0.18363137268097013,0.029390023809979637,50
theta5_snr0,A,cur,1.0,all,0.1619021206080751,0.01765639917499131,50
theta5_snr0,A,cur,1.0,post,0.1633976005992939,0.030614779483560218,50
theta5_snr0,A,cur,1.0,pre,0.17073729381247865,0.03156853730279667,50
theta5_snr0,A,cur,3.0,all,0.17662825142510105,0.03690763146637218,50
theta5_snr0,A,cur,3.0,post,0.177342862764633,0.047087580511320976,50
theta5_snr0,A,cur,3.0,pre,0.18716598018737884,0.04625832340002773,50
theta5_snr0,A,cur,10.0,all,0.20435871997806257,0.052312019122689096,50
theta5_snr0,A,cur,10.0,post,0.20443874491667913,0.06307819434281625,50
theta5_snr0,A,cur,10.0,pre,0.21719433756784107,0.061109833807221486,50
theta5_snr0,A,cur,30.0,all,0.22084559680916296,0.05931960607112827,50
theta5_snr0,A,cur,30.0,post,0.22059366885616513,0.07079925229640129,50
theta5_snr0,A,cur,30.0,pre,0.23499959252565283,0.06814558608996026,50
theta5_snr0,A,cur,100.0,all,0.22973568595973007,0.06262552074270447,50
theta5_snr0,A,cur,100.0,post,0.2293228603893799,0.07476313618412618,50
theta5_snr0,A,cur,100.0,pre,0.24459979619982947,0.0713663253054488,50
theta5_snr0,A,hist,0.0,all,0.20037343283306366,0.006112447421040256,50
theta5_snr0,A,hist,0.0,post,0.2023889673259397,0.0313265813333309,50
theta5_snr0,A,hist,0.0,pre,0.21110109963141985,0.033111762068046745,50
theta5_snr0,A,hist,0.01,all,0.1990670529522967,0.0060710073276890155,50
theta5_snr0,A,hist,0.01,post,0.20108644942137618,0.031104703318948494,50
theta5_snr0,A,hist,0.01,pre,0.20970838604254205,0.03291378316922147,50
theta5_snr0,A,hist,0.03,all,0.19657060057468861,0.006001949512389218,50
theta5_snr0,A,hist,0.03,post,0.19859774855757434,0.030683043206094145,50
theta5_snr0,A,hist,0.03,pre,0.20704659506380177,0.03253708023922642,50
theta5_snr0,A,hist,0.1,all,0.18893677598181566,0.005891211361058209,50
theta5_snr0,A,hist,0.1,post,0.19099152186054055,0.02941777772198353,50
theta5_snr0,A,hist,0.1,pre,0.19890360162832083,0.031400442480064045,50
theta5_snr0,A,hist,0.3,all,0.17430618631665007,0.0067885470333261975,50
theta5_snr0,A,hist,0.3,post,0.17644305817841807,0.02729929886382666,50
theta5_snr0,A,hist,0.3,pre,0.183272554639833,0.029424148246899234,50
theta5_snr0,A,hist,1.0,all,0.1610757161525201,0.017766257904558963,50
theta5_snr0,A,hist,1.0,post,0.16346147766969882,0.030608115766626427,50
theta5_snr0,A,hist,1.0,pre,0.16900499855634812,0.03197215604372754,50
theta5_snr0,A,hist,3.0,all,0.17471338293092267,0.037291837164272534,50
theta5_snr0,A,hist,3.0,post,0.1774342081613043,0.047063114334645835,50
theta5_snr0,A,hist,3.0,pre,0.1832288722870721,0.04742240075886937,50
theta5_snr0,A,hist,10.0,all,0.20158131064926835,0.053021074226358524,50
theta5_snr0,A,hist,10.0,post,0.20454057189504934,0.06304708506213752,50
theta5_snr0,A,hist,10.0,pre,0.21153914562766635,0.06297575530062256,50
theta5_snr0,A,hist,30.0,all,0.21771791943533647,0.0601995522302458,50
theta5_snr0,A,hist,30.0,post,0.2207083580717263,0.07075872058200924,50
theta5_snr0,A,hist,30.0,pre,0.22863515196477743,0.07032765832847891,50
theta5_snr0,A,hist,100.0,all,0.22664875758316472,0.06349053150942867,50
theta5_snr0,A,hist,100.0,post,0.22961872530057545,0.07462864310036386,50
theta5_snr0,A,hist,100.0,pre,0.2381296354108686,0.07356068280888876,50
theta5_snr0,A,in,0.0,all,0.20037343283287853,0.006112447421025195,50
theta5_snr0,A,in,0.0,post,0.20238896732592207,0.03132658133332673,50
theta5_snr0,A,in,0.0,pre,0.21110109963105053,0.03311176206799274,50
theta5_snr0,A,in,0.01,all,0.19906704841559011,0.006071000097208553,50
theta5_snr0,A,in,0.01,post,0.20108640419395893,0.031104712086028698,50
theta5_snr0,A,in,0.01,pre,0.20970842876993284,0.03291381605455397,50
theta5_snr0,A,in,0.03,all,0.1965705888585927,0.006001930075324208,50
theta5_snr0,A,in,0.03,post,0.19859761721391161,0.03068306611456201,50
theta5_snr0,A,in,0.03,pre,0.2070467224389085,0.03253718142933063,50
theta5_snr0,A,in,0.1,all,0.18893675917782043,0.005891135841603156,50
theta5_snr0,A,in,0.1,post,0.19099113440921145,0.029417809213580177,50
theta5_snr0,A,in,0.1,pre,0.1989040175844849,0.031400796857260535,50
theta5_snr0,A,in,0.3,all,0.1743063156309365,0.006787840171129229,50
theta5_snr0,A,in,0.3,post,0.17644229388614677,0.027298988382844353,50
theta5_snr0,A,in,0.3,pre,0.1832737442546255,0.029425128245112654,50
theta5_snr0,A,in,1.0,all,0.16107727552309586,0.017763519966917073,50
theta5_snr0,A,in,1.0,post,0.16346154643237276,0.030605755903748238,50
theta5_snr0,A,in,1.0,pre,0.1690084520554966,0.03197263496780906,50
theta5_snr0,A,in,3.0,all,0.17471818194713337,0.03728836707410185,50
theta5_snr0,A,in,3.0,post,0.17743753477182403,0.04706015031592453,50
theta5_snr0,A,in,3.0,pre,0.18323582173914954,0.04742051885145645,50
theta5_snr0,A,in,10.0,all,0.20158932463022577,0.05301995598551613,50
theta5_snr0,A,in,10.0,post,0.2045467369830178,0.06304586947938516,50
theta5_snr0,A,in,10.0,pre,0.21155039922257246,0.06297834599942559,50
theta5_snr0,A,in,30.0,all,0.21771859381065553,0.06021135714652641,50
theta5_snr0,A,in,30.0,post,0.22070473976012095,0.07076800910743111,50
theta5_snr0,A,in,30.0,pre,0.2286438988228129,0.07035241441790151,50
theta5_snr0,A,in,100.0,all,0.22647736938434154,0.06360290711995698,50
theta5_snr0,A,in,100.0,post,0.22943504498198067,0.07473289020206142,50
theta5_snr0,A,in,100.0,pre,0.23797975930487655,0.07370255148117931,50
theta5_snr0,A,legs,0.0,all,0.2003734328330636,0.006112447421040277,50
theta5_snr0,A,legs,0.0,post,0.20238896732593964,0.031326581333330945,50
theta5_snr0,A,legs,0.0,pre,0.2111010996314198,0.033111762068046696,50
theta5_snr0,A,legs,0.01,all,0.2003734328330636,0.006112447421040277,50
theta5_snr0,A,legs,0.01,post,0.20238896732593964,0.031326581333330945,50
theta5_snr0,A,legs,0.01,pre,0.2111010996314198,0.033111762068046696,50
theta5_snr0,A,legs,0.03,all,0.2003734328330636,0.006112447421040277,50
theta5_snr0,A,legs,0.03,post,0.20238896732593964,0.031326581333330945,50
theta5_snr0,A,legs,0.03,pre,0.2111010996314198,0.033111762068046696,50
theta5_snr0,A,legs,0.1,all,0.2003734328330636,0.006112447421040277,50
theta5_snr0,A,legs,0.1,post,0.20238896732593964,0.031326581333330945,50
theta5_snr0,A,legs,0.1,pre,0.2111010996314198,0.033111762068046696,50
theta5_snr0,A,legs,0.3,all,0.2003734328330636,0.006112447421040277,50
theta5_snr0,A,legs,0.3,post,0.20238896732593964,0.031326581333330945,50
theta5_snr0,A,legs,0.3,pre,0.2111010996314198,0.033111762068046696,50
theta5_snr0,A,legs,1.0,all,0.2003734328330636,0.006112447421040277,50
theta5_snr0,A,legs,1.0,post,0.20238896732593964,0.031326581333330945,50
theta5_snr0,A,legs,1.0,pre,0.2111010996314198,0.033111762068046696,50
theta5_snr0,A,legs,3.0,all,0.2003734328330636,0.006112447421040277,50
theta5_snr0,A,legs,3.0,post,0.20238896732593964,0.031326581333330945,50
theta5_snr0,A,legs,3.0,pre,0.2111010996314198,0.033111762068046696,50
theta5_snr0,A,legs,10.0,all,0.2003734328330636,0.006112447421040277,50
theta5_snr0,A,legs,10.0,post,0.20238896732593964,0.031326581333330945,50
theta5_snr0,A,legs,10.0,pre,0.2111010996314198,0.033111762068046696,50
theta5_snr0,A,legs,30.0,all,0.2003734328330636,0.006112447421040277,50
theta5_snr0,A,legs,30.0,post,0.20238896732593964,0.031326581333330945,50
theta5_snr0,A,legs,30.0,pre,0.2111010996314198,0.033111762068046696,50
theta5_snr0,A,legs,100.0,all,0.2003734328330636,0.006112447421040277,50
theta5_snr0,A,legs,100.0,post,0.20238896732593964,0.031326581333330945,50
theta5_snr0,A,legs,100.0,pre,0.2111010996314198,0.033111762068046696,50
theta5_snr0,A,point,0.0,all,0.999743712155736,0.005157405891673961,50
theta5_snr0,A,point,0.0,post,1.0076132676720448,0.14360766578418596,50
theta5_snr0,A,point,0.0,pre,1.0560931304186107,0.1706946175768818,50
theta5_snr0,A,point,0.01,all,0.9931542639101394,0.00532254939189282,50
theta5_snr0,A,point,0.01,post,1.0009678201520487,0.14260246597078624,50
theta5_snr0,A,point,0.01,pre,1.0491330244328407,0.1695923393266759,50
theta5_snr0,A,point,0.03,all,0.9803397664321691,0.005839897855826824,50
theta5_snr0,A,point,0.03,post,0.9880446786889705,0.14065999092498646,50
theta5_snr0,A,point,0.03,pre,1.0355975608670958,0.16745551983571516,50
theta5_snr0,A,point,0.1,all,0.9389725378894321,0.008438072005759712,50
theta5_snr0,A,point,0.1,post,0.9463293496502742,0.13449472255772624,50
theta5_snr0,A,point,0.1,pre,0.9919013913923898,0.16061191218764,50
theta5_snr0,A,point,0.3,all,0.8441252151071622,0.014844589798119649,50
theta5_snr0,A,point,0.3,post,0.850703715325947,0.1208813249086528,50
theta5_snr0,A,point,0.3,pre,0.8917018253663186,0.14513500642367402,50
theta5_snr0,A,point,1.0,all,0.6560474113528386,0.022072158906174262,50
theta5_snr0,A,point,1.0,post,0.6612213656301928,0.09533208156143425,50
theta5_snr0,A,point,1.0,pre,0.692914208329011,0.11436830297396791,50
theta5_snr0,A,point,3.0,all,0.4769904566847073,0.02430814547068675,50
theta5_snr0,A,point,3.0,post,0.4811610092153463,0.07339315291620817,50
theta5_snr0,A,point,3.0,pre,0.5033925576785279,0.08384928740494843,50
theta5_snr0,A,point,10.0,all,0.36777610010626177,0.035767577496395815,50
theta5_snr0,A,point,10.0,post,0.3715073269679551,0.06762361090701281,50
theta5_snr0,A,point,10.0,pre,0.38761740734083183,0.06927040199871945,50
theta5_snr0,A,point,30.0,all,0.3324867517713907,0.04448838204288564,50
theta5_snr0,A,point,30.0,post,0.33575366599391315,0.0687271067810171,50
theta5_snr0,A,point,30.0,pre,0.35050031950562677,0.07005418439247874,50
theta5_snr0,A,point,100.0,all,0.32345372703524455,0.048663831989293374,50
theta5_snr0,A,point,100.0,post,0.3262522828401581,0.06928504304650583,50
theta5_snr0,A,point,100.0,pre,0.34133046807029366,0.0730783528499956,50
theta5_snr0,B,cur,0.0,all,0.20025168012093886,0.0061062671068744506,50
theta5_snr0,B,cur,0.0,post,0.20233141856317371,0.03132766236894156,50
theta5_snr0,B,cur,0.0,pre,0.21090573388170625,0.03308416881874028,50
theta5_snr0,B,cur,0.01,all,0.19894447597049805,0.00606422274228524,50
theta5_snr0,B,cur,0.01,post,0.20102825551265924,0.03110598806126692,50
theta5_snr0,B,cur,0.01,pre,0.20951208355455558,0.03288710787935389,50
theta5_snr0,B,cur,0.03,all,0.19644636472719712,0.005994130859488661,50
theta5_snr0,B,cur,0.03,post,0.1985382869004441,0.030684724152390163,50
theta5_snr0,B,cur,0.03,pre,0.20684836429076334,0.03251219331255507,50
theta5_snr0,B,cur,0.1,all,0.18880668589791427,0.005881725982849909,50
theta5_snr0,B,cur,0.1,post,0.19092785097752485,0.029420780485933353,50
theta5_snr0,B,cur,0.1,pre,0.19869818790628993,0.03138141687678056,50
theta5_snr0,B,cur,0.3,all,0.17416005049358463,0.006787748114523927,50
theta5_snr0,B,cur,0.3,post,0.17636909738403606,0.027306557421004782,50
theta5_snr0,B,cur,0.3,pre,0.18304553646002766,0.029419260406226243,50
theta5_snr0,B,cur,1.0,all,0.16089409817079614,0.01778621177288747,50
theta5_snr0,B,cur,1.0,post,0.16336535408535938,0.030637733984819625,50
theta5_snr0,B,cur,1.0,pre,0.16872686462685066,0.03197679263558989,50
theta5_snr0,B,cur,3.0,all,0.174514587108358,0.03730816660543343,50
theta5_snr0,B,cur,3.0,post,0.17732096087664154,0.047114767897869184,50
theta5_snr0,B,cur,3.0,pre,0.1829298910376404,0.047376801321493155,50
theta5_snr0,B,cur,10.0,all,0.2013943154730769,0.05302077866134495,50
theta5_snr0,B,cur,10.0,post,0.20442466366123424,0.06309847029830798,50
theta5_snr0,B,cur,10.0,pre,0.21126573955826358,0.06286966594256925,50
theta5_snr0,B,cur,30.0,all,0.217537770327817,0.06019591607724412,50
theta5_snr0,B,cur,30.0,post,0.2205833778259494,0.07081513085488308,50
theta5_snr0,B,cur,30.0,pre,0.22838835703448176,0.0702128288496145,50
theta5_snr0,B,cur,100.0,all,0.22630796930475522,0.06357670182779787,50
theta5_snr0,B,cur,100.0,post,0.2293147424211036,0.07477714680758515,50
theta5_snr0,B,cur,100.0,pre,0.23774930859336912,0.0735530912461492,50
theta5_snr0,B,hist,0.0,all,0.20025168012093889,0.006106267106874424,50
theta5_snr0,B,hist,0.0,post,0.20233141856317377,0.031327662368941515,50
theta5_snr0,B,hist,0.0,pre,0.21090573388170633,0.0330841688187403,50
theta5_snr0,B,hist,0.01,all,0.19894384830801673,0.006063884175593802,50
theta5_snr0,B,hist,0.01,post,0.20102778747307964,0.031105681454874943,50
theta5_snr0,B,hist,0.01,pre,0.2095110986327789,0.03288543918206833,50
theta5_snr0,B,hist,0.03,all,0.19644585367046774,0.00599330301461282,50
theta5_snr0,B,hist,0.03,post,0.19853693645045697,0.03068380363812984,50
theta5_snr0,B,hist,0.03,pre,0.20684817505354958,0.032507031079675404,50
theta5_snr0,B,hist,0.1,all,0.18881951980669792,0.005879930488611867,50
theta5_snr0,B,hist,0.1,post,0.19092393459612103,0.02941773106793983,50
theta5_snr0,B,hist,0.1,pre,0.19872685370391938,0.0313621381964098,50
theta5_snr0,B,hist,0.3,all,0.17429123752835055,0.006778240686873693,50
theta5_snr0,B,hist,0.3,post,0.1763614622395533,0.027298053012596652,50
theta5_snr0,B,hist,0.3,pre,0.1833179433656692,0.029344806926910806,50
theta5_snr0,B,hist,1.0,all,0.16170847167050212,0.01773022998739216,50
theta5_snr0,B,hist,1.0,post,0.16336521874086973,0.030620171554357128,50
theta5_snr0,B,hist,1.0,pre,0.1703807713744316,0.03169316117042035,50
theta5_snr0,B,hist,3.0,all,0.17653234766365483,0.037073579426645686,50
theta5_snr0,B,hist,3.0,post,0.17735613514017545,0.04708997277289395,50
theta5_snr0,B,hist,3.0,pre,0.18697255590266035,0.04667721741999394,50
theta5_snr0,B,hist,10.0,all,0.20439429397431405,0.052619724742389386,50
theta5_snr0,B,hist,10.0,post,0.20449865077988755,0.0630687417352119,50
theta5_snr0,B,hist,10.0,pre,0.21721682029191228,0.06177003100998209,50
theta5_snr0,B,hist,30.0,all,0.22099232232365068,0.059721514514612745,50
theta5_snr0,B,hist,30.0,post,0.22068676117451036,0.07077491561755844,50
theta5_snr0,B,hist,30.0,pre,0.23518665853122162,0.06890824650893973,50
theta5_snr0,B,hist,100.0,all,0.23015359433265764,0.06298314793375878,50
theta5_snr0,B,hist,100.0,post,0.22960760363616214,0.0746421041312687,50
theta5_snr0,B,hist,100.0,pre,0.2451066751302805,0.07204499553227355,50
theta5_snr0,B,in,0.0,all,0.2002516801207532,0.006106267106859119,50
theta5_snr0,B,in,0.0,post,0.20233141856315606,0.03132766236893739,50
theta5_snr0,B,in,0.0,pre,0.21090573388133582,0.03308416881868589,50
theta5_snr0,B,in,0.01,all,0.19894383544221075,0.006063884731555682,50
theta5_snr0,B,in,0.01,post,0.20102773809742236,0.031105691578271102,50
theta5_snr0,B,in,0.01,pre,0.2095111254973429,0.03288545450041274,50
theta5_snr0,B,in,0.03,all,0.19644581630492905,0.005993306640874786,50
theta5_snr0,B,in,0.03,post,0.19853679285570647,0.030683830589488335,50
theta5_snr0,B,in,0.03,pre,0.20684825330714612,0.03250708043888833,50
theta5_snr0,B,in,0.1,all,0.188819411157116,0.005879927892494306,50
theta5_snr0,B,in,0.1,post,0.1909235085259309,0.02941777638380329,50
theta5_snr0,B,in,0.1,pre,0.19872709091474935,0.03136232855903955,50
theta5_snr0,B,in,0.3,all,0.17429106337027447,0.0067776982697191415,50
theta5_snr0,B,in,0.3,post,0.17636059987120187,0.02729779441657811,50
theta5_snr0,B,in,0.3,pre,0.18331852454338285,0.029345347348978156,50
theta5_snr0,B,in,1.0,all,0.16170910848392508,0.017727622116656766,50
theta5_snr0,B,in,1.0,post,0.16336511163525955,0.03061801158817696,50
theta5_snr0,B,in,1.0,pre,0.17038228872420547,0.03169260998066491,50
theta5_snr0,B,in,3.0,all,0.17653558406913053,0.03707017509124071,50
theta5_snr0,B,in,3.0,post,0.17735935648411233,0.047087228378411554,50
theta5_snr0,B,in,3.0,pre,0.18697608568870816,0.04667404064704472,50
theta5_snr0,B,in,10.0,all,0.20440033044910472,0.052618655755635936,50
theta5_snr0,B,in,10.0,post,0.20450486861660144,0.06306754323658877,50
theta5_snr0,B,in,10.0,pre,0.21722369504790634,0.061771268144328234,50
theta5_snr0,B,in,30.0,all,0.22099099362453592,0.05973279082024398,50
theta5_snr0,B,in,30.0,post,0.2206832350715012,0.07078399591494397,50
theta5_snr0,B,in,30.0,pre,0.23519108240044562,0.06893004654551055,50
theta5_snr0,B,in,100.0,all,0.22998366897917283,0.0630915188529371,50
theta5_snr0,B,in,100.0,post,0.22942393704597466,0.07474590812155872,50
theta5_snr0,B,in,100.0,pre,0.24495971553129364,0.0721747351985628,50
theta5_snr0,B,legs,0.0,all,0.20025168012093886,0.006106267106874451,50
theta5_snr0,B,legs,0.0,post,0.20233141856317371,0.031327662368941585,50
theta5_snr0,B,legs,0.0,pre,0.21090573388170625,0.033084168818740246,50
theta5_snr0,B,legs,0.01,all,0.20025168012093886,0.006106267106874451,50
theta5_snr0,B,legs,0.01,post,0.20233141856317371,0.031327662368941585,50
theta5_snr0,B,legs,0.01,pre,0.21090573388170625,0.033084168818740246,50
theta5_snr0,B,legs,0.03,all,0.20025168012093886,0.006106267106874451,50
theta5_snr0,B,legs,0.03,post,0.20233141856317371,0.031327662368941585,50
theta5_snr0,B,legs,0.03,pre,0.21090573388170625,0.033084168818740246,50
theta5_snr0,B,legs,0.1,all,0.20025168012093886,0.006106267106874451,50
theta5_snr0,B,legs,0.1,post,0.20233141856317371,0.031327662368941585,50
theta5_snr0,B,legs,0.1,pre,0.21090573388170625,0.033084168818740246,50
theta5_snr0,B,legs,0.3,all,0.20025168012093886,0.006106267106874451,50
theta5_snr0,B,legs,0.3,post,0.20233141856317371,0.031327662368941585,50
theta5_snr0,B,legs,0.3,pre,0.21090573388170625,0.033084168818740246,50
theta5_snr0,B,legs,1.0,all,0.20025168012093886,0.006106267106874451,50
theta5_snr0,B,legs,1.0,post,0.20233141856317371,0.031327662368941585,50
theta5_snr0,B,legs,1.0,pre,0.21090573388170625,0.033084168818740246,50
theta5_snr0,B,legs,3.0,all,0.20025168012093886,0.006106267106874451,50
theta5_snr0,B,legs,3.0,post,0.20233141856317371,0.031327662368941585,50
theta5_snr0,B,legs,3.0,pre,0.21090573388170625,0.033084168818740246,50
theta5_snr0,B,legs,10.0,all,0.20025168012093886,0.006106267106874451,50
theta5_snr0,B,legs,10.0,post,0.20233141856317371,0.031327662368941585,50
theta5_snr0,B,legs,10.0,pre,0.21090573388170625,0.033084168818740246,50
theta5_snr0,B,legs,30.0,all,0.20025168012093886,0.006106267106874451,50
theta5_snr0,B,legs,30.0,post,0.20233141856317371,0.031327662368941585,50
theta5_snr0,B,legs,30.0,pre,0.21090573388170625,0.033084168818740246,50
theta5_snr0,B,legs,100.0,all,0.20025168012093886,0.006106267106874451,50
theta5_snr0,B,legs,100.0,post,0.20233141856317371,0.031327662368941585,50
theta5_snr0,B,legs,100.0,pre,0.21090573388170625,0.033084168818740246,50
theta5_snr0,B,point,0.0,all,0.9996983637908106,0.005175082262489581,50
theta5_snr0,B,point,0.0,post,1.0076132676720448,0.14360766578418596,50
theta5_snr0,B,point,0.0,pre,1.0559835888936306,0.17041664251415883,50
theta5_snr0,B,point,0.01,all,0.9931090109554895,0.005331874257206843,50
theta5_snr0,B,point,0.01,post,1.0009678201520487,0.14260246597078624,50
theta5_snr0,B,point,0.01,pre,1.0490237898857877,0.1693158221718819,50
theta5_snr0,B,point,0.03,all,0.9802949673158268,0.005834963119295013,50
theta5_snr0,B,point,0.03,post,0.9880446786889705,0.14065999092498646,50
theta5_snr0,B,point,0.03,pre,1.0354894696073926,0.16718181768193702,50
theta5_snr0,B,point,0.1,all,0.9389318136375171,0.008406713531492574,50
theta5_snr0,B,point,0.1,post,0.9463293496502742,0.13449472255772624,50
theta5_snr0,B,point,0.1,pre,0.9918023018345672,0.16034700780514113,50
theta5_snr0,B,point,0.3,all,0.8441121697425022,0.014793691723724358,50
theta5_snr0,B,point,0.3,post,0.850703715325947,0.1208813249086528,50
theta5_snr0,B,point,0.3,pre,0.891660640591425,0.14488692993710472,50
theta5_snr0,B,point,1.0,all,0.6562130976364263,0.021993050615436327,50
theta5_snr0,B,point,1.0,post,0.6612213656301928,0.09533208156143425,50
theta5_snr0,B,point,1.0,pre,0.6932390217302601,0.11412084989850683,50
theta5_snr0,B,point,3.0,all,0.47768842496984176,0.024241993061664108,50
theta5_snr0,B,point,3.0,post,0.4811610092153463,0.07339315291620817,50
theta5_snr0,B,point,3.0,pre,0.5047987129183309,0.08351272165655374,50
theta5_snr0,B,point,10.0,all,0.3693535044097445,0.035768505140372664,50
theta5_snr0,B,point,10.0,post,0.3715073269679551,0.06762361090701281,50
theta5_snr0,B,point,10.0,pre,0.3907980032464982,0.06875946752954842,50
theta5_snr0,B,point,30.0,all,0.33467649316893877,0.0444166808195708,50
theta5_snr0,B,point,30.0,post,0.33575366599391315,0.0687271067810171,50
theta5_snr0,B,point,30.0,pre,0.35489763279009395,0.06931767261682215,50
theta5_snr0,B,point,100.0,all,0.3259731725120727,0.048483850655170656,50
theta5_snr0,B,point,100.0,post,0.3262522828401581,0.06928504304650583,50
theta5_snr0,B,point,100.0,pre,0.3463678864448272,0.07213075346035999,50
theta60,A,cur,0.0,all,0.0992789829128971,0.018311838014356596,50
theta60,A,cur,0.0,post,0.1006928992702993,0.026775450811192224,50
theta60,A,cur,0.0,pre,0.10470616514406174,0.0304978222020745,50
theta60,A,cur,0.01,all,0.09908168692556604,0.01832088367054092,50
theta60,A,cur,0.01,post,0.10010024977427039,0.02658721662529717,50
theta60,A,cur,0.01,pre,0.10489751554495137,0.030546772247433157,50
theta60,A,cur,0.03,all,0.09910839844301796,0.01827400450377232,50
theta60,A,cur,0.03,post,0.09904786112544427,0.02620459669615906,50
theta60,A,cur,0.03,pre,0.1059973583611743,0.030483815745559147,50
theta60,A,cur,0.1,all,0.10283141542195944,0.01765843275330471,50
theta60,A,cur,0.1,post,0.09659311418718397,0.024853765605801423,50
theta60,A,cur,0.1,pre,0.11558876643134935,0.029173231396588385,50
theta60,A,cur,0.3,all,0.12847725690542508,0.01723569680697763,50
theta60,A,cur,0.3,post,0.0965809539031019,0.022379119028501506,50
theta60,A,cur,0.3,pre,0.16125632309795304,0.02535820768863188,50
theta60,A,cur,1.0,all,0.21627321292086588,0.030020770217944633,50
theta60,A,cur,1.0,post,0.1176704119014497,0.029775877753685048,50
theta60,A,cur,1.0,pre,0.29223321481814746,0.027303802205461136,50
theta60,A,cur,3.0,all,0.32590725534496134,0.04732226633624707,50
theta60,A,cur,3.0,post,0.1593987436789975,0.048048603156353974,50
theta60,A,cur,3.0,pre,0.44597541447426137,0.031121774919412846,50
theta60,A,cur,10.0,all,0.4149101548922095,0.06043479201991111,50
theta60,A,cur,10.0,post,0.19852156124743955,0.0634987637576807,50
theta60,A,cur,10.0,pre,0.5686001006165474,0.03082497372402242,50
theta60,A,cur,30.0,all,0.4570954352314076,0.06629773367116779,50
theta60,A,cur,30.0,post,0.21804756130613712,0.07098647038366644,50
theta60,A,cur,30.0,pre,0.6262939772362893,0.029086872838232206,50
theta60,A,cur,100.0,all,0.4773984578184938,0.0690423615074695,50
theta60,A,cur,100.0,post,0.22780858296785744,0.07477551983595852,50
theta60,A,cur,100.0,pre,0.6538892212676753,0.027583048799626666,50
theta60,A,hist,0.0,all,0.09927898291289713,0.018311838014356624,50
theta60,A,hist,0.0,post,0.10069289927029933,0.026775450811192245,50
theta60,A,hist,0.0,pre,0.10470616514406174,0.030497822202074528,50
theta60,A,hist,0.01,all,0.09902422951416956,0.018332630606968724,50
theta60,A,hist,0.01,post,0.10044268774621029,0.026762034312101626,50
theta60,A,hist,0.01,pre,0.10442513548496418,0.030507218332351163,50
theta60,A,hist,0.03,all,0.09862926613643017,0.018341813891133738,50
theta60,A,hist,0.03,post,0.10005804103607369,0.026718921586069352,50
theta60,A,hist,0.03,pre,0.10398493043277858,0.030509863560296422,50
theta60,A,hist,0.1,all,0.09827728577019526,0.0181110728814372,50
theta60,A,hist,0.1,post,0.09975155717471607,0.02644702215121363,50
theta60,A,hist,0.1,pre,0.10354338611685288,0.030384016925868798,50
theta60,A,hist,0.3,all,0.10267850788069717,0.017141359324187862,50
theta60,A,hist,0.3,post,0.10429065758867695,0.025981316758530142,50
theta60,A,hist,0.3,pre,0.10809137547614839,0.029931017890894824,50
theta60,A,hist,1.0,all,0.12931242149459585,0.022736130654428654,50
theta60,A,hist,1.0,post,0.13127552030836115,0.032433182601219676,50
theta60,A,hist,1.0,pre,0.13612330797625108,0.034735598144663156,50
theta60,A,hist,3.0,all,0.1740751894091886,0.03723762077522144,50
theta60,A,hist,3.0,post,0.17656794932824937,0.04751239209884666,50
theta60,A,hist,3.0,pre,0.18305045279133256,0.048417752611853986,50
theta60,A,hist,10.0,all,0.22552045365796258,0.04912728350702319,50
theta60,A,hist,10.0,post,0.22810254736327726,0.06018804607470807,50
theta60,A,hist,10.0,pre,0.23676025824834085,0.060718208829705175,50
theta60,A,hist,30.0,all,0.2770655676176255,0.05676114081282347,50
theta60,A,hist,30.0,post,0.2783679253759759,0.06878449393710676,50
theta60,A,hist,30.0,pre,0.290601501667706,0.06937624869024551,50
theta60,A,hist,100.0,all,0.33010156308998617,0.06702937565002129,50
theta60,A,hist,100.0,post,0.3292159088613017,0.08016918792461988,50
theta60,A,hist,100.0,pre,0.3460824949367611,0.08138922300894391,50
theta60,A,in,0.0,all,0.09927898291286047,0.018311838014362328,50
theta60,A,in,0.0,post,0.10069289927029086,0.026775450811190534,50
theta60,A,in,0.0,pre,0.10470616514399365,0.030497822202090852,50
theta60,A,in,0.01,all,0.09902474837020918,0.018332789429430226,50
theta60,A,in,0.01,post,0.1004427783663281,0.02676359818015258,50
theta60,A,in,0.01,pre,0.1044263718395055,0.030508039852126724,50
theta60,A,in,0.03,all,0.09863024861681131,0.018342070550226026,50
theta60,A,in,0.03,post,0.10005771136543533,0.026723731403603138,50
theta60,A,in,0.03,pre,0.10398802654095748,0.03051242863556727,50
theta60,A,in,0.1,all,0.09827386429099176,0.018109398258434294,50
theta60,A,in,0.1,post,0.0997436820210491,0.026463794029514844,50
theta60,A,in,0.1,pre,0.10354634131952871,0.030394059403710993,50
theta60,A,in,0.3,all,0.10261598610825232,0.017117521488124596,50
theta60,A,in,0.3,post,0.1042169680204376,0.02603096155597354,50
theta60,A,in,0.3,pre,0.10804096110128986,0.02997473351277905,50
theta60,A,in,1.0,all,0.1287190382932654,0.02266376074247629,50
theta60,A,in,1.0,post,0.13066697256483328,0.0326246914842985,50
theta60,A,in,1.0,pre,0.13553338628430164,0.03493259071141167,50
theta60,A,in,3.0,all,0.17075984744314016,0.0375049518625459,50
theta60,A,in,3.0,post,0.17328064608404126,0.048391428944169236,50
theta60,A,in,3.0,pre,0.1796705173631176,0.0491086726224497,50
theta60,A,in,10.0,all,0.2084002265306665,0.05080627379780922,50
theta60,A,in,10.0,post,0.21148075914089234,0.06292715632982325,50
theta60,A,in,10.0,pre,0.2190843291178758,0.06274846407461442,50
theta60,A,in,30.0,all,0.22704231414898282,0.05734069125884576,50
theta60,A,in,30.0,post,0.23037098792852706,0.0701832074449205,50
theta60,A,in,30.0,pre,0.23861566612104382,0.06941241571430949,50
theta60,A,in,100.0,all,0.23637877696074622,0.06053547566950397,50
theta60,A,in,100.0,post,0.23979368504287676,0.07389006245026586,50
theta60,A,in,100.0,pre,0.2484194991417842,0.07248081392145465,50
theta60,A,legs,0.0,all,0.0992789829128971,0.018311838014356593,50
theta60,A,legs,0.0,post,0.10069289927029931,0.02677545081119224,50
theta60,A,legs,0.0,pre,0.10470616514406174,0.0304978222020745,50
theta60,A,legs,0.01,all,0.0992789829128971,0.018311838014356593,50
theta60,A,legs,0.01,post,0.10069289927029931,0.02677545081119224,50
theta60,A,legs,0.01,pre,0.10470616514406174,0.0304978222020745,50
theta60,A,legs,0.03,all,0.0992789829128971,0.018311838014356593,50
theta60,A,legs,0.03,post,0.10069289927029931,0.02677545081119224,50
theta60,A,legs,0.03,pre,0.10470616514406174,0.0304978222020745,50
theta60,A,legs,0.1,all,0.0992789829128971,0.018311838014356593,50
theta60,A,legs,0.1,post,0.10069289927029931,0.02677545081119224,50
theta60,A,legs,0.1,pre,0.10470616514406174,0.0304978222020745,50
theta60,A,legs,0.3,all,0.0992789829128971,0.018311838014356593,50
theta60,A,legs,0.3,post,0.10069289927029931,0.02677545081119224,50
theta60,A,legs,0.3,pre,0.10470616514406174,0.0304978222020745,50
theta60,A,legs,1.0,all,0.0992789829128971,0.018311838014356593,50
theta60,A,legs,1.0,post,0.10069289927029931,0.02677545081119224,50
theta60,A,legs,1.0,pre,0.10470616514406174,0.0304978222020745,50
theta60,A,legs,3.0,all,0.0992789829128971,0.018311838014356593,50
theta60,A,legs,3.0,post,0.10069289927029931,0.02677545081119224,50
theta60,A,legs,3.0,pre,0.10470616514406174,0.0304978222020745,50
theta60,A,legs,10.0,all,0.0992789829128971,0.018311838014356593,50
theta60,A,legs,10.0,post,0.10069289927029931,0.02677545081119224,50
theta60,A,legs,10.0,pre,0.10470616514406174,0.0304978222020745,50
theta60,A,legs,30.0,all,0.0992789829128971,0.018311838014356593,50
theta60,A,legs,30.0,post,0.10069289927029931,0.02677545081119224,50
theta60,A,legs,30.0,pre,0.10470616514406174,0.0304978222020745,50
theta60,A,legs,100.0,all,0.0992789829128971,0.018311838014356593,50
theta60,A,legs,100.0,post,0.10069289927029931,0.02677545081119224,50
theta60,A,legs,100.0,pre,0.10470616514406174,0.0304978222020745,50
theta60,A,point,0.0,all,0.31630810421298355,0.0016253874373100342,50
theta60,A,point,0.0,post,0.31906065055363464,0.04528831906858617,50
theta60,A,point,0.0,pre,0.3337577556859091,0.05382191109013008,50
theta60,A,point,0.01,all,0.3142284482662277,0.0016801123744665497,50
theta60,A,point,0.01,post,0.31696244478062857,0.04496850415273038,50
theta60,A,point,0.01,pre,0.3315622479399894,0.053475488873080276,50
theta60,A,point,0.03,all,0.3102104888820699,0.001850533938584009,50
theta60,A,point,0.03,post,0.3129088223253031,0.04435482881987179,50
theta60,A,point,0.03,pre,0.32732028782677275,0.05280790689987859,50
theta60,A,point,0.1,all,0.29749462106731084,0.002706390650662554,50
theta60,A,point,0.1,post,0.3000820970862818,0.04244976074805831,50
theta60,A,point,0.1,pre,0.313893588179757,0.05070860993579775,50
theta60,A,point,0.3,all,0.27009017510068095,0.005162337023269842,50
theta60,A,point,0.3,post,0.27245673840417745,0.03858735364646588,50
theta60,A,point,0.3,pre,0.28494049383691505,0.04626241227331941,50
theta60,A,point,1.0,all,0.2264001509923581,0.014163292967938444,50
theta60,A,point,1.0,post,0.22855137014349614,0.035343062654137884,50
theta60,A,point,1.0,pre,0.23866210518097797,0.04074819988620833,50
theta60,A,point,3.0,all,0.20744653084292206,0.03272697679286215,50
theta60,A,point,3.0,post,0.20983215167260907,0.04586214459007707,50
theta60,A,point,3.0,pre,0.21829981053415837,0.04743159623010613,50
theta60,A,point,10.0,all,0.21621693325432523,0.050067697745973666,50
theta60,A,point,10.0,post,0.21904627345271918,0.06175551785783249,50
theta60,A,point,10.0,pre,0.22719330032831628,0.0613358088688239,50
theta60,A,point,30.0,all,0.22705477412387245,0.05807868515974399,50
theta60,A,point,30.0,post,0.23005168550065191,0.06977008100313001,50
theta60,A,point,30.0,pre,0.23853074802234492,0.06891497324759152,50
theta60,A,point,100.0,all,0.23415681559777038,0.061780234204708906,50
theta60,A,point,100.0,post,0.23715602364854685,0.07365021478550136,50
theta60,A,point,100.0,pre,0.2460478685798355,0.07251169380685873,50
theta60,B,cur,0.0,all,0.06360184046071848,0.0020339372994553234,50
theta60,B,cur,0.0,post,0.06431279841151155,0.00994148088043931,50
theta60,B,cur,0.0,pre,0.06687739006113468,0.01032435976520659,50
theta60,B,cur,0.01,all,0.06321085919739405,0.002011739635593828,50
theta60,B,cur,0.01,post,0.06393061763637597,0.009871539144967136,50
theta60,B,cur,0.01,pre,0.06645306130091931,0.010268582937724173,50
theta60,B,cur,0.03,all,0.06259355828469153,0.001988300796112006,50
theta60,B,cur,0.03,post,0.06333284889070143,0.009762252529950199,50
theta60,B,cur,0.03,pre,0.06577754354650754,0.010184098180128328,50
theta60,B,cur,0.1,all,0.06193764008479572,0.002442332448197496,50
theta60,B,cur,0.1,post,0.06275946017811158,0.00975544958934003,50
theta60,B,cur,0.1,pre,0.064999320525457,0.010207128742810318,50
theta60,B,cur,0.3,all,0.0678956243592157,0.00799343955976338,50
theta60,B,cur,0.3,post,0.0689738589017212,0.013352561015197356,50
theta60,B,cur,0.3,pre,0.07108997992287476,0.013440293038435084,50
theta60,B,cur,1.0,all,0.1015501830839326,0.024301649613886166,50
theta60,B,cur,1.0,post,0.10328331062111236,0.029927823288691296,50
theta60,B,cur,1.0,pre,0.10625283224392554,0.029210931634216192,50
theta60,B,cur,3.0,all,0.15041512102091503,0.041224204123269145,50
theta60,B,cur,3.0,post,0.15297091754228612,0.049100212569027205,50
theta60,B,cur,3.0,pre,0.1573784257134717,0.047548486150102556,50
theta60,B,cur,10.0,all,0.19169487631329007,0.05442724977683523,50
theta60,B,cur,10.0,post,0.1948982301301937,0.06429408216810063,50
theta60,B,cur,10.0,pre,0.2005877884174,0.061963091182366,50
theta60,B,cur,30.0,all,0.2116726591724204,0.06085709953590878,50
theta60,B,cur,30.0,post,0.21511753906514006,0.07167857596988704,50
theta60,B,cur,30.0,pre,0.22157975324156634,0.06895822977561128,50
theta60,B,cur,100.0,all,0.22159919884570103,0.06400692899420221,50
theta60,B,cur,100.0,post,0.22510029618059949,0.07543955323902912,50
theta60,B,cur,100.0,pre,0.23207801100715325,0.07228979561939387,50
theta60,B,hist,0.0,all,0.06360184046071851,0.0020339372994552917,50
theta60,B,hist,0.0,post,0.0643127984115116,0.009941480880439273,50
theta60,B,hist,0.0,pre,0.06687739006113463,0.010324359765206556,50
theta60,B,hist,0.01,all,0.06329218688702139,0.0020167029475899,50
theta60,B,hist,0.01,post,0.06393374615597572,0.009864679975271283,50
theta60,B,hist,0.01,pre,0.06660901529218886,0.010203010193804093,50
theta60,B,hist,0.03,all,0.06330707874329336,0.002052195988267247,50
theta60,B,hist,0.03,post,0.0633556960607805,0.00974584284795997,50
theta60,B,hist,0.03,pre,0.0671765764441368,0.009867581645452487,50
theta60,B,hist,0.1,all,0.06870678688381186,0.003604273934514173,50
theta60,B,hist,0.1,post,0.06297421691491327,0.009738790993490499,50
theta60,B,hist,0.1,pre,0.07787053548102926,0.008758664226762873,50
theta60,B,hist,0.3,all,0.10234525491065277,0.012431159531847182,50
theta60,B,hist,0.3,post,0.07030895789507441,0.013355036717296041,50
theta60,B,hist,0.3,pre,0.13125851162090305,0.012659828916081249,50
theta60,B,hist,1.0,all,0.2017299010781649,0.0302740468894525,50
theta60,B,hist,1.0,post,0.10844711481958695,0.029434521668407286,50
theta60,B,hist,1.0,pre,0.27231411264019884,0.024318545950893142,50
theta60,B,hist,3.0,all,0.31831070273768886,0.047100962465764756,50
theta60,B,hist,3.0,post,0.16453018103947578,0.0475030303961457,50
theta60,B,hist,3.0,pre,0.4319223331474402,0.031338368347438056,50
theta60,B,hist,10.0,all,0.4165535343155024,0.05907175772693064,50
theta60,B,hist,10.0,post,0.22302151465925896,0.0604321904024889,50
theta60,B,hist,10.0,pre,0.5616390022799282,0.03307591082410758,50
theta60,B,hist,30.0,all,0.47662555120634076,0.06294147227908363,50
theta60,B,hist,30.0,post,0.27637125497090625,0.0687172306316358,50
theta60,B,hist,30.0,pre,0.6325156131904173,0.03193722541748006,50
theta60,B,hist,100.0,all,0.5219000813014056,0.06515944918959089,50
theta60,B,hist,100.0,post,0.3285768186843921,0.07999205413922904,50
theta60,B,hist,100.0,pre,0.6788183566616237,0.03288683476785655,50
theta60,B,in,0.0,all,0.06360184046065803,0.002033937299451503,50
theta60,B,in,0.0,post,0.06431279841150064,0.009941480880436778,50
theta60,B,in,0.0,pre,0.06687739006102215,0.010324359765204249,50
theta60,B,in,0.01,all,0.06329208564614129,0.0020165775212152848,50
theta60,B,in,0.01,post,0.06393330091131981,0.009864756617012431,50
theta60,B,in,0.01,pre,0.06660925199369966,0.010202840529642643,50
theta60,B,in,0.03,all,0.0633065304955605,0.002051650639170959,50
theta60,B,in,0.03,post,0.06335439327623621,0.009746088394967734,50
theta60,B,in,0.03,pre,0.06717671842398422,0.009867008700150798,50
theta60,B,in,0.1,all,0.06869892403879294,0.0036008346380231615,50
theta60,B,in,0.1,post,0.06296789003070244,0.009739067801150147,50
theta60,B,in,0.1,pre,0.07786078246649232,0.00875399977829328,50
theta60,B,in,0.3,all,0.10226217894845202,0.01242281975681832,50
theta60,B,in,0.3,post,0.07024239695577529,0.013353602975243599,50
theta60,B,in,0.3,pre,0.13115588337496856,0.012631595480586205,50
theta60,B,in,1.0,all,0.20115754393029234,0.030294332605447078,50
theta60,B,in,1.0,post,0.10773680549332401,0.02954342638939297,50
theta60,B,in,1.0,pre,0.27168982982822265,0.02427435097986559,50
theta60,B,in,3.0,all,0.3160205257583389,0.047359997360016975,50
theta60,B,in,3.0,post,0.16074558898729177,0.04829965597502135,50
theta60,B,in,3.0,pre,0.42977089576611505,0.03139613092742455,50
theta60,B,in,10.0,all,0.40729122416791375,0.060651781519488426,50
theta60,B,in,10.0,post,0.20515278905845474,0.06324634767604752,50
theta60,B,in,10.0,pre,0.5542707495294907,0.03383410507239069,50
theta60,B,in,30.0,all,0.4504687984380129,0.06707438560613328,50
theta60,B,in,30.0,post,0.22651244527218467,0.07049571854685899,50
theta60,B,in,30.0,pre,0.6128806239792449,0.034076053690962296,50
theta60,B,in,100.0,all,0.4714209831512419,0.07043902461607383,50
theta60,B,in,100.0,post,0.23702664000173154,0.07417235869381007,50
theta60,B,in,100.0,pre,0.6411834587942137,0.0343292542985138,50
theta60,B,legs,0.0,all,0.0636018404607185,0.0020339372994553208,50
theta60,B,legs,0.0,post,0.06431279841151155,0.009941480880439325,50
theta60,B,legs,0.0,pre,0.06687739006113468,0.010324359765206582,50
theta60,B,legs,0.01,all,0.0636018404607185,0.0020339372994553208,50
theta60,B,legs,0.01,post,0.06431279841151155,0.009941480880439325,50
theta60,B,legs,0.01,pre,0.06687739006113468,0.010324359765206582,50
theta60,B,legs,0.03,all,0.0636018404607185,0.0020339372994553208,50
theta60,B,legs,0.03,post,0.06431279841151155,0.009941480880439325,50
theta60,B,legs,0.03,pre,0.06687739006113468,0.010324359765206582,50
theta60,B,legs,0.1,all,0.0636018404607185,0.0020339372994553208,50
theta60,B,legs,0.1,post,0.06431279841151155,0.009941480880439325,50
theta60,B,legs,0.1,pre,0.06687739006113468,0.010324359765206582,50
theta60,B,legs,0.3,all,0.0636018404607185,0.0020339372994553208,50
theta60,B,legs,0.3,post,0.06431279841151155,0.009941480880439325,50
theta60,B,legs,0.3,pre,0.06687739006113468,0.010324359765206582,50
theta60,B,legs,1.0,all,0.0636018404607185,0.0020339372994553208,50
theta60,B,legs,1.0,post,0.06431279841151155,0.009941480880439325,50
theta60,B,legs,1.0,pre,0.06687739006113468,0.010324359765206582,50
theta60,B,legs,3.0,all,0.0636018404607185,0.0020339372994553208,50
theta60,B,legs,3.0,post,0.06431279841151155,0.009941480880439325,50
theta60,B,legs,3.0,pre,0.06687739006113468,0.010324359765206582,50
theta60,B,legs,10.0,all,0.0636018404607185,0.0020339372994553208,50
theta60,B,legs,10.0,post,0.06431279841151155,0.009941480880439325,50
theta60,B,legs,10.0,pre,0.06687739006113468,0.010324359765206582,50
theta60,B,legs,30.0,all,0.0636018404607185,0.0020339372994553208,50
theta60,B,legs,30.0,post,0.06431279841151155,0.009941480880439325,50
theta60,B,legs,30.0,pre,0.06687739006113468,0.010324359765206582,50
theta60,B,legs,100.0,all,0.0636018404607185,0.0020339372994553208,50
theta60,B,legs,100.0,post,0.06431279841151155,0.009941480880439325,50
theta60,B,legs,100.0,pre,0.06687739006113468,0.010324359765206582,50
theta60,B,point,0.0,all,0.3162993046619793,0.002294358758339482,50
theta60,B,point,0.0,post,0.31906065055363464,0.04528831906858617,50
theta60,B,point,0.0,pre,0.3335468808061514,0.052662656584489924,50
theta60,B,point,0.01,all,0.31423603842631576,0.0023118325022065942,50
theta60,B,point,0.01,post,0.31696244478062857,0.04496850415273038,50
theta60,B,point,0.01,pre,0.33138503218739,0.05231173896284248,50
theta60,B,point,0.03,all,0.3103495395054853,0.002386047049517681,50
theta60,B,point,0.03,post,0.3129088223253031,0.04435482881987179,50
theta60,B,point,0.03,pre,0.3274098002928856,0.05160689635093093,50
theta60,B,point,0.1,all,0.29901706014283813,0.002810802673939183,50
theta60,B,point,0.1,post,0.3000820970862818,0.04244976074805831,50
theta60,B,point,0.1,pre,0.3167744691385631,0.04910759146705621,50
theta60,B,point,0.3,all,0.281140997256316,0.004999778711290441,50
theta60,B,point,0.3,post,0.27245673840417745,0.03858735364646588,50
theta60,B,point,0.3,pre,0.30664934318620624,0.04218415861254709,50
theta60,B,point,1.0,all,0.2869425581819281,0.02047522673899343,50
theta60,B,point,1.0,post,0.22855137014349614,0.035343062654137884,50
theta60,B,point,1.0,pre,0.35015316564806526,0.031189815424304993,50
theta60,B,point,3.0,all,0.3495729615987542,0.04246910962988194,50
theta60,B,point,3.0,post,0.20983215167260907,0.04586214459007707,50
theta60,B,point,3.0,pre,0.46332343807919757,0.03184395192681402,50
theta60,B,point,10.0,all,0.42340364577876616,0.05806176880860411,50
theta60,B,point,10.0,post,0.21904627345271918,0.06175551785783249,50
theta60,B,point,10.0,pre,0.5749214275983783,0.032687333629523065,50
theta60,B,point,30.0,all,0.4625536745061342,0.06479807416917219,50
theta60,B,point,30.0,post,0.23005168550065191,0.06977008100313001,50
theta60,B,point,30.0,pre,0.6310266715986635,0.031823519115983426,50
theta60,B,point,100.0,all,0.4824103028853897,0.06809543157665843,50
theta60,B,point,100.0,post,0.23715602364854685,0.07365021478550136,50
theta60,B,point,100.0,pre,0.6588231253544516,0.031343392379283574,50
theta60_snr0,A,cur,0.0,all,0.21483775600733016,0.011111231580953475,50
theta60_snr0,A,cur,0.0,post,0.21711239256835108,0.036442131113118545,50
theta60_snr0,A,cur,0.0,pre,0.22662412015257477,0.03852687299928947,50
theta60_snr0,A,cur,0.01,all,0.21364183106108997,0.01109281988745944,50
theta60_snr0,A,cur,0.01,post,0.2157209605703397,0.03617326892763119,50
theta60_snr0,A,cur,0.01,pre,0.22554984149434126,0.03839289579738307,50
theta60_snr0,A,cur,0.03,all,0.21150345660296355,0.011061036735926356,50
theta60_snr0,A,cur,0.03,post,0.2130567901693612,0.03565787993095589,50
theta60_snr0,A,cur,0.03,pre,0.2237972332257904,0.038092520008284454,50
theta60_snr0,A,cur,0.1,all,0.20637896917705745,0.01098960992613286,50
theta60_snr0,A,cur,0.1,post,0.20485937799999843,0.03406630493846355,50
theta60_snr0,A,cur,0.1,pre,0.22128626495848266,0.03676179802041741,50
theta60_snr0,A,cur,0.3,all,0.2057488890056315,0.011984554898672287,50
theta60_snr0,A,cur,0.3,post,0.18879113066092448,0.03102111145083142,50
theta60_snr0,A,cur,0.3,pre,0.23391287813431838,0.03245980305352984,50
theta60_snr0,A,cur,1.0,all,0.2494325535149229,0.025979233677687088,50
theta60_snr0,A,cur,1.0,post,0.17208617381633962,0.03171410222384507,50
theta60_snr0,A,cur,1.0,pre,0.32028837680516803,0.028924176728890708,50
theta60_snr0,A,cur,3.0,all,0.3371843896311188,0.04568071922971833,50
theta60_snr0,A,cur,3.0,post,0.18230076782551857,0.0465317857633888,50
theta60_snr0,A,cur,3.0,pre,0.4551926736793653,0.03140799970313224,50
theta60_snr0,A,cur,10.0,all,0.41902248414480403,0.05981813188666208,50
theta60_snr0,A,cur,10.0,post,0.20766450886533902,0.062308005502366454,50
theta60_snr0,A,cur,10.0,pre,0.5719126782016041,0.031030245667753698,50
theta60_snr0,A,cur,30.0,all,0.45948667560143563,0.06586510007609668,50
theta60_snr0,A,cur,30.0,post,0.22345292927265728,0.07002662049063751,50
theta60_snr0,A,cur,30.0,pre,0.6282262957367114,0.029205411950654056,50
theta60_snr0,A,cur,100.0,all,0.4793184479167501,0.06862825469287319,50
theta60_snr0,A,cur,100.0,post,0.2320570490895935,0.07390802368385531,50
theta60_snr0,A,cur,100.0,pre,0.6554770952142429,0.02765267253070285,50
theta60_snr0,A,hist,0.0,all,0.21483775600733018,0.011111231580953517,50
theta60_snr0,A,hist,0.0,post,0.2171123925683511,0.03644213111311853,50
theta60_snr0,A,hist,0.0,pre,0.2266241201525748,0.03852687299928949,50
theta60_snr0,A,hist,0.01,all,0.21361442549322135,0.011101616600787166,50
theta60_snr0,A,hist,0.01,post,0.2158877884415828,0.03624596877257174,50
theta60_snr0,A,hist,0.01,pre,0.225325561107148,0.03836929961873667,50
theta60_snr0,A,hist,0.03,all,0.21127965932532555,0.011083567360978862,50
theta60_snr0,A,hist,0.03,post,0.21355085046556913,0.03587259120224379,50
theta60_snr0,A,hist,0.03,pre,0.22284697649346782,0.03806906837662596,50
theta60_snr0,A,hist,0.1,all,0.20416675569527823,0.011025968953319849,50
theta60_snr0,A,hist,0.1,post,0.20643414027163737,0.03474234547332497,50
theta60_snr0,A,hist,0.1,pre,0.21529335286931273,0.037155641707933694,50
theta60_snr0,A,hist,0.3,all,0.19067903933946745,0.011081299365868049,50
theta60_snr0,A,hist,0.3,post,0.19296099472473863,0.03270914733791398,50
theta60_snr0,A,hist,0.3,pre,0.20095083356998647,0.03545699863955622,50
theta60_snr0,A,hist,1.0,all,0.17906965432950808,0.017387247140580632,50
theta60_snr0,A,hist,1.0,post,0.1815023931859967,0.034056818398383516,50
theta60_snr0,A,hist,1.0,pre,0.18848647382560546,0.03629757845317091,50
theta60_snr0,A,hist,3.0,all,0.19420826352881204,0.033945167158111876,50
theta60_snr0,A,hist,3.0,post,0.1969777432001082,0.04654418079805038,50
theta60_snr0,A,hist,3.0,pre,0.20415280708075753,0.047674116924712795,50
theta60_snr0,A,hist,10.0,all,0.2327313261074023,0.047536114144183954,50
theta60_snr0,A,hist,10.0,post,0.23545321414941053,0.05922377475323807,50
theta60_snr0,A,hist,10.0,pre,0.244275624661189,0.06016541448078186,50
theta60_snr0,A,hist,30.0,all,0.28061169605629765,0.055721291201466884,50
theta60_snr0,A,hist,30.0,post,0.2819853666597143,0.06792166321020898,50
theta60_snr0,A,hist,30.0,pre,0.29431086871508294,0.06898854964119819,50
theta60_snr0,A,hist,100.0,all,0.33251019343106525,0.06637032658607314,50
theta60_snr0,A,hist,100.0,post,0.3316357839148154,0.07956542043396038,50
theta60_snr0,A,hist,100.0,pre,0.34870474156679243,0.08121657801546255,50
theta60_snr0,A,in,0.0,all,0.21483775600715738,0.011111231580950658,50
theta60_snr0,A,in,0.0,post,0.2171123925683344,0.036442131113115374,50
theta60_snr0,A,in,0.0,pre,0.22662412015223135,0.038526872999248576,50
theta60_snr0,A,in,0.01,all,0.2136153024089153,0.011101720073011814,50
theta60_snr0,A,in,0.01,post,0.21588820506259104,0.03624665161105627,50
theta60_snr0,A,in,0.01,pre,0.2253273200212411,0.038371232909727195,50
theta60_snr0,A,in,0.03,all,0.21128222880063993,0.01108385080594636,50
theta60_snr0,A,in,0.03,post,0.21355203585594812,0.03587480282939387,50
theta60_snr0,A,in,0.03,pre,0.22285221810507816,0.03807497045362517,50
theta60_snr0,A,in,0.1,all,0.2041741859154671,0.011026272398700963,50
theta60_snr0,A,in,0.1,post,0.20643697348467419,0.03475133391337501,50
theta60_snr0,A,in,0.1,pre,0.21530989308999743,0.03717639951613091,50
theta60_snr0,A,in,0.3,all,0.19068427874043564,0.011072968517120703,50
theta60_snr0,A,in,0.3,post,0.1929534792719914,0.03274515354460924,50
theta60_snr0,A,in,0.3,pre,0.2009832596463012,0.03552628859911837,50
theta60_snr0,A,in,1.0,all,0.17881047033007305,0.017337766810382082,50
theta60_snr0,A,in,1.0,post,0.18121867384765902,0.034231030209152136,50
theta60_snr0,A,in,1.0,pre,0.1882934510774707,0.036550118374346095,50
theta60_snr0,A,in,3.0,all,0.19165746540688397,0.03419123901661067,50
theta60_snr0,A,in,3.0,post,0.1944379140447279,0.04738235017648766,50
theta60_snr0,A,in,3.0,pre,0.20165142010376327,0.04843741130513976,50
theta60_snr0,A,in,10.0,all,0.21687384888277744,0.04922957872391503,50
theta60_snr0,A,in,10.0,post,0.22005164231355356,0.062006626910253534,50
theta60_snr0,A,in,10.0,pre,0.2280296261004071,0.06233224668857674,50
theta60_snr0,A,in,30.0,all,0.2321657448194731,0.05634913362955365,50
theta60_snr0,A,in,30.0,post,0.2354904583542615,0.0694010888875347,50
theta60_snr0,A,in,30.0,pre,0.24408935045915356,0.06925949127188714,50
theta60_snr0,A,in,100.0,all,0.24048775084415477,0.05974460435386177,50
theta60_snr0,A,in,100.0,post,0.24382908035622897,0.07316996184120982,50
theta60_snr0,A,in,100.0,pre,0.2528855016893259,0.07245508609914446,50
theta60_snr0,A,legs,0.0,all,0.21483775600733016,0.011111231580953508,50
theta60_snr0,A,legs,0.0,post,0.21711239256835108,0.036442131113118566,50
theta60_snr0,A,legs,0.0,pre,0.22662412015257477,0.038526872999289474,50
theta60_snr0,A,legs,0.01,all,0.21483775600733016,0.011111231580953508,50
theta60_snr0,A,legs,0.01,post,0.21711239256835108,0.036442131113118566,50
theta60_snr0,A,legs,0.01,pre,0.22662412015257477,0.038526872999289474,50
theta60_snr0,A,legs,0.03,all,0.21483775600733016,0.011111231580953508,50
theta60_snr0,A,legs,0.03,post,0.21711239256835108,0.036442131113118566,50
theta60_snr0,A,legs,0.03,pre,0.22662412015257477,0.038526872999289474,50
theta60_snr0,A,legs,0.1,all,0.21483775600733016,0.011111231580953508,50
theta60_snr0,A,legs,0.1,post,0.21711239256835108,0.036442131113118566,50
theta60_snr0,A,legs,0.1,pre,0.22662412015257477,0.038526872999289474,50
theta60_snr0,A,legs,0.3,all,0.21483775600733016,0.011111231580953508,50
theta60_snr0,A,legs,0.3,post,0.21711239256835108,0.036442131113118566,50
theta60_snr0,A,legs,0.3,pre,0.22662412015257477,0.038526872999289474,50
theta60_snr0,A,legs,1.0,all,0.21483775600733016,0.011111231580953508,50
theta60_snr0,A,legs,1.0,post,0.21711239256835108,0.036442131113118566,50
theta60_snr0,A,legs,1.0,pre,0.22662412015257477,0.038526872999289474,50
theta60_snr0,A,legs,3.0,all,0.21483775600733016,0.011111231580953508,50
theta60_snr0,A,legs,3.0,post,0.21711239256835108,0.036442131113118566,50
theta60_snr0,A,legs,3.0,pre,0.22662412015257477,0.038526872999289474,50
theta60_snr0,A,legs,10.0,all,0.21483775600733016,0.011111231580953508,50
theta60_snr0,A,legs,10.0,post,0.21711239256835108,0.036442131113118566,50
theta60_snr0,A,legs,10.0,pre,0.22662412015257477,0.038526872999289474,50
theta60_snr0,A,legs,30.0,all,0.21483775600733016,0.011111231580953508,50
theta60_snr0,A,legs,30.0,post,0.21711239256835108,0.036442131113118566,50
theta60_snr0,A,legs,30.0,pre,0.22662412015257477,0.038526872999289474,50
theta60_snr0,A,legs,100.0,all,0.21483775600733016,0.011111231580953508,50
theta60_snr0,A,legs,100.0,post,0.21711239256835108,0.036442131113118566,50
theta60_snr0,A,legs,100.0,pre,0.22662412015257477,0.038526872999289474,50
theta60_snr0,A,point,0.0,all,0.9997436761692796,0.0051573789143892984,50
theta60_snr0,A,point,0.0,post,1.0084260952688324,0.14327468999137272,50
theta60_snr0,A,point,0.0,pre,1.0549503169372618,0.17023215278881265,50
theta60_snr0,A,point,0.01,all,0.9931506456887803,0.0053225988408699765,50
theta60_snr0,A,point,0.01,post,1.001766627561168,0.14226030538573278,50
theta60_snr0,A,point,0.01,pre,1.0479979656628622,0.16913381673968556,50
theta60_snr0,A,point,0.03,all,0.9803290983071205,0.0058423641958488095,50
theta60_snr0,A,point,0.03,post,0.9888160240091248,0.14030011445450116,50
theta60_snr0,A,point,0.03,pre,1.0344776058200547,0.16700470839589301,50
theta60_snr0,A,point,0.1,all,0.9389383058560078,0.008458350891564735,50
theta60_snr0,A,point,0.1,post,0.9470101389585501,0.13407902306902036,50
theta60_snr0,A,point,0.1,pre,0.990830409453828,0.1601863070903614,50
theta60_snr0,A,point,0.3,all,0.8440315067441857,0.014915528256792541,50
theta60_snr0,A,point,0.3,post,0.8511639221600887,0.1203462774677016,50
theta60_snr0,A,point,0.3,pre,0.8907445090443936,0.14476763317873304,50
theta60_snr0,A,point,1.0,all,0.6558056783670181,0.022259858151143862,50
theta60_snr0,A,point,1.0,post,0.661171138140195,0.09460470419424474,50
theta60_snr0,A,point,1.0,pre,0.6921900941273319,0.1141038478620875,50
theta60_snr0,A,point,3.0,all,0.4765722073967727,0.02464512128864049,50
theta60_snr0,A,point,3.0,post,0.4805301652497584,0.07260165631112671,50
theta60_snr0,A,point,3.0,pre,0.5029087698628842,0.0836420810214494,50
theta60_snr0,A,point,10.0,all,0.36731207954638934,0.03616028544070757,50
theta60_snr0,A,point,10.0,post,0.37064319425360864,0.06713705522823185,50
theta60_snr0,A,point,10.0,pre,0.38730460194718397,0.06911039695319353,50
theta60_snr0,A,point,30.0,all,0.33206466429041115,0.044912646803954764,50
theta60_snr0,A,point,30.0,post,0.33492824317465675,0.06850783317527921,50
theta60_snr0,A,point,30.0,pre,0.35026132317292236,0.06994696198803639,50
theta60_snr0,A,point,100.0,all,0.32303791852535924,0.04907879727642345,50
theta60_snr0,A,point,100.0,post,0.3254125075285817,0.06905128081811526,50
theta60_snr0,A,point,100.0,pre,0.341122398928976,0.07300209322345154,50
theta60_snr0,B,cur,0.0,all,0.20025713514354185,0.0062900345581511,50
theta60_snr0,B,cur,0.0,post,0.20249445849032824,0.03126957411740094,50
theta60_snr0,B,cur,0.0,pre,0.21060245034029432,0.03268151524244002,50
theta60_snr0,B,cur,0.01,all,0.19894533590216693,0.006242801292140022,50
theta60_snr0,B,cur,0.01,post,0.20118100518909365,0.031039696210246406,50
theta60_snr0,B,cur,0.01,pre,0.20921009923160686,0.032490012706491725,50
theta60_snr0,B,cur,0.03,all,0.19643773465861203,0.006162801907973689,50
theta60_snr0,B,cur,0.03,post,0.1986709894735803,0.03060361585847216,50
theta60_snr0,B,cur,0.03,pre,0.20654782759169166,0.03212564805834967,50
theta60_snr0,B,cur,0.1,all,0.18876230737258928,0.0060211605454739935,50
theta60_snr0,B,cur,0.1,post,0.1909955866336426,0.02930237710332732,50
theta60_snr0,B,cur,0.1,pre,0.1983922038435497,0.03102660204466808,50
theta60_snr0,B,cur,0.3,all,0.17400311376083097,0.006887273125581509,50
theta60_snr0,B,cur,0.3,post,0.17628757657486147,0.02717163933657669,50
theta60_snr0,B,cur,0.3,pre,0.18266406103777807,0.029120820822439022,50
theta60_snr0,B,cur,1.0,all,0.16041453873170858,0.017811417405423174,50
theta60_snr0,B,cur,1.0,post,0.16302063923478013,0.030734573361569633,50
theta60_snr0,B,cur,1.0,pre,0.16794936588880488,0.03156807805129249,50
theta60_snr0,B,cur,3.0,all,0.17379178284083618,0.03708485670843214,50
theta60_snr0,B,cur,3.0,post,0.17694067737334612,0.04726627178698987,50
theta60_snr0,B,cur,3.0,pre,0.1816777722229796,0.046384064386081926,50
theta60_snr0,B,cur,10.0,all,0.20075639721445396,0.05255737198285001,50
theta60_snr0,B,cur,10.0,post,0.20429715361674233,0.06313877694236397,50
theta60_snr0,B,cur,10.0,pre,0.2099159154270449,0.0613210412888884,50
theta60_snr0,B,cur,30.0,all,0.21705597011221742,0.05968037684737613,50
theta60_snr0,B,cur,30.0,post,0.22066221960211385,0.07079735054067283,50
theta60_snr0,B,cur,30.0,pre,0.22715307161842965,0.0685895897644405,50
theta60_snr0,B,cur,100.0,all,0.2258983249603277,0.06306221127263836,50
theta60_snr0,B,cur,100.0,post,0.22945757815429338,0.07465990143813153,50
theta60_snr0,B,cur,100.0,pre,0.23660453401656095,0.07205623587509535,50
theta60_snr0,B,hist,0.0,all,0.20025713514354188,0.006290034558151062,50
theta60_snr0,B,hist,0.0,post,0.20249445849032835,0.031269574117400896,50
theta60_snr0,B,hist,0.0,pre,0.21060245034029432,0.03268151524243997,50
theta60_snr0,B,hist,0.01,all,0.19897060921646784,0.006238545279414283,50
theta60_snr0,B,hist,0.01,post,0.20117943325958673,0.03103544701153602,50
theta60_snr0,B,hist,0.01,pre,0.20925796488335982,0.03243908028092389,50
theta60_snr0,B,hist,0.03,all,0.19666409742905536,0.0061622337130412186,50
theta60_snr0,B,hist,0.03,post,0.19867042122554593,0.030592240185404036,50
theta60_snr0,B,hist,0.03,pre,0.20699233626534425,0.03193418438968638,50
theta60_snr0,B,hist,0.1,all,0.19109039044341866,0.006133989117997757,50
theta60_snr0,B,hist,0.1,post,0.19103840107777284,0.029278555855003326,50
theta60_snr0,B,hist,0.1,pre,0.20299394810614316,0.029991616055620205,50
theta60_snr0,B,hist,0.3,all,0.1902014751402864,0.008774566202388628,50
theta60_snr0,B,hist,0.3,post,0.17671644155844085,0.027178525238099487,50
theta60_snr0,B,hist,0.3,pre,0.21370841259758555,0.024829794664621284,50
theta60_snr0,B,hist,1.0,all,0.23662987145873113,0.026015950850878558,50
theta60_snr0,B,hist,1.0,post,0.16596041978132192,0.030774810820263003,50
theta60_snr0,B,hist,1.0,pre,0.3016941493284559,0.024609715522929895,50
theta60_snr0,B,hist,3.0,all,0.32949105720669813,0.04555722663785839,50
theta60_snr0,B,hist,3.0,post,0.18636732170178624,0.04622059042495597,50
theta60_snr0,B,hist,3.0,pre,0.4409969881923068,0.031047852911431747,50
theta60_snr0,B,hist,10.0,all,0.4203637472918491,0.05855817036331094,50
theta60_snr0,B,hist,10.0,post,0.23052626475203916,0.05945988622572487,50
theta60_snr0,B,hist,10.0,pre,0.5647491731719614,0.03310896630627038,50
theta60_snr0,B,hist,30.0,all,0.4786374793571373,0.0625921612285266,50
theta60_snr0,B,hist,30.0,post,0.2800057090897901,0.06785613178102658,50
theta60_snr0,B,hist,30.0,pre,0.6342133466812893,0.03201911863096088,50
theta60_snr0,B,hist,100.0,all,0.5234018331525203,0.06485148134976881,50
theta60_snr0,B,hist,100.0,post,0.3309988180547292,0.07938816877152514,50
theta60_snr0,B,hist,100.0,pre,0.6801706413097769,0.03288667314881523,50
theta60_snr0,B,in,0.0,all,0.2002571351433518,0.006290034558135806,50
theta60_snr0,B,in,0.0,post,0.20249445849031084,0.031269574117397794,50
theta60_snr0,B,in,0.0,pre,0.21060245033991454,0.032681515242385425,50
theta60_snr0,B,in,0.01,all,0.19897047047453423,0.006238286823968546,50
theta60_snr0,B,in,0.01,post,0.20117912958617787,0.031035700822494842,50
theta60_snr0,B,in,0.01,pre,0.20925796094516855,0.03243863232943383,50
theta60_snr0,B,in,0.03,all,0.19666381504367642,0.006161396701395401,50
theta60_snr0,B,in,0.03,post,0.19866976141518886,0.0305930090541172,50
theta60_snr0,B,in,0.03,pre,0.20699235137091954,0.031932989197706964,50
theta60_snr0,B,in,0.1,all,0.1910894128642091,0.006130026944253482,50
theta60_snr0,B,in,0.1,post,0.19103802691451663,0.02928099059102978,50
theta60_snr0,B,in,0.1,pre,0.20299216983749865,0.029988902273660238,50
theta60_snr0,B,in,0.3,all,0.19017491089823557,0.00875288359896724,50
theta60_snr0,B,in,0.3,post,0.17671115406667745,0.027182553035034158,50
theta60_snr0,B,in,0.3,pre,0.21366272728549915,0.024816949707811675,50
theta60_snr0,B,in,1.0,all,0.23623094139845302,0.02598621535332646,50
theta60_snr0,B,in,1.0,post,0.16564623075502663,0.03081251071145729,50
theta60_snr0,B,in,1.0,pre,0.3012087420795734,0.024501547038252403,50
theta60_snr0,B,in,3.0,all,0.3274622342558869,0.045762964759588104,50
theta60_snr0,B,in,3.0,post,0.1834393454500688,0.046875494625321625,50
theta60_snr0,B,in,3.0,pre,0.4390441215492497,0.030991834683779453,50
theta60_snr0,B,in,10.0,all,0.41147528583767146,0.06009416436214687,50
theta60_snr0,B,in,10.0,post,0.21393143537012732,0.062257380161772014,50
theta60_snr0,B,in,10.0,pre,0.557668448857531,0.03371179917805982,50
theta60_snr0,B,in,30.0,all,0.4529340467717897,0.06669420938940007,50
theta60_snr0,B,in,30.0,post,0.23165242950630677,0.06969051575833178,50
theta60_snr0,B,in,30.0,pre,0.6149210542665429,0.034050384922207765,50
theta60_snr0,B,in,100.0,all,0.4733899238583834,0.07005211738854741,50
theta60_snr0,B,in,100.0,post,0.2410417595557446,0.0734338317530259,50
theta60_snr0,B,in,100.0,pre,0.6428481944460573,0.03433925146415381,50
theta60_snr0,B,legs,0.0,all,0.2002571351435418,0.006290034558151087,50
theta60_snr0,B,legs,0.0,post,0.20249445849032824,0.03126957411740096,50
theta60_snr0,B,legs,0.0,pre,0.2106024503402943,0.032681515242440014,50
theta60_snr0,B,legs,0.01,all,0.2002571351435418,0.006290034558151087,50
theta60_snr0,B,legs,0.01,post,0.20249445849032824,0.03126957411740096,50
theta60_snr0,B,legs,0.01,pre,0.2106024503402943,0.032681515242440014,50
theta60_snr0,B,legs,0.03,all,0.2002571351435418,0.006290034558151087,50
theta60_snr0,B,legs,0.03,post,0.20249445849032824,0.03126957411740096,50
theta60_snr0,B,legs,0.03,pre,0.2106024503402943,0.032681515242440014,50
theta60_snr0,B,legs,0.1,all,0.2002571351435418,0.006290034558151087,50
theta60_snr0,B,legs,0.1,post,0.20249445849032824,0.03126957411740096,50
theta60_snr0,B,legs,0.1,pre,0.2106024503402943,0.032681515242440014,50
theta60_snr0,B,legs,0.3,all,0.2002571351435418,0.006290034558151087,50
theta60_snr0,B,legs,0.3,post,0.20249445849032824,0.03126957411740096,50
theta60_snr0,B,legs,0.3,pre,0.2106024503402943,0.032681515242440014,50
theta60_snr0,B,legs,1.0,all,0.2002571351435418,0.006290034558151087,50
theta60_snr0,B,legs,1.0,post,0.20249445849032824,0.03126957411740096,50
theta60_snr0,B,legs,1.0,pre,0.2106024503402943,0.032681515242440014,50
theta60_snr0,B,legs,3.0,all,0.2002571351435418,0.006290034558151087,50
theta60_snr0,B,legs,3.0,post,0.20249445849032824,0.03126957411740096,50
theta60_snr0,B,legs,3.0,pre,0.2106024503402943,0.032681515242440014,50
theta60_snr0,B,legs,10.0,all,0.2002571351435418,0.006290034558151087,50
theta60_snr0,B,legs,10.0,post,0.20249445849032824,0.03126957411740096,50
theta60_snr0,B,legs,10.0,pre,0.2106024503402943,0.032681515242440014,50
theta60_snr0,B,legs,30.0,all,0.2002571351435418,0.006290034558151087,50
theta60_snr0,B,legs,30.0,post,0.20249445849032824,0.03126957411740096,50
theta60_snr0,B,legs,30.0,pre,0.2106024503402943,0.032681515242440014,50
theta60_snr0,B,legs,100.0,all,0.2002571351435418,0.006290034558151087,50
theta60_snr0,B,legs,100.0,post,0.20249445849032824,0.03126957411740096,50
theta60_snr0,B,legs,100.0,pre,0.2106024503402943,0.032681515242440014,50
theta60_snr0,B,point,0.0,all,0.9997161956655541,0.007283068558750697,50
theta60_snr0,B,point,0.0,post,1.0084260952688324,0.14327468999137272,50
theta60_snr0,B,point,0.0,pre,1.0542843912475441,0.16656839339391855,50
theta60_snr0,B,point,0.01,all,0.9931279588914506,0.007333470168065638,50
theta60_snr0,B,point,0.01,post,1.001766627561168,0.14226030538573278,50
theta60_snr0,B,point,0.01,pre,1.0473447024615097,0.16548050287731098,50
theta60_snr0,B,point,0.03,all,0.9803471618708122,0.007592272964148561,50
theta60_snr0,B,point,0.03,post,0.9888160240091248,0.14030011445450116,50
theta60_snr0,B,point,0.03,pre,1.0339125451420905,0.16336333161085048,50
theta60_snr0,B,point,0.1,all,0.9393923769473443,0.009382800575222072,50
theta60_snr0,B,point,0.1,post,0.9470101389585501,0.13407902306902036,50
theta60_snr0,B,point,0.1,pre,0.991165529546821,0.15649687613819097,50
theta60_snr0,B,point,0.3,all,0.8475993307133752,0.014523920877642446,50
theta60_snr0,B,point,0.3,post,0.8511639221600887,0.1203462774677016,50
theta60_snr0,B,point,0.3,pre,0.8973998052913528,0.1403057520834984,50
theta60_snr0,B,point,1.0,all,0.6792293075593338,0.019845939396387388,50
theta60_snr0,B,point,1.0,post,0.661171138140195,0.09460470419424474,50
theta60_snr0,B,point,1.0,pre,0.7382100847619394,0.104069192660776,50
theta60_snr0,B,point,3.0,all,0.5537247649526958,0.02945481154123203,50
theta60_snr0,B,point,3.0,post,0.4805301652497584,0.07260165631112671,50
theta60_snr0,B,point,3.0,pre,0.6486925866411386,0.06380980986674545,50
theta60_snr0,B,point,10.0,all,0.5168105327061943,0.049363967824856504,50
theta60_snr0,B,point,10.0,post,0.37064319425360864,0.06713705522823185,50
theta60_snr0,B,point,10.0,pre,0.6548779220860113,0.041771533620886196,50
theta60_snr0,B,point,30.0,all,0.5216674667189396,0.057872820146380274,50
theta60_snr0,B,point,30.0,post,0.33492824317465675,0.06850783317527921,50
theta60_snr0,B,point,30.0,pre,0.6809418673787384,0.03531675773757992,50
theta60_snr0,B,point,100.0,all,0.5308295596346132,0.0607822463449701,50
theta60_snr0,B,point,100.0,post,0.3254125075285817,0.06905128081811526,50
theta60_snr0,B,point,100.0,pre,0.6997689448715819,0.033410093358062325,50
theta90,A,cur,0.0,all,0.12460172554057762,0.028855959174510535,50
theta90,A,cur,0.0,post,0.1267358009176363,0.039177918913695375,50
theta90,A,cur,0.0,pre,0.13093901679380046,0.04481851976357863,50
theta90,A,cur,0.01,all,0.1244703806069899,0.028869397063114453,50
theta90,A,cur,0.01,post,0.12606217853868235,0.0389557791773322,50
theta90,A,cur,0.01,pre,0.13136200916851654,0.04487257740649106,50
theta90,A,cur,0.03,all,0.12473659738950749,0.02879038112802462,50
theta90,A,cur,0.03,post,0.12483709916269917,0.03850003042404945,50
theta90,A,cur,0.03,pre,0.13315838347778153,0.04471484363715539,50
theta90,A,cur,0.1,all,0.1301652171555399,0.027748927897194128,50
theta90,A,cur,0.1,post,0.12167950018115833,0.03683227569221698,50
theta90,A,cur,0.1,pre,0.1468416692179907,0.04241489348686167,50
theta90,A,cur,0.3,all,0.16355226468397013,0.02547713506166663,50
theta90,A,cur,0.3,post,0.1192131220535256,0.03275533727325431,50
theta90,A,cur,0.3,pre,0.20759309100715,0.035314790675009006,50
theta90,A,cur,1.0,all,0.2740569982706853,0.037932220444134114,50
theta90,A,cur,1.0,post,0.1334739036354296,0.033069671690343784,50
theta90,A,cur,1.0,pre,0.37659577704673297,0.03272244873491228,50
theta90,A,cur,3.0,all,0.41102310624112776,0.05869391838752981,50
theta90,A,cur,3.0,post,0.16931129593643543,0.04787418668070282,50
theta90,A,cur,3.0,pre,0.5734438491738284,0.03374301489429444,50
theta90,A,cur,10.0,all,0.5219763663932538,0.07495545032235304,50
theta90,A,cur,10.0,post,0.20575602588997707,0.06278453327829542,50
theta90,A,cur,10.0,pre,0.7300186663576338,0.030142055489307536,50
theta90,A,cur,30.0,all,0.574434758857946,0.08252136988866028,50
theta90,A,cur,30.0,post,0.22449338816829273,0.07016773478799125,50
theta90,A,cur,30.0,pre,0.8034757623075651,0.026054668444240488,50
theta90,A,cur,100.0,all,0.5996693579776575,0.08632844776842494,50
theta90,A,cur,100.0,post,0.23394985711488697,0.07388610436022224,50
theta90,A,cur,100.0,pre,0.838594751935555,0.023246880593638494,50
theta90,A,hist,0.0,all,0.12460172554057762,0.02885595917451053,50
theta90,A,hist,0.0,post,0.12673580091763628,0.039177918913695396,50
theta90,A,hist,0.0,pre,0.13093901679380052,0.04481851976357863,50
theta90,A,hist,0.01,all,0.12439351270672348,0.028884194081871453,50
theta90,A,hist,0.01,post,0.12652903548605784,0.03918174840225284,50
theta90,A,hist,0.01,pre,0.13070881076562732,0.04484115477289391,50
theta90,A,hist,0.03,all,0.12407290000444553,0.028907529385520055,50
theta90,A,hist,0.03,post,0.12621352379524062,0.03916418741651612,50
theta90,A,hist,0.03,pre,0.1303504906378791,0.04486583553938329,50
theta90,A,hist,0.1,all,0.1238105533644386,0.02870786826952234,50
theta90,A,hist,0.1,post,0.12598690743246016,0.0388942718850028,50
theta90,A,hist,0.1,pre,0.13001516654841452,0.04477134301212608,50
theta90,A,hist,0.3,all,0.12761220721920755,0.0272954640760598,50
theta90,A,hist,0.3,post,0.12992400020917969,0.03772943871720142,50
theta90,A,hist,0.3,pre,0.13396867474138596,0.04388744405283831,50
theta90,A,hist,1.0,all,0.15143219017282805,0.02774245028123528,50
theta90,A,hist,1.0,post,0.15403133420746254,0.03931499980211031,50
theta90,A,hist,1.0,pre,0.15921304159088318,0.0442620285421259,50
theta90,A,hist,3.0,all,0.1953446269081588,0.03800609191299844,50
theta90,A,hist,3.0,post,0.19822151960293488,0.049674789503060195,50
theta90,A,hist,3.0,pre,0.20542202705202184,0.05248679414373782,50
theta90,A,hist,10.0,all,0.25297186487143575,0.050723891283785925,50
theta90,A,hist,10.0,post,0.2552289491907141,0.062323139126890324,50
theta90,A,hist,10.0,pre,0.2656160507144685,0.06410097544823319,50
theta90,A,hist,30.0,all,0.30662007711026706,0.061764721331434694,50
theta90,A,hist,30.0,post,0.30703765428686053,0.0741314445446656,50
theta90,A,hist,30.0,pre,0.3215666665287475,0.07577738531422559,50
theta90,A,hist,100.0,all,0.3502231644039663,0.07139750696151641,50
theta90,A,hist,100.0,post,0.3484642341536951,0.08475540713047001,50
theta90,A,hist,100.0,pre,0.36710742603942287,0.08653745795711205,50
theta90,A,in,0.0,all,0.12460172554054783,0.0288559591745167,50
theta90,A,in,0.0,post,0.12673580091762665,0.03917791891369672,50
theta90,A,in,0.0,pre,0.13093901679374725,0.0448185197635943,50
theta90,A,in,0.01,all,0.12439409310025498,0.02888419763800541,50
theta90,A,in,0.01,post,0.1265289150191268,0.039184122045191984,50
theta90,A,in,0.01,pre,0.13071045301354228,0.044841844116406654,50
theta90,A,in,0.03,all,0.12407311000081825,0.028906949738237882,50
theta90,A,in,0.03,post,0.12621157043297862,0.03917168876169295,50
theta90,A,in,0.03,pre,0.13035369548166245,0.04486820468908081,50
theta90,A,in,0.1,all,0.12379398053731114,0.028699421488695125,50
theta90,A,in,0.1,post,0.12596276553562655,0.03892275509214807,50
theta90,A,in,0.1,pre,0.1300061834719047,0.044783062440491316,50
theta90,A,in,0.3,all,0.1274345597825269,0.02722216122067174,50
theta90,A,in,0.3,post,0.1297261351657682,0.037829608502318264,50
theta90,A,in,0.3,pre,0.13379469719586495,0.04395413520232498,50
theta90,A,in,1.0,all,0.14994622010503106,0.02730980727580437,50
theta90,A,in,1.0,post,0.1525288119555778,0.03971303842664237,50
theta90,A,in,1.0,pre,0.1576516685688431,0.044634508490858274,50
theta90,A,in,3.0,all,0.18792345158428045,0.037294323813940614,50
theta90,A,in,3.0,post,0.19097459776786127,0.05095607503456068,50
theta90,A,in,3.0,pre,0.19768018277405777,0.05354081389698031,50
theta90,A,in,10.0,all,0.22304361456721306,0.04907915044349622,50
theta90,A,in,10.0,post,0.22660354478117498,0.06370915885887983,50
theta90,A,in,10.0,pre,0.23451614353344977,0.06472238335671517,50
theta90,A,in,30.0,all,0.2406972350604476,0.055225436897013654,50
theta90,A,in,30.0,post,0.2444972439401532,0.07043040041012875,50
theta90,A,in,30.0,pre,0.2530245439936962,0.07060552974521139,50
theta90,A,in,100.0,all,0.24957721215086262,0.05826867725831721,50
theta90,A,in,100.0,post,0.2534591429648136,0.07389206276032288,50
theta90,A,in,100.0,pre,0.26235754088541957,0.073354849977567,50
theta90,A,legs,0.0,all,0.12460172554057762,0.028855959174510535,50
theta90,A,legs,0.0,post,0.1267358009176363,0.039177918913695396,50
theta90,A,legs,0.0,pre,0.13093901679380046,0.04481851976357863,50
theta90,A,legs,0.01,all,0.12460172554057762,0.028855959174510535,50
theta90,A,legs,0.01,post,0.1267358009176363,0.039177918913695396,50
theta90,A,legs,0.01,pre,0.13093901679380046,0.04481851976357863,50
theta90,A,legs,0.03,all,0.12460172554057762,0.028855959174510535,50
theta90,A,legs,0.03,post,0.1267358009176363,0.039177918913695396,50
theta90,A,legs,0.03,pre,0.13093901679380046,0.04481851976357863,50
theta90,A,legs,0.1,all,0.12460172554057762,0.028855959174510535,50
theta90,A,legs,0.1,post,0.1267358009176363,0.039177918913695396,50
theta90,A,legs,0.1,pre,0.13093901679380046,0.04481851976357863,50
theta90,A,legs,0.3,all,0.12460172554057762,0.028855959174510535,50
theta90,A,legs,0.3,post,0.1267358009176363,0.039177918913695396,50
theta90,A,legs,0.3,pre,0.13093901679380046,0.04481851976357863,50
theta90,A,legs,1.0,all,0.12460172554057762,0.028855959174510535,50
theta90,A,legs,1.0,post,0.1267358009176363,0.039177918913695396,50
theta90,A,legs,1.0,pre,0.13093901679380046,0.04481851976357863,50
theta90,A,legs,3.0,all,0.12460172554057762,0.028855959174510535,50
theta90,A,legs,3.0,post,0.1267358009176363,0.039177918913695396,50
theta90,A,legs,3.0,pre,0.13093901679380046,0.04481851976357863,50
theta90,A,legs,10.0,all,0.12460172554057762,0.028855959174510535,50
theta90,A,legs,10.0,post,0.1267358009176363,0.039177918913695396,50
theta90,A,legs,10.0,pre,0.13093901679380046,0.04481851976357863,50
theta90,A,legs,30.0,all,0.12460172554057762,0.028855959174510535,50
theta90,A,legs,30.0,post,0.1267358009176363,0.039177918913695396,50
theta90,A,legs,30.0,pre,0.13093901679380046,0.04481851976357863,50
theta90,A,legs,100.0,all,0.12460172554057762,0.028855959174510535,50
theta90,A,legs,100.0,post,0.1267358009176363,0.039177918913695396,50
theta90,A,legs,100.0,pre,0.13093901679380046,0.04481851976357863,50
theta90,A,point,0.0,all,0.31630799810111054,0.0016253673524894798,50
theta90,A,point,0.0,post,0.3191902687116183,0.04547190444535542,50
theta90,A,point,0.0,pre,0.3337124670235083,0.0540301252852602,50
theta90,A,point,0.01,all,0.3142270769880686,0.0016806275547192968,50
theta90,A,point,0.01,post,0.3170887376496512,0.04515118366351628,50
theta90,A,point,0.01,pre,0.3315172059915946,0.05368185776134172,50
theta90,A,point,0.03,all,0.31020669512664745,0.0018522531482392129,50
theta90,A,point,0.03,post,0.31302870076224143,0.04453557062354319,50
theta90,A,point,0.03,pre,0.3272757249955987,0.053010727622652735,50
theta90,A,point,0.1,all,0.29748334953125605,0.002712618199658172,50
theta90,A,point,0.1,post,0.300181735106877,0.04262265228554311,50
theta90,A,point,0.1,pre,0.313850562592936,0.0509003744084259,50
theta90,A,point,0.3,all,0.2700636194637912,0.0051889465257992625,50
theta90,A,point,0.3,post,0.2725123685756257,0.03873527986505076,50
theta90,A,point,0.3,pre,0.28490089071737473,0.04643149033793007,50
theta90,A,point,1.0,all,0.22634931703391514,0.014268360921120826,50
theta90,A,point,1.0,post,0.22852751254688175,0.035460431498551416,50
theta90,A,point,1.0,pre,0.23862886785949083,0.040879723593141494,50
theta90,A,point,3.0,all,0.2073985482836737,0.032806812537937144,50
theta90,A,point,3.0,post,0.20979087921334813,0.04594274493347179,50
theta90,A,point,3.0,pre,0.21827549786939415,0.04750722916556267,50
theta90,A,point,10.0,all,0.2162184075948557,0.05006454017644215,50
theta90,A,point,10.0,post,0.21911012817202802,0.06177106782609409,50
theta90,A,point,10.0,pre,0.22717833537762458,0.061369987309372945,50
theta90,A,point,30.0,all,0.22708066992005724,0.0580249495200465,50
theta90,A,point,30.0,post,0.23017868777572292,0.06974434238418,50
theta90,A,point,30.0,pre,0.23852012724409138,0.06893724382962434,50
theta90,A,point,100.0,all,0.23418041898703001,0.06169422190463854,50
theta90,A,point,100.0,post,0.23728588830610156,0.07357154356155393,50
theta90,A,point,100.0,pre,0.24603926181066604,0.0725306009360243,50
theta90,B,cur,0.0,all,0.06362584091523288,0.0020843223653672907,50
theta90,B,cur,0.0,post,0.06433312279290967,0.009975127164738591,50
theta90,B,cur,0.0,pre,0.06688766465900553,0.010263755243876375,50
theta90,B,cur,0.01,all,0.0632309394337146,0.0020639681132484456,50
theta90,B,cur,0.01,post,0.06394407985315369,0.009906297270392333,50
theta90,B,cur,0.01,pre,0.06646232418962301,0.01020629197812934,50
theta90,B,cur,0.03,all,0.06260645832392883,0.0020455436018311595,50
theta90,B,cur,0.03,post,0.0633335308122125,0.009798950162823913,50
theta90,B,cur,0.03,pre,0.06578490926775046,0.01011821187673487,50
theta90,B,cur,0.1,all,0.06193194683796714,0.0025146946500875845,50
theta90,B,cur,0.1,post,0.06272499859949071,0.009796195212511736,50
theta90,B,cur,0.1,pre,0.06500121691595348,0.010128017609520517,50
theta90,B,cur,0.3,all,0.0678749376362306,0.00807050769996509,50
theta90,B,cur,0.3,post,0.06889637321053768,0.013411932539309477,50
theta90,B,cur,0.3,pre,0.07108617371502254,0.013324759329307882,50
theta90,B,cur,1.0,all,0.10157732600510727,0.02435622418717919,50
theta90,B,cur,1.0,post,0.10323759546160328,0.029988791709140743,50
theta90,B,cur,1.0,pre,0.10627345870445751,0.028954599020679712,50
theta90,B,cur,3.0,all,0.15052804144979545,0.041221498973872533,50
theta90,B,cur,3.0,post,0.15302343573638455,0.049111867195471635,50
theta90,B,cur,3.0,pre,0.15746109202773664,0.0471458697609499,50
theta90,B,cur,10.0,all,0.1919105900248147,0.05441177438455251,50
theta90,B,cur,10.0,post,0.19506396407444554,0.0642513987159344,50
theta90,B,cur,10.0,pre,0.20078778090385493,0.06162382611460177,50
theta90,B,cur,30.0,all,0.21193079713383883,0.060873359108258945,50
theta90,B,cur,30.0,post,0.21533656162035886,0.07159340668325229,50
theta90,B,cur,30.0,pre,0.22183747439959042,0.06880475561598373,50
theta90,B,cur,100.0,all,0.22184246273162536,0.06404858270272953,50
theta90,B,cur,100.0,post,0.22532392118272143,0.0753012569354274,50
theta90,B,cur,100.0,pre,0.23231507180748068,0.0722929304390452,50
theta90,B,hist,0.0,all,0.06362584091523289,0.002084322365367275,50
theta90,B,hist,0.0,post,0.0643331227929097,0.009975127164738615,50
theta90,B,hist,0.0,pre,0.06688766465900553,0.010263755243876398,50
theta90,B,hist,0.01,all,0.06338117312651374,0.0020749901354725985,50
theta90,B,hist,0.01,post,0.06395260832056779,0.00989665263783457,50
theta90,B,hist,0.01,pre,0.06674862599534535,0.010094166538154236,50
theta90,B,hist,0.03,all,0.06386906140358364,0.002189442649296189,50
theta90,B,hist,0.03,post,0.06338260365124651,0.009777744412187156,50
theta90,B,hist,0.03,pre,0.06824295797054396,0.009587821133690002,50
theta90,B,hist,0.1,all,0.07336400170770267,0.00492095304450987,50
theta90,B,hist,0.1,post,0.06313189014056476,0.009796197834906742,50
theta90,B,hist,0.1,pre,0.08621283859259173,0.008367951206413909,50
theta90,B,hist,0.3,all,0.12173545537319085,0.016452435308584094,50
theta90,B,hist,0.3,post,0.07134278430704864,0.013513109407393196,50
theta90,B,hist,0.3,pre,0.16202942465864079,0.014554404851378658,50
theta90,B,hist,1.0,all,0.2513805843919727,0.03818683629555325,50
theta90,B,hist,1.0,post,0.11282874460327319,0.02941880804783233,50
theta90,B,hist,1.0,pre,0.3474833528267825,0.027440835285385337,50
theta90,B,hist,3.0,all,0.39984844911155365,0.058489873967351606,50
theta90,B,hist,3.0,post,0.17533262910345776,0.04705907783664517,50
theta90,B,hist,3.0,pre,0.5536977844457712,0.03291149209446571,50
theta90,B,hist,10.0,all,0.5239540886137598,0.07251707385459355,50
theta90,B,hist,10.0,post,0.2453153777399451,0.061335531258817994,50
theta90,B,hist,10.0,pre,0.7194331934386541,0.030761455289932033,50
theta90,B,hist,30.0,all,0.5928280773043775,0.07745917486587511,50
theta90,B,hist,30.0,post,0.3030661830528972,0.07335604650641443,50
theta90,B,hist,30.0,pre,0.8030817529318243,0.026504366397032082,50
theta90,B,hist,100.0,all,0.633780031015161,0.07961793607216335,50
theta90,B,hist,100.0,post,0.3471138056857847,0.08435608893391704,50
theta90,B,hist,100.0,pre,0.8476304519517959,0.02388997187292936,50
theta90,B,in,0.0,all,0.06362584091517148,0.0020843223653654224,50
theta90,B,in,0.0,post,0.06433312279289853,0.009975127164737349,50
theta90,B,in,0.0,pre,0.06688766465889111,0.010263755243875211,50
theta90,B,in,0.01,all,0.06338101612054195,0.0020748367481125424,50
theta90,B,in,0.01,post,0.06395195488672722,0.009896866482403654,50
theta90,B,in,0.01,pre,0.06674896739052807,0.010093885197309383,50
theta90,B,in,0.03,all,0.06386794787848282,0.0021887679853196088,50
theta90,B,in,0.03,post,0.06338058756938285,0.009778459258067475,50
theta90,B,in,0.03,pre,0.06824266268506225,0.009586819233783636,50
theta90,B,in,0.1,all,0.07334446278971318,0.004916125521904749,50
theta90,B,in,0.1,post,0.06311777540646837,0.009797754517523674,50
theta90,B,in,0.1,pre,0.08618778938390377,0.008357788508764522,50
theta90,B,in,0.3,all,0.12153792585022412,0.016438703026337962,50
theta90,B,in,0.3,post,0.07115656557155162,0.013511925308267995,50
theta90,B,in,0.3,pre,0.16179510592934135,0.014507750248824058,50
theta90,B,in,1.0,all,0.25008896014838855,0.038225662593640845,50
theta90,B,in,1.0,post,0.1109137409758402,0.029605987224644664,50
theta90,B,in,1.0,pre,0.3461129605735394,0.027388767680124656,50
theta90,B,in,3.0,all,0.39516326212446606,0.058994813645497954,50
theta90,B,in,3.0,post,0.16626361417201652,0.04817595343882331,50
theta90,B,in,3.0,pre,0.5494060182854983,0.03316444104880328,50
theta90,B,in,10.0,all,0.5094810064217318,0.07500663771405439,50
theta90,B,in,10.0,post,0.21242968618525138,0.06299399289938284,50
theta90,B,in,10.0,pre,0.7085426118293259,0.03235589115293781,50
theta90,B,in,30.0,all,0.5632089931454662,0.08283934134422447,50
theta90,B,in,30.0,post,0.23457947888338598,0.07017551422467554,50
theta90,B,in,30.0,pre,0.783011285952845,0.030472655809958983,50
theta90,B,in,100.0,all,0.589145155258043,0.08706391279105688,50
theta90,B,in,100.0,post,0.24543285332072046,0.07379353314083956,50
theta90,B,in,100.0,pre,0.8187925817656695,0.02981411487607714,50
theta90,B,legs,0.0,all,0.06362584091523289,0.002084322365367287,50
theta90,B,legs,0.0,post,0.06433312279290967,0.009975127164738579,50
theta90,B,legs,0.0,pre,0.06688766465900552,0.010263755243876365,50
theta90,B,legs,0.01,all,0.06362584091523289,0.002084322365367287,50
theta90,B,legs,0.01,post,0.06433312279290967,0.009975127164738579,50
theta90,B,legs,0.01,pre,0.06688766465900552,0.010263755243876365,50
theta90,B,legs,0.03,all,0.06362584091523289,0.002084322365367287,50
theta90,B,legs,0.03,post,0.06433312279290967,0.009975127164738579,50
theta90,B,legs,0.03,pre,0.06688766465900552,0.010263755243876365,50
theta90,B,legs,0.1,all,0.06362584091523289,0.002084322365367287,50
theta90,B,legs,0.1,post,0.06433312279290967,0.009975127164738579,50
theta90,B,legs,0.1,pre,0.06688766465900552,0.010263755243876365,50
theta90,B,legs,0.3,all,0.06362584091523289,0.002084322365367287,50
theta90,B,legs,0.3,post,0.06433312279290967,0.009975127164738579,50
theta90,B,legs,0.3,pre,0.06688766465900552,0.010263755243876365,50
theta90,B,legs,1.0,all,0.06362584091523289,0.002084322365367287,50
theta90,B,legs,1.0,post,0.06433312279290967,0.009975127164738579,50
theta90,B,legs,1.0,pre,0.06688766465900552,0.010263755243876365,50
theta90,B,legs,3.0,all,0.06362584091523289,0.002084322365367287,50
theta90,B,legs,3.0,post,0.06433312279290967,0.009975127164738579,50
theta90,B,legs,3.0,pre,0.06688766465900552,0.010263755243876365,50
theta90,B,legs,10.0,all,0.06362584091523289,0.002084322365367287,50
theta90,B,legs,10.0,post,0.06433312279290967,0.009975127164738579,50
theta90,B,legs,10.0,pre,0.06688766465900552,0.010263755243876365,50
theta90,B,legs,30.0,all,0.06362584091523289,0.002084322365367287,50
theta90,B,legs,30.0,post,0.06433312279290967,0.009975127164738579,50
theta90,B,legs,30.0,pre,0.06688766465900552,0.010263755243876365,50
theta90,B,legs,100.0,all,0.06362584091523289,0.002084322365367287,50
theta90,B,legs,100.0,post,0.06433312279290967,0.009975127164738579,50
theta90,B,legs,100.0,pre,0.06688766465900552,0.010263755243876365,50
theta90,B,point,0.0,all,0.3164190240057373,0.002694244137626494,50
theta90,B,point,0.0,post,0.3191902687116183,0.04547190444535542,50
theta90,B,point,0.0,pre,0.33356703438723434,0.05229905905120721,50
theta90,B,point,0.01,all,0.3143676763610099,0.0027050590384484555,50
theta90,B,point,0.01,post,0.3170887376496512,0.04515118366351628,50
theta90,B,point,0.01,pre,0.3314325587477259,0.05194052011642439,50
theta90,B,point,0.03,all,0.3105784499461745,0.0027582510893488987,50
theta90,B,point,0.03,post,0.31302870076224143,0.04453557062354319,50
theta90,B,point,0.03,pre,0.3276600067799734,0.0511991998670541,50
theta90,B,point,0.1,all,0.3002677822822815,0.0030979406663868662,50
theta90,B,point,0.1,post,0.300181735106877,0.04262265228554311,50
theta90,B,point,0.1,pre,0.3190916251207698,0.048383856699837684,50
theta90,B,point,0.3,all,0.2891680537057009,0.006701094584387428,50
theta90,B,point,0.3,post,0.2725123685756257,0.03873527986505076,50
theta90,B,point,0.3,pre,0.32193527378589537,0.040125203880095425,50
theta90,B,point,1.0,all,0.32438438094990907,0.028527497017660892,50
theta90,B,point,1.0,post,0.22852751254688175,0.035460431498551416,50
theta90,B,point,1.0,pre,0.4134819599033742,0.030704283895584644,50
theta90,B,point,3.0,all,0.4245002396849923,0.054511620973519796,50
theta90,B,point,3.0,post,0.20979087921334813,0.04594274493347179,50
theta90,B,point,3.0,pre,0.5809069440190483,0.03271192254637215,50
theta90,B,point,10.0,all,0.5251249822831898,0.07244302372018714,50
theta90,B,point,10.0,post,0.21911012817202802,0.06177106782609409,50
theta90,B,point,10.0,pre,0.7312048384865837,0.030467286375698493,50
theta90,B,point,30.0,all,0.5758896433930017,0.08047130251052005,50
theta90,B,point,30.0,post,0.23017868777572292,0.06974434238418,50
theta90,B,point,30.0,pre,0.8043694137428102,0.026929869066473308,50
theta90,B,point,100.0,all,0.6010790951669427,0.08459192681703738,50
theta90,B,point,100.0,post,0.23728588830610156,0.07357154356155393,50
theta90,B,point,100.0,pre,0.8400666702254794,0.024905759524061457,50
theta90_snr0,A,cur,0.0,all,0.2283012993817765,0.017828494547810162,50
theta90_snr0,A,cur,0.0,post,0.2311383095130889,0.04263574887777764,50
theta90_snr0,A,cur,0.0,pre,0.2407458664671423,0.04544729236501228,50
theta90_snr0,A,cur,0.01,all,0.2271815345762891,0.017853156702888645,50
theta90_snr0,A,cur,0.01,post,0.22970396732051004,0.04235226816520929,50
theta90_snr0,A,cur,0.01,pre,0.23987159284710194,0.04537671435837178,50
theta90_snr0,A,cur,0.03,all,0.22528308329824281,0.0178932206487075,50
theta90_snr0,A,cur,0.03,post,0.2269552868095942,0.041805351943541263,50
theta90_snr0,A,cur,0.03,pre,0.23869321918278832,0.045162149726033496,50
theta90_snr0,A,cur,0.1,all,0.2217780986121693,0.017950742067699255,50
theta90_snr0,A,cur,0.1,post,0.2184739991649485,0.040080782165168125,50
theta90_snr0,A,cur,0.1,pre,0.23968348225278238,0.04379046997961212,50
theta90_snr0,A,cur,0.3,all,0.2294566227534573,0.018944585598372764,50
theta90_snr0,A,cur,0.3,post,0.2016673123401786,0.03649189487867685,50
theta90_snr0,A,cur,0.3,pre,0.26807184381708216,0.038446483549660626,50
theta90_snr0,A,cur,1.0,all,0.30080832253532985,0.03441623990391031,50
theta90_snr0,A,cur,1.0,post,0.18293523143621607,0.03462812793675943,50
theta90_snr0,A,cur,1.0,pre,0.3986549953619099,0.03345225587729977,50
theta90_snr0,A,cur,3.0,all,0.41991076801122845,0.05738988873235784,50
theta90_snr0,A,cur,3.0,post,0.19053401910186918,0.046738069116796774,50
theta90_snr0,A,cur,3.0,pre,0.5805563654512913,0.03395304082896685,50
theta90_snr0,A,cur,10.0,all,0.5251653539982629,0.07450487009293356,50
theta90_snr0,A,cur,10.0,post,0.2142331877281705,0.06174071772723518,50
theta90_snr0,A,cur,10.0,pre,0.7325329157281226,0.030453279589053788,50
theta90_snr0,A,cur,30.0,all,0.5762676313840045,0.08221142601996047,50
theta90_snr0,A,cur,30.0,post,0.22944780513253688,0.06928957278104508,50
theta90_snr0,A,cur,30.0,pre,0.8049309372383636,0.026278064667985095,50
theta90_snr0,A,cur,100.0,all,0.6011390130794055,0.08602486340622255,50
theta90_snr0,A,cur,100.0,post,0.23780264922346922,0.07307752443547667,50
theta90_snr0,A,cur,100.0,pre,0.8397999364636124,0.02336491667157353,50
theta90_snr0,A,hist,0.0,all,0.22830129938177657,0.01782849454781014,50
theta90_snr0,A,hist,0.0,post,0.2311383095130889,0.042635748877777636,50
theta90_snr0,A,hist,0.0,pre,0.24074586646714236,0.04544729236501234,50
theta90_snr0,A,hist,0.01,all,0.22714225188022785,0.01785882900954508,50
theta90_snr0,A,hist,0.01,post,0.2299741545207985,0.04248032584315996,50
theta90_snr0,A,hist,0.01,pre,0.23951870613611548,0.045339342002777554,50
theta90_snr0,A,hist,0.03,all,0.2249326976849603,0.01791531592252921,50
theta90_snr0,A,hist,0.03,post,0.22775509951211334,0.04218372226455295,50
theta90_snr0,A,hist,0.03,pre,0.2371789294169938,0.04513444868374628,50
theta90_snr0,A,hist,0.1,all,0.21822424814826058,0.018068208168964605,50
theta90_snr0,A,hist,0.1,post,0.22102034483021293,0.04127521211530524,50
theta90_snr0,A,hist,0.1,pre,0.23007134093906842,0.044515212501392246,50
theta90_snr0,A,hist,0.3,all,0.20564086636773646,0.018304167871412463,50
theta90_snr0,A,hist,0.3,post,0.2084059679626849,0.039526932940116465,50
theta90_snr0,A,hist,0.3,pre,0.21671431942278313,0.04334570312124236,50
theta90_snr0,A,hist,1.0,all,0.1955865867780648,0.02180383919502489,50
theta90_snr0,A,hist,1.0,post,0.19841444795253058,0.03961311229228129,50
theta90_snr0,A,hist,1.0,pre,0.20592403750792873,0.04354678008687049,50
theta90_snr0,A,hist,3.0,all,0.21314839163130783,0.034823122457485846,50
theta90_snr0,A,hist,3.0,post,0.21613679576166947,0.048707690834259604,50
theta90_snr0,A,hist,3.0,pre,0.2241629969842721,0.0514867590715562,50
theta90_snr0,A,hist,10.0,all,0.2592030952249144,0.049186754467787135,50
theta90_snr0,A,hist,10.0,post,0.2615238043141525,0.06128907337246434,50
theta90_snr0,A,hist,10.0,pre,0.27213765609022034,0.06344982441782064,50
theta90_snr0,A,hist,30.0,all,0.3097895065525165,0.06085033003030827,50
theta90_snr0,A,hist,30.0,post,0.3102255373039649,0.07330904760515285,50
theta90_snr0,A,hist,30.0,pre,0.32492138825447675,0.07541410391345033,50
theta90_snr0,A,hist,100.0,all,0.3525477800516753,0.07087857854939726,50
theta90_snr0,A,hist,100.0,post,0.35077100136568246,0.084222930681409,50
theta90_snr0,A,hist,100.0,pre,0.3696528921070745,0.08646272019537289,50
theta90_snr0,A,in,0.0,all,0.22830129938161342,0.017828494547814884,50
theta90_snr0,A,in,0.0,post,0.23113830951307202,0.04263574887777637,50
theta90_snr0,A,in,0.0,pre,0.24074586646681922,0.045447292364984244,50
theta90_snr0,A,in,0.01,all,0.2271435260222888,0.017858896526197866,50
theta90_snr0,A,in,0.01,post,0.2299748485308433,0.04248196474294481,50
theta90_snr0,A,in,0.01,pre,0.23952131632375606,0.045342181411699524,50
theta90_snr0,A,in,0.03,all,0.2249359949690539,0.017915169977004913,50
theta90_snr0,A,in,0.03,post,0.22775666333682298,0.0421890395033923,50
theta90_snr0,A,in,0.03,pre,0.23718625448153793,0.04514308108874624,50
theta90_snr0,A,in,0.1,all,0.2182285686420617,0.01806355963874585,50
theta90_snr0,A,in,0.1,post,0.22101903033728817,0.041297032554069676,50
theta90_snr0,A,in,0.1,pre,0.230089144199945,0.04454532822064641,50
theta90_snr0,A,in,0.3,all,0.20558880930391027,0.018255592473809083,50
theta90_snr0,A,in,0.3,post,0.20833927204248223,0.03961719168967782,50
theta90_snr0,A,in,0.3,pre,0.21670006274099854,0.043447410880751186,50
theta90_snr0,A,in,1.0,all,0.19467806835666693,0.02145949088615079,50
theta90_snr0,A,in,1.0,post,0.19749021263737407,0.040040185742426654,50
theta90_snr0,A,in,1.0,pre,0.20507925595220727,0.04396504292370674,50
theta90_snr0,A,in,3.0,all,0.20691033674856174,0.034220706687911634,50
theta90_snr0,A,in,3.0,post,0.210041037456633,0.05011661210462575,50
theta90_snr0,A,in,3.0,pre,0.2178305361134163,0.05265175594053513,50
theta90_snr0,A,in,10.0,all,0.23083466378341033,0.04769174579669803,50
theta90_snr0,A,in,10.0,post,0.23436943614987615,0.06294898949292889,50
theta90_snr0,A,in,10.0,pre,0.24285250612139833,0.06430126291697372,50
theta90_snr0,A,in,30.0,all,0.24541529749946878,0.05437268900636765,50
theta90_snr0,A,in,30.0,post,0.24910926826178317,0.06975391604748375,50
theta90_snr0,A,in,30.0,pre,0.25816044014893325,0.07045366394820074,50
theta90_snr0,A,in,100.0,all,0.2533559174656087,0.057592299129416685,50
theta90_snr0,A,in,100.0,post,0.25706545710262646,0.07324496409951804,50
theta90_snr0,A,in,100.0,pre,0.2665591961763872,0.07332875566774726,50
theta90_snr0,A,legs,0.0,all,0.2283012993817765,0.017828494547810166,50
theta90_snr0,A,legs,0.0,post,0.2311383095130889,0.04263574887777762,50
theta90_snr0,A,legs,0.0,pre,0.24074586646714227,0.04544729236501231,50
theta90_snr0,A,legs,0.01,all,0.2283012993817765,0.017828494547810166,50
theta90_snr0,A,legs,0.01,post,0.2311383095130889,0.04263574887777762,50
theta90_snr0,A,legs,0.01,pre,0.24074586646714227,0.04544729236501231,50
theta90_snr0,A,legs,0.03,all,0.2283012993817765,0.017828494547810166,50
theta90_snr0,A,legs,0.03,post,0.2311383095130889,0.04263574887777762,50
theta90_snr0,A,legs,0.03,pre,0.24074586646714227,0.04544729236501231,50
theta90_snr0,A,legs,0.1,all,0.2283012993817765,0.017828494547810166,50
theta90_snr0,A,legs,0.1,post,0.2311383095130889,0.04263574887777762,50
theta90_snr0,A,legs,0.1,pre,0.24074586646714227,0.04544729236501231,50
theta90_snr0,A,legs,0.3,all,0.2283012993817765,0.017828494547810166,50
theta90_snr0,A,legs,0.3,post,0.2311383095130889,0.04263574887777762,50
theta90_snr0,A,legs,0.3,pre,0.24074586646714227,0.04544729236501231,50
theta90_snr0,A,legs,1.0,all,0.2283012993817765,0.017828494547810166,50
theta90_snr0,A,legs,1.0,post,0.2311383095130889,0.04263574887777762,50
theta90_snr0,A,legs,1.0,pre,0.24074586646714227,0.04544729236501231,50
theta90_snr0,A,legs,3.0,all,0.2283012993817765,0.017828494547810166,50
theta90_snr0,A,legs,3.0,post,0.2311383095130889,0.04263574887777762,50
theta90_snr0,A,legs,3.0,pre,0.24074586646714227,0.04544729236501231,50
theta90_snr0,A,legs,10.0,all,0.2283012993817765,0.017828494547810166,50
theta90_snr0,A,legs,10.0,post,0.2311383095130889,0.04263574887777762,50
theta90_snr0,A,legs,10.0,pre,0.24074586646714227,0.04544729236501231,50
theta90_snr0,A,legs,30.0,all,0.2283012993817765,0.017828494547810166,50
theta90_snr0,A,legs,30.0,post,0.2311383095130889,0.04263574887777762,50
theta90_snr0,A,legs,30.0,pre,0.24074586646714227,0.04544729236501231,50
theta90_snr0,A,legs,100.0,all,0.2283012993817765,0.017828494547810166,50
theta90_snr0,A,legs,100.0,post,0.2311383095130889,0.04263574887777762,50
theta90_snr0,A,legs,100.0,pre,0.24074586646714227,0.04544729236501231,50
theta90_snr0,A,point,0.0,all,0.9997436214565605,0.005157393171042878,50
theta90_snr0,A,point,0.0,post,1.0088364844916646,0.14385482149882384,50
theta90_snr0,A,point,0.0,pre,1.0548070379180938,0.17089044263492562,50
theta90_snr0,A,point,0.01,all,0.9931477280584783,0.0053244977934109395,50
theta90_snr0,A,point,0.01,post,1.0021686190248857,0.14283653651847236,50
theta90_snr0,A,point,0.01,pre,1.0478554680550924,0.16978636055489887,50
theta90_snr0,A,point,0.03,all,0.9803205667380717,0.005848246958931176,50
theta90_snr0,A,point,0.03,post,0.9892015446184805,0.14086846701161432,50
theta90_snr0,A,point,0.03,pre,1.0343366354784782,0.16764611664885165,50
theta90_snr0,A,point,0.1,all,0.9389112236814025,0.0084765945238247,50
theta90_snr0,A,point,0.1,post,0.947341197472144,0.13461926382138498,50
theta90_snr0,A,point,0.1,pre,0.9906944368210169,0.16079213619024005,50
theta90_snr0,A,point,0.3,all,0.843959291806147,0.014960127253707807,50
theta90_snr0,A,point,0.3,post,0.8513621937455816,0.12080639192704855,50
theta90_snr0,A,point,0.3,pre,0.8906203596166032,0.1452942704482946,50
theta90_snr0,A,point,1.0,all,0.6556329323729423,0.022386526227748334,50
theta90_snr0,A,point,1.0,post,0.6610707282057183,0.09484547511443983,50
theta90_snr0,A,point,1.0,pre,0.6920905808262303,0.11448494900362043,50
theta90_snr0,A,point,3.0,all,0.47630592711067615,0.024916414055768908,50
theta90_snr0,A,point,3.0,post,0.48013253371521997,0.07260338422241065,50
theta90_snr0,A,point,3.0,pre,0.5028331638290099,0.08389285845932934,50
theta90_snr0,A,point,10.0,all,0.36704631286463474,0.03641888539954202,50
theta90_snr0,A,point,10.0,post,0.3701910222951777,0.0671283151609231,50
theta90_snr0,A,point,10.0,pre,0.38724439262426485,0.06925885843625465,50
theta90_snr0,A,point,30.0,all,0.3318045575149961,0.045143628702829175,50
theta90_snr0,A,point,30.0,post,0.33448507407191647,0.06861286621440241,50
theta90_snr0,A,point,30.0,pre,0.35021056253874183,0.0700568845887331,50
theta90_snr0,A,point,100.0,all,0.3227444054753174,0.04931538697584627,50
theta90_snr0,A,point,100.0,post,0.3249004182870273,0.06921002036839514,50
theta90_snr0,A,point,100.0,pre,0.34107788308627973,0.07310613239630312,50
theta90_snr0,B,cur,0.0,all,0.2003354743865766,0.006447508090620344,50
theta90_snr0,B,cur,0.0,post,0.20257072172768345,0.03137208548048999,50
theta90_snr0,B,cur,0.0,pre,0.2106265135699063,0.03249493697821837,50
theta90_snr0,B,cur,0.01,all,0.19901704793690783,0.006402972246403455,50
theta90_snr0,B,cur,0.01,post,0.20124523325300336,0.03114031160769397,50
theta90_snr0,B,cur,0.01,pre,0.20923223863056545,0.03229904579609671,50
theta90_snr0,B,cur,0.03,all,0.19649667437578708,0.006328710755409075,50
theta90_snr0,B,cur,0.03,post,0.19871202336463367,0.030700383013443504,50
theta90_snr0,B,cur,0.03,pre,0.20656616988398294,0.03192612752370176,50
theta90_snr0,B,cur,0.1,all,0.18878120750485208,0.00620851997061398,50
theta90_snr0,B,cur,0.1,post,0.190963908698714,0.02938485513533667,50
theta90_snr0,B,cur,0.1,pre,0.19839777730636574,0.03079949362504497,50
theta90_snr0,B,cur,0.3,all,0.17393927299912998,0.007113028738032099,50
theta90_snr0,B,cur,0.3,post,0.17610529645565287,0.027212441536037413,50
theta90_snr0,B,cur,0.3,pre,0.18263760627131695,0.028833185338828993,50
theta90_snr0,B,cur,1.0,all,0.16024983993293193,0.017997202314963524,50
theta90_snr0,B,cur,1.0,post,0.16264501555602098,0.030760071765624397,50
theta90_snr0,B,cur,1.0,pre,0.1678651516438498,0.031173226656806764,50
theta90_snr0,B,cur,3.0,all,0.17368119671089693,0.037178369401090046,50
theta90_snr0,B,cur,3.0,post,0.17662387245161637,0.047329424233649164,50
theta90_snr0,B,cur,3.0,pre,0.18162136594236614,0.04587603044862609,50
theta90_snr0,B,cur,10.0,all,0.20080168504447493,0.0526094587184751,50
theta90_snr0,B,cur,10.0,post,0.20419722813212002,0.06318421166256018,50
theta90_snr0,B,cur,10.0,pre,0.2099961100270454,0.060871491271830086,50
theta90_snr0,B,cur,30.0,all,0.21716787189611642,0.05976032199372322,50
theta90_snr0,B,cur,30.0,post,0.22065743299400647,0.0708071453319996,50
theta90_snr0,B,cur,30.0,pre,0.22730836576849278,0.06833914916243053,50
theta90_snr0,B,cur,100.0,all,0.22600011126063857,0.06317327612480332,50
theta90_snr0,B,cur,100.0,post,0.22946286549508976,0.07461453169781472,50
theta90_snr0,B,cur,100.0,pre,0.2367436402031147,0.07198269359721145,50
theta90_snr0,B,hist,0.0,all,0.20033547438657665,0.006447508090620313,50
theta90_snr0,B,hist,0.0,post,0.20257072172768353,0.03137208548049003,50
theta90_snr0,B,hist,0.0,pre,0.21062651356990636,0.03249493697821839,50
theta90_snr0,B,hist,0.01,all,0.1990693401779763,0.006397546503819488,50
theta90_snr0,B,hist,0.01,post,0.20124556723321482,0.031134659640393088,50
theta90_snr0,B,hist,0.01,pre,0.20933034985206342,0.032217157399891144,50
theta90_snr0,B,hist,0.03,all,0.19691531006462648,0.006334998014262222,50
theta90_snr0,B,hist,0.03,post,0.19872017409720344,0.030685827157296498,50
theta90_snr0,B,hist,0.03,pre,0.20738309268044902,0.031611933510670626,50
theta90_snr0,B,hist,0.1,all,0.19289438472221387,0.006517207205414764,50
theta90_snr0,B,hist,0.1,post,0.19106895650052316,0.029360946851238735,50
theta90_snr0,B,hist,0.1,pre,0.2064694483052901,0.02910446458327344,50
theta90_snr0,B,hist,0.3,all,0.2014561204416111,0.011687001096104545,50
theta90_snr0,B,hist,0.3,post,0.17695829249169204,0.027275068193974104,50
theta90_snr0,B,hist,0.3,pre,0.23417053679239416,0.023128727705825403,50
theta90_snr0,B,hist,1.0,all,0.28012394281143593,0.03450619978303203,50
theta90_snr0,B,hist,1.0,post,0.16837535432733694,0.03093855455391273,50
theta90_snr0,B,hist,1.0,pre,0.3709757938520267,0.026754909142569235,50
theta90_snr0,B,hist,3.0,all,0.4086730804875045,0.05727714565396955,50
theta90_snr0,B,hist,3.0,post,0.19541205645041682,0.045910939862905766,50
theta90_snr0,B,hist,3.0,pre,0.560725540247716,0.03252185620974304,50
theta90_snr0,B,hist,10.0,all,0.526910602583595,0.07207326108120805,50
theta90_snr0,B,hist,10.0,post,0.25184677992243626,0.0602900867462514,50
theta90_snr0,B,hist,10.0,pre,0.7218211750836193,0.030661431686205873,50
theta90_snr0,B,hist,30.0,all,0.5944466340246684,0.07714521130398733,50
theta90_snr0,B,hist,30.0,post,0.3062886393065374,0.07252840534243159,50
theta90_snr0,B,hist,30.0,pre,0.8044421263608603,0.0264120448200093,50
theta90_snr0,B,hist,100.0,all,0.6350555454872249,0.07935190599284829,50
theta90_snr0,B,hist,100.0,post,0.34942759807118734,0.08382265405418908,50
theta90_snr0,B,hist,100.0,pre,0.8487501818480467,0.023754088038434398,50
theta90_snr0,B,in,0.0,all,0.20033547438638563,0.00644750809060634,50
theta90_snr0,B,in,0.0,post,0.20257072172766585,0.03137208548048807,50
theta90_snr0,B,in,0.0,pre,0.2106265135695247,0.032494936978164364,50
theta90_snr0,B,in,0.01,all,0.19906910007034026,0.006397236637752613,50
theta90_snr0,B,in,0.01,post,0.20124529835460753,0.03113532742334386,50
theta90_snr0,B,in,0.01,pre,0.2093301230081311,0.03221644208592891,50
theta90_snr0,B,in,0.03,all,0.19691475428012514,0.0063339533187751,50
theta90_snr0,B,in,0.03,post,0.19871976243121026,0.030687895200089944,50
theta90_snr0,B,in,0.03,pre,0.2073823592855346,0.03160994101119065,50
theta90_snr0,B,in,0.1,all,0.1928900962065265,0.0065117954574710245,50
theta90_snr0,B,in,0.1,post,0.19106935611951542,0.029368065809516158,50
theta90_snr0,B,in,0.1,pre,0.20646049799322977,0.029098822784279516,50
theta90_snr0,B,in,0.3,all,0.20136611893734557,0.011655220954958785,50
theta90_snr0,B,in,0.3,post,0.17692496828941637,0.027292619716128386,50
theta90_snr0,B,in,0.3,pre,0.2340323313000609,0.02308571550994605,50
theta90_snr0,B,in,1.0,all,0.2790867079339671,0.034488307638474325,50
theta90_snr0,B,in,1.0,post,0.1673493349439049,0.03104733819037532,50
theta90_snr0,B,in,1.0,pre,0.3697893050579949,0.02656979019149881,50
theta90_snr0,B,in,3.0,all,0.4042972431460589,0.057760316568437754,50
theta90_snr0,B,in,3.0,post,0.18788980880028244,0.046950911606075695,50
theta90_snr0,B,in,3.0,pre,0.5566490358804999,0.032627281420948735,50
theta90_snr0,B,in,10.0,all,0.5127670514251857,0.07459380511390673,50
theta90_snr0,B,in,10.0,post,0.22063404667640532,0.0621007361783819,50
theta90_snr0,B,in,10.0,pre,0.7111595070451827,0.032158604378499586,50
theta90_snr0,B,in,30.0,all,0.5651234228284019,0.08255257358464961,50
theta90_snr0,B,in,30.0,post,0.23930724753480298,0.06941169018536743,50
theta90_snr0,B,in,30.0,pre,0.7845697664282275,0.030381778489232843,50
theta90_snr0,B,in,100.0,all,0.5906621248945466,0.08676048891816493,50
theta90_snr0,B,in,100.0,post,0.24908040311540183,0.07306538440535598,50
theta90_snr0,B,in,100.0,pre,0.8200587792130378,0.029764467831575107,50
theta90_snr0,B,legs,0.0,all,0.2003354743865766,0.006447508090620312,50
theta90_snr0,B,legs,0.0,post,0.20257072172768345,0.03137208548048998,50
theta90_snr0,B,legs,0.0,pre,0.21062651356990636,0.03249493697821837,50
theta90_snr0,B,legs,0.01,all,0.2003354743865766,0.006447508090620312,50
theta90_snr0,B,legs,0.01,post,0.20257072172768345,0.03137208548048998,50
theta90_snr0,B,legs,0.01,pre,0.21062651356990636,0.03249493697821837,50
theta90_snr0,B,legs,0.03,all,0.2003354743865766,0.006447508090620312,50
theta90_snr0,B,legs,0.03,post,0.20257072172768345,0.03137208548048998,50
theta90_snr0,B,legs,0.03,pre,0.21062651356990636,0.03249493697821837,50
theta90_snr0,B,legs,0.1,all,0.2003354743865766,0.006447508090620312,50
theta90_snr0,B,legs,0.1,post,0.20257072172768345,0.03137208548048998,50
theta90_snr0,B,legs,0.1,pre,0.21062651356990636,0.03249493697821837,50
theta90_snr0,B,legs,0.3,all,0.2003354743865766,0.006447508090620312,50
theta90_snr0,B,legs,0.3,post,0.20257072172768345,0.03137208548048998,50
theta90_snr0,B,legs,0.3,pre,0.21062651356990636,0.03249493697821837,50
theta90_snr0,B,legs,1.0,all,0.2003354743865766,0.006447508090620312,50
theta90_snr0,B,legs,1.0,post,0.20257072172768345,0.03137208548048998,50
theta90_snr0,B,legs,1.0,pre,0.21062651356990636,0.03249493697821837,50
theta90_snr0,B,legs,3.0,all,0.2003354743865766,0.006447508090620312,50
theta90_snr0,B,legs,3.0,post,0.20257072172768345,0.03137208548048998,50
theta90_snr0,B,legs,3.0,pre,0.21062651356990636,0.03249493697821837,50
theta90_snr0,B,legs,10.0,all,0.2003354743865766,0.006447508090620312,50
theta90_snr0,B,legs,10.0,post,0.20257072172768345,0.03137208548048998,50
theta90_snr0,B,legs,10.0,pre,0.21062651356990636,0.03249493697821837,50
theta90_snr0,B,legs,30.0,all,0.2003354743865766,0.006447508090620312,50
theta90_snr0,B,legs,30.0,post,0.20257072172768345,0.03137208548048998,50
theta90_snr0,B,legs,30.0,pre,0.21062651356990636,0.03249493697821837,50
theta90_snr0,B,legs,100.0,all,0.2003354743865766,0.006447508090620312,50
theta90_snr0,B,legs,100.0,post,0.20257072172768345,0.03137208548048998,50
theta90_snr0,B,legs,100.0,pre,0.21062651356990636,0.03249493697821837,50
theta90_snr0,B,point,0.0,all,1.000095261485869,0.008538617949787436,50
theta90_snr0,B,point,0.0,post,1.0088364844916646,0.14385482149882384,50
theta90_snr0,B,point,0.0,pre,1.0543484523283704,0.165417494642231,50
theta90_snr0,B,point,0.01,all,0.9935071034277179,0.008570677947929576,50
theta90_snr0,B,point,0.01,post,1.0021686190248857,0.14283653651847236,50
theta90_snr0,B,point,0.01,pre,1.0474181834494452,0.1643259710331316,50
theta90_snr0,B,point,0.03,all,0.9807498108579044,0.008771916570503581,50
theta90_snr0,B,point,0.03,post,0.9892015446184805,0.14086846701161432,50
theta90_snr0,B,point,0.03,pre,1.034051641622599,0.16219520374389473,50
theta90_snr0,B,point,0.1,all,0.9400967847971122,0.010276303975406855,50
theta90_snr0,B,point,0.1,post,0.947341197472144,0.13461926382138498,50
theta90_snr0,B,point,0.1,pre,0.991973273589506,0.1552185118782508,50
theta90_snr0,B,point,0.3,all,0.8505521754708556,0.014757985851980699,50
theta90_snr0,B,point,0.3,post,0.8513621937455816,0.12080639192704855,50
theta90_snr0,B,point,0.3,pre,0.902858174997844,0.1383001747009161,50
theta90_snr0,B,point,1.0,all,0.6962239468331833,0.02059831101568123,50
theta90_snr0,B,point,1.0,post,0.6610707282057183,0.09484547511443983,50
theta90_snr0,B,point,1.0,pre,0.7708705149996373,0.09865255103096367,50
theta90_snr0,B,point,3.0,all,0.604179203446056,0.039206728580804796,50
theta90_snr0,B,point,3.0,post,0.48013253371521997,0.07260338422241065,50
theta90_snr0,B,point,3.0,pre,0.7378144987191465,0.05695588041913579,50
theta90_snr0,B,point,10.0,all,0.6030422416979382,0.06423146828252145,50
theta90_snr0,B,point,10.0,post,0.3701910222951777,0.0671283151609231,50
theta90_snr0,B,point,10.0,pre,0.7957540628538472,0.036302782690266024,50
theta90_snr0,B,point,30.0,all,0.6243546438084331,0.07434910710090684,50
theta90_snr0,B,point,30.0,post,0.33448507407191647,0.06861286621440241,50
theta90_snr0,B,point,30.0,pre,0.8441654059936894,0.02850350984367033,50
theta90_snr0,B,point,100.0,all,0.6405612140744317,0.07825632133434145,50
theta90_snr0,B,point,100.0,post,0.3249004182870273,0.06921002036839514,50
theta90_snr0,B,point,100.0,pre,0.8726091551438109,0.025068382360310223,50
