cell,scenario,segment,pair,n,mean_diff,ci_lo,ci_hi,n_neg,n_pos,rel_mean_diff
N32,A,all,hist-cur,50,-0.0023579029908137876,-0.0026144608176968537,-0.002067366232388047,49,1,-0.02486035826787969
N32,A,all,hist-in,50,-1.7428373783817674e-06,-6.624636827715961e-06,3.035431604907317e-06,26,24,-1.884357583174364e-05
N32,A,all,in-cur,50,-0.002356160153435406,-0.0026156388827197853,-0.0020694116911046875,49,1,-0.02484198280383472
N32,A,all,hist-legs,50,-0.003485270709664219,-0.0037667304184651027,-0.003179719005530568,49,1,-0.03631501651609799
N32,A,all,cur-legs,50,-0.001127367718850431,-0.00120186562840039,-0.0010514623848938123,50,0,-0.0117466850469453
N32,A,post,hist-cur,50,-0.0017229697573047358,-0.001995386342508714,-0.0014205467775427012,47,3,-0.018096760679449802
N32,A,post,hist-in,50,1.1115096283209614e-07,-6.598681658025192e-06,6.509482584489825e-06,26,24,1.188962730315181e-06
N32,A,post,in-cur,50,-0.001723080908267568,-0.0019876955883186085,-0.0014258271376264902,47,3,-0.018097928124418083
N32,A,post,hist-legs,50,-0.003408615122502311,-0.0037808770933285903,-0.003004940521719949,49,1,-0.03517866549629103
N32,A,post,cur-legs,50,-0.0016856453651975752,-0.0018149132955919062,-0.0015584530540106777,50,0,-0.01739672926291743
N32,A,pre,hist-cur,50,-0.0031306591471966985,-0.003449429345840093,-0.002782384099838036,49,1,-0.03112950988192392
N32,A,pre,hist-in,50,-4.368421908038933e-06,-1.0991937799272253e-05,1.7684201843938545e-06,22,28,-4.483073661870092e-05
N32,A,pre,in-cur,50,-0.0031262907252886584,-0.003447209521946711,-0.002794181164267078,49,1,-0.031086072756845478
N32,A,pre,hist-legs,50,-0.003783133020791823,-0.004115579637833034,-0.0034511879928885926,49,1,-0.03737486046577333
N32,A,pre,cur-legs,50,-0.0006524738735951249,-0.0008162858435618494,-0.0004953265931054194,44,6,-0.006446011770972918
N32,B,all,hist-cur,50,0.0025604353926997215,0.0022528031527022183,0.002837385675527623,2,48,0.030207061123870668
N32,B,all,hist-in,50,-2.3653379540106157e-07,-6.950626028742399e-07,1.9867188393913475e-07,24,26,-2.708707775802724e-06
N32,B,all,in-cur,50,0.002560671926495123,0.002244598512630753,0.0028360741231022086,2,48,0.030209851661306575
N32,B,all,hist-legs,50,-0.0012453462584792333,-0.0013324161527337698,-0.0011609330208486575,50,0,-0.014060811294479449
N32,B,all,cur-legs,50,-0.0038057816511789548,-0.0041225960750949165,-0.003477375579304194,49,1,-0.04296987866697159
N32,B,post,hist-cur,50,0.002173994876412399,0.0018323565698240953,0.0024844309470029957,1,49,0.02537689142943162
N32,B,post,hist-in,50,-3.7302338259687095e-07,-8.929336155850259e-07,1.2434977483007098e-07,29,21,-4.246494749868302e-06
N32,B,post,in-cur,50,0.0021743678997949963,0.0018457105840746274,0.0024723589229994998,1,49,0.025381245705508128
N32,B,post,hist-legs,50,-0.001538171129375568,-0.001649569026329464,-0.0014291274327643255,50,0,-0.017209255918200606
N32,B,post,cur-legs,50,-0.003712166005787968,-0.0041190661808169216,-0.003283396679346807,49,1,-0.04153218948426351
N32,B,pre,hist-cur,50,0.0030900094682181044,0.0027458593829203896,0.003401179527373876,2,48,0.034639434878937905
N32,B,pre,hist-in,50,-1.976509820841854e-07,-8.829411601103954e-07,4.983137720956237e-07,26,24,-2.1415095092083653e-06
N32,B,pre,in-cur,50,0.003090207119200189,0.002750083817575426,0.003412969414007879,2,48,0.03464165057387123
N32,B,pre,hist-legs,50,-0.0010497823487447394,-0.0012171524847999448,-0.0008851120422578772,49,1,-0.011246291913267328
N32,B,pre,cur-legs,50,-0.004139791816962844,-0.004480860165534782,-0.003773946217926518,49,1,-0.04434948567137717
N4,A,all,hist-cur,50,-1.7559385927103933e-05,-2.3778354079006693e-05,-1.173639596078435e-05,39,11,-2.268377349407511e-05
N4,A,all,hist-in,50,1.7068010842291593e-06,2.612024290656879e-07,3.1425135691205976e-06,18,32,2.2049548307581126e-06
N4,A,all,in-cur,50,-1.926618701133309e-05,-2.5828673719111682e-05,-1.3212617259982126e-05,42,8,-2.4888673446432476e-05
N4,A,all,hist-legs,50,-1.5165739187648075e-05,-1.921202957498913e-05,-1.0947675836665503e-05,45,5,-1.9591645049397867e-05
N4,A,all,cur-legs,50,2.393646739455857e-06,-4.723173686120296e-06,1.0351617641799538e-05,31,19,3.0921985874095937e-06
N4,A,post,hist-cur,50,0.00023564510863748777,0.00019951082980162186,0.0002740340802963902,0,50,0.0003056080770875442
N4,A,post,hist-in,50,-6.908958995717196e-05,-0.00012624951677570173,-1.7903541494017334e-05,26,24,-8.956687260698385e-05
N4,A,post,in-cur,50,0.00030473469859465974,0.0002334300862973999,0.00038173190489529043,1,49,0.00039521034744937104
N4,A,post,hist-legs,50,-8.20463229596391e-05,-0.00014418795104635654,-2.7183809031754147e-05,26,24,-0.0001063620312184209
N4,A,post,cur-legs,50,-0.0003176914315971269,-0.0003974955273626594,-0.00024394522815311453,50,0,-0.0004118442453780755
N4,A,pre,hist-cur,50,-0.0003182174179363329,-0.0003787003962568172,-0.00026109578351714443,50,0,-0.0004153320361551828
N4,A,pre,hist-in,50,1.9958564066246964e-06,-4.021513497494076e-05,4.3071107047707587e-05,24,26,2.6060474673508813e-06
N4,A,pre,in-cur,50,-0.00032021327434295755,-0.00037424316296709844,-0.00027002200542786006,49,1,-0.00041793699445888773
N4,A,pre,hist-legs,50,-2.4249805288818482e-05,-6.820893944423834e-05,1.9396327442952444e-05,30,20,-3.166258745217884e-05
N4,A,pre,cur-legs,50,0.0002939676126475144,0.0002466254483268059,0.0003425194429925353,0,50,0.0003838288651270923
N4,B,all,hist-cur,50,1.0199788520177667e-05,6.9741820848799875e-06,1.3117975801154037e-05,5,45,1.3182953334333e-05
N4,B,all,hist-in,50,-1.1703405649932108e-07,-6.169918984704203e-07,3.874365953067672e-07,23,27,-1.5126136486301867e-07
N4,B,all,in-cur,50,1.0316822576676987e-05,7.0521276362082165e-06,1.3139673490412618e-05,5,45,1.3334216716147838e-05
N4,B,all,hist-legs,50,-6.748453285316814e-06,-8.879134105464815e-06,-4.598315675579556e-06,42,8,-8.722003973357271e-06
N4,B,all,cur-legs,50,-1.694824180549448e-05,-2.0695115570241227e-05,-1.2615843705840623e-05,45,5,-2.1904668539467108e-05
N4,B,post,hist-cur,50,2.599634878978074e-06,-2.004132937658118e-05,2.505520621657998e-05,25,25,3.3697924651252342e-06
N4,B,post,hist-in,50,9.97660594920713e-05,7.72892846584318e-05,0.00012469920831712874,0,50,0.00012933864971319844
N4,B,post,in-cur,50,-9.716642461309322e-05,-0.00012589691705327432,-6.914514577577747e-05,38,12,-0.00012595256671316658
N4,B,post,hist-legs,50,-1.346580210659809e-05,-3.5190439571884805e-05,7.712385058186539e-06,22,28,-1.7454764086588044e-05
N4,B,post,cur-legs,50,-1.6065436985576166e-05,-2.5333223157612384e-05,-6.038324431967499e-06,38,12,-2.0824486377515997e-05
N4,B,pre,hist-cur,50,2.3643631106370357e-05,-9.463236037561548e-07,4.9843903140658285e-05,23,27,3.092954791820685e-05
N4,B,pre,hist-in,50,-9.347418325163726e-05,-0.00010848478633086491,-7.986819906279862e-05,50,0,-0.00012226004297240673
N4,B,pre,in-cur,50,0.0001171178143580076,8.725210290870376e-05,0.00014663853272325918,5,45,0.00015320832214666294
N4,B,pre,hist-legs,50,-1.8930914401271704e-06,-2.8744450333950646e-05,2.5650721233091093e-05,30,20,-2.4763754014336632e-06
N4,B,pre,cur-legs,50,-2.5536722546497525e-05,-3.7613807573909946e-05,-1.4278780568248495e-05,40,10,-3.340489012149079e-05
N8,A,all,hist-cur,50,-6.655079863940705e-05,-8.695046698600547e-05,-4.8111134410698514e-05,45,5,-0.00015299576883381566
N8,A,all,hist-in,50,2.1717752324873498e-06,3.3866077730547455e-07,4.091603568847413e-06,21,29,4.993552770967449e-06
N8,A,all,in-cur,50,-6.87225738718944e-05,-8.984338462053647e-05,-5.061889732150006e-05,44,6,-0.00015798853268070797
N8,A,all,hist-legs,50,-6.64822592326142e-05,-7.754243514911211e-05,-5.5204580558266034e-05,47,3,-0.00015283822547214543
N8,A,all,cur-legs,50,6.853940679285575e-08,-1.9028716499506286e-05,2.101820296120141e-05,31,19,1.5756746882624962e-07
N8,A,post,hist-cur,50,0.0006029645582282117,0.0004944526823490543,0.0007212988675341132,0,50,0.0013859690211140958
N8,A,post,hist-in,50,1.580853687759287e-05,-3.6606823447167856e-05,6.388645186553485e-05,19,31,3.6288387628713425e-05
N8,A,post,in-cur,50,0.0005871560213506189,0.0004553416638710555,0.0007322111152358241,1,49,0.001349631657528638
N8,A,post,hist-legs,50,-3.927061122709186e-05,-0.0001005762620936075,2.0291563038077075e-05,22,28,-9.013402187510152e-05
N8,A,post,cur-legs,50,-0.0006422351694553035,-0.0007983291325103113,-0.0005006179007719756,50,0,-0.0014740600414365039
N8,A,pre,hist-cur,50,-0.0007600054568299281,-0.000861577903265325,-0.0006599839524421987,50,0,-0.0016965636735700696
N8,A,pre,hist-in,50,-7.78446072590483e-05,-0.00013118854999420192,-2.7975219716035793e-05,30,20,-0.00017403789779630877
N8,A,pre,in-cur,50,-0.0006821608495708797,-0.0007927345778393102,-0.0005809102740283841,50,0,-0.0015227907990832167
N8,A,pre,hist-legs,50,-0.00016554257712474152,-0.00022646547854997685,-0.00010111686216095097,36,14,-0.00037003249694235837
N8,A,pre,cur-legs,50,0.0005944628797051865,0.0004887146789534547,0.0007168313852584597,0,50,0.0013287855459148752
N8,B,all,hist-cur,50,4.6002320881909366e-05,3.6216140469863985e-05,5.549896068388155e-05,4,46,0.000106651602677965
N8,B,all,hist-in,50,2.3338642967940525e-07,-4.2431286743217775e-07,9.053699581931946e-07,19,31,5.41024786811285e-07
N8,B,all,in-cur,50,4.5768934452229957e-05,3.620255979875695e-05,5.5275020866220076e-05,4,46,0.00010611052048273199
N8,B,all,hist-legs,50,-2.534819152511969e-05,-3.143043056294928e-05,-1.8951360746864793e-05,48,2,-5.875742953953728e-05
N8,B,all,cur-legs,50,-7.135051240702905e-05,-8.361222123399354e-05,-5.85574865291865e-05,47,3,-0.0001653913929603739
N8,B,post,hist-cur,50,4.1179696364589954e-05,5.11817380632139e-06,7.841688076911278e-05,18,32,9.587741908179936e-05
N8,B,post,hist-in,50,0.00010164440093771377,8.468878114680373e-05,0.0001192069160494286,0,50,0.00023668884957978877
N8,B,post,in-cur,50,-6.0464704573123805e-05,-0.00010018297046120373,-2.22607185919903e-05,33,17,-0.00014077810988911372
N8,B,post,hist-legs,50,-2.6639987904851782e-05,-6.62743227920373e-05,1.5730682390800364e-05,29,21,-6.20152712018144e-05
N8,B,post,cur-legs,50,-6.781968426944174e-05,-8.98281798259891e-05,-4.445184003830424e-05,44,6,-0.00015787755339126367
N8,B,pre,hist-cur,50,3.846414402756182e-05,-2.040715500105788e-06,8.028495934500752e-05,19,31,8.641828097418736e-05
N8,B,pre,hist-in,50,-0.00011765895254334302,-0.00014445673062913226,-9.44952801564133e-05,50,0,-0.0002642543955117895
N8,B,pre,in-cur,50,0.00015612309657090485,0.0001152917835924618,0.00019867413160105308,10,40,0.00035076536777620506
N8,B,pre,hist-legs,50,-4.407813378302261e-05,-8.495121591525492e-05,-5.954715096778038e-06,28,22,-9.901299952518173e-05
N8,B,pre,cur-legs,50,-8.254227781058443e-05,-0.00010378147399281866,-6.203561863392043e-05,47,3,-0.00018541525723157277
R1_theta0,A,all,hist-cur,50,-6.661338147750939e-18,-4.9960036108132046e-17,3.552713678800501e-17,18,15,-2.259434918732796e-17
R1_theta0,A,all,hist-in,50,-3.5405012255296243e-15,-5.618180920485827e-14,5.0522502847982773e-14,25,24,-1.2008896593064672e-14
R1_theta0,A,all,in-cur,50,3.533839887381873e-15,-5.066305708290031e-14,5.6996074526694e-14,25,25,1.1986302243877483e-14
R1_theta0,A,all,hist-legs,50,-0.07464740512483639,-0.07800392362888126,-0.07135353856334391,50,0,-0.20203882450473953
R1_theta0,A,all,cur-legs,50,-0.07464740512483639,-0.07793328799776084,-0.07140045638950594,50,0,-0.20203882450473953
R1_theta0,A,post,hist-cur,50,-1.1102230246251566e-18,-6.052103262987884e-17,5.88418203051333e-17,21,18,-3.649560668448156e-18
R1_theta0,A,post,hist-in,50,8.972267373508202e-15,-3.5370317785776704e-16,1.8332654838637553e-14,20,30,2.949392454206464e-14
R1_theta0,A,post,in-cur,50,-8.973377596532828e-15,-1.8056237061081503e-14,1.765670942788235e-16,30,20,-2.949757410273223e-14
R1_theta0,A,post,hist-legs,50,-0.07687070408146557,-0.08146801049734019,-0.07239198956518798,50,0,-0.20171907519905483
R1_theta0,A,post,cur-legs,50,-0.07687070408146558,-0.08137374844543274,-0.07242328474724401,50,0,-0.20171907519905485
R1_theta0,A,pre,hist-cur,50,-2.831068712794149e-17,-7.771561172376095e-17,2.1094237467877975e-17,21,16,-9.710138939051581e-17
R1_theta0,A,pre,hist-in,50,-9.433009928727643e-15,-1.1605094663025282e-13,9.849462911937225e-14,27,23,-3.23538021551565e-14
R1_theta0,A,pre,in-cur,50,9.4046992415997e-15,-9.514374010866079e-14,1.1548886846846074e-13,23,27,3.2256700765767034e-14
R1_theta0,A,pre,hist-legs,50,-0.07413124162284623,-0.07841111963607579,-0.06991959604704114,50,0,-0.20271649445518505
R1_theta0,A,pre,cur-legs,50,-0.0741312416228462,-0.07846960810506752,-0.06962608143580712,50,0,-0.20271649445518497
R1_theta45,A,all,hist-cur,50,-0.02977333302337961,-0.032821320618443416,-0.026753810938897494,50,0,-0.0894267326876584
R1_theta45,A,all,hist-in,50,-4.073608904097137e-05,-0.00010151428480821101,2.2013341700775867e-05,25,25,-0.00013435257392771445
R1_theta45,A,all,in-cur,50,-0.029732596934338638,-0.03286050228808387,-0.02666414007107271,50,0,-0.08930437838682996
R1_theta45,A,all,hist-legs,50,-0.07828065451682382,-0.08154585909570022,-0.07501115334393786,50,0,-0.20522251896479504
R1_theta45,A,all,cur-legs,50,-0.04850732149344422,-0.05281377146548458,-0.04399652259927092,50,0,-0.1271680055125282
R1_theta45,A,post,hist-cur,50,-0.000377262627530352,-0.0005256892657912055,-0.00022984938462165594,36,14,-0.0011882748537629284
R1_theta45,A,post,hist-in,50,-7.460900276689497e-05,-0.0001518072735408992,5.916464636606681e-06,31,19,-0.00023522233511530266
R1_theta45,A,post,in-cur,50,-0.000302653624763457,-0.0004717374472314214,-0.0001464949261457533,34,16,-0.0009532767506309201
R1_theta45,A,post,hist-legs,50,-0.08221199603562766,-0.08693448437149427,-0.07744969050844225,50,0,-0.20587874133969247
R1_theta45,A,post,cur-legs,50,-0.0818347334080973,-0.0866588030291732,-0.07734736941183755,50,0,-0.20493398438625715
R1_theta45,A,pre,hist-cur,50,-0.054104640470807396,-0.05881189048800531,-0.04943039880541275,50,0,-0.15496362981155137
R1_theta45,A,pre,hist-in,50,-1.4474307243632634e-05,-9.160478419889605e-05,6.160212647601499e-05,27,23,-4.905647579993215e-05
R1_theta45,A,pre,in-cur,50,-0.05409016616356376,-0.05898472841820692,-0.04938979955779295,50,0,-0.1549221732715954
R1_theta45,A,pre,hist-legs,50,-0.07594895424608468,-0.07991918048665382,-0.07203536553067065,50,0,-0.20472054361907144
R1_theta45,A,pre,cur-legs,50,-0.02184431377527728,-0.028210202680448233,-0.015252286915738942,41,9,-0.05888138731404422
R3_drift,A,all,hist-cur,50,-0.0010177764773076888,-0.0013778908776279233,-0.0006450663618305115,43,7,-0.015729638933123784
R3_drift,A,all,hist-in,50,8.628945469697779e-07,-1.422101882120271e-06,3.4906026551703613e-06,24,26,1.3549259033099488e-05
R3_drift,A,all,in-cur,50,-0.0010186393718546586,-0.0013657852272957944,-0.0006286187780273953,43,7,-0.015742974886512197
R3_drift,A,all,hist-legs,50,-0.0015865417867891958,-0.0019798583749754605,-0.001151130717817049,45,5,-0.0243061961867142
R3_drift,A,all,cur-legs,50,-0.0005687653094815068,-0.0006781121745293034,-0.00045451897943119907,47,3,-0.008713619339603053
R3_drift,A,post,hist-cur,50,-0.0008066135342516226,-0.0011687795156896808,-0.0004052447430565772,39,11,-0.011651266785325723
R3_drift,A,post,hist-in,50,1.088798878971231e-06,-7.369868467209342e-06,1.0320174577377776e-05,22,28,1.591299798552808e-05
R3_drift,A,post,in-cur,50,-0.0008077023331305938,-0.001175420070548098,-0.00041132506208259843,39,11,-0.01166699412645722
R3_drift,A,post,hist-legs,50,-0.001915635789836751,-0.0023786998385088597,-0.0013935664847739087,43,7,-0.02723444676816897
R3_drift,A,post,cur-legs,50,-0.0011090222555851285,-0.0012303068145819449,-0.000981222967566931,49,1,-0.015766884156524236
R3_drift,A,pre,hist-cur,50,-0.0011609861363223895,-0.0015474229030547678,-0.0007188556870450396,44,6,-0.017920991122779593
R3_drift,A,pre,hist-in,50,2.525413543004451e-07,-4.361107385158685e-06,4.7914173965462985e-06,20,30,3.969381045376822e-06
R3_drift,A,pre,in-cur,50,-0.00116123867767669,-0.0015405167568272907,-0.0007348715333633242,44,6,-0.01792488935310893
R3_drift,A,pre,hist-legs,50,-0.0014460908620932394,-0.0018501653514563577,-0.0010068689358921489,44,6,-0.02222406449599689
R3_drift,A,pre,cur-legs,50,-0.00028510472577085,-0.00044268891627264505,-0.0001226390562032743,35,15,-0.004381595914708394
R3_drift,B,all,hist-cur,50,0.0010540808571867977,0.0006592189914522903,0.0014041102459708924,8,42,0.01701496091005664
R3_drift,B,all,hist-in,50,3.2308034019823405e-07,-1.4441647520037347e-07,7.856522965952774e-07,20,30,5.127934228119715e-06
R3_drift,B,all,in-cur,50,0.0010537577768465994,0.0006359031320012762,0.0014056494638527265,8,42,0.01700974575097107
R3_drift,B,all,hist-legs,50,-0.0005946701522564811,-0.0006997723618082031,-0.000482536091531192,48,2,-0.009350308439212347
R3_drift,B,all,cur-legs,50,-0.001648751009443279,-0.0020353362054039846,-0.0011975366995487032,44,6,-0.025924170599886283
R3_drift,B,post,hist-cur,50,0.0008989924485992315,0.0004646713562554525,0.0012700759654784898,10,40,0.013449637677444445
R3_drift,B,post,hist-in,50,1.1661679048938222e-06,4.577295230421274e-07,1.9885728335700963e-06,17,33,1.7215551134680693e-05
R3_drift,B,post,in-cur,50,0.0008978262806943377,0.00046320549864361415,0.001261866689230014,10,40,0.013432190883740754
R3_drift,B,post,hist-legs,50,-0.0010804453249026189,-0.0012111711687157278,-0.0009519552113527539,49,1,-0.015699394985866474
R3_drift,B,post,cur-legs,50,-0.0019794377735018504,-0.0024441522735731483,-0.0014515340048234437,43,7,-0.028762191607382394
R3_drift,B,pre,hist-cur,50,0.0011749944736624397,0.0007371350052704239,0.0015699799252409739,7,43,0.019033568891092652
R3_drift,B,pre,hist-in,50,-1.926652382454319e-07,-7.395574105144506e-07,3.615954926379125e-07,27,23,-3.06265408285722e-06
R3_drift,B,pre,in-cur,50,0.001175187138900685,0.0007349592973168077,0.001560458374221559,7,43,0.019036689847971393
R3_drift,B,pre,hist-legs,50,-0.00033239942285233067,-0.0004957887722894557,-0.00017417362779818886,36,14,-0.005256146229938727
R3_drift,B,pre,cur-legs,50,-0.0015073938965147705,-0.0019040666158790147,-0.0010489474187259393,43,7,-0.023836030394428838
R3_many,A,all,hist-cur,50,-0.0010143441773623966,-0.0012057371932176534,-0.0008368027395111687,49,1,-0.015053588900255153
R3_many,A,all,hist-in,50,1.138091981027628e-06,-1.3895885863799904e-07,2.509050160353653e-06,19,31,1.7148530879093726e-05
R3_many,A,all,in-cur,50,-0.0010154822693434244,-0.001207176385774859,-0.0008388790812277515,49,1,-0.015070478994559848
R3_many,A,all,hist-legs,50,-0.001959519567273063,-0.0022049135341438712,-0.001703325768218562,49,1,-0.028678389885093785
R3_many,A,all,cur-legs,50,-0.0009451753899106663,-0.0012492546561500356,-0.0006079048026992187,40,10,-0.013833037849872278
R3_many,A,post,hist-cur,50,0.0003126949227552071,0.0002604636745715295,0.00037068882924673344,1,49,0.0037122534517101203
R3_many,A,post,hist-in,50,3.238703429200851e-07,-3.275155767730291e-06,4.088270563996192e-06,27,23,3.8307199968784245e-06
R3_many,A,post,in-cur,50,0.00031237105241228706,0.0002559965191787823,0.00036826978241327773,1,49,0.0037084085258385453
R3_many,A,post,hist-legs,50,-0.003650373597634082,-0.004219935543394141,-0.0031021726077431313,49,1,-0.041389214987926345
R3_many,A,post,cur-legs,50,-0.003963068520389289,-0.004554097907114131,-0.003426039912451144,49,1,-0.04493465959445553
R3_many,A,pre,hist-cur,50,-0.001486022461769938,-0.0017120887809045206,-0.0012674946977352768,49,1,-0.022279860528171817
R3_many,A,pre,hist-in,50,2.007365588915927e-06,4.933736809756666e-07,3.678115272040136e-06,23,27,3.0783101657354985e-05
R3_many,A,pre,in-cur,50,-0.0014880298273588538,-0.0017177645262600701,-0.0012704380838235683,49,1,-0.022309956860159172
R3_many,A,pre,hist-legs,50,-0.0016874158719054125,-0.0020046459515601685,-0.001359060562394697,46,4,-0.025223180940690447
R3_many,A,pre,cur-legs,50,-0.00020139341013547475,-0.0005757319926673407,0.00018948706972276292,31,19,-0.0030103915156218857
R3_many,B,all,hist-cur,50,0.0009368718415965556,0.0007455762378349223,0.0011316432332903188,3,47,0.015204440394477551
R3_many,B,all,hist-in,50,4.811735589854705e-07,-3.065247052552074e-07,1.3311309624968464e-06,21,29,7.69204543100685e-06
R3_many,B,all,in-cur,50,0.0009363906680375701,0.0007598805309111998,0.0011264472350668916,3,47,0.015196631455866987
R3_many,B,all,hist-legs,50,-0.0011668691735189697,-0.001509474540929912,-0.0008163872767721942,41,9,-0.018311859886627483
R3_many,B,all,cur-legs,50,-0.0021037410151155257,-0.0023639849972028064,-0.0018285454698699702,48,2,-0.03301433578056616
R3_many,B,post,hist-cur,50,2.080908234664322e-05,2.777272516737349e-06,3.968996360217661e-05,18,32,0.0002547819713837578
R3_many,B,post,hist-in,50,1.2566719127148074e-06,-5.987572272562364e-07,3.661486239878984e-06,25,25,1.538274063628677e-05
R3_many,B,post,in-cur,50,1.9552410433928413e-05,2.0485339446795282e-06,3.8617084959688705e-05,18,32,0.00023939554818784377
R3_many,B,post,hist-legs,50,-0.0037581628418344565,-0.0043438370078341965,-0.003208160969053728,49,1,-0.04397927153631765
R3_many,B,post,cur-legs,50,-0.0037789719241811,-0.004363690230241815,-0.0032371581822995257,49,1,-0.044222786339017876
R3_many,B,pre,hist-cur,50,0.0012247833206634642,0.0009951992527195573,0.0014460245350550373,3,47,0.02058103400006437
R3_many,B,pre,hist-in,50,7.010464574512543e-07,-2.766571238868864e-07,1.727333103363399e-06,23,27,1.1542828560590236e-05
R3_many,B,pre,in-cur,50,0.001224082274206013,0.0009846711761959653,0.0014524179336705839,3,47,0.02056925374413419
R3_many,B,pre,hist-legs,50,-0.0006125219898039863,-0.0010691387230340927,-0.00016139876882311524,31,19,-0.0099844497176153
R3_many,B,pre,cur-legs,50,-0.0018373053104674504,-0.0021787792768472817,-0.0015120972207829564,46,4,-0.02994910026681697
R3_noisy_maps,A,all,hist-cur,50,-0.0007398962115061305,-0.0009646983419589573,-0.0005127066723961075,40,10,-0.008628501729808185
R3_noisy_maps,A,all,hist-in,50,-8.447359393756737e-07,-7.463742829582758e-06,6.021313436434231e-06,31,19,-9.936760312530756e-06
R3_noisy_maps,A,all,in-cur,50,-0.0007390514755667549,-0.0009780919200088089,-0.0005113602548161666,40,10,-0.008618650610960994
R3_noisy_maps,A,all,hist-legs,50,-0.0011972441755951433,-0.0014253857162680077,-0.0009673166515376088,46,4,-0.013887918859753217
R3_noisy_maps,A,all,cur-legs,50,-0.0004573479640890127,-0.0005448745465131747,-0.000367672695272456,45,5,-0.005305192996895714
R3_noisy_maps,A,post,hist-cur,50,0.00010608191738780873,-0.00013860082330018598,0.00034567698213118834,25,25,0.0012137661578689102
R3_noisy_maps,A,post,hist-in,50,1.049538778511161e-06,-1.1799383790939514e-05,1.4313493679728799e-05,24,26,1.1994179659493438e-05
R3_noisy_maps,A,post,in-cur,50,0.00010503237860929757,-0.00014272991560333997,0.00034701676168994117,25,25,0.0012017575641132855
R3_noisy_maps,A,post,hist-legs,50,-0.0014131122887769776,-0.001666013082511326,-0.0011527582362263627,47,3,-0.0158922783785725
R3_noisy_maps,A,post,cur-legs,50,-0.0015191942061647864,-0.0016453789963574994,-0.0013965238411632653,50,0,-0.01708530696904558
R3_noisy_maps,A,pre,hist-cur,50,-0.0015590506711802752,-0.001892629444327195,-0.0012258563905965302,45,5,-0.01791002730756297
R3_noisy_maps,A,pre,hist-in,50,-4.141682457540347e-06,-1.4344917657192559e-05,6.448047457952102e-06,26,24,-4.844405623947904e-05
R3_noisy_maps,A,pre,in-cur,50,-0.0015549089887227352,-0.001888017230316512,-0.001212985106571144,44,6,-0.01786244858078712
R3_noisy_maps,A,pre,hist-legs,50,-0.0010508342798629105,-0.0013708191733251135,-0.0007320230963831575,43,7,-0.01214264256329623
R3_noisy_maps,A,pre,cur-legs,50,0.0005082163913173649,0.00027186324251903725,0.0007547014351116498,16,34,0.005872562498989008
R3_noisy_maps,B,all,hist-cur,50,0.0011011971795967864,0.0008039982709830645,0.0013844042580699871,7,43,0.017724864376391074
R3_noisy_maps,B,all,hist-in,50,6.787206345985897e-07,6.801396760373891e-08,1.3028088640192651e-06,19,31,1.073453311767647e-05
R3_noisy_maps,B,all,in-cur,50,0.0011005184589621877,0.0008103339992762183,0.001378347926669762,7,43,0.017713939692401124
R3_noisy_maps,B,all,hist-legs,50,-0.0005095273675245441,-0.0006147573226986228,-0.0004055079099429404,45,5,-0.007994093417209039
R3_noisy_maps,B,all,cur-legs,50,-0.00161072454712133,-0.0018999476718680925,-0.001306043676728193,45,5,-0.025271032175635554
R3_noisy_maps,B,post,hist-cur,50,0.0008024172667777183,0.0005154829619644396,0.001071963376747543,8,42,0.012449093519802888
R3_noisy_maps,B,post,hist-in,50,1.4620791567045156e-06,4.508060045517945e-07,2.4716381723225537e-06,18,32,2.240499669859986e-05
R3_noisy_maps,B,post,in-cur,50,0.0008009551876210139,0.0005225325243207737,0.001061461730197302,8,42,0.012426410109426812
R3_noisy_maps,B,post,hist-legs,50,-0.0011113766256417032,-0.0012135180375650544,-0.0010090183323832223,50,0,-0.01674524787581055
R3_noisy_maps,B,post,cur-legs,50,-0.0019137938924194214,-0.002265229821139192,-0.001548988856878317,46,4,-0.028835367212507075
R3_noisy_maps,B,pre,hist-cur,50,0.0014316890129669273,0.0010672045648324354,0.0017725606860817412,6,44,0.0230192926419373
R3_noisy_maps,B,pre,hist-in,50,-1.4492762410528437e-07,-1.0701031056809527e-06,7.030456310411459e-07,20,30,-2.2777688080652973e-06
R3_noisy_maps,B,pre,in-cur,50,0.001431833940591033,0.0010648143535453491,0.0017756284162423744,6,44,0.023021622848679806
R3_noisy_maps,B,pre,hist-legs,50,3.122514578803082e-05,-0.00015491829332233393,0.00021768908222736402,26,24,0.0004909950535138754
R3_noisy_maps,B,pre,cur-legs,50,-0.0014004638671788966,-0.0017347124990687722,-0.0010554130596394176,44,6,-0.022021380975371752
R3_tau_shift,A,all,hist-cur,50,-0.000326844593053687,-0.0006332188952000714,1.7624131699895228e-05,33,17,-0.0037955900513999153
R3_tau_shift,A,all,hist-in,50,1.8518338356854348e-06,-1.4475421304483217e-06,5.465915337634104e-06,27,23,2.158742914198446e-05
R3_tau_shift,A,all,in-cur,50,-0.00032869642688937244,-0.0006290872541937199,2.325667397454408e-05,33,17,-0.0038170950792723478
R3_tau_shift,A,all,hist-legs,50,-0.0007219288325267819,-0.0010458402640677953,-0.0003601488880466146,41,9,-0.008345346553159697
R3_tau_shift,A,all,cur-legs,50,-0.000395084239473095,-0.0004749508596194508,-0.0003116172341329265,46,4,-0.004567091308092613
R3_tau_shift,A,post,hist-cur,50,0.0033638527676538178,0.0027559591842341996,0.004031427887736726,1,49,0.03905947659578378
R3_tau_shift,A,post,hist-in,50,1.8517646933043086e-06,-7.153747259888415e-06,1.0876615572959238e-05,24,26,2.0693970199951424e-05
R3_tau_shift,A,post,in-cur,50,0.003362001002960513,0.0027751003739257193,0.003980963238209888,1,49,0.03903797477489716
R3_tau_shift,A,post,hist-legs,50,0.0019220340195817102,0.0013111001476862946,0.0025710023465376325,12,38,0.021950269958620636
R3_tau_shift,A,post,cur-legs,50,-0.0014418187480721067,-0.0016130267442749358,-0.0012840221406784688,50,0,-0.016466051292094594
R3_tau_shift,A,pre,hist-cur,50,-0.0042925860079394695,-0.004914080530498115,-0.003648331551548078,48,2,-0.046647246076121404
R3_tau_shift,A,pre,hist-in,50,4.001068507944461e-07,-4.242359244568079e-06,5.1511535909500825e-06,21,29,4.560698330034397e-06
R3_tau_shift,A,pre,in-cur,50,-0.004292986114790263,-0.004923131178472578,-0.003672853886386547,48,2,-0.04665159401060453
R3_tau_shift,A,pre,hist-legs,50,-0.0036786537795067587,-0.004240744730052282,-0.0031063771932378914,48,2,-0.040244176929885106
R3_tau_shift,A,pre,cur-legs,50,0.0006139322284327104,0.00043663223863902554,0.0007954520276691944,8,42,0.006716369276620924
R3_tau_shift,B,all,hist-cur,50,0.0011597743197152587,0.0007571710127840777,0.001518084586340579,5,45,0.018721870690509467
R3_tau_shift,B,all,hist-in,50,5.604180575352613e-08,-6.002670746367497e-07,7.126895867569928e-07,23,27,8.880402067660181e-07
R3_tau_shift,B,all,in-cur,50,0.0011597182779095052,0.0007340423756189615,0.0015244470419429107,5,45,0.018720966025332162
R3_tau_shift,B,all,hist-legs,50,-0.000488529889765299,-0.0006057037475433942,-0.0003776706330257142,45,5,-0.0076817863860181605
R3_tau_shift,B,all,cur-legs,50,-0.0016483042094805579,-0.0020500409146045344,-0.0011915790180267174,44,6,-0.025918415846545754
R3_tau_shift,B,post,hist-cur,50,0.0006796224227205379,0.0002451946123608476,0.0010617045316376214,10,40,0.010826609716678898
R3_tau_shift,B,post,hist-in,50,5.448741820351932e-07,-5.486047168180817e-07,1.6857973437712021e-06,21,29,8.587130749902307e-06
R3_tau_shift,B,post,in-cur,50,0.0006790775485385026,0.0002474626874759836,0.0010618828681778446,10,40,0.010817929690952294
R3_tau_shift,B,post,hist-legs,50,-0.0008464294792964809,-0.0009847825709487336,-0.0007024466121189044,47,3,-0.013163880572154407
R3_tau_shift,B,post,cur-legs,50,-0.0015260519020170189,-0.0020185138435185263,-0.0010156445747822227,41,9,-0.02373353655139482
R3_tau_shift,B,pre,hist-cur,50,0.0016693526775671296,0.0012016322617324662,0.0020790856420604843,3,47,0.025675537651110646
R3_tau_shift,B,pre,hist-in,50,-3.6770076620173955e-07,-9.012492081078953e-07,1.175156855703248e-07,27,23,-5.5138327805290055e-06
R3_tau_shift,B,pre,in-cur,50,0.0016697203783333316,0.0012024811308653837,0.002061132488322456,3,47,0.02568119308569546
R3_tau_shift,B,pre,hist-legs,50,-0.00020344614860155888,-0.00040969645616722826,4.189317858359568e-06,29,21,-0.003041501279174988
R3_tau_shift,B,pre,cur-legs,50,-0.001872798826168689,-0.00228844450228344,-0.0014190143472094438,46,4,-0.027998170840702944
d3_theta45,A,all,hist-cur,50,-0.001059089487838574,-0.0012207979836335542,-0.0008900838366731344,47,3,-0.013204223350548877
d3_theta45,A,all,hist-in,50,5.466845829222577e-06,5.992930308354184e-07,1.040142194570165e-05,22,28,6.907481757503793e-05
d3_theta45,A,all,in-cur,50,-0.0010645563336677967,-0.001226004332907694,-0.0008960264848871281,47,3,-0.013272381380801251
d3_theta45,A,all,hist-legs,50,-0.001636968178740192,-0.001813058942432632,-0.0014363174451002038,48,2,-0.020262950845703977
d3_theta45,A,all,cur-legs,50,-0.0005778786909016181,-0.0006393116696427447,-0.0005131597637630978,50,0,-0.0071531796772805216
d3_theta45,A,post,hist-cur,50,-0.0002499462227672476,-0.0004803329139851374,-5.7335464114439276e-06,32,18,-0.003070428650493092
d3_theta45,A,post,hist-in,50,7.875039317241928e-06,-1.0907950182143642e-07,1.626413219792761e-05,18,32,9.70471596693847e-05
d3_theta45,A,post,in-cur,50,-0.00025782126208448956,-0.0004905230709528898,-1.4259349036342013e-05,32,18,-0.003167168445460651
d3_theta45,A,post,hist-legs,50,-0.001684737487786098,-0.0019343907320871082,-0.001435396754822226,49,1,-0.02033745923245351
d3_theta45,A,post,cur-legs,50,-0.0014347912650188501,-0.0015290065955231068,-0.0013480599997370397,50,0,-0.017320211054213865
d3_theta45,A,pre,hist-cur,50,-0.0019252706248315545,-0.0021123949001577427,-0.001740465409413647,50,0,-0.023430760385031762
d3_theta45,A,pre,hist-in,50,3.083046439511239e-06,-7.474612352021144e-06,1.385694262372074e-05,24,26,3.842273810282936e-05
d3_theta45,A,pre,in-cur,50,-0.001928353671271066,-0.002112188723784561,-0.0017447667350445663,50,0,-0.02346828140750435
d3_theta45,A,pre,hist-legs,50,-0.0016781421151562514,-0.001895370659426175,-0.0014687710610829512,49,1,-0.020484788259753636
d3_theta45,A,pre,cur-legs,50,0.00024712850967530315,0.00010281990692142776,0.0003907272045827786,20,30,0.003016654637247875
d3_theta45,B,all,hist-cur,50,0.0013309852995186061,0.0011080226566435839,0.0015351016027299327,2,48,0.021752288343889835
d3_theta45,B,all,hist-in,50,-1.7357762632966288e-07,-6.288800091601432e-07,2.8780608681654185e-07,26,24,-2.7763781191192107e-06
d3_theta45,B,all,in-cur,50,0.0013311588771449357,0.001095174153420429,0.001534302988267847,2,48,0.02175512512246232
d3_theta45,B,all,hist-legs,50,-0.0007388882020913607,-0.00080059972061689,-0.0006797417792261883,50,0,-0.011680519574634588
d3_theta45,B,all,cur-legs,50,-0.002069873501609967,-0.0022778317921803852,-0.0018331805392091298,48,2,-0.03272105019966639
d3_theta45,B,post,hist-cur,50,0.0010809438372135199,0.0008421509882413614,0.0013204410255359313,4,46,0.017245670892784174
d3_theta45,B,post,hist-in,50,1.4919210319555564e-07,-3.5806096345606177e-07,6.397612675130178e-07,25,25,2.339903604493713e-06
d3_theta45,B,post,in-cur,50,0.0010807946451103243,0.0008329827953823018,0.0013083892713758284,4,46,0.017243290641541755
d3_theta45,B,post,hist-legs,50,-0.0010785275613830443,-0.0011626220715884774,-0.001000061257646736,50,0,-0.016634032126667107
d3_theta45,B,post,cur-legs,50,-0.0021594713985965642,-0.002449555072754077,-0.0018714249243704359,48,2,-0.03330533025489979
d3_theta45,B,pre,hist-cur,50,0.001616444175011859,0.0013622775994222799,0.001854571070512196,3,47,0.026002924172798376
d3_theta45,B,pre,hist-in,50,-5.326674413083654e-07,-1.2006396168820905e-06,8.37951128489119e-08,28,22,-8.351517687708509e-06
d3_theta45,B,pre,in-cur,50,0.0016169768424531678,0.0013602660980533963,0.0018561766390040907,3,47,0.026011492925929348
d3_theta45,B,pre,hist-legs,50,-0.0004543553676598734,-0.0005757288750043985,-0.0003340555524112056,41,9,-0.007073359098461026
d3_theta45,B,pre,cur-legs,50,-0.0020707995426717325,-0.0023221681221983668,-0.001811242435123103,48,2,-0.03223800097638779
frac0.1,A,all,hist-cur,50,-0.0008600013967268614,-0.0011028681460921962,-0.0006135740445505684,41,9,-0.012599004775052406
frac0.1,A,all,hist-in,50,1.650496400508461e-06,-6.767100718159184e-07,3.89889655789646e-06,22,28,2.448886968191224e-05
frac0.1,A,all,in-cur,50,-0.00086165189312737,-0.0010892277654274616,-0.0006070642443229548,41,9,-0.012623184517213707
frac0.1,A,all,hist-legs,50,-0.0017544789789178136,-0.0020303604676691943,-0.0014632684635433632,48,2,-0.025370626314728556
frac0.1,A,all,cur-legs,50,-0.0008944775821909522,-0.0009671591073308377,-0.0008175614849444143,49,1,-0.012934584430681625
frac0.1,A,post,hist-cur,50,-0.0006306050613913101,-0.000904491936683029,-0.00033585486851154156,37,13,-0.0091214626582536
frac0.1,A,post,hist-in,50,5.830206955041717e-07,-3.0621579063318837e-06,4.4971580197887556e-06,26,24,8.510876296099436e-06
frac0.1,A,post,in-cur,50,-0.0006311880820868143,-0.0009062093310532906,-0.0003327139165410706,37,13,-0.009129895831135684
frac0.1,A,post,hist-legs,50,-0.0018038075430067205,-0.0021763059601241164,-0.0014153636379810053,46,4,-0.025656010225764133
frac0.1,A,post,cur-legs,50,-0.0011732024816154102,-0.001288984621616492,-0.001055829502488994,50,0,-0.016686755181788637
frac0.1,A,pre,hist-cur,50,-0.0011642407666024282,-0.0014337182027528766,-0.0008795505436031109,42,8,-0.016362836833558374
frac0.1,A,pre,hist-in,50,2.5255587584163685e-06,-4.597186258264857e-07,5.566235305964936e-06,21,29,3.608726909606319e-05
frac0.1,A,pre,in-cur,50,-0.0011667663253608447,-0.0014439298520598479,-0.0008825411662078185,42,8,-0.01639833233162286
frac0.1,A,pre,hist-legs,50,-0.001839981687817353,-0.0021965736355859717,-0.0014714031643654403,45,5,-0.025616758582746244
frac0.1,A,pre,cur-legs,50,-0.0006757409212149247,-0.0008111408915620494,-0.0005470266180100947,48,2,-0.009407861044410347
frac0.1,B,all,hist-cur,50,0.0010301997137819236,0.0008452136659031832,0.0012325221926974884,2,48,0.016623764267894466
frac0.1,B,all,hist-in,50,4.179164003520475e-07,-5.562801367453642e-07,1.4342858144124792e-06,24,26,6.633458017842124e-06
frac0.1,B,all,in-cur,50,0.0010297817973815716,0.0008445188976627146,0.0012267668871026145,2,48,0.016617020581568213
frac0.1,B,all,hist-legs,50,-0.0008837624027126318,-0.0012406998425206848,-0.0004988605408693008,37,13,-0.013833543420486169
frac0.1,B,all,cur-legs,50,-0.0019139621164945553,-0.0022005215624869927,-0.0015883722199365885,48,2,-0.02995927181607247
frac0.1,B,post,hist-cur,50,4.124243340345876e-05,2.8234897428800385e-05,5.484432614246656e-05,10,40,0.00065186466882442
frac0.1,B,post,hist-in,50,1.1070876279482833e-06,-3.147248257286649e-07,2.492313319356721e-06,20,30,1.7487178535258186e-05
frac0.1,B,post,in-cur,50,4.013534577551048e-05,2.6974191399992487e-05,5.373848731003917e-05,10,40,0.0006343663970107206
frac0.1,B,post,hist-legs,50,-0.001883883022667774,-0.0022640192773141017,-0.0014850053592740415,46,4,-0.028896781744955517
frac0.1,B,post,cur-legs,50,-0.0019251254560712328,-0.0023185902003324548,-0.0015052078107373797,47,3,-0.029529397243025533
frac0.1,B,pre,hist-cur,50,0.0019877378050456866,0.0016614748593339688,0.0023211474277356962,2,48,0.031050396196565973
frac0.1,B,pre,hist-in,50,-4.3005805050441717e-07,-1.7147170303383785e-06,8.379915488364101e-07,29,21,-6.515569881517715e-06
frac0.1,B,pre,in-cur,50,0.001988167863096191,0.001668397796379048,0.002321570628399014,2,48,0.03105711412124487
frac0.1,B,pre,hist-legs,50,-8.102631178538114e-05,-0.0006002047780778592,0.0004534562271936062,31,19,-0.0012260873623050064
frac0.1,B,pre,cur-legs,50,-0.002068764116831068,-0.0024429900698114855,-0.0016732240468726627,47,3,-0.03130446744207214
frac0.25,A,all,hist-cur,50,-0.0007675096720154786,-0.0010966419025105274,-0.0003840085001969377,39,11,-0.010104298171493171
frac0.25,A,all,hist-in,50,-4.6105547218261433e-07,-5.107472422206653e-06,4.303365848143282e-06,28,22,-6.1317349788424e-06
frac0.25,A,all,in-cur,50,-0.000767048616543296,-0.0010910830349934978,-0.00037366751030758465,39,11,-0.010098228356174365
frac0.25,A,all,hist-legs,50,-0.0013780206856000147,-0.0017414645448354377,-0.0009150819213842485,43,7,-0.017997052602153642
frac0.25,A,all,cur-legs,50,-0.0006105110135845359,-0.0006990564148782524,-0.0005202731718946742,47,3,-0.007973319225531742
frac0.25,A,post,hist-cur,50,-0.00017722381865833275,-0.0005365991036369782,0.00023208722604022743,34,16,-0.0022895638417598516
frac0.25,A,post,hist-in,50,-5.917037818830989e-06,-1.2898635320536938e-05,1.0344779024628312e-06,29,21,-7.661207485214684e-05
frac0.25,A,post,in-cur,50,-0.00017130678083950176,-0.0005262357213589056,0.00022651238984076636,34,16,-0.0022131213187238314
frac0.25,A,post,hist-legs,50,-0.0014937662847768168,-0.001895364586974645,-0.0010630452840376915,43,7,-0.01897530415217912
frac0.25,A,post,cur-legs,50,-0.0013165424661184843,-0.0014267307587276863,-0.0012079859381865325,50,0,-0.016724031047193392
frac0.25,A,pre,hist-cur,50,-0.0013900669816826671,-0.001757194562064831,-0.0009629351436387639,44,6,-0.01787099092393912
frac0.25,A,pre,hist-in,50,3.84217515307178e-06,-3.4439761326988947e-06,1.0978725364761224e-05,22,28,5.029714916628922e-05
frac0.25,A,pre,in-cur,50,-0.0013939091568357389,-0.0017707372520866743,-0.0009558122337207245,44,6,-0.017920386728740995
frac0.25,A,pre,hist-legs,50,-0.0013313714446442143,-0.0017498897049762414,-0.0008201865952097878,43,7,-0.01712931467882767
frac0.25,A,pre,cur-legs,50,5.8695537038452736e-05,-0.00010737274804739516,0.00023452948339784175,25,25,0.00075517191556044
frac0.25,B,all,hist-cur,50,0.000899905596676891,0.00044880597187948627,0.001259738212232599,11,39,0.01444621496372285
frac0.25,B,all,hist-in,50,-1.3618585987557054e-07,-6.269388051758293e-07,3.0475045092811387e-07,23,27,-2.155059054446155e-06
frac0.25,B,all,in-cur,50,0.0009000417825367667,0.0004569189455072311,0.0012813297668095864,11,39,0.01444840115993504
frac0.25,B,all,hist-legs,50,-0.0007047543834450929,-0.0008072961844472045,-0.0005952633791928172,47,3,-0.011029334036078885
frac0.25,B,all,cur-legs,50,-0.001604659980121984,-0.0020415505678972384,-0.001087240348605437,43,7,-0.025112764603998996
frac0.25,B,post,hist-cur,50,0.0007098864446290739,0.0002812189662812159,0.0011095434385769494,12,38,0.011099432921461582
frac0.25,B,post,hist-in,50,6.184581158477642e-07,-6.07265964658564e-08,1.2954013486903282e-06,20,30,9.563844082383682e-06
frac0.25,B,post,in-cur,50,0.0007092679865132261,0.00027813665741273775,0.0011061841225688631,12,38,0.011089763016614795
frac0.25,B,post,hist-legs,50,-0.001002524270873151,-0.0011150348300893826,-0.000881934520609619,49,1,-0.015266228852930165
frac0.25,B,post,cur-legs,50,-0.0017124107155022247,-0.002195109105030376,-0.0012056772399857804,41,9,-0.026076230404176014
frac0.25,B,pre,hist-cur,50,0.0011266179525942384,0.0006542666752081486,0.001524629402920841,8,42,0.017814318462078094
frac0.25,B,pre,hist-in,50,-8.370584666055058e-07,-1.5952713072956981e-06,-1.8544413884392929e-07,30,20,-1.3003915363021474e-05
frac0.25,B,pre,in-cur,50,0.001127455011060844,0.000658247101059781,0.001532144318622185,8,42,0.01782755420544713
frac0.25,B,pre,hist-legs,50,-0.00046810454881851803,-0.0006583632996278929,-0.0002669132369627211,39,11,-0.007219714006811037
frac0.25,B,pre,cur-legs,50,-0.0015947225014127564,-0.0020710626983181293,-0.001037369317976131,43,7,-0.02459587374121015
frac1.0,A,all,hist-cur,50,-0.0009270313617637863,-0.0011579850904905465,-0.0006538572751385402,45,5,-0.008873505884536349
frac1.0,A,all,hist-in,50,1.2671858401695212e-05,4.408754176244034e-06,2.099237527142143e-05,19,31,0.00012239542738488244
frac1.0,A,all,in-cur,50,-0.0009397032201654815,-0.001167876516215331,-0.0006652610066976758,46,4,-0.00899480038948332
frac1.0,A,all,hist-legs,50,-0.0011158363053144402,-0.0013647266460869569,-0.0008252403355609123,46,4,-0.010661471237798642
frac1.0,A,all,cur-legs,50,-0.0001888049435506539,-0.00021814826943231108,-0.00015705075950216103,47,3,-0.0018039729175618204
frac1.0,A,post,hist-cur,50,-0.00045578246315882836,-0.0007594881595795447,-0.00012008111725139368,40,10,-0.0041029165595440065
frac1.0,A,post,hist-in,50,2.0271547982870787e-05,5.856449905916592e-06,3.531911952879759e-05,18,32,0.00018326819901234599
frac1.0,A,post,in-cur,50,-0.00047605401114169917,-0.0007697661412743157,-0.0001221298984074149,40,10,-0.004285399381129725
frac1.0,A,post,hist-legs,50,-0.0010940227392210345,-0.001425997706553381,-0.0007102224882043932,45,5,-0.009792044385870948
frac1.0,A,post,cur-legs,50,-0.0006382402760622061,-0.0007065327431029634,-0.0005733624558316009,50,0,-0.005712566007998646
frac1.0,A,pre,hist-cur,50,-0.0014882110437465512,-0.0017385549769652242,-0.0012082329959996788,46,4,-0.0145982845822373
frac1.0,A,pre,hist-in,50,3.243337499241328e-06,-1.4602247653357753e-05,2.1037059308413438e-05,20,30,3.2287182902029206e-05
frac1.0,A,pre,in-cur,50,-0.0014914543812457924,-0.0017569532418174434,-0.0011992359408611963,46,4,-0.01463009940044411
frac1.0,A,pre,hist-legs,50,-0.0012306404349031342,-0.0015149564784109751,-0.0009308106528314651,44,6,-0.012102278778736372
frac1.0,A,pre,cur-legs,50,0.0002575706088434171,0.0001714633787706025,0.00034000457382025523,11,39,0.0025329830103276696
frac1.0,B,all,hist-cur,50,0.0015498210903106763,0.001080587471418316,0.0019504532564061144,3,47,0.024911100512641924
frac1.0,B,all,hist-in,50,7.212448907431557e-08,-2.3924398232982866e-07,3.665379913484028e-07,21,29,1.1311192447648923e-06
frac1.0,B,all,in-cur,50,0.0015497489658216018,0.0010738912683853745,0.001959382340274618,3,47,0.02490994121728326
frac1.0,B,all,hist-legs,50,-0.0002655017356167122,-0.00030607307750843627,-0.00022666036257885003,49,1,-0.004146559895724685
frac1.0,B,all,cur-legs,50,-0.0018153228259273882,-0.00220480484141659,-0.0013469106282425723,47,3,-0.028351395934566904
frac1.0,B,post,hist-cur,50,0.0013667326407227265,0.0008263778289773526,0.0018476514557786488,5,45,0.020951498028181602
frac1.0,B,post,hist-in,50,1.1092060715907348e-06,4.3200400062750123e-07,1.8742768869929907e-06,12,38,1.6655047455830968e-05
frac1.0,B,post,in-cur,50,0.0013656234346511357,0.000809861940795421,0.0018397040958158114,5,45,0.02093449431572948
frac1.0,B,post,hist-legs,50,-0.0003636340960542715,-0.0004074234759242389,-0.0003232383876484229,50,0,-0.005430329873187126
frac1.0,B,post,cur-legs,50,-0.0017303667367769978,-0.0022335669109763475,-0.0011540535395275194,46,4,-0.02584043213837422
frac1.0,B,pre,hist-cur,50,0.0018195636757072787,0.0013394453751742917,0.002216192245160138,3,47,0.029479220174499096
frac1.0,B,pre,hist-in,50,-9.202037903219273e-07,-1.4552098094516888e-06,-4.294077473887478e-07,34,16,-1.4481344197318766e-05
frac1.0,B,pre,in-cur,50,0.0018204838794976003,0.001350368609451965,0.002227579245995091,3,47,0.02949412863332495
frac1.0,B,pre,hist-legs,50,-0.00019089317676301926,-0.00026937780153220807,-0.00011492133813728699,40,10,-0.0029951516963703014
frac1.0,B,pre,cur-legs,50,-0.002010456852470298,-0.002416122379413157,-0.0015283657916511804,47,3,-0.03154446562346825
snr-10,A,all,hist-cur,50,-0.10877145026698631,-0.11676839186074219,-0.10025927486420744,50,0,-0.27549324612584497
snr-10,A,all,hist-in,50,0.012987365778041106,0.009175519144717136,0.016483358748514258,7,43,0.0475613459287496
snr-10,A,all,in-cur,50,-0.1217588160450274,-0.1324820237028248,-0.11032423475365913,49,1,-0.3083872780435402
snr-10,A,all,hist-legs,50,-0.34976815589158505,-0.3603457216679406,-0.33824893392253375,50,0,-0.5501046811088592
snr-10,A,all,cur-legs,50,-0.24099670562459874,-0.24911479582740645,-0.23290102787731098,50,0,-0.3790322636946923
snr-10,A,post,hist-cur,50,-0.03981267348371673,-0.04545538151309691,-0.034113076534491145,49,1,-0.12086648136760629
snr-10,A,post,hist-in,50,0.013443463583677158,0.00902333658473183,0.01754206967799619,9,41,0.048683913207187283
snr-10,A,post,in-cur,50,-0.053256137067393884,-0.06178672031418276,-0.04416906635454042,48,2,-0.16167921757878218
snr-10,A,post,hist-legs,50,-0.35287217213498734,-0.37188237267405205,-0.33349789166145555,50,0,-0.5492572848218473
snr-10,A,post,cur-legs,50,-0.3130594986512706,-0.3285380871505874,-0.2973447767260225,50,0,-0.48728753297981237
snr-10,A,pre,hist-cur,50,-0.17163541807988839,-0.18164142211682496,-0.16136698951830367,50,0,-0.3634876584867154
snr-10,A,pre,hist-in,50,0.012863848134143475,0.008816419365665611,0.016707859883163353,7,43,0.04471407801767706
snr-10,A,pre,in-cur,50,-0.18449926621403187,-0.19726683233885872,-0.17058537521717304,50,0,-0.39073057891489954
snr-10,A,pre,hist-legs,50,-0.3689370267899006,-0.38854252313417426,-0.35012755645547583,50,0,-0.5510700181455693
snr-10,A,pre,cur-legs,50,-0.1973016087100122,-0.21680106299522614,-0.17862568274132454,50,0,-0.2947034133114903
snr-10,B,all,hist-cur,50,0.1250166454668374,0.11353891956934443,0.13571247888277263,1,49,0.47214210170527854
snr-10,B,all,hist-in,50,-0.00014268650312840303,-0.0004848313114675508,0.00019182742665972222,30,20,-0.000365914066827509
snr-10,B,all,in-cur,50,0.1251593319699658,0.11349711197413274,0.13573466203268728,1,49,0.472680976390489
snr-10,B,all,hist-legs,50,-0.24312332429593173,-0.2513250066789752,-0.23460141814948665,50,0,-0.3841259705011374
snr-10,B,all,cur-legs,50,-0.3681399697627692,-0.382058458260755,-0.3536688829512373,50,0,-0.5816477031765783
snr-10,B,post,hist-cur,50,0.060456827730872666,0.05091796446219335,0.06929151340810959,1,49,0.2246331865639328
snr-10,B,post,hist-in,50,-0.00037013680345388987,-0.0008233702276761385,6.818126128504352e-05,29,21,-0.0011217533201204543
snr-10,B,post,in-cur,50,0.060826964534326546,0.05147133808112762,0.06973996582544653,1,49,0.22600846563074986
snr-10,B,post,hist-legs,50,-0.3103265415623927,-0.32583002374414216,-0.29528459133412394,50,0,-0.4849464846091344
snr-10,B,post,cur-legs,50,-0.37078336929326533,-0.3934776989595651,-0.34928078309133437,50,0,-0.579422213082434
snr-10,B,pre,hist-cur,50,0.18545548395020767,0.1731238330227549,0.1977266588226434,0,50,0.668742976324257
snr-10,B,pre,hist-in,50,-5.140288333662424e-05,-0.0003951541183571705,0.00032506952830868005,29,21,-0.00011106298629578457
snr-10,B,pre,in-cur,50,0.18550688683354427,0.17279031672585565,0.19717290811442836,0,50,0.6689283324887768
snr-10,B,pre,hist-legs,50,-0.20306629277890187,-0.22268504554567886,-0.18394506949354417,50,0,-0.30497701557584567
snr-10,B,pre,cur-legs,50,-0.38852177672910954,-0.4109172958908242,-0.36617666730014786,50,0,-0.5835050728093054
snr-5,A,all,hist-cur,50,-0.06259444687845733,-0.06871203866291892,-0.05622696651628556,49,1,-0.21478745842733057
snr-5,A,all,hist-in,50,0.00040315897218221763,4.905414558433539e-05,0.0007675038170945335,23,27,0.0017649322519748317
snr-5,A,all,in-cur,50,-0.06299760585063953,-0.06924355443539644,-0.055908413912038046,49,1,-0.21617086374993583
snr-5,A,all,hist-legs,50,-0.13215212501019313,-0.1397311374504683,-0.12364271017571835,50,0,-0.366089878803043
snr-5,A,all,cur-legs,50,-0.06955767813173586,-0.07378657071522084,-0.06500624995718618,50,0,-0.19268976533751647
snr-5,A,post,hist-cur,50,-0.024464455012628984,-0.02910531111157924,-0.019199599218572384,46,4,-0.09536370553561976
snr-5,A,post,hist-in,50,0.0004409345638775042,-6.404381149086507e-05,0.000971161802507304,19,31,0.0019035909935369482
snr-5,A,post,in-cur,50,-0.02490538957650649,-0.029741176263667794,-0.01964653089397386,46,4,-0.09708249117332902
snr-5,A,post,hist-legs,50,-0.13257548770375055,-0.14229943089220168,-0.12194015580046935,49,1,-0.3635696808925358
snr-5,A,post,cur-legs,50,-0.10811103269112157,-0.11462205650610217,-0.10165105153648021,50,0,-0.29647934423824573
snr-5,A,pre,hist-cur,50,-0.09865430991306762,-0.10643805197698566,-0.09013511855164281,49,1,-0.29096836398417
snr-5,A,pre,hist-in,50,0.000269964650639492,-0.00012268780689871664,0.0006874067844371886,25,25,0.0011242398462657172
snr-5,A,pre,in-cur,50,-0.09892427456370712,-0.10696137931462463,-0.0904277204754357,49,1,-0.29176459045212005
snr-5,A,pre,hist-legs,50,-0.13991222326602887,-0.15016239841809342,-0.12958516418078062,50,0,-0.3678870183653726
snr-5,A,pre,cur-legs,50,-0.04125791335296127,-0.04927216414295245,-0.03331684266890905,47,3,-0.10848409362016864
snr-5,B,all,hist-cur,50,0.06353235629474925,0.05237552115348686,0.07415794457248884,2,48,0.2873163932430027
snr-5,B,all,hist-in,50,2.0006983600745487e-05,-5.976968988656742e-05,0.00010748028381788774,26,24,7.028979633774044e-05
snr-5,B,all,in-cur,50,0.06351234931114852,0.051925763513684796,0.07421175195144089,2,48,0.2872259143956392
snr-5,B,all,hist-legs,50,-0.07130210836359939,-0.07572364075807154,-0.06696020465574232,50,0,-0.20031057156132576
snr-5,B,all,cur-legs,50,-0.13483446465834867,-0.1473199516003634,-0.12055972693686907,49,1,-0.3787934088028666
snr-5,B,post,hist-cur,50,0.029170307439579136,0.018179943010830427,0.039217385651776494,10,40,0.12956614932332639
snr-5,B,post,hist-in,50,-4.713499507772834e-05,-0.0001443707300951121,4.980919159616854e-05,29,21,-0.00018531127978217477
snr-5,B,post,in-cur,50,0.02921744243465687,0.017694733390029117,0.03944747533413907,10,40,0.12977550946885263
snr-5,B,post,hist-legs,50,-0.10558181264637093,-0.11187930080751347,-0.09928720771878191,50,0,-0.2933720815754472
snr-5,B,post,cur-legs,50,-0.13475212008595006,-0.14971494429090715,-0.1195072971250717,49,1,-0.374425376638754
snr-5,B,pre,hist-cur,50,0.0967435015223898,0.08413148427880908,0.10828970768979534,2,48,0.4184215283526964
snr-5,B,pre,hist-in,50,6.613741618601288e-05,-2.9455519131103083e-05,0.00016564798698748512,23,27,0.0002017073486559925
snr-5,B,pre,in-cur,50,0.09667736410620378,0.08406273120824352,0.10844623153394628,2,48,0.4181354800049896
snr-5,B,pre,hist-legs,50,-0.04651177613443822,-0.05518184454438539,-0.0386817518180218,47,3,-0.12420830913566941
snr-5,B,pre,cur-legs,50,-0.14325527765682802,-0.158734300616574,-0.128110724819167,49,1,-0.382558940795658
snr0,A,all,hist-cur,50,-0.022102322646368355,-0.02571955808588387,-0.017894320639089613,49,1,-0.11400594362392677
snr0,A,all,hist-in,50,5.97844046191337e-05,-3.3741453915454954e-05,0.00015745261292432673,22,28,0.0003481752238946878
snr0,A,all,in-cur,50,-0.0221621070509875,-0.025803421412990322,-0.018104476343480797,49,1,-0.11431431743475429
snr0,A,all,hist-legs,50,-0.03718006946153313,-0.04130426866636698,-0.03254217234036978,49,1,-0.17793962883318257
snr0,A,all,cur-legs,50,-0.015077746815164765,-0.016456517956742963,-0.013645793900500282,50,0,-0.07216039966538804
snr0,A,post,hist-cur,50,-0.009448912809485071,-0.012736057012372116,-0.005669705120034067,40,10,-0.05147973607931431
snr0,A,post,hist-in,50,8.269763247322647e-05,-7.114693631633073e-05,0.00023756607948075082,20,30,0.00047523374989207827
snr0,A,post,in-cur,50,-0.009531610441958294,-0.012930215543537573,-0.0057272472879721,40,10,-0.05193029080237537
snr0,A,post,hist-legs,50,-0.03692913893233205,-0.04173589402237827,-0.031667151923514526,49,1,-0.17499765236644152
snr0,A,post,cur-legs,50,-0.027480226122846983,-0.029532261327552538,-0.02547557548520746,50,0,-0.1302216947654538
snr0,A,pre,hist-cur,50,-0.03491953807044745,-0.03924827382070516,-0.03014749352413686,49,1,-0.16196723987750855
snr0,A,pre,hist-in,50,9.544902689450629e-06,-9.989553937911391e-05,0.00011728264992087271,26,24,5.283140298350446e-05
snr0,A,pre,in-cur,50,-0.0349290829731369,-0.03930623353266212,-0.030170813084997524,49,1,-0.16201151198501437
snr0,A,pre,hist-legs,50,-0.03970553792478401,-0.04456870075098861,-0.03478249602392527,49,1,-0.1801666353009384
snr0,A,pre,cur-legs,50,-0.00478599985433656,-0.007212342650201311,-0.002330836639896558,35,15,-0.021716806656543738
snr0,B,all,hist-cur,50,0.023633502962264644,0.019271494832065635,0.02735302137816788,3,47,0.1472060665136372
snr0,B,all,hist-in,50,7.636913060422023e-06,-9.04534103954649e-06,2.5222347623068257e-05,22,28,4.146598919747519e-05
snr0,B,all,in-cur,50,0.023625866049204226,0.019416736078735012,0.027498214318699733,3,47,0.14715849845173265
snr0,B,all,hist-legs,50,-0.016055697088378267,-0.01748236733773872,-0.014588172265588565,50,0,-0.08018375952763479
snr0,B,all,cur-legs,50,-0.03968920005064291,-0.04400357142242392,-0.03463010172254554,49,1,-0.19821184064368694
snr0,B,post,hist-cur,50,0.013398182565509585,0.009096431084564016,0.017155665910158883,7,43,0.08209948866046853
snr0,B,post,hist-in,50,-4.190669524950508e-08,-1.8187339669316305e-05,2.014866573185133e-05,30,20,-2.373070715000639e-07
snr0,B,post,in-cur,50,0.013398224472204835,0.00907471674547581,0.01701194833579937,7,43,0.08209974545039019
snr0,B,post,hist-legs,50,-0.02585574740923522,-0.02770448955157536,-0.024026259570794652,50,0,-0.12771524680638746
snr0,B,post,cur-legs,50,-0.0392539299747448,-0.044475454807593455,-0.03356017297620939,49,1,-0.19389597506102302
snr0,B,pre,hist-cur,50,0.034346666831285066,0.029597939616904205,0.038531689115661266,3,47,0.20433308905792236
snr0,B,pre,hist-in,50,1.4767397802230575e-05,-5.991485945222696e-06,3.505937218194701e-05,23,27,7.295299741191124e-05
snr0,B,pre,in-cur,50,0.03433189943348283,0.029507187462404855,0.038537103566479214,3,47,0.20424523575835477
snr0,B,pre,hist-legs,50,-0.008205191915032784,-0.01091588737641815,-0.005662882807459616,40,10,-0.03895299520561199
snr0,B,pre,cur-legs,50,-0.042551858746317846,-0.047478631034934306,-0.03732147257422865,49,1,-0.2020089678461317
snr20,A,all,hist-cur,50,-1.3859777754624964e-05,-2.2503999718811838e-05,-3.816431053116166e-06,41,9,-0.000226660727104893
snr20,A,all,hist-in,50,-1.0942982102059295e-07,-3.795724874838483e-07,1.6669504985291495e-07,25,25,-1.7900014034418195e-06
snr20,A,all,in-cur,50,-1.3750347933604371e-05,-2.269051720463146e-05,-3.418863083043011e-06,41,9,-0.0002248711282210863
snr20,A,all,hist-legs,50,-1.3859777754628642e-05,-2.2844762415712893e-05,-3.884224229527182e-06,41,9,-0.00022666072710495315
snr20,A,all,cur-legs,50,-3.677613769070831e-18,-1.6375789613221058e-17,9.08995101411847e-18,6,4,-6.014314411574174e-17
snr20,A,post,hist-cur,50,-1.309578372702229e-05,-2.8298133820200468e-05,3.4942465590162024e-06,33,17,-0.00021074337557642494
snr20,A,post,hist-in,50,2.3938414437811584e-07,-7.673635241953869e-07,1.5073622446249367e-06,22,28,3.853106623970843e-06
snr20,A,post,in-cur,50,-1.3335167871400405e-05,-2.9493867277550784e-05,3.0884786055280704e-06,34,16,-0.00021459565534045471
snr20,A,post,hist-legs,50,-1.3095783727027633e-05,-2.8424634112483677e-05,3.3134291544848345e-06,33,17,-0.00021074337557651092
snr20,A,post,cur-legs,50,-5.342948306008566e-18,-2.5118795932144167e-17,1.4783313462274363e-17,11,8,-8.598118180702529e-17
snr20,A,pre,hist-cur,50,-2.1548702060379817e-05,-3.774582796144114e-05,-4.99407943194626e-06,34,16,-0.0003358706020073607
snr20,A,pre,hist-in,50,-4.533156057080767e-07,-1.3446168384339124e-06,3.485632416488396e-07,26,24,-7.067964639076823e-06
snr20,A,pre,in-cur,50,-2.1095386454671738e-05,-3.747654298070048e-05,-3.81389722367921e-06,34,16,-0.00032880496135012383
snr20,A,pre,hist-legs,50,-2.1548702060377665e-05,-3.7699240478132734e-05,-4.737274333628209e-06,34,16,-0.0003358706020073272
snr20,A,pre,cur-legs,50,2.1510571102112408e-18,-1.547373340571312e-17,2.0193915983846018e-17,9,9,3.352762707166636e-17
snr20,B,all,hist-cur,50,4.902276284287618e-05,2.4976358104653318e-05,7.150258441538353e-05,9,41,0.002347068706081443
snr20,B,all,hist-in,50,1.8524279332687855e-14,2.000916793365449e-16,3.865902736821525e-14,24,26,8.848124314965505e-13
snr20,B,all,in-cur,50,4.90227628243519e-05,2.4919216079567748e-05,7.175568444446917e-05,9,41,0.002347068705194554
snr20,B,all,hist-legs,50,-9.922618282587336e-18,-4.9753604014490806e-17,3.011479954295737e-17,20,18,-4.739539850237475e-16
snr20,B,all,cur-legs,50,-4.902276284288611e-05,-7.034660383545644e-05,-2.5246606235525174e-05,41,9,-0.0023415728736671236
snr20,B,post,hist-cur,50,3.550849042820985e-05,2.903444218502331e-06,6.660736173420758e-05,17,33,0.0016797260440065387
snr20,B,post,hist-in,50,1.762402723759493e-14,8.09581568450568e-15,2.753417112366652e-14,18,32,8.323050275464894e-13
snr20,B,post,in-cur,50,3.550849041058582e-05,3.7190495339326573e-06,6.708261197690195e-05,17,33,0.0016797260431728356
snr20,B,post,hist-legs,50,2.1926904736346843e-17,-2.8411301089548134e-17,7.577445615414292e-17,17,21,1.035510942223766e-15
snr20,B,post,cur-legs,50,-3.550849042818792e-05,-6.611830090027016e-05,-2.0893672133452276e-06,33,17,-0.0016769092957879316
snr20,B,pre,hist-cur,50,6.53236179826741e-05,3.762466796088693e-05,9.049002680250848e-05,13,37,0.002979895675837027
snr20,B,pre,hist-in,50,1.6160128790687623e-14,-2.4098062087474225e-14,5.940157740691457e-14,27,23,7.349933663630028e-13
snr20,B,pre,in-cur,50,6.532361796651398e-05,3.818664485794793e-05,9.10071361160605e-05,13,37,0.002979895675099844
snr20,B,pre,hist-legs,50,-2.2065682614424987e-17,-8.40993941153556e-17,4.003915254902069e-17,21,16,-1.0035891765421867e-15
snr20,B,pre,cur-legs,50,-6.532361798269617e-05,-9.095987453237984e-05,-3.936873689790109e-05,37,13,-0.0029710422797957392
snr30,A,all,hist-cur,50,3.816391647148976e-18,-1.0130785099704553e-17,1.7763568394002505e-17,5,7,6.603156763674959e-17
snr30,A,all,hist-in,50,6.138145547396334e-16,-2.389243317080236e-15,3.83910438161994e-15,25,25,1.0620277223903508e-14
snr30,A,all,in-cur,50,-6.099981630924844e-16,-4.013527357682456e-15,2.41515141219395e-15,25,25,-1.0554245656266647e-14
snr30,A,all,hist-legs,50,3.677613769070831e-18,-8.534839501805891e-18,1.5890067039947553e-17,4,6,6.363041972268597e-17
snr30,A,all,cur-legs,50,-1.3877787807814457e-19,-8.187894806610529e-18,7.771561172376097e-18,2,2,-2.4011479140636215e-18
snr30,A,post,hist-cur,50,-2.5951463200613036e-17,-5.842722139437484e-17,6.107961358914344e-18,17,10,-4.4151704176765794e-16
snr30,A,post,hist-in,50,7.18931858489924e-15,5.394105301315123e-16,1.442534286466568e-14,19,31,1.2231320636500238e-13
snr30,A,post,in-cur,50,-7.215270048099853e-15,-1.4275221629778122e-14,-1.953489453532238e-16,31,19,-1.22754723406755e-13
snr30,A,post,hist-legs,50,-3.3931191190106345e-17,-6.363139182230526e-17,-4.163336342344337e-18,20,8,-5.772776294769643e-16
snr30,A,post,cur-legs,50,-7.979727989493312e-18,-2.2344973094057253e-17,6.314393452555578e-18,9,5,-1.3576058770930654e-16
snr30,A,pre,hist-cur,50,2.0469737016526325e-17,-1.1173353908766614e-17,5.266620473065586e-17,11,17,3.388540753835497e-16
snr30,A,pre,hist-in,50,-4.307942891301764e-15,-1.3362212378242866e-14,4.602991598989804e-15,27,23,-7.131327598681627e-14
snr30,A,pre,in-cur,50,4.32841262831829e-15,-4.682178256221192e-15,1.286469368533272e-14,23,27,7.16521300622049e-14
snr30,A,pre,hist-legs,50,2.6575963651964685e-17,-3.1936259192733014e-18,5.60003432514833e-17,10,18,4.3993596905728666e-16
snr30,A,pre,cur-legs,50,6.106226635438361e-18,-9.853229343548264e-18,2.2206195215979114e-17,7,10,1.0108189367373688e-16
snr30,B,all,hist-cur,50,0.0,-3.008053875430683e-17,3.202299536653186e-17,18,15,0.0
snr30,B,all,hist-in,50,6.535952334907335e-15,-1.0934518915317604e-14,2.5054620704512145e-14,24,26,7.643128634020803e-13
snr30,B,all,in-cur,50,-6.535952334907335e-15,-2.5890449940196848e-14,1.0774568303534295e-14,26,24,-7.643128634014958e-13
snr30,B,all,hist-legs,50,-9.957312752106873e-18,-4.2015002588158266e-17,2.2083029849184755e-17,16,13,-1.1644060163506264e-15
snr30,B,all,cur-legs,50,-9.957312752106873e-18,-2.3921836733720168e-17,4.0072112295064245e-18,9,4,-1.1644060163506264e-15
snr30,B,post,hist-cur,50,2.988928549108039e-17,-1.807581861967833e-17,7.993692513474926e-17,17,21,3.4414901648752963e-15
snr30,B,post,hist-in,50,3.001593765206145e-14,1.1519068685017509e-14,4.9756193956640435e-14,21,29,3.4560730550170915e-12
snr30,B,post,in-cur,50,-2.998604836657037e-14,-4.9342374370403563e-14,-1.038649201368091e-14,29,21,-3.4526315648402843e-12
snr30,B,post,hist-legs,50,1.7867651802561114e-17,-3.4035274598664957e-17,6.787972961497247e-17,18,22,2.0573040451663086e-15
snr30,B,post,cur-legs,50,-1.2021633688519273e-17,-2.8199664825478964e-17,5.984795992119985e-18,13,7,-1.3841861197089823e-15
snr30,B,pre,hist-cur,50,-4.597017211338539e-17,-1.0998190205779856e-16,1.6116014772693533e-17,24,15,-5.184888369299627e-15
snr30,B,pre,hist-in,50,-2.5821896704192326e-14,-7.144048286972238e-14,2.208751801249798e-14,28,22,-2.912402667630002e-12
snr30,B,pre,in-cur,50,2.577592653207894e-14,-2.1669099240645413e-14,7.233998036010325e-14,22,28,2.9072177792691697e-12
snr30,B,pre,hist-legs,50,-4.598751934814516e-17,-1.1005172467770663e-16,1.996666720849305e-17,26,16,-5.18684493094842e-15
snr30,B,pre,cur-legs,50,-1.734723475976807e-20,-1.8058905065787555e-17,1.8041124150158794e-17,11,10,-1.9565616487923123e-18
tau0.2,A,all,hist-cur,50,-0.0006565822286120384,-0.0009344672011624932,-0.00034708427974034395,42,8,-0.008422636223821004
tau0.2,A,all,hist-in,50,3.6656815348136417e-06,-2.9112160490822535e-06,1.0259545894455243e-05,25,25,4.7425033239183826e-05
tau0.2,A,all,in-cur,50,-0.0006602479101468521,-0.0009331740935224321,-0.00034859863213664255,42,8,-0.008469659583172931
tau0.2,A,all,hist-legs,50,-0.0013376801789009632,-0.0016830608790981666,-0.0009586152889401155,45,5,-0.01701113173742003
tau0.2,A,all,cur-legs,50,-0.0006810979502889247,-0.0007639058218836696,-0.000595842302429385,49,1,-0.00866144773705992
tau0.2,A,post,hist-cur,50,7.816502872559541e-05,-0.000242251026880227,0.00042814511390092347,30,20,0.0011294818835408823
tau0.2,A,post,hist-in,50,-8.185069377783516e-07,-9.360977074002346e-06,7.412605881800316e-06,26,24,-1.1813912795591268e-05
tau0.2,A,post,in-cur,50,7.898353566337376e-05,-0.0002456779853868071,0.00042580233556344273,31,19,0.0011413092796647762
tau0.2,A,post,hist-legs,50,-0.001035375323045224,-0.0013968735039562592,-0.000645292130849152,40,10,-0.014724214850385046
tau0.2,A,post,cur-legs,50,-0.0011135403517708196,-0.00120828351057644,-0.0010165020209465918,50,0,-0.01583581047288562
tau0.2,A,pre,hist-cur,50,-0.0029252544496431348,-0.003311823437527818,-0.0025153887269355165,49,1,-0.02393740883645013
tau0.2,A,pre,hist-in,50,1.2114141676078106e-05,-9.005000361059313e-06,3.213453205431783e-05,23,27,0.00010157166666776434
tau0.2,A,pre,in-cur,50,-0.002937368591319213,-0.0033183495824922475,-0.0025194283723838405,49,1,-0.02403653907178345
tau0.2,A,pre,hist-legs,50,-0.002653730505783083,-0.003194778915633089,-0.002091013970728416,47,3,-0.02176388045183984
tau0.2,A,pre,cur-legs,50,0.0002715239438600514,-7.261612366909993e-05,0.0006064016630400701,20,30,0.0022268329964569766
tau0.2,B,all,hist-cur,50,0.0008230361221127278,0.00043261631391196617,0.001173876554815345,10,40,0.01328929413056443
tau0.2,B,all,hist-in,50,2.716932559480856e-07,-3.3621633059651226e-07,8.821221331978409e-07,23,27,4.329425809799635e-06
tau0.2,B,all,in-cur,50,0.0008227644288567796,0.00041929474881714416,0.0011706220128495873,10,40,0.013284907188734566
tau0.2,B,all,hist-legs,50,-0.0008233915271709133,-0.0009000011518972361,-0.0007474300553405264,50,0,-0.012950745877765292
tau0.2,B,all,cur-legs,50,-0.001646427649283641,-0.002043509343167311,-0.001197135106484179,44,6,-0.025895901753155835
tau0.2,B,post,hist-cur,50,0.0003557897762578573,-3.205507769699901e-05,0.0007006550026424618,13,37,0.006114726391268161
tau0.2,B,post,hist-in,50,5.185336573455824e-07,-1.64131128866512e-09,1.0857587118723521e-06,20,30,8.857616166488132e-06
tau0.2,B,post,in-cur,50,0.00035527124260051167,-2.3423246528594254e-05,0.0007007869468662987,13,37,0.006105814692138746
tau0.2,B,post,hist-legs,50,-0.0009090809130112486,-0.0009871069496658477,-0.0008295800273668399,50,0,-0.015291368109387238
tau0.2,B,post,cur-legs,50,-0.0012648706892691057,-0.0016682394226420986,-0.00079883219269954,42,8,-0.021275997596650602
tau0.2,B,pre,hist-cur,50,0.0025767047766969914,0.001970005483070452,0.0031337300787785743,5,45,0.02924840835004489
tau0.2,B,pre,hist-in,50,-7.07635522007588e-07,-2.720660269586072e-06,1.36610666096404e-06,29,21,-7.804114041711145e-06
tau0.2,B,pre,in-cur,50,0.002577412412218999,0.0019839798255508415,0.0031602805786713436,4,46,0.02925644078468694
tau0.2,B,pre,hist-legs,50,-0.0007907450686809472,-0.001108002206118107,-0.0005068996386299412,38,12,-0.008645356532966574
tau0.2,B,pre,cur-legs,50,-0.003367449845377939,-0.003987233840579724,-0.0027088078469787364,48,2,-0.0368169283290491
tau0.8,A,all,hist-cur,50,-0.0010735365487275954,-0.0013824907085229978,-0.0007381392761057723,43,7,-0.013379024418430417
tau0.8,A,all,hist-in,50,1.794979729535795e-06,-4.400810895058671e-06,7.940188680442154e-06,20,30,2.2673922765383755e-05
tau0.8,A,all,in-cur,50,-0.0010753315284571313,-0.0013811069841774023,-0.0007246870029490327,43,7,-0.013401394479012436
tau0.8,A,all,hist-legs,50,-0.0012672532927225201,-0.001594758324513173,-0.0009079590105680145,44,6,-0.015755196577170047
tau0.8,A,all,cur-legs,50,-0.00019371674399492472,-0.0002943327290731366,-8.842946509881516e-05,38,12,-0.0024083941225139472
tau0.8,A,post,hist-cur,50,1.8383094789958533e-05,-0.00036345169871364373,0.0004258868366921332,28,22,0.0001665923890359623
tau0.8,A,post,hist-in,50,4.320636199563327e-05,1.2969272102932958e-05,7.395804598258087e-05,13,37,0.0003916353968095456
tau0.8,A,post,in-cur,50,-2.4823267205674737e-05,-0.0004009309306241484,0.00037977209363959023,30,20,-0.00022495490746913234
tau0.8,A,post,hist-legs,50,-0.0019219223550044533,-0.00240648485125153,-0.0013916773642479916,44,6,-0.017116000445684967
tau0.8,A,post,cur-legs,50,-0.001940305449794412,-0.002172628764007152,-0.0017204983930532408,49,1,-0.01727971416585618
tau0.8,A,pre,hist-cur,50,-0.001524614392210612,-0.0018861589781085754,-0.0011376692144030225,46,4,-0.020738121181134272
tau0.8,A,pre,hist-in,50,-1.5394448361067263e-05,-2.7066218188343398e-05,-4.2713280537308845e-06,32,18,-0.00021378725890491363
tau0.8,A,pre,in-cur,50,-0.001509219943849545,-0.0018676970541865131,-0.0011100947497366862,46,4,-0.020528722701584554
tau0.8,A,pre,hist-legs,50,-0.001109161590344504,-0.0014421147091808056,-0.0007196246448162076,41,9,-0.015172788570521685
tau0.8,A,pre,cur-legs,50,0.00041545280186610826,0.0002722332468849604,0.0005559157368864344,7,43,0.0056831913209214316
tau0.8,B,all,hist-cur,50,0.0013424967718263325,0.0009277321829067125,0.0017239693979296384,6,44,0.021656988690416226
tau0.8,B,all,hist-in,50,1.4450931001760982e-07,-9.645768401743069e-08,3.810740820059701e-07,21,29,2.2817944943988297e-06
tau0.8,B,all,in-cur,50,0.0013423522625163149,0.0008977345190589979,0.0017355393390363974,6,44,0.0216546574844436
tau0.8,B,all,hist-legs,50,-0.00031122136115172244,-0.0003512871194646196,-0.0002710560840361634,49,1,-0.004890127047473788
tau0.8,B,all,cur-legs,50,-0.0016537181329780548,-0.0020660963562554873,-0.001190063397309605,45,5,-0.02598437247702746
tau0.8,B,post,hist-cur,50,0.0021632939617581286,0.0015659316826266772,0.0027344622046832114,6,44,0.02754494223315968
tau0.8,B,post,hist-in,50,1.1675105115495354e-06,4.5332472209536073e-07,1.8588500564716976e-06,23,27,1.446746979785062e-05
tau0.8,B,post,in-cur,50,0.002162126451246579,0.0015595226685309424,0.002697908860489506,6,44,0.027530076472811926
tau0.8,B,post,hist-legs,50,-0.00048568672938880677,-0.0005517406455966466,-0.0004226755496174082,49,1,-0.005982405003386383
tau0.8,B,post,cur-legs,50,-0.002648980691146935,-0.003239050958560984,-0.001994072019847758,44,6,-0.03262859448627249
tau0.8,B,pre,hist-cur,50,0.0011316273342022224,0.0007012352856402763,0.0015017708154001633,8,42,0.019153023834169777
tau0.8,B,pre,hist-in,50,-1.3567704273700908e-07,-2.993480472830469e-07,1.890831913536895e-08,28,22,-2.2532008841019414e-06
tau0.8,B,pre,in-cur,50,0.0011317630112449594,0.0007001729236293148,0.0015135472935856261,8,42,0.01915532019583828
tau0.8,B,pre,hist-legs,50,-0.0002670675419484336,-0.00032025041964721634,-0.00021410470972082875,47,3,-0.004415640389238753
tau0.8,B,pre,cur-legs,50,-0.0013986948761506557,-0.0017921998148637227,-0.0009612980488257928,42,8,-0.02312573644214931
theta0,A,all,hist-cur,50,-1.2073675392798577e-17,-5.3436421953989563e-17,2.831068712794149e-17,21,21,-1.948134596841031e-16
theta0,A,all,hist-in,50,5.159844773672262e-14,2.8220328851524812e-14,7.591373016313521e-14,12,38,8.325610711651487e-13
theta0,A,all,in-cur,50,-5.1610521412115415e-14,-7.620449063439061e-14,-2.845782290372689e-14,38,12,-8.327558846241396e-13
theta0,A,all,hist-legs,50,-0.0016303739237526831,-0.002020761565491668,-0.001178481226312306,44,6,-0.025632414186620565
theta0,A,all,cur-legs,50,-0.001630373923752671,-0.0020321420612892244,-0.0012016270501669323,44,6,-0.025632414186620375
theta0,A,post,hist-cur,50,-2.5396351688300457e-17,-7.244205235679146e-17,2.2763041451767675e-17,22,17,-4.046888072458801e-16
theta0,A,post,hist-in,50,9.284101265549794e-15,4.7541796888150855e-15,1.3952890925983396e-14,15,35,1.4794140172648172e-13
theta0,A,post,in-cur,50,-9.309497617238095e-15,-1.4070838244562012e-14,-4.862284186391008e-15,35,15,-1.4834609053370563e-13
theta0,A,post,hist-legs,50,-0.0015034392284716319,-0.001995217720018619,-0.0009823582800748863,41,9,-0.02339666418870934
theta0,A,post,cur-legs,50,-0.0015034392284716063,-0.0019669035764932927,-0.0009817493857295445,41,9,-0.023396664188708942
theta0,A,pre,hist-cur,50,2.0122792321330962e-17,-4.690692279041286e-17,8.548717289613706e-17,20,21,3.089532644194104e-16
theta0,A,pre,hist-in,50,9.589024019263093e-14,4.6660408176135704e-14,1.4748155821586728e-13,11,39,1.4722411413108886e-12
theta0,A,pre,in-cur,50,-9.58701174003096e-14,-1.470104350753676e-13,-4.7813711323563254e-14,39,11,-1.4719321880443022e-12
theta0,A,pre,hist-legs,50,-0.0018585161729550894,-0.0022643204319517285,-0.001407244462323995,46,4,-0.027742909618780637
theta0,A,pre,cur-legs,50,-0.0018585161729551094,-0.0022573989650790114,-0.0014160778170405203,46,4,-0.027742909618780932
theta0,B,all,hist-cur,50,-1.2073675392798577e-17,-5.2045173726256165e-17,2.886579864025407e-17,21,21,-1.948134596841031e-16
theta0,B,all,hist-in,50,5.159844773672262e-14,2.8018375813898545e-14,7.622848879895728e-14,12,38,8.325610711651487e-13
theta0,B,all,in-cur,50,-5.1610521412115415e-14,-7.724230977057544e-14,-2.8157982889798205e-14,38,12,-8.327558846241396e-13
theta0,B,all,hist-legs,50,-0.0016303739237526831,-0.002015626401952453,-0.0011952552326769455,44,6,-0.025632414186620565
theta0,B,all,cur-legs,50,-0.001630373923752671,-0.0020196477199709026,-0.0011933974980746762,44,6,-0.025632414186620375
theta0,B,post,hist-cur,50,-2.5396351688300457e-17,-7.341696695029043e-17,2.248201624865942e-17,22,17,-4.046888072458801e-16
theta0,B,post,hist-in,50,9.284101265549794e-15,4.841262807309122e-15,1.3973055351668152e-14,15,35,1.4794140172648172e-13
theta0,B,post,in-cur,50,-9.309497617238095e-15,-1.3809117044294438e-14,-4.848340479091107e-15,35,15,-1.4834609053370563e-13
theta0,B,post,hist-legs,50,-0.0015034392284716319,-0.001964178056119052,-0.0009921409676504611,41,9,-0.02339666418870934
theta0,B,post,cur-legs,50,-0.0015034392284716063,-0.001975066013957093,-0.0009839338385814972,41,9,-0.023396664188708942
theta0,B,pre,hist-cur,50,2.0122792321330962e-17,-4.386421781354954e-17,8.410286356230757e-17,20,21,3.089532644194104e-16
theta0,B,pre,hist-in,50,9.589024019263093e-14,4.7543285280893243e-14,1.4637072803802555e-13,11,39,1.4722411413108886e-12
theta0,B,pre,in-cur,50,-9.58701174003096e-14,-1.4722166194469645e-13,-4.762953573211881e-14,39,11,-1.4719321880443022e-12
theta0,B,pre,hist-legs,50,-0.0018585161729550894,-0.002260915989414592,-0.001414845239978564,46,4,-0.027742909618780637
theta0,B,pre,cur-legs,50,-0.0018585161729551094,-0.0022663394555122495,-0.001409125684530788,46,4,-0.027742909618780932
theta0_snr0,A,all,hist-cur,50,3.885780586188048e-18,-3.387568003887508e-17,4.163336342344337e-17,19,18,2.4145992079917025e-17
theta0_snr0,A,all,hist-in,50,1.051547737773717e-13,7.821232550497826e-14,1.362889662237521e-13,5,45,6.534250399573813e-13
theta0_snr0,A,all,in-cur,50,-1.0515088799678551e-13,-1.368526819645055e-13,-7.700264037513449e-14,45,5,-6.534008939648746e-13
theta0_snr0,A,all,hist-legs,50,-0.03933222089350537,-0.043972835527810394,-0.03447894195788979,49,1,-0.19640497653093242
theta0_snr0,A,all,cur-legs,50,-0.03933222089350538,-0.0436144674348262,-0.03449761014602059,49,1,-0.19640497653093247
theta0_snr0,A,post,hist-cur,50,7.216449660063518e-18,-5.1354753782817396e-17,6.690481502147355e-17,19,20,4.417662466321586e-17
theta0_snr0,A,post,hist-in,50,9.391931676816512e-15,5.176498119041639e-15,1.3741847937343011e-14,16,34,5.749417789823016e-14
theta0_snr0,A,post,in-cur,50,-9.384715227156448e-15,-1.3747891713933313e-14,-5.212955067612767e-15,34,16,-5.745000127356364e-14
theta0_snr0,A,post,hist-legs,50,-0.038966291733283615,-0.04416171188558215,-0.033077649365975056,49,1,-0.19259659262704615
theta0_snr0,A,post,cur-legs,50,-0.038966291733283615,-0.04404341914593433,-0.03322559257996984,49,1,-0.19259659262704615
theta0_snr0,A,pre,hist-cur,50,1.1934897514720433e-17,-6.411537967210279e-17,8.715944632697872e-17,21,23,7.069536606061409e-17
theta0_snr0,A,pre,hist-in,50,2.1091101087833408e-13,1.544479197312931e-13,2.748443278521862e-13,7,43,1.2493137123202086e-12
theta0_snr0,A,pre,in-cur,50,-2.1089907598081935e-13,-2.7350311598839384e-13,-1.5269163711195689e-13,43,7,-1.2492430169525872e-12
theta0_snr0,A,pre,hist-legs,50,-0.04212931224813457,-0.04708112209288666,-0.036852514707322495,49,1,-0.19971154621080747
theta0_snr0,A,pre,cur-legs,50,-0.04212931224813458,-0.04715542471852331,-0.03680196421807105,49,1,-0.1997115462108075
theta0_snr0,B,all,hist-cur,50,3.885780586188048e-18,-3.441691376337985e-17,4.3298697960381107e-17,19,18,2.4145992079917025e-17
theta0_snr0,B,all,hist-in,50,1.051547737773717e-13,7.734780871349046e-14,1.3471955495614195e-13,5,45,6.534250399573813e-13
theta0_snr0,B,all,in-cur,50,-1.0515088799678551e-13,-1.356798839946549e-13,-7.608828844762881e-14,45,5,-6.534008939648746e-13
theta0_snr0,B,all,hist-legs,50,-0.03933222089350537,-0.04382871879143247,-0.034463245133455056,49,1,-0.19640497653093242
theta0_snr0,B,all,cur-legs,50,-0.03933222089350538,-0.04368025733023856,-0.03432594936190309,49,1,-0.19640497653093247
theta0_snr0,B,post,hist-cur,50,7.216449660063518e-18,-5.1077198026661106e-17,6.605826996519681e-17,19,20,4.417662466321586e-17
theta0_snr0,B,post,hist-in,50,9.391931676816512e-15,5.066287667165881e-15,1.3694261002950017e-14,16,34,5.749417789823016e-14
theta0_snr0,B,post,in-cur,50,-9.384715227156448e-15,-1.4080896171275725e-14,-5.3554174983538865e-15,34,16,-5.745000127356364e-14
theta0_snr0,B,post,hist-legs,50,-0.038966291733283615,-0.04405008002488722,-0.03357605175745245,49,1,-0.19259659262704615
theta0_snr0,B,post,cur-legs,50,-0.038966291733283615,-0.04423845275991188,-0.03327131840240253,49,1,-0.19259659262704615
theta0_snr0,B,pre,hist-cur,50,1.1934897514720433e-17,-6.41223185660067e-17,8.937989237622903e-17,21,23,7.069536606061409e-17
theta0_snr0,B,pre,hist-in,50,2.1091101087833408e-13,1.535435736887969e-13,2.739015264596745e-13,7,43,1.2493137123202086e-12
theta0_snr0,B,pre,in-cur,50,-2.1089907598081935e-13,-2.7236639332794964e-13,-1.528213319779148e-13,43,7,-1.2492430169525872e-12
theta0_snr0,B,pre,hist-legs,50,-0.04212931224813457,-0.04707030636860773,-0.037049993813026635,49,1,-0.19971154621080747
theta0_snr0,B,pre,cur-legs,50,-0.04212931224813458,-0.046885121215815576,-0.03708116245092264,49,1,-0.1997115462108075
theta10,A,all,hist-cur,50,-0.00025399366229446747,-0.00032858670955318505,-0.00018161129208988424,41,9,-0.003987745173447893
theta10,A,all,hist-in,50,-1.6936876001030777e-07,-8.291975527107732e-07,4.811901557929266e-07,27,23,-2.669758540279517e-06
theta10,A,all,in-cur,50,-0.00025382429353445715,-0.0003250644351154874,-0.0001841606702626843,42,8,-0.00398508605412514
theta10,A,all,hist-legs,50,-0.0015833000753204967,-0.0019666414934573643,-0.0011326093209956154,44,6,-0.0243498988937494
theta10,A,all,cur-legs,50,-0.0013293064130260295,-0.0017199355415047199,-0.0008912042832119988,42,8,-0.02044367789816745
theta10,A,post,hist-cur,50,0.00016964514929477593,0.00013941193690064987,0.00020189295841918056,1,49,0.0026519854325998938
theta10,A,post,hist-in,50,2.1167442212935428e-07,-8.96208114075689e-07,1.3288505766703122e-06,24,26,3.3002685884544115e-06
theta10,A,post,in-cur,50,0.00016943347487264658,0.00013949744793316233,0.00020265819825484097,1,49,0.002648676422667841
theta10,A,post,hist-legs,50,-0.001460192095607743,-0.0019115959733201338,-0.0009544990416385463,41,9,-0.02225938288435057
theta10,A,post,cur-legs,50,-0.0016298372449025191,-0.00210431566513271,-0.0011036829616819317,41,9,-0.0248454784699821
theta10,A,pre,hist-cur,50,-0.0006821374818843016,-0.0008293473996478744,-0.0005401898931605205,45,5,-0.010106962106757324
theta10,A,pre,hist-in,50,-7.147625256401224e-07,-1.6094994149235056e-06,1.9440267177385885e-07,27,23,-1.069836922912716e-05
theta10,A,pre,in-cur,50,-0.0006814227193586615,-0.0008264056978205441,-0.0005425043692959103,45,5,-0.010096371752241077
theta10,A,pre,hist-legs,50,-0.0018074694761843304,-0.002205739529711083,-0.0013635136260312841,45,5,-0.026341357288595053
theta10,A,pre,cur-legs,50,-0.0011253319943000286,-0.001513419631425674,-0.0006969929703672129,40,10,-0.01640015088538138
theta10,B,all,hist-cur,50,0.00023275363750269396,0.00016350243436852026,0.00030115191765254997,6,44,0.0037558763395611717
theta10,B,all,hist-in,50,1.981923923072282e-07,-2.7341789130215507e-07,6.798516271798278e-07,23,27,3.1862149484340943e-06
theta10,B,all,in-cur,50,0.00023255544511038674,0.00016607836307963426,0.00029683338308357374,6,44,0.003752678167773463
theta10,B,all,hist-legs,50,-0.0013968432407831589,-0.0018012704840146166,-0.0009560565510924139,42,8,-0.021962901130650775
theta10,B,all,cur-legs,50,-0.0016295968782858528,-0.002027086268895043,-0.0011806464971743588,44,6,-0.025622542369566684
theta10,B,post,hist-cur,50,-6.175625535513596e-07,-8.39941170815674e-06,7.481509768327514e-06,23,27,-9.838886751212648e-06
theta10,B,post,hist-in,50,4.423345388337996e-07,-9.323954725441728e-08,1.0547439473679032e-06,20,30,7.047307029041573e-06
theta10,B,post,in-cur,50,-1.0598970923851593e-06,-9.068301640574362e-06,6.9397376212739286e-06,23,27,-1.688607477890074e-05
theta10,B,post,hist-legs,50,-0.0014995230935163186,-0.0019665509837466823,-0.0009699099982099778,41,9,-0.023332914562720505
theta10,B,post,cur-legs,50,-0.0014989055309627675,-0.0019719620462319296,-0.0009533613932577523,41,9,-0.023323305151327346
theta10,B,pre,hist-cur,50,0.00047072310628879595,0.00033395663169188554,0.0005969205726366871,6,44,0.007230789376739596
theta10,B,pre,hist-in,50,-2.731235964059664e-08,-6.171061823842214e-07,5.651535392463894e-07,25,25,-4.1653379478585216e-07
theta10,B,pre,in-cur,50,0.00047075041864843653,0.0003331282780929072,0.0006013480202267448,7,43,0.007231208922577274
theta10,B,pre,hist-legs,50,-0.0013910073612846082,-0.0018124800066295107,-0.0009648303516238278,42,8,-0.020773224273077345
theta10,B,pre,cur-legs,50,-0.0018617304675734043,-0.002268644919668679,-0.0014358840539271409,46,4,-0.027802976184976867
theta10_snr0,A,all,hist-cur,50,-0.003246559672998725,-0.003812949240920864,-0.002689815864204604,50,0,-0.019705160296510763
theta10_snr0,A,all,hist-in,50,-6.17738048462213e-06,-1.4958837029908218e-05,2.934145078816136e-06,30,20,-3.824613971044433e-05
theta10_snr0,A,all,in-cur,50,-0.0032403822925141028,-0.0038072115653419855,-0.0027070737738811943,50,0,-0.01966766636911605
theta10_snr0,A,all,hist-legs,50,-0.039207045087124935,-0.04373130050802918,-0.034396170142300224,49,1,-0.19533464624570288
theta10_snr0,A,all,cur-legs,50,-0.035960485414126206,-0.040427491372497834,-0.03112310153762517,49,1,-0.1791598597033469
theta10_snr0,A,post,hist-cur,50,0.000301404259779908,0.00023061138662456467,0.0003708916945914787,7,43,0.0018427563410379853
theta10_snr0,A,post,hist-in,50,-2.3906612462371024e-06,-1.4653746097149782e-05,9.672617351763899e-06,25,25,-1.4589172903408693e-05
theta10_snr0,A,post,in-cur,50,0.0003037949210261451,0.00023235255827113008,0.00037937700033071405,6,44,0.0018573726114715686
theta10_snr0,A,post,hist-legs,50,-0.038836826893536805,-0.043880026017904264,-0.033247118813402136,49,1,-0.19159768370267155
theta10_snr0,A,post,cur-legs,50,-0.039138231153316716,-0.04446643275434156,-0.0335107972725983,49,1,-0.1930846321135254
theta10_snr0,A,pre,hist-cur,50,-0.006796066999901093,-0.007847824836001598,-0.005806401776337539,50,0,-0.038549126254754346
theta10_snr0,A,pre,hist-in,50,-1.1426020764603306e-05,-2.3614914733908094e-05,-3.2065554912334093e-07,29,21,-6.740552921859547e-05
theta10_snr0,A,pre,in-cur,50,-0.006784640979136491,-0.007798269185920871,-0.00574980474543781,50,0,-0.0384843147811402
theta10_snr0,A,pre,hist-legs,50,-0.04199676123849777,-0.04702734136943952,-0.03699774629383529,49,1,-0.1985691013027649
theta10_snr0,A,pre,cur-legs,50,-0.03520069423859666,-0.04009085248775803,-0.030102621212681202,49,1,-0.1664359349164321
theta10_snr0,B,all,hist-cur,50,0.0032213026049026333,0.0027416743737647543,0.00370754379188299,1,49,0.02002587046479776
theta10_snr0,B,all,hist-in,50,-2.2528867415144706e-06,-1.0013297339125635e-05,5.707811674034766e-06,26,24,-1.3730365183994176e-05
theta10_snr0,B,all,in-cur,50,0.0032235554916441476,0.0027221912524787177,0.0037295345121697715,1,49,0.020039875984797267
theta10_snr0,B,all,hist-legs,50,-0.03616571188657585,-0.0406583226359558,-0.031252574052928445,49,1,-0.1806081521126473
theta10_snr0,B,all,cur-legs,50,-0.039387014491478495,-0.0439379395008093,-0.034423037295452465,49,1,-0.19669503331912722
theta10_snr0,B,post,hist-cur,50,4.7037213942315026e-05,1.336961079909272e-06,8.963644408604961e-05,18,32,0.00028791825579037685
theta10_snr0,B,post,hist-in,50,-1.6534540969601053e-06,-1.0611821657465291e-05,7.504962796405526e-06,29,21,-1.0117898948486586e-05
theta10_snr0,B,post,in-cur,50,4.869066803927513e-05,-2.0099655413751323e-06,9.497083537070503e-05,19,31,0.0002980391702690709
theta10_snr0,B,post,hist-legs,50,-0.038926339138633866,-0.04430193479077178,-0.03350178745379969,49,1,-0.192377601703641
theta10_snr0,B,post,cur-legs,50,-0.03897337635257618,-0.04418113079241063,-0.0333176261438522,49,1,-0.19261006400575514
theta10_snr0,B,pre,hist-cur,50,0.006438308551186684,0.005516454576542942,0.0072910723942628325,1,49,0.03817922273809699
theta10_snr0,B,pre,hist-in,50,-3.2133992515820386e-06,-1.3361099368569288e-05,6.091941964580948e-06,27,23,-1.835437837740551e-05
theta10_snr0,B,pre,in-cur,50,0.006441521950438265,0.005496676508546677,0.007296756526247423,1,49,0.03819827822212624
theta10_snr0,B,pre,hist-legs,50,-0.035790666739531254,-0.04075613044580123,-0.030560198570598763,49,1,-0.16973437641082414
theta10_snr0,B,pre,cur-legs,50,-0.04222897529071794,-0.04718660793520348,-0.037081594990451106,49,1,-0.2002675401271942
theta20,A,all,hist-cur,50,-0.0006554308272108022,-0.0009619967080463172,-0.0002885902298885594,38,12,-0.009605461288603026
theta20,A,all,hist-in,50,-7.312852069311926e-07,-2.6383182803380657e-06,1.159491534045332e-06,23,27,-1.082094560716626e-05
theta20,A,all,in-cur,50,-0.0006546995420038709,-0.0009698125577230787,-0.0003170979111302466,38,12,-0.009594744167200608
theta20,A,all,hist-legs,50,-0.001473674383488472,-0.0018453285345319092,-0.0010612578718090242,44,6,-0.02134106194915881
theta20,A,all,cur-legs,50,-0.0008182435562776699,-0.0008856325651059961,-0.0007433029342069218,49,1,-0.011849419803773338
theta20,A,post,hist-cur,50,-0.00027107710141230146,-0.0006153112503333652,0.0001193755131819275,37,13,-0.0039527554429683075
theta20,A,post,hist-in,50,2.291776243940058e-07,-3.2724239190292627e-06,3.869557272055102e-06,24,26,3.355064271926942e-06
theta20,A,post,in-cur,50,-0.00027130627903669546,-0.0006175748363295725,0.00012006181854340474,37,13,-0.003956097234279747
theta20,A,post,hist-legs,50,-0.0013602866636943367,-0.0018094802678886202,-0.0008812037670057642,41,9,-0.019525136476947084
theta20,A,post,cur-legs,50,-0.001089209562282035,-0.0012204299337338807,-0.000961870861948024,50,0,-0.015634179120594043
theta20,A,pre,hist-cur,50,-0.001081979327595127,-0.0014230443379779363,-0.0007082114470686637,42,8,-0.014946568948503592
theta20,A,pre,hist-in,50,-2.2867732877773772e-06,-4.976629672868545e-06,3.6463841699726365e-07,27,23,-3.206800495025027e-05
theta20,A,pre,in-cur,50,-0.0010796925543073495,-0.0014253404102462816,-0.0007076153387611019,42,8,-0.014914979237181351
theta20,A,pre,hist-legs,50,-0.0016859723895102108,-0.002071503740255127,-0.0012840423499862036,45,5,-0.023097472045920626
theta20,A,pre,cur-legs,50,-0.0006039930619150838,-0.0007058681976514384,-0.0004955797865821564,46,4,-0.008274579673019707
theta20,B,all,hist-cur,50,0.0007200620226414561,0.00033185570957169566,0.0010616389623371001,10,40,0.011620504835216311
theta20,B,all,hist-in,50,1.117671428225997e-07,-1.963669963986718e-07,4.2560539378964586e-07,23,27,1.783004295008844e-06
theta20,B,all,in-cur,50,0.0007199502554986336,0.0003381883861585591,0.0010509962607413055,10,40,0.011618701114727313
theta20,B,all,hist-legs,50,-0.0009114470978677869,-0.000992576613928535,-0.0008296234167451884,50,0,-0.014331765487029295
theta20,B,all,cur-legs,50,-0.001631509120509243,-0.0020301070648250947,-0.0011714418934206147,44,6,-0.02565415607750358
theta20,B,post,hist-cur,50,0.0005360719703766609,9.51540312988387e-05,0.0009300786774447563,11,39,0.008539518481561092
theta20,B,post,hist-in,50,3.4505500113260477e-07,-1.1050304675210702e-08,7.544307642931396e-07,18,32,5.450144990858935e-06
theta20,B,post,in-cur,50,0.0005357269153755282,0.0001329790703362529,0.0009317190358337116,11,39,0.008534021824913932
theta20,B,post,hist-legs,50,-0.0009638284292636968,-0.0010763488381220743,-0.0008476045941382859,50,0,-0.014995308124213453
theta20,B,post,cur-legs,50,-0.0014999003996403577,-0.0019761002122618875,-0.0009865933038757382,41,9,-0.023335552226260957
theta20,B,pre,hist-cur,50,0.0009419043026791305,0.0005461739060192972,0.0012943680145844957,9,41,0.01447502026406109
theta20,B,pre,hist-in,50,-1.158907217090055e-07,-4.934214329394282e-07,2.7872653697760487e-07,25,25,-1.7555732179488788e-06
theta20,B,pre,in-cur,50,0.0009420201934008394,0.0005360469615647555,0.0013082664086749602,9,41,0.014476801252363598
theta20,B,pre,hist-legs,50,-0.000922868761911032,-0.001046234095937076,-0.0008115700660364831,49,1,-0.013787373670155562
theta20,B,pre,cur-legs,50,-0.0018647730645901623,-0.002272319741613368,-0.0014053542236529284,46,4,-0.0278591324277853
theta20_snr0,A,all,hist-cur,50,-0.012207631451317608,-0.013737767999292539,-0.010723752000587193,50,0,-0.06958912733006758
theta20_snr0,A,all,hist-in,50,-1.8196891980085117e-05,-4.396876401784627e-05,7.645664029108967e-06,27,23,-0.00011147667450566432
theta20_snr0,A,all,in-cur,50,-0.012189434559337525,-0.013814433262693637,-0.010723065156882698,50,0,-0.06948539665650791
theta20_snr0,A,all,hist-legs,50,-0.03886322593194138,-0.04330688272136714,-0.034045477435537895,49,1,-0.19231604064234212
theta20_snr0,A,all,cur-legs,50,-0.026655594480623775,-0.030959747979659724,-0.02200330171571937,48,2,-0.13190614696934275
theta20_snr0,A,post,hist-cur,50,0.0012712067486042985,0.0010248501350301291,0.0015354569006111932,2,48,0.0077392631166035755
theta20_snr0,A,post,hist-in,50,-8.37446926483576e-06,-4.678749536286884e-05,3.031918999950709e-05,23,27,-5.059068544095261e-05
theta20_snr0,A,post,in-cur,50,0.0012795812178691343,0.0010322103429256072,0.0015442684944476158,3,47,0.007790247916026355
theta20_snr0,A,post,hist-legs,50,-0.038506670677902345,-0.04358607788326998,-0.033008240002127605,49,1,-0.18872848041182058
theta20_snr0,A,post,cur-legs,50,-0.03977787742650663,-0.044926338693136524,-0.034243157533927156,49,1,-0.19495890526366363
theta20_snr0,A,pre,hist-cur,50,-0.0249520110332215,-0.027594676405479596,-0.022412563224969845,50,0,-0.12708162194858483
theta20_snr0,A,pre,hist-in,50,-3.3723511010409215e-05,-6.50674284192097e-05,-5.519657076489134e-06,28,22,-0.00019672107927897435
theta20_snr0,A,pre,in-cur,50,-0.024918287522211088,-0.027354537345020954,-0.022385649295541873,50,0,-0.1269098667152572
theta20_snr0,A,pre,hist-legs,50,-0.041607930564195934,-0.046702932091233,-0.0363368130844949,49,1,-0.19534032711239002
theta20_snr0,A,pre,cur-legs,50,-0.016655919530974443,-0.021567831077344328,-0.011426950572979851,41,9,-0.07819597671454316
theta20_snr0,B,all,hist-cur,50,0.012285361710238554,0.010865695484217761,0.013719221072404322,0,50,0.07641297548244529
theta20_snr0,B,all,hist-in,50,-6.786460379881731e-08,-1.819503027474549e-05,1.922019150989926e-05,24,26,-3.9214202479541015e-07
theta20_snr0,B,all,in-cur,50,0.012285429574842355,0.010900054377403476,0.013658502003687456,0,50,0.07641339758937454
theta20_snr0,B,all,hist-legs,50,-0.02717240635856975,-0.03143210548385865,-0.022459648808645198,48,2,-0.1357035122717037
theta20_snr0,B,all,cur-legs,50,-0.039457768068808304,-0.04394008696841978,-0.03433834681689552,49,1,-0.19705864996571507
theta20_snr0,B,post,hist-cur,50,0.0002832371428344527,0.00017869366918011137,0.00038609477450469537,10,40,0.0017338419223218069
theta20_snr0,B,post,hist-in,50,-5.4696405562926205e-06,-2.7940852901766435e-05,1.789663960448945e-05,27,23,-3.342344567973623e-05
theta20_snr0,B,post,in-cur,50,0.0002887067833907453,0.0001843720262074099,0.0003934107869498653,11,39,0.0017673244380738975
theta20_snr0,B,post,hist-legs,50,-0.03872928832467748,-0.04376324576097269,-0.03330405471882233,49,1,-0.19137800236562202
theta20_snr0,B,post,cur-legs,50,-0.03901252546751193,-0.04407623121437284,-0.03324898941602552,49,1,-0.19277759840614275
theta20_snr0,B,pre,hist-cur,50,0.02383910452995237,0.021618396320697914,0.02601767033656577,0,50,0.14151542730287267
theta20_snr0,B,pre,hist-in,50,3.6439097765622595e-06,-1.8158216314763402e-05,2.6156973734778656e-05,27,23,1.8949943040695306e-05
theta20_snr0,B,pre,in-cur,50,0.02383546062017581,0.021611330820745924,0.025981524565053222,0,50,0.141493796060456
theta20_snr0,B,pre,hist-legs,50,-0.01848953793921025,-0.02366704175302957,-0.013270412622086543,41,9,-0.0877177248811952
theta20_snr0,B,pre,cur-legs,50,-0.04232864246916262,-0.046957880568069876,-0.03705510745604948,49,1,-0.2008147649179747
theta30,A,all,hist-cur,50,-0.0006895407654154933,-0.0009986434559413403,-0.00035605805322318646,40,10,-0.009263542624550826
theta30,A,all,hist-in,50,-1.0977321346687664e-06,-4.661894493103634e-06,2.558145794735814e-06,24,26,-1.4885002991854256e-05
theta30,A,all,in-cur,50,-0.0006884430332808246,-0.0010048035467086305,-0.00034584356442149254,40,10,-0.009248795289904533
theta30,A,all,hist-legs,50,-0.001341584899430359,-0.0016737670226686975,-0.0009609138623176029,44,6,-0.017866831940597693
theta30,A,all,cur-legs,50,-0.0006520441340148656,-0.0007244598178710284,-0.0005731524431255449,49,1,-0.008683731432310228
theta30,A,post,hist-cur,50,-2.076741607111937e-05,-0.0003273259274723352,0.0003435727049789413,33,17,-0.00027831982959827665
theta30,A,post,hist-in,50,5.857120212780786e-07,-6.430106662897644e-06,7.969119081194518e-06,23,27,7.851816168789645e-06
theta30,A,post,in-cur,50,-2.135312809239745e-05,-0.00033235641497362205,0.0003276414280678406,33,17,-0.00028616939881755365
theta30,A,post,hist-legs,50,-0.0012413833292166743,-0.0016519174534871959,-0.0007722856125454072,42,8,-0.016368945985246845
theta30,A,post,cur-legs,50,-0.0012206159131455548,-0.001362275085818985,-0.0010832126930458168,50,0,-0.01609510574273625
theta30,A,pre,hist-cur,50,-0.0014052595650435905,-0.0017550071499001826,-0.0010163833812858096,45,5,-0.017724653241803823
theta30,A,pre,hist-in,50,-3.919250761049986e-06,-9.13519546207682e-06,1.0442717844622033e-06,27,23,-5.032330420741883e-05
theta30,A,pre,in-cur,50,-0.0014013403142825406,-0.0017588598942210147,-0.0010216518665733681,45,5,-0.01767521941303986
theta30,A,pre,hist-legs,50,-0.0015406973826775578,-0.0018990681725346357,-0.0011411457887027983,44,6,-0.01939980100496112
theta30,A,pre,cur-legs,50,-0.0001354378176339674,-0.0002700754934421165,-1.2337931133800724e-06,31,19,-0.0017053749426632645
theta30,B,all,hist-cur,50,0.0008368056881062506,0.0004352157650330821,0.001186185267131536,10,40,0.013505960585322
theta30,B,all,hist-in,50,1.8394545656344463e-07,-2.713680888139329e-07,6.589363131064632e-07,23,27,2.9293069677310555e-06
theta30,B,all,in-cur,50,0.0008366217426496871,0.00044983719267137573,0.001175029416002617,10,40,0.013502991723946527
theta30,B,all,hist-legs,50,-0.0007994783505057833,-0.0008905303650217903,-0.0007113319100219773,49,1,-0.012571494662450096
theta30,B,all,cur-legs,50,-0.001636284038612034,-0.002033174789383038,-0.0011844384723658792,44,6,-0.025729947589762367
theta30,B,post,hist-cur,50,0.0005441623628940538,0.0001233013601864072,0.0009229557672322714,12,38,0.008667996981289967
theta30,B,post,hist-in,50,5.625223221536468e-07,1.2347246558186424e-08,1.2104381095917746e-06,20,30,8.883531122718357e-06
theta30,B,post,in-cur,50,0.0005435998405719001,0.00011664371390397065,0.0009325046511678204,12,38,0.008659036527346764
theta30,B,post,hist-legs,50,-0.0009624062806583915,-0.0010762710340394197,-0.00085380103932667,50,0,-0.014970954637159865
theta30,B,post,cur-legs,50,-0.0015065686435524453,-0.001980648557200333,-0.000990035770495416,41,9,-0.02343581008735852
theta30,B,pre,hist-cur,50,0.0011674354395248773,0.000752538159845577,0.0015418196590352437,6,44,0.017947791198093827
theta30,B,pre,hist-in,50,-1.7743909812420467e-07,-7.522533240945963e-07,4.051000762419734e-07,24,26,-2.6797901636258144e-06
theta30,B,pre,in-cur,50,0.0011676128786230016,0.0007591508512417909,0.001545230845023145,6,44,0.017950519091881948
theta30,B,pre,hist-legs,50,-0.0007004166477707267,-0.000849702734557759,-0.0005540790158415045,47,3,-0.010467408993260808
theta30,B,pre,cur-legs,50,-0.0018678520872956043,-0.0022807010762980963,-0.001407323123809886,46,4,-0.027914201923765466
theta30_snr0,A,all,hist-cur,50,-0.017719916344253423,-0.021020461876992504,-0.01388171028508694,45,5,-0.09646783130865545
theta30_snr0,A,all,hist-in,50,-1.654983280578337e-05,-6.788665545525079e-05,3.2346578765903135e-05,25,25,-9.970743284772478e-05
theta30_snr0,A,all,in-cur,50,-0.01770336651144764,-0.021125165104369688,-0.013719148766758497,45,5,-0.09637773345219393
theta30_snr0,A,all,hist-legs,50,-0.03831789739690225,-0.04261450958969161,-0.033424741869457666,49,1,-0.18757051658083196
theta30_snr0,A,all,cur-legs,50,-0.020597981052648824,-0.021764456593551727,-0.019358544826394205,50,0,-0.10082948723798903
theta30_snr0,A,post,hist-cur,50,-0.011307225881800382,-0.014827452410919893,-0.007382072957491443,42,8,-0.06296870603957738
theta30_snr0,A,post,hist-in,50,-4.060592746604752e-07,-7.614120784023511e-05,8.025490586581012e-05,24,26,-2.4132537633626664e-06
theta30_snr0,A,post,in-cur,50,-0.011306819822525722,-0.014741902241380125,-0.007545507896584615,42,8,-0.06296644473982377
theta30_snr0,A,post,hist-legs,50,-0.037992726159705545,-0.042896168982504014,-0.032475409431785625,49,1,-0.18420316192436553
theta30_snr0,A,post,cur-legs,50,-0.02668550027790516,-0.02877052876490942,-0.02478948030370318,50,0,-0.12938143759573167
theta30_snr0,A,pre,hist-cur,50,-0.02478920608241513,-0.02877793118970258,-0.020507995255493936,48,2,-0.12444784888163635
theta30_snr0,A,pre,hist-in,50,-4.550796674079038e-05,-0.00010360642156121017,1.2044025164252947e-05,28,22,-0.00026086564112158203
theta30_snr0,A,pre,in-cur,50,-0.02474369811567435,-0.028640540126669344,-0.02017609688872787,48,2,-0.1242193878107558
theta30_snr0,A,pre,hist-legs,50,-0.04098792420209993,-0.045880346451462925,-0.03594111687607431,49,1,-0.19029433474349933
theta30_snr0,A,pre,cur-legs,50,-0.016198718119684798,-0.01814999876506018,-0.014227256477679405,50,0,-0.07520566967684986
theta30_snr0,B,all,hist-cur,50,0.018266068473643534,0.014037024289645445,0.021887578163378028,3,47,0.11367486453010257
theta30_snr0,B,all,hist-in,50,1.9630669483572393e-07,-1.0034063813989968e-05,1.1322459488941898e-05,26,24,1.09697450351635e-06
theta30_snr0,B,all,in-cur,50,0.018265872166948697,0.013979434822242474,0.021828490764282123,3,47,0.11367364285851111
theta30_snr0,B,all,hist-legs,50,-0.0212767021454027,-0.02250569319563235,-0.020031402140646675,50,0,-0.10626145288164268
theta30_snr0,B,all,cur-legs,50,-0.03954277061904623,-0.04407869214445984,-0.03441235377921259,49,1,-0.19748700847670103
theta30_snr0,B,post,hist-cur,50,0.013164937493133641,0.009027166774223135,0.016666841691073034,7,43,0.08061054320990656
theta30_snr0,B,post,hist-in,50,-4.8815564646642606e-08,-1.1871398913050223e-05,1.2708179169468232e-05,29,21,-2.7660628433756874e-07
theta30_snr0,B,post,in-cur,50,0.013164986308698287,0.008929967046503428,0.016786710213928725,7,43,0.0806108421136564
theta30_snr0,B,post,hist-legs,50,-0.025920602124103357,-0.02777210232666142,-0.02404838545125551,50,0,-0.12806566557597052
theta30_snr0,B,post,cur-legs,50,-0.039085539617237,-0.04423532291588132,-0.03339919976193598,49,1,-0.19310954357896
theta30_snr0,B,pre,hist-cur,50,0.02413202943515293,0.019844485681340403,0.02795912936700816,3,47,0.14339228192736633
theta30_snr0,B,pre,hist-in,50,3.22868310043134e-07,-1.2592999166575634e-05,1.3278859474959334e-05,26,24,1.6778874381349987e-06
theta30_snr0,B,pre,in-cur,50,0.02413170656684289,0.0197610685106058,0.028222827483997282,3,47,0.14339036344703865
theta30_snr0,B,pre,hist-legs,50,-0.018292124088297966,-0.02041220255273115,-0.016254442877495178,50,0,-0.0868085767965897
theta30_snr0,B,pre,cur-legs,50,-0.0424241535234509,-0.0472811982065775,-0.03694949093458939,49,1,-0.2013314785857366
theta45,A,all,hist-cur,50,-0.0007591196397896138,-0.0010443107549397924,-0.0004234912698409463,44,6,-0.00881552583045015
theta45,A,all,hist-in,50,-1.2147582509558496e-07,-6.2803553626696106e-06,5.811587939894359e-06,25,25,-1.4232223118824825e-06
theta45,A,all,in-cur,50,-0.0007589981639645183,-0.0010357187720993625,-0.0004189928361697226,44,6,-0.008814115152583613
theta45,A,all,hist-legs,50,-0.0011542038792627088,-0.0014579185125861943,-0.0007978781199392295,44,6,-0.01334235582714625
theta45,A,all,cur-legs,50,-0.000395084239473095,-0.000476613141586946,-0.0003138875378069029,46,4,-0.004567091308092613
theta45,A,post,hist-cur,50,0.00036635283783790053,7.05211630254932e-05,0.0006856406548112173,18,32,0.0042539168874828346
theta45,A,post,hist-in,50,2.8577424917390628e-06,-1.0086766115413013e-05,1.5594282658187326e-05,23,27,3.304329509053101e-05
theta45,A,post,in-cur,50,0.00036349509534616144,7.188740074663597e-05,0.000693027192429742,18,32,0.004220734125429098
theta45,A,post,hist-legs,50,-0.0010754659102342062,-0.0014482442234243617,-0.0006601170968967915,42,8,-0.012282179618273357
theta45,A,post,cur-legs,50,-0.0014418187480721067,-0.0016071556601583523,-0.0012836374585020686,50,0,-0.016466051292094594
theta45,A,pre,hist-cur,50,-0.001947778584837333,-0.002310252845934427,-0.0015486402928857478,47,3,-0.02116638007500764
theta45,A,pre,hist-in,50,-4.90865175232974e-06,-1.4580249584154538e-05,4.375909831428997e-06,26,24,-5.449249355545118e-05
theta45,A,pre,in-cur,50,-0.0019428699330850032,-0.0023020108528800385,-0.0015399915181394594,47,3,-0.021113038083543895
theta45,A,pre,hist-legs,50,-0.0013338463564046227,-0.0016510549729365214,-0.000974859457927336,44,6,-0.014592172023219777
theta45,A,pre,cur-legs,50,0.0006139322284327104,0.000429984828357292,0.0008016286249200626,8,42,0.006716369276620924
theta45,B,all,hist-cur,50,0.0010792752067949162,0.0006864886041642642,0.00143500142095125,8,42,0.017422398925032383
theta45,B,all,hist-in,50,3.3364352544751344e-07,-3.5618134598622287e-07,1.0186489555501086e-06,24,26,5.29370162644712e-06
theta45,B,all,in-cur,50,0.0010789415632694685,0.0006663442698685884,0.001432243783735361,8,42,0.017417013022935766
theta45,B,all,hist-legs,50,-0.0005690290026856415,-0.0006820767075459652,-0.00045697967362982986,48,2,-0.008947577901896766
theta45,B,all,cur-legs,50,-0.0016483042094805579,-0.0020407258525065933,-0.0012127102835478006,44,6,-0.025918415846545754
theta45,B,post,hist-cur,50,0.0005662060448307259,0.00015452296067502275,0.0009447597210220097,12,38,0.009019849348212825
theta45,B,post,hist-in,50,9.227377256013081e-07,8.576335343557856e-08,1.90969648078854e-06,23,27,1.456832684209278e-05
theta45,B,post,in-cur,50,0.0005652833071051245,0.00012060963354801648,0.0009481908750284652,12,38,0.009005149831404725
theta45,B,post,hist-legs,50,-0.0009598458571862929,-0.0010739327403177527,-0.0008450766122779667,49,1,-0.014927760127375879
theta45,B,post,cur-legs,50,-0.0015260519020170189,-0.002013460995080611,-0.0010082512432803064,41,9,-0.02373353655139482
theta45,B,pre,hist-cur,50,0.0016296034578780639,0.0011837524962959836,0.00202376131239607,3,47,0.025064173377734787
theta45,B,pre,hist-in,50,-2.147840600993933e-07,-1.0178639472680876e-06,6.045690845037435e-07,25,25,-3.2227086269783754e-06
theta45,B,pre,in-cur,50,0.001629818241938163,0.0011996932771843648,0.00203627238747389,3,47,0.02506747687153573
theta45,B,pre,hist-legs,50,-0.00024319536829062503,-0.00045715089325469723,-4.037923082600273e-05,28,22,-0.0036357484711789755
theta45,B,pre,cur-legs,50,-0.001872798826168689,-0.0022846424805521267,-0.001420889013366892,46,4,-0.027998170840702944
theta45_snr0,A,all,hist-cur,50,-0.022102322646368355,-0.025753442164420288,-0.017921817302724474,49,1,-0.11400594362392677
theta45_snr0,A,all,hist-in,50,5.97844046191337e-05,-3.310673892416015e-05,0.00015671162709788043,22,28,0.0003481752238946878
theta45_snr0,A,all,in-cur,50,-0.0221621070509875,-0.025853411233765566,-0.018101636832564546,49,1,-0.11431431743475429
theta45_snr0,A,all,hist-legs,50,-0.03718006946153313,-0.0414069548677073,-0.03253827467481222,49,1,-0.17793962883318257
theta45_snr0,A,all,cur-legs,50,-0.015077746815164765,-0.016508241330250653,-0.013622289001058337,50,0,-0.07216039966538804
theta45_snr0,A,post,hist-cur,50,-0.009448912809485071,-0.012807457119898877,-0.005430129215567628,40,10,-0.05147973607931431
theta45_snr0,A,post,hist-in,50,8.269763247322647e-05,-6.932021070837087e-05,0.0002429347189899974,20,30,0.00047523374989207827
theta45_snr0,A,post,in-cur,50,-0.009531610441958294,-0.012854417811382936,-0.005746961365827872,40,10,-0.05193029080237537
theta45_snr0,A,post,hist-legs,50,-0.03692913893233205,-0.04156303024347138,-0.03157217912320737,49,1,-0.17499765236644152
theta45_snr0,A,post,cur-legs,50,-0.027480226122846983,-0.02948434823017697,-0.025449719376114364,50,0,-0.1302216947654538
theta45_snr0,A,pre,hist-cur,50,-0.03491953807044745,-0.03931992418912346,-0.03045719782117134,49,1,-0.16196723987750855
theta45_snr0,A,pre,hist-in,50,9.544902689450629e-06,-9.878828352173673e-05,0.0001175695748585024,26,24,5.283140298350446e-05
theta45_snr0,A,pre,in-cur,50,-0.0349290829731369,-0.039282025228395114,-0.0301996652277708,49,1,-0.16201151198501437
theta45_snr0,A,pre,hist-legs,50,-0.03970553792478401,-0.04437360327348205,-0.034806380409848556,49,1,-0.1801666353009384
theta45_snr0,A,pre,cur-legs,50,-0.00478599985433656,-0.007179351700947021,-0.0022740822514691547,35,15,-0.021716806656543738
theta45_snr0,B,all,hist-cur,50,0.023633502962264644,0.019558728139948002,0.027367271607283777,3,47,0.1472060665136372
theta45_snr0,B,all,hist-in,50,7.636913060422023e-06,-9.049580759895176e-06,2.5408330518063864e-05,22,28,4.146598919747519e-05
theta45_snr0,B,all,in-cur,50,0.023625866049204226,0.019230648046329,0.027330113042358724,3,47,0.14715849845173265
theta45_snr0,B,all,hist-legs,50,-0.016055697088378267,-0.01750681373330065,-0.014608912121170659,50,0,-0.08018375952763479
theta45_snr0,B,all,cur-legs,50,-0.03968920005064291,-0.0441852980013813,-0.03480941416500405,49,1,-0.19821184064368694
theta45_snr0,B,post,hist-cur,50,0.013398182565509585,0.009210066572646221,0.017132423506332078,7,43,0.08209948866046853
theta45_snr0,B,post,hist-in,50,-4.190669524950508e-08,-1.7924912676160477e-05,1.89715608250855e-05,30,20,-2.373070715000639e-07
theta45_snr0,B,post,in-cur,50,0.013398224472204835,0.009203520721758998,0.01709322515246773,7,43,0.08209974545039019
theta45_snr0,B,post,hist-legs,50,-0.02585574740923522,-0.02766968850882051,-0.02393890871309178,50,0,-0.12771524680638746
theta45_snr0,B,post,cur-legs,50,-0.0392539299747448,-0.044518777223537406,-0.03372801487439021,49,1,-0.19389597506102302
theta45_snr0,B,pre,hist-cur,50,0.034346666831285066,0.029854185074409463,0.03858678127901263,3,47,0.20433308905792236
theta45_snr0,B,pre,hist-in,50,1.4767397802230575e-05,-4.37484888158951e-06,3.499233087872804e-05,23,27,7.295299741191124e-05
theta45_snr0,B,pre,in-cur,50,0.03433189943348283,0.029507202290956245,0.0385510020229863,3,47,0.20424523575835477
theta45_snr0,B,pre,hist-legs,50,-0.008205191915032784,-0.010863442774800365,-0.005534229196075803,40,10,-0.03895299520561199
theta45_snr0,B,pre,cur-legs,50,-0.042551858746317846,-0.047579836478695875,-0.03747409186591661,49,1,-0.2020089678461317
theta5,A,all,hist-cur,50,-6.840318990401398e-05,-0.00010164390366132116,-3.508873536045086e-05,34,16,-0.0010960213718214924
theta5,A,all,hist-in,50,-8.425612040285912e-09,-2.5973972948033914e-07,2.450995508596621e-07,27,23,-1.3515133008393096e-07
theta5,A,all,in-cur,50,-6.839476429197369e-05,-0.00010244545897589291,-3.4181105009317394e-05,34,16,-0.0010958863686019087
theta5,A,all,hist-legs,50,-0.001617057043099836,-0.002012269219594083,-0.0011682337602960768,44,6,-0.025282670945471434
theta5,A,all,cur-legs,50,-0.0015486538531958218,-0.0019376036923262091,-0.0011467110602801924,44,6,-0.024213187744898272
theta5,A,post,hist-cur,50,4.1147124117518615e-05,3.265346169386831e-05,4.9740486883299006e-05,2,48,0.0006528501258075757
theta5,A,post,hist-in,50,1.5101907396786184e-07,-2.1440790430317032e-07,5.459729953438547e-07,24,26,2.3945472531026616e-06
theta5,A,post,in-cur,50,4.0996105043550754e-05,3.2557257505398434e-05,4.97840900125575e-05,2,48,0.0006504540210115837
theta5,A,post,hist-legs,50,-0.0014911429782758423,-0.001974246261082144,-0.000996080118581191,41,9,-0.023097297470456746
theta5,A,post,cur-legs,50,-0.001532290102393361,-0.002005439816159421,-0.0010263927014843078,41,9,-0.023734652425442378
theta5,A,pre,hist-cur,50,-0.0001800497788612307,-0.00025050733933754924,-0.00011673277827755912,39,11,-0.0027379682182618976
theta5,A,pre,hist-in,50,-2.0955672164313377e-07,-5.65073363206662e-07,1.1805332412254128e-07,28,22,-3.1954110559854745e-06
theta5,A,pre,in-cur,50,-0.00017984022213958755,-0.00024868609760461837,-0.00011503503843314062,39,11,-0.0027347815459570998
theta5,A,pre,hist-legs,50,-0.0018448220423030437,-0.002255429561287968,-0.0014153289161377663,46,4,-0.02736104400238791
theta5,A,pre,cur-legs,50,-0.0016647722634418132,-0.002079577274733244,-0.0012248722211608302,44,6,-0.024690678075985396
theta5,B,all,hist-cur,50,5.511894652299065e-05,2.314506916854119e-05,8.530840071345541e-05,15,35,0.0008894008501109437
theta5,B,all,hist-in,50,8.546687587998592e-08,-1.433405589610498e-07,3.274424117594953e-07,23,27,1.3778722994994966e-06
theta5,B,all,in-cur,50,5.5033479647110664e-05,2.1792504041286998e-05,8.548820780636843e-05,15,35,0.0008880217542308678
theta5,B,all,hist-legs,50,-0.0015745546932903406,-0.0019817733395036488,-0.0011482307640218131,44,6,-0.02475606145306929
theta5,B,all,cur-legs,50,-0.0016296736398133313,-0.002024592726005145,-0.0011910299348755254,44,6,-0.025622673475608912
theta5,B,post,hist-cur,50,-2.512767142223149e-06,-6.503757892426236e-06,1.4372582458804597e-06,25,25,-4.0036522931634194e-05
theta5,B,post,hist-in,50,2.0875357915867143e-07,-4.7837113061263696e-08,4.941905099241328e-07,23,27,3.326265195533433e-06
theta5,B,post,in-cur,50,-2.7215207213818206e-06,-6.9137504314075415e-06,1.3048170257312414e-06,26,24,-4.3362643891514464e-05
theta5,B,post,hist-legs,50,-0.0015030263596364796,-0.0019821584801824723,-0.0010001307033764297,41,9,-0.02338889752088739
theta5,B,post,cur-legs,50,-0.0015005135924942563,-0.0019630178473653745,-0.000976657680288432,41,9,-0.023349795842592454
theta5,B,pre,hist-cur,50,0.00011396984052098394,4.8826048269910594e-05,0.000175923056038999,15,35,0.0017502699152689163
theta5,B,pre,hist-in,50,-3.3205536010272317e-08,-3.295465307009867e-07,2.654628723087055e-07,24,26,-5.090563898864192e-07
theta5,B,pre,in-cur,50,0.00011400304605699421,4.625470084388224e-05,0.0001744864101992281,15,35,0.001750779862904479
theta5,B,pre,hist-legs,50,-0.0017461897717338188,-0.0021678655650889367,-0.0013162838155288674,42,8,-0.02607197448434508
theta5,B,pre,cur-legs,50,-0.0018601596122548032,-0.002265746787855719,-0.0014082559569179329,46,4,-0.02777363304525717
theta5_snr0,A,all,hist-cur,50,-0.0008264044555550193,-0.001053128403391629,-0.0006017280298179572,41,9,-0.005104346085469378
theta5_snr0,A,all,hist-in,50,-1.5593705757777077e-06,-5.293746439267097e-06,2.2902498419134915e-06,26,24,-9.680884970978537e-06
theta5_snr0,A,all,in-cur,50,-0.0008248450849792416,-0.001056817640320313,-0.0005998660521700608,41,9,-0.005094714521843646
theta5_snr0,A,all,hist-legs,50,-0.03929771668054352,-0.04368201124630592,-0.034193636404551475,49,1,-0.19612239070278084
theta5_snr0,A,all,cur-legs,50,-0.038471312224988494,-0.042806393738564055,-0.033401848145811035,49,1,-0.1919980692103027
theta5_snr0,A,post,hist-cur,50,6.387707040490298e-05,3.872432297360287e-05,8.856333598379409e-05,10,40,0.0003909302839859389
theta5_snr0,A,post,hist-in,50,-6.876267396482839e-08,-4.789809500301056e-06,4.562732679093832e-06,27,23,-4.2066574962495447e-07
theta5_snr0,A,post,in-cur,50,6.394583307886781e-05,3.7801345847966035e-05,9.07211315989721e-05,10,40,0.00039135111436357375
theta5_snr0,A,post,hist-legs,50,-0.03892748965624085,-0.043757406825931336,-0.03354118184888672,49,1,-0.19233997865876565
theta5_snr0,A,post,cur-legs,50,-0.03899136672664576,-0.04411197871892158,-0.033287275171691943,49,1,-0.19265559403666338
theta5_snr0,A,pre,hist-cur,50,-0.001732295256130537,-0.0021768474541054195,-0.001288210563656932,42,8,-0.010145968800660054
theta5_snr0,A,pre,hist-in,50,-3.4534991484863607e-06,-8.489059392934477e-06,1.4468646971243853e-06,27,23,-2.0433884261317e-05
theta5_snr0,A,pre,in-cur,50,-0.0017288417569820505,-0.00218479599107044,-0.0012956400014980636,41,9,-0.010125741824635241
theta5_snr0,A,pre,hist-legs,50,-0.04209610107507166,-0.0468570871832768,-0.03674587076253877,49,1,-0.19941204071684607
theta5_snr0,A,pre,cur-legs,50,-0.040363805818941126,-0.04530449597958024,-0.035169766012589386,49,1,-0.19120604245745706
theta5_snr0,B,all,hist-cur,50,0.0008143734997059976,0.000608167990000907,0.0010181831354823486,7,43,0.005061549857730048
theta5_snr0,B,all,hist-in,50,-6.368134229672862e-07,-4.272156762430173e-06,2.9951086294880415e-06,27,23,-3.938018265870221e-06
theta5_snr0,B,all,in-cur,50,0.0008150103131289648,0.0006109900675811371,0.0010286001835318867,7,43,0.005065507824058255
theta5_snr0,B,all,hist-legs,50,-0.03854320845043673,-0.04300037467810601,-0.033664858501634844,49,1,-0.1924738330642678
theta5_snr0,B,all,cur-legs,50,-0.03935758195014273,-0.04377159801647071,-0.03445124578659705,49,1,-0.196540582962267
theta5_snr0,B,post,hist-cur,50,-1.3534448961766143e-07,-2.2801209951796563e-05,2.1295114791844543e-05,24,26,-8.284773131697381e-07
theta5_snr0,B,post,hist-in,50,1.0710561019727782e-07,-4.048024636932227e-06,4.32694341487567e-06,27,23,6.556210755476932e-07
theta5_snr0,B,post,in-cur,50,-2.4245009981493923e-07,-2.2734852166027172e-05,2.2874192182934458e-05,22,28,-1.484097415711887e-06
theta5_snr0,B,post,hist-legs,50,-0.03896619982230397,-0.04426063015160106,-0.0332744648451814,49,1,-0.19258600616264446
theta5_snr0,B,post,cur-legs,50,-0.03896606447781435,-0.044159294599777604,-0.03326628096978441,49,1,-0.19258533723791404
theta5_snr0,B,pre,hist-cur,50,0.0016539067475809283,0.0012364479918422575,0.0020580723577120594,8,42,0.009802272751518496
theta5_snr0,B,pre,hist-in,50,-1.5173497738557583e-06,-6.6455970537001165e-06,3.21691498771401e-06,23,27,-8.905560461814569e-06
theta5_snr0,B,pre,in-cur,50,0.001655424097354784,0.0012244219948048328,0.0020536156408084965,8,42,0.00981126568680009
theta5_snr0,B,pre,hist-legs,50,-0.04052496250727466,-0.04565055077825512,-0.03542117286484557,49,1,-0.1921472771812097
theta5_snr0,B,pre,cur-legs,50,-0.042178869254855596,-0.04714882944630597,-0.03674234788646394,49,1,-0.19998920123486574
theta60,A,all,hist-cur,50,-0.0008311126728227083,-0.0010966188101234613,-0.0005271159535702403,44,6,-0.008385895503099608
theta60,A,all,hist-in,50,3.421479203485067e-06,-5.670907853222001e-06,1.2102633844975428e-05,25,25,3.4815759288288166e-05
theta60,A,all,in-cur,50,-0.0008345341520261934,-0.0011054987853535412,-0.0005253258819098201,44,6,-0.00842041809913825
theta60,A,all,hist-legs,50,-0.0010016971427018657,-0.001272904558551069,-0.0006813947530701788,45,5,-0.010089720032493778
theta60,A,all,cur-legs,50,-0.00017058446987915728,-0.0002603032908938941,-7.707384630153159e-05,37,13,-0.0017182334556027868
theta60,A,post,hist-cur,50,0.0007036960492718026,0.0004264234379653637,0.001012263076559441,11,39,0.007104606210330685
theta60,A,post,hist-in,50,7.87515366697758e-06,-1.0616725714549753e-05,2.722335030467947e-05,23,27,7.895390973551258e-05
theta60,A,post,in-cur,50,0.0006958208956048251,0.00042618822244921474,0.001007428632002085,11,39,0.007025097641670089
theta60,A,post,hist-legs,50,-0.0009413420955832341,-0.001282749511940582,-0.0005424270998552571,44,6,-0.009348644267917065
theta60,A,post,cur-legs,50,-0.001645038144855037,-0.0018450722378351588,-0.001454617217190817,50,0,-0.01633718123895815
theta60,A,pre,hist-cur,50,-0.0024539722443214207,-0.002824970237027339,-0.0020702797875416347,48,2,-0.02315125850551654
theta60,A,pre,hist-in,50,-2.95520267582311e-06,-1.6453565120696678e-05,1.0782506319817954e-05,24,26,-2.853990433813389e-05
theta60,A,pre,in-cur,50,-0.0024510170416455978,-0.0028269721816034654,-0.0020684112572027413,48,2,-0.023123378540189917
theta60,A,pre,hist-legs,50,-0.0011627790272088717,-0.0014416640414960365,-0.0008343616168965353,44,6,-0.011105162963508813
theta60,A,pre,cur-legs,50,0.001291193217112549,0.0010694550378437361,0.0015109714690370022,1,49,0.012331587307548119
theta60,B,all,hist-cur,50,0.001354546802225658,0.0009238475266492087,0.001738294468886379,6,44,0.021869525548135437
theta60,B,all,hist-in,50,1.0124088009128007e-07,-1.8508209517172427e-07,4.0119686628177846e-07,24,26,1.5995819865584153e-06
theta60,B,all,in-cur,50,0.0013544455613455667,0.0009084049212576537,0.001734603876103708,6,44,0.021867890986664376
theta60,B,all,hist-legs,50,-0.0003096535736971079,-0.00035313025087310105,-0.0002655893762888049,48,2,-0.004868625993431037
theta60,B,all,cur-legs,50,-0.0016642003759227658,-0.002077324366390302,-0.0012199506154860734,45,5,-0.0261659153865304
theta60,B,post,hist-cur,50,0.0011742859778641338,0.0006854943897990483,0.0016209316145640409,10,40,0.018710899911049357
theta60,B,post,hist-in,50,4.452446559052858e-07,7.286260398593759e-08,9.075024656187183e-07,21,29,6.964205657437785e-06
theta60,B,post,in-cur,50,0.0011738407332082285,0.0006905363956065448,0.0016140488538367067,10,40,0.018703805448244203
theta60,B,post,hist-legs,50,-0.0003790522555358294,-0.00041684790064369913,-0.00034362536119190306,50,0,-0.005893885274753985
theta60,B,post,cur-legs,50,-0.0015533382333999634,-0.002017881246837459,-0.0010421368147379287,41,9,-0.02415286337659856
theta60,B,pre,hist-cur,50,0.0016096947667318686,0.0011468536154223537,0.0020200605396364295,5,45,0.024764793750442847
theta60,B,pre,hist-in,50,-2.367015108047099e-07,-6.026986744876554e-07,1.1069278291762583e-07,27,23,-3.5535830792259713e-06
theta60,B,pre,in-cur,50,0.001609931468242673,0.0011538694883079998,0.002026202811444761,5,45,0.024768435350214828
theta60,B,pre,hist-legs,50,-0.00026837476894581754,-0.0003586142647174728,-0.00018595518234836044,40,10,-0.004012937237839095
theta60,B,pre,cur-legs,50,-0.0018780695356776858,-0.00229873479580686,-0.0014154380071906283,46,4,-0.028082279137401814
theta60_snr0,A,all,hist-cur,50,-0.026679234676123452,-0.030471687655744338,-0.022506050519710226,49,1,-0.1296689124547021
theta60_snr0,A,all,hist-in,50,0.0002591839994350287,0.0001117744664072888,0.0004147500963488094,16,34,0.0014494900603784057
theta60_snr0,A,all,in-cur,50,-0.02693841867555848,-0.03077574152564077,-0.022766506300824718,49,1,-0.1309286227777451
theta60_snr0,A,all,hist-legs,50,-0.03576810167782205,-0.03973115866870048,-0.031077710227224633,49,1,-0.1664889000078816
theta60_snr0,A,all,cur-legs,50,-0.009088867001698607,-0.010781300679853697,-0.007354791261051087,45,5,-0.04230572489031444
theta60_snr0,A,post,hist-cur,50,-0.007288737474927753,-0.010457212498318413,-0.0035288992616712067,40,10,-0.038607414709637945
theta60_snr0,A,post,hist-in,50,0.0002837193383376746,4.600464284819804e-05,0.0005373740378712039,16,34,0.001565618665635874
theta60_snr0,A,post,in-cur,50,-0.007572456813265427,-0.010752468866095542,-0.0037120517794597104,39,11,-0.0401102360410449
theta60_snr0,A,post,hist-legs,50,-0.03560999938235434,-0.040131293761419745,-0.03050379674018055,49,1,-0.16401642928394172
theta60_snr0,A,post,cur-legs,50,-0.028321261907426582,-0.030497779362725977,-0.026281273534008363,50,0,-0.13044516516260363
theta60_snr0,A,pre,hist-cur,50,-0.04542640430871293,-0.0499548794788656,-0.04053235539873427,49,1,-0.19420223747846835
theta60_snr0,A,pre,hist-in,50,0.00019302274813476404,1.3469333001164953e-05,0.00037601880403800267,23,27,0.0010251166306115848
theta60_snr0,A,pre,in-cur,50,-0.0456194270568477,-0.050213951712678506,-0.04084029754303305,49,1,-0.19502742824895652
theta60_snr0,A,pre,hist-legs,50,-0.038137646326969324,-0.04248559835711281,-0.033329683637634396,49,1,-0.16828591017272626
theta60_snr0,A,pre,cur-legs,50,0.00728875798174361,0.00432134179144033,0.010380497385285608,17,33,0.032162322249001785
theta60_snr0,B,all,hist-cur,50,0.029786936408577817,0.025185829537465378,0.03380310197669096,2,48,0.18568726154177406
theta60_snr0,B,all,hist-in,50,2.656424205081609e-05,3.0587981486132073e-06,4.982976905986954e-05,21,29,0.00013968321018449623
theta60_snr0,B,all,in-cur,50,0.029760372166527,0.02524550803984859,0.03389890918501263,2,48,0.1855216640699935
theta60_snr0,B,all,hist-legs,50,-0.010055660003255416,-0.011863974394183642,-0.008164616355899703,46,4,-0.05021374142822748
theta60_snr0,B,all,cur-legs,50,-0.039842596411833235,-0.04422186209145386,-0.034706296088400444,49,1,-0.1989571876341612
theta60_snr0,B,post,hist-cur,50,0.01369580232366073,0.00942014083629815,0.017481023958186247,8,42,0.08401268936221148
theta60_snr0,B,post,hist-in,50,5.287491763405483e-06,-1.9360614298128547e-05,3.113575817844633e-05,27,23,2.9921663922869197e-05
theta60_snr0,B,post,in-cur,50,0.013690514831897324,0.009522268402555236,0.017411636668288537,8,42,0.08398025486932627
theta60_snr0,B,post,hist-legs,50,-0.025778016931887394,-0.027659604222962163,-0.023948807307614183,50,0,-0.1273023327357802
theta60_snr0,B,post,cur-legs,50,-0.03947381925554813,-0.04454165042961816,-0.033751286143305505,49,1,-0.1949377753339039
theta60_snr0,B,pre,hist-cur,50,0.045759046708780664,0.0406333687347113,0.05036610975705077,2,48,0.2724573949214944
theta60_snr0,B,pre,hist-in,50,4.568531208639093e-05,1.6540519479020507e-05,7.522730279567847e-05,18,32,0.00021381975540050828
theta60_snr0,B,pre,in-cur,50,0.04571336139669428,0.04050487637452563,0.050542777181446605,2,48,0.27218537655545527
theta60_snr0,B,pre,hist-legs,50,0.0031059622572912515,-0.00014678453676574292,0.006446616019735906,20,30,0.014747987273047372
theta60_snr0,B,pre,cur-legs,50,-0.042653084451489416,-0.04749180744293486,-0.0373251336875815,49,1,-0.20252890876896246
theta90,A,all,hist-cur,50,-0.0006598272425512968,-0.0008871433010285566,-0.00037410557120590035,45,5,-0.005301078371686467
theta90,A,all,hist-in,50,1.657282712745872e-05,3.802940987167894e-06,2.9083564501263323e-05,18,32,0.00013387425669266463
theta90,A,all,in-cur,50,-0.0006764000696787556,-0.0009085609158722492,-0.0004009452071739649,45,5,-0.0054342251255297515
theta90,A,all,hist-legs,50,-0.0007911721761390103,-0.0010183107649665755,-0.0005268532087912543,45,5,-0.006349608504268733
theta90,A,all,cur-legs,50,-0.00013134493358771344,-0.00015884895092997377,-0.00010306588863526415,46,4,-0.00105411809521803
theta90,A,post,hist-cur,50,-7.527110622216685e-05,-0.00033931349025171455,0.00024878552707669773,33,17,-0.0005970950771651928
theta90,A,post,hist-in,50,2.414189683362017e-05,-2.5179772643955017e-06,5.2995599286933375e-05,19,31,0.0001916589932823602
theta90,A,post,in-cur,50,-9.941300305578702e-05,-0.00036939471676054897,0.00021460390946950796,35,15,-0.0007886029276043489
theta90,A,post,hist-legs,50,-0.0007488934851761362,-0.0010373486582343143,-0.00038884470680840836,43,7,-0.00590909182530697
theta90,A,post,cur-legs,50,-0.0006736223789539692,-0.000743614355173768,-0.0006079763019329886,50,0,-0.0053151704102280175
theta90,A,pre,hist-cur,50,-0.0013468426201020283,-0.001608349047633838,-0.0010587811096453242,48,2,-0.010252908193374564
theta90,A,pre,hist-in,50,8.983076509813393e-06,-1.3103323538158546e-05,3.077100739411934e-05,21,29,6.909730191221789e-05
theta90,A,pre,in-cur,50,-0.0013558256966118417,-0.0016212972285293051,-0.0010600195555354624,48,2,-0.010321292321835096
theta90,A,pre,hist-legs,50,-0.0009238502453859412,-0.0011587268654489665,-0.0006650210436755833,45,5,-0.007055576466110156
theta90,A,pre,cur-legs,50,0.0004229923747160871,0.000337593753359064,0.0005117380475748347,2,48,0.003230453268044658
theta90,B,all,hist-cur,50,0.0014492262885465968,0.0010225592231586113,0.0018373248982141597,4,46,0.023400302469712683
theta90,B,all,hist-in,50,1.570059717945216e-07,-2.036450648594118e-07,5.409695111593463e-07,19,31,2.477176628028776e-06
theta90,B,all,in-cur,50,0.0014490692825748022,0.0010047963641598501,0.0018357161636149576,4,46,0.023397767332682267
theta90,B,all,hist-legs,50,-0.0002446677887191567,-0.0002976792364953942,-0.00018759058371044967,45,5,-0.0038454154035484013
theta90,B,all,cur-legs,50,-0.0016938940772657535,-0.0020806960222590418,-0.0012432499336158909,45,5,-0.026622737757171423
theta90,B,post,hist-cur,50,0.0012276097210770802,0.0007243711535620568,0.0016646755209728692,9,41,0.019571299298315928
theta90,B,post,hist-in,50,6.534338405704554e-07,1.3529670056039792e-07,1.2202003950193516e-06,21,29,1.0217574141835512e-05
theta90,B,post,in-cur,50,0.0012269562872365097,0.0007085877921628608,0.0016710208251167504,9,41,0.019560881859413414
theta90,B,post,hist-legs,50,-0.0003805144723418726,-0.00041764646745998785,-0.00034202528361213804,49,1,-0.005914752087610617
theta90,B,post,cur-legs,50,-0.0016081241934189528,-0.0020779723494555986,-0.0010986111505300164,42,8,-0.024996830926357405
theta90,B,pre,hist-cur,50,0.0017474090793918654,0.0013049696381214535,0.0021613058996311114,4,46,0.026882713313679397
theta90,B,pre,hist-in,50,-3.4139518271886216e-07,-8.173861711060319e-07,9.20099885406388e-08,26,24,-5.114613694642825e-06
theta90,B,pre,in-cur,50,0.0017477504745745842,0.0012961225377971428,0.0021641257125195597,4,46,0.026887965448930344
theta90,B,pre,hist-legs,50,-0.0001390386636601744,-0.00025905250431089785,-3.4725250431077416e-05,29,21,-0.002078689162927065
theta90,B,pre,cur-legs,50,-0.0018864477430520397,-0.0023166431419615057,-0.0014313518795888672,46,4,-0.02820322330984619
theta90_snr0,A,all,hist-cur,50,-0.026191511834104477,-0.0298598957450949,-0.021951329881599053,49,1,-0.11809782840597997
theta90_snr0,A,all,hist-in,50,0.0009085184213979003,0.0006600128232276324,0.001168013400631044,7,43,0.004666773350829723
theta90_snr0,A,all,in-cur,50,-0.02710003025550238,-0.030838387887352176,-0.0227922868515614,49,1,-0.12219434842794417
theta90_snr0,A,all,hist-legs,50,-0.032714712603711706,-0.03642280925129473,-0.028439731303529926,49,1,-0.14329621728961156
theta90_snr0,A,all,cur-legs,50,-0.006523200769607227,-0.007055925669854552,-0.005997095734999916,50,0,-0.028572771102361595
theta90_snr0,A,post,hist-cur,50,-0.02005955121241795,-0.023969483352259385,-0.015569523821099135,47,3,-0.09181665227482255
theta90_snr0,A,post,hist-in,50,0.0009242353151564991,0.0004756025355743739,0.0014087531013176528,16,34,0.004679904400394535
theta90_snr0,A,post,in-cur,50,-0.020983786527574454,-0.024764479078509663,-0.016336126213402306,48,2,-0.096047065590316
theta90_snr0,A,post,hist-legs,50,-0.03272386156055831,-0.036910555841283034,-0.027736666837887065,49,1,-0.14157697021101226
theta90_snr0,A,post,cur-legs,50,-0.012664310348140353,-0.013537320258468459,-0.0118381250451065,50,0,-0.05479104859258825
theta90_snr0,A,pre,hist-cur,50,-0.03375944474485363,-0.03794393159157538,-0.029348753890915166,49,1,-0.14085010960099956
theta90_snr0,A,pre,hist-in,50,0.0008447815557214877,0.0004765626323355659,0.0012286732310536265,14,36,0.00411929305964695
theta90_snr0,A,pre,in-cur,50,-0.03460422630057513,-0.03854993962706093,-0.029973044192459056,49,1,-0.14437468103905365
theta90_snr0,A,pre,hist-legs,50,-0.03482182895921355,-0.0388194089467314,-0.03068990407997648,49,1,-0.1446414406619361
theta90_snr0,A,pre,cur-legs,50,-0.0010623842143599133,-0.0022066902328582634,7.661112698853425e-05,29,21,-0.004412886625843317
theta90_snr0,B,all,hist-cur,50,0.032644544789281936,0.02759290829435574,0.03684440287679405,2,48,0.20371031136720258
theta90_snr0,B,all,hist-in,50,4.288515687364547e-06,-5.650287217982358e-06,1.4218996785203916e-05,19,31,2.223294908191063e-05
theta90_snr0,B,all,in-cur,50,0.03264025627359458,0.027709222048759315,0.03696126166830155,2,48,0.20368354993212623
theta90_snr0,B,all,hist-legs,50,-0.007441089664362739,-0.00807939637967554,-0.006793806755796353,50,0,-0.037143145452133285
theta90_snr0,B,all,cur-legs,50,-0.04008563445364468,-0.04449712553031429,-0.03498886308867271,49,1,-0.20009254265319767
theta90_snr0,B,post,hist-cur,50,0.028423940944502197,0.0230109232537071,0.0329927617228798,2,48,0.1747606026986541
theta90_snr0,B,post,hist-in,50,-3.9961899223839305e-07,-1.1783523832006675e-05,1.1903798506642057e-05,28,22,-2.0914865698737595e-06
theta90_snr0,B,post,in-cur,50,0.02842434056349444,0.022957462778152363,0.03310043764447112,2,48,0.17476305969981626
theta90_snr0,B,post,hist-legs,50,-0.011501765227160309,-0.012240866211293337,-0.010786286238915276,50,0,-0.05677901095017161
theta90_snr0,B,post,cur-legs,50,-0.03992570617166251,-0.04520257990657788,-0.034169263630333124,49,1,-0.19709514697457003
theta90_snr0,B,pre,hist-cur,50,0.03860429666144027,0.03377056066632722,0.04317747079770363,1,49,0.22997207153123045
theta90_snr0,B,pre,hist-in,50,8.950312060317378e-06,-2.8888051524743467e-06,2.0529885016406083e-05,20,30,4.33512083295027e-05
theta90_snr0,B,pre,in-cur,50,0.03859534634937995,0.03349276275442244,0.04321712455465355,1,49,0.22991875306713788
theta90_snr0,B,pre,hist-legs,50,-0.004157065264616258,-0.005510617874916175,-0.0028039798924554674,41,9,-0.019736666548566022
theta90_snr0,B,pre,cur-legs,50,-0.042761361926056535,-0.04784020179623447,-0.03759732228042845,49,1,-0.2030198439944464
