study,parameter,value,value_label,experiment_name,repeat,seed,metric_name,best_epoch,best_train_metric,best_val_metric,best_test_metric,best_train_loss,best_val_loss,best_test_loss,search_best_test_metric,search_best_val_loss,time_window,config_json
sensitivity,time_window,3.0,3,time_window=3,1,43,ndcg,124,,0.9973580994332032,0.9973580994332032,,1.8211063146591187,1.8211065530776978,0.9973580994332032,1.8211065530776978,3,"{""add_hp"": false, ""add_lp"": false, ""closure_hops"": 2, ""d"": 4, ""deg_normalised"": false, ""dropout"": 0.0, ""early_stopping_patience"": 24, ""edge_weights"": false, ""epochs"": 200, ""eval_every"": 2, ""hidden_channels"": 64, ""input_dropout"": 0.0, ""layers"": 3, ""left_weights"": true, ""linear"": false, ""lr"": 0.012487940706903825, ""max_t"": 1.0, ""min_delta"": 0.0, ""min_epochs_before_stopping"": 30, ""normalised"": true, ""orth"": ""householder"", ""right_weights"": true, ""second_linear"": false, ""sheaf_act"": ""tanh"", ""skip_train_eval"": true, ""sparse_learner"": false, ""stateful_temporal"": true, ""temporal_bptt_steps"": 8, ""temporal_d_model"": 32, ""time_window"": 3, ""use_act"": true, ""weight_decay"": 1.98417640446958e-07}"
sensitivity,time_window,3.0,3,time_window=3,2,44,ndcg,154,,0.9981702664095413,0.9981702664095413,,1.8062161207199097,1.8062161207199097,0.9981702664095413,1.8062161207199097,3,"{""add_hp"": false, ""add_lp"": false, ""closure_hops"": 2, ""d"": 4, ""deg_normalised"": false, ""dropout"": 0.0, ""early_stopping_patience"": 24, ""edge_weights"": false, ""epochs"": 200, ""eval_every"": 2, ""hidden_channels"": 64, ""input_dropout"": 0.0, ""layers"": 3, ""left_weights"": true, ""linear"": false, ""lr"": 0.012487940706903825, ""max_t"": 1.0, ""min_delta"": 0.0, ""min_epochs_before_stopping"": 30, ""normalised"": true, ""orth"": ""householder"", ""right_weights"": true, ""second_linear"": false, ""sheaf_act"": ""tanh"", ""skip_train_eval"": true, ""sparse_learner"": false, ""stateful_temporal"": true, ""temporal_bptt_steps"": 8, ""temporal_d_model"": 32, ""time_window"": 3, ""use_act"": true, ""weight_decay"": 1.98417640446958e-07}"
sensitivity,time_window,3.0,3,time_window=3,3,45,ndcg,142,,0.9949878873281242,0.9949878873281242,,1.830701231956482,1.8307013511657715,0.9949878873281242,1.830701231956482,3,"{""add_hp"": false, ""add_lp"": false, ""closure_hops"": 2, ""d"": 4, ""deg_normalised"": false, ""dropout"": 0.0, ""early_stopping_patience"": 24, ""edge_weights"": false, ""epochs"": 200, ""eval_every"": 2, ""hidden_channels"": 64, ""input_dropout"": 0.0, ""layers"": 3, ""left_weights"": true, ""linear"": false, ""lr"": 0.012487940706903825, ""max_t"": 1.0, ""min_delta"": 0.0, ""min_epochs_before_stopping"": 30, ""normalised"": true, ""orth"": ""householder"", ""right_weights"": true, ""second_linear"": false, ""sheaf_act"": ""tanh"", ""skip_train_eval"": true, ""sparse_learner"": false, ""stateful_temporal"": true, ""temporal_bptt_steps"": 8, ""temporal_d_model"": 32, ""time_window"": 3, ""use_act"": true, ""weight_decay"": 1.98417640446958e-07}"
sensitivity,time_window,3.0,3,time_window=3,4,46,ndcg,118,,0.9983559946409398,0.9983559946409398,,1.8120801448822021,1.8120801448822021,0.9983559946409398,1.8120801448822021,3,"{""add_hp"": false, ""add_lp"": false, ""closure_hops"": 2, ""d"": 4, ""deg_normalised"": false, ""dropout"": 0.0, ""early_stopping_patience"": 24, ""edge_weights"": false, ""epochs"": 200, ""eval_every"": 2, ""hidden_channels"": 64, ""input_dropout"": 0.0, ""layers"": 3, ""left_weights"": true, ""linear"": false, ""lr"": 0.012487940706903825, ""max_t"": 1.0, ""min_delta"": 0.0, ""min_epochs_before_stopping"": 30, ""normalised"": true, ""orth"": ""householder"", ""right_weights"": true, ""second_linear"": false, ""sheaf_act"": ""tanh"", ""skip_train_eval"": true, ""sparse_learner"": false, ""stateful_temporal"": true, ""temporal_bptt_steps"": 8, ""temporal_d_model"": 32, ""time_window"": 3, ""use_act"": true, ""weight_decay"": 1.98417640446958e-07}"
sensitivity,time_window,3.0,3,time_window=3,5,47,ndcg,110,,0.9987151229311777,0.9987151229311777,,1.8117433786392212,1.8117432594299316,0.9987151229311777,1.8117433786392212,3,"{""add_hp"": false, ""add_lp"": false, ""closure_hops"": 2, ""d"": 4, ""deg_normalised"": false, ""dropout"": 0.0, ""early_stopping_patience"": 24, ""edge_weights"": false, ""epochs"": 200, ""eval_every"": 2, ""hidden_channels"": 64, ""input_dropout"": 0.0, ""layers"": 3, ""left_weights"": true, ""linear"": false, ""lr"": 0.012487940706903825, ""max_t"": 1.0, ""min_delta"": 0.0, ""min_epochs_before_stopping"": 30, ""normalised"": true, ""orth"": ""householder"", ""right_weights"": true, ""second_linear"": false, ""sheaf_act"": ""tanh"", ""skip_train_eval"": true, ""sparse_learner"": false, ""stateful_temporal"": true, ""temporal_bptt_steps"": 8, ""temporal_d_model"": 32, ""time_window"": 3, ""use_act"": true, ""weight_decay"": 1.98417640446958e-07}"
sensitivity,time_window,1.0,1,time_window=1,1,43,ndcg,128,,0.8013516496446464,0.8603414184885072,,2.6776864528656006,2.4663734436035156,0.8519275913029499,2.5501956939697266,1,"{""add_hp"": false, ""add_lp"": false, ""closure_hops"": 2, ""d"": 4, ""deg_normalised"": false, ""dropout"": 0.0, ""early_stopping_patience"": 24, ""edge_weights"": false, ""epochs"": 200, ""eval_every"": 2, ""hidden_channels"": 64, ""input_dropout"": 0.0, ""layers"": 3, ""left_weights"": true, ""linear"": false, ""lr"": 0.012487940706903825, ""max_t"": 1.0, ""min_delta"": 0.0, ""min_epochs_before_stopping"": 30, ""normalised"": true, ""orth"": ""householder"", ""right_weights"": true, ""second_linear"": false, ""sheaf_act"": ""tanh"", ""skip_train_eval"": true, ""sparse_learner"": false, ""stateful_temporal"": true, ""temporal_bptt_steps"": 8, ""temporal_d_model"": 32, ""time_window"": 1, ""use_act"": true, ""weight_decay"": 1.98417640446958e-07}"
sensitivity,time_window,1.0,1,time_window=1,2,44,ndcg,46,,0.5732583095982732,0.5768732275179053,,3.326659679412842,3.2934508323669434,0.5775466909853522,3.3055636882781982,1,"{""add_hp"": false, ""add_lp"": false, ""closure_hops"": 2, ""d"": 4, ""deg_normalised"": false, ""dropout"": 0.0, ""early_stopping_patience"": 24, ""edge_weights"": false, ""epochs"": 200, ""eval_every"": 2, ""hidden_channels"": 64, ""input_dropout"": 0.0, ""layers"": 3, ""left_weights"": true, ""linear"": false, ""lr"": 0.012487940706903825, ""max_t"": 1.0, ""min_delta"": 0.0, ""min_epochs_before_stopping"": 30, ""normalised"": true, ""orth"": ""householder"", ""right_weights"": true, ""second_linear"": false, ""sheaf_act"": ""tanh"", ""skip_train_eval"": true, ""sparse_learner"": false, ""stateful_temporal"": true, ""temporal_bptt_steps"": 8, ""temporal_d_model"": 32, ""time_window"": 1, ""use_act"": true, ""weight_decay"": 1.98417640446958e-07}"
sensitivity,time_window,1.0,1,time_window=1,3,45,ndcg,156,,0.7335532805294774,0.8444844392976774,,3.049633264541626,2.545905113220215,0.8376216415257306,2.764195203781128,1,"{""add_hp"": false, ""add_lp"": false, ""closure_hops"": 2, ""d"": 4, ""deg_normalised"": false, ""dropout"": 0.0, ""early_stopping_patience"": 24, ""edge_weights"": false, ""epochs"": 200, ""eval_every"": 2, ""hidden_channels"": 64, ""input_dropout"": 0.0, ""layers"": 3, ""left_weights"": true, ""linear"": false, ""lr"": 0.012487940706903825, ""max_t"": 1.0, ""min_delta"": 0.0, ""min_epochs_before_stopping"": 30, ""normalised"": true, ""orth"": ""householder"", ""right_weights"": true, ""second_linear"": false, ""sheaf_act"": ""tanh"", ""skip_train_eval"": true, ""sparse_learner"": false, ""stateful_temporal"": true, ""temporal_bptt_steps"": 8, ""temporal_d_model"": 32, ""time_window"": 1, ""use_act"": true, ""weight_decay"": 1.98417640446958e-07}"
sensitivity,time_window,1.0,1,time_window=1,4,46,ndcg,200,,0.8832492503485443,0.9153697916574017,,2.375603199005127,2.1712911128997803,0.9070390462137341,2.334203004837036,1,"{""add_hp"": false, ""add_lp"": false, ""closure_hops"": 2, ""d"": 4, ""deg_normalised"": false, ""dropout"": 0.0, ""early_stopping_patience"": 24, ""edge_weights"": false, ""epochs"": 200, ""eval_every"": 2, ""hidden_channels"": 64, ""input_dropout"": 0.0, ""layers"": 3, ""left_weights"": true, ""linear"": false, ""lr"": 0.012487940706903825, ""max_t"": 1.0, ""min_delta"": 0.0, ""min_epochs_before_stopping"": 30, ""normalised"": true, ""orth"": ""householder"", ""right_weights"": true, ""second_linear"": false, ""sheaf_act"": ""tanh"", ""skip_train_eval"": true, ""sparse_learner"": false, ""stateful_temporal"": true, ""temporal_bptt_steps"": 8, ""temporal_d_model"": 32, ""time_window"": 1, ""use_act"": true, ""weight_decay"": 1.98417640446958e-07}"
sensitivity,time_window,1.0,1,time_window=1,5,47,ndcg,188,,0.584729144069354,0.7272463484031431,,3.713531970977783,2.9120121002197266,0.69042842407122,3.316370964050293,1,"{""add_hp"": false, ""add_lp"": false, ""closure_hops"": 2, ""d"": 4, ""deg_normalised"": false, ""dropout"": 0.0, ""early_stopping_patience"": 24, ""edge_weights"": false, ""epochs"": 200, ""eval_every"": 2, ""hidden_channels"": 64, ""input_dropout"": 0.0, ""layers"": 3, ""left_weights"": true, ""linear"": false, ""lr"": 0.012487940706903825, ""max_t"": 1.0, ""min_delta"": 0.0, ""min_epochs_before_stopping"": 30, ""normalised"": true, ""orth"": ""householder"", ""right_weights"": true, ""second_linear"": false, ""sheaf_act"": ""tanh"", ""skip_train_eval"": true, ""sparse_learner"": false, ""stateful_temporal"": true, ""temporal_bptt_steps"": 8, ""temporal_d_model"": 32, ""time_window"": 1, ""use_act"": true, ""weight_decay"": 1.98417640446958e-07}"
sensitivity,time_window,5.0,5,time_window=5,1,43,ndcg,132,,0.9980240234782135,0.9980240234782135,,1.8170337677001953,1.8170337677001953,0.9980240234782135,1.8170337677001953,5,"{""add_hp"": false, ""add_lp"": false, ""closure_hops"": 2, ""d"": 4, ""deg_normalised"": false, ""dropout"": 0.0, ""early_stopping_patience"": 24, ""edge_weights"": false, ""epochs"": 200, ""eval_every"": 2, ""hidden_channels"": 64, ""input_dropout"": 0.0, ""layers"": 3, ""left_weights"": true, ""linear"": false, ""lr"": 0.012487940706903825, ""max_t"": 1.0, ""min_delta"": 0.0, ""min_epochs_before_stopping"": 30, ""normalised"": true, ""orth"": ""householder"", ""right_weights"": true, ""second_linear"": false, ""sheaf_act"": ""tanh"", ""skip_train_eval"": true, ""sparse_learner"": false, ""stateful_temporal"": true, ""temporal_bptt_steps"": 8, ""temporal_d_model"": 32, ""time_window"": 5, ""use_act"": true, ""weight_decay"": 1.98417640446958e-07}"
sensitivity,time_window,5.0,5,time_window=5,2,44,ndcg,124,,0.9982755817797333,0.9982755817797333,,1.8125265836715698,1.8125265836715698,0.9982755817797333,1.8125263452529907,5,"{""add_hp"": false, ""add_lp"": false, ""closure_hops"": 2, ""d"": 4, ""deg_normalised"": false, ""dropout"": 0.0, ""early_stopping_patience"": 24, ""edge_weights"": false, ""epochs"": 200, ""eval_every"": 2, ""hidden_channels"": 64, ""input_dropout"": 0.0, ""layers"": 3, ""left_weights"": true, ""linear"": false, ""lr"": 0.012487940706903825, ""max_t"": 1.0, ""min_delta"": 0.0, ""min_epochs_before_stopping"": 30, ""normalised"": true, ""orth"": ""householder"", ""right_weights"": true, ""second_linear"": false, ""sheaf_act"": ""tanh"", ""skip_train_eval"": true, ""sparse_learner"": false, ""stateful_temporal"": true, ""temporal_bptt_steps"": 8, ""temporal_d_model"": 32, ""time_window"": 5, ""use_act"": true, ""weight_decay"": 1.98417640446958e-07}"
sensitivity,time_window,5.0,5,time_window=5,3,45,ndcg,158,,0.9972060923338715,0.9972060923338715,,1.820265531539917,1.8202656507492065,0.9972060923338715,1.820265531539917,5,"{""add_hp"": false, ""add_lp"": false, ""closure_hops"": 2, ""d"": 4, ""deg_normalised"": false, ""dropout"": 0.0, ""early_stopping_patience"": 24, ""edge_weights"": false, ""epochs"": 200, ""eval_every"": 2, ""hidden_channels"": 64, ""input_dropout"": 0.0, ""layers"": 3, ""left_weights"": true, ""linear"": false, ""lr"": 0.012487940706903825, ""max_t"": 1.0, ""min_delta"": 0.0, ""min_epochs_before_stopping"": 30, ""normalised"": true, ""orth"": ""householder"", ""right_weights"": true, ""second_linear"": false, ""sheaf_act"": ""tanh"", ""skip_train_eval"": true, ""sparse_learner"": false, ""stateful_temporal"": true, ""temporal_bptt_steps"": 8, ""temporal_d_model"": 32, ""time_window"": 5, ""use_act"": true, ""weight_decay"": 1.98417640446958e-07}"
sensitivity,time_window,5.0,5,time_window=5,4,46,ndcg,114,,0.9980961633143023,0.9980961633143023,,1.8144272565841675,1.8144272565841675,0.9980961633143023,1.8144272565841675,5,"{""add_hp"": false, ""add_lp"": false, ""closure_hops"": 2, ""d"": 4, ""deg_normalised"": false, ""dropout"": 0.0, ""early_stopping_patience"": 24, ""edge_weights"": false, ""epochs"": 200, ""eval_every"": 2, ""hidden_channels"": 64, ""input_dropout"": 0.0, ""layers"": 3, ""left_weights"": true, ""linear"": false, ""lr"": 0.012487940706903825, ""max_t"": 1.0, ""min_delta"": 0.0, ""min_epochs_before_stopping"": 30, ""normalised"": true, ""orth"": ""householder"", ""right_weights"": true, ""second_linear"": false, ""sheaf_act"": ""tanh"", ""skip_train_eval"": true, ""sparse_learner"": false, ""stateful_temporal"": true, ""temporal_bptt_steps"": 8, ""temporal_d_model"": 32, ""time_window"": 5, ""use_act"": true, ""weight_decay"": 1.98417640446958e-07}"
sensitivity,time_window,5.0,5,time_window=5,5,47,ndcg,158,,0.9986436432568248,0.9986436432568248,,1.8021751642227173,1.8021752834320068,0.9986436432568248,1.8021751642227173,5,"{""add_hp"": false, ""add_lp"": false, ""closure_hops"": 2, ""d"": 4, ""deg_normalised"": false, ""dropout"": 0.0, ""early_stopping_patience"": 24, ""edge_weights"": false, ""epochs"": 200, ""eval_every"": 2, ""hidden_channels"": 64, ""input_dropout"": 0.0, ""layers"": 3, ""left_weights"": true, ""linear"": false, ""lr"": 0.012487940706903825, ""max_t"": 1.0, ""min_delta"": 0.0, ""min_epochs_before_stopping"": 30, ""normalised"": true, ""orth"": ""householder"", ""right_weights"": true, ""second_linear"": false, ""sheaf_act"": ""tanh"", ""skip_train_eval"": true, ""sparse_learner"": false, ""stateful_temporal"": true, ""temporal_bptt_steps"": 8, ""temporal_d_model"": 32, ""time_window"": 5, ""use_act"": true, ""weight_decay"": 1.98417640446958e-07}"
sensitivity,lr,0.012487940706903825,0.012487940706903825,lr=0.012487940706903825,1,43,ndcg,118,,0.9972980891784406,0.9972980891784406,,1.823547124862671,1.823547124862671,0.9972980891784406,1.823547124862671,3,"{""add_hp"": false, ""add_lp"": false, ""closure_hops"": 2, ""d"": 4, ""deg_normalised"": false, ""dropout"": 0.0, ""early_stopping_patience"": 24, ""edge_weights"": false, ""epochs"": 200, ""eval_every"": 2, ""hidden_channels"": 64, ""input_dropout"": 0.0, ""layers"": 3, ""left_weights"": true, ""linear"": false, ""lr"": 0.012487940706903825, ""max_t"": 1.0, ""min_delta"": 0.0, ""min_epochs_before_stopping"": 30, ""normalised"": true, ""orth"": ""householder"", ""right_weights"": true, ""second_linear"": false, ""sheaf_act"": ""tanh"", ""skip_train_eval"": true, ""sparse_learner"": false, ""stateful_temporal"": true, ""temporal_bptt_steps"": 8, ""temporal_d_model"": 32, ""time_window"": 3, ""use_act"": true, ""weight_decay"": 1.98417640446958e-07}"
sensitivity,lr,0.012487940706903825,0.012487940706903825,lr=0.012487940706903825,2,44,ndcg,150,,0.998555591596543,0.998555591596543,,1.8072212934494019,1.8072212934494019,0.998555591596543,1.8072212934494019,3,"{""add_hp"": false, ""add_lp"": false, ""closure_hops"": 2, ""d"": 4, ""deg_normalised"": false, ""dropout"": 0.0, ""early_stopping_patience"": 24, ""edge_weights"": false, ""epochs"": 200, ""eval_every"": 2, ""hidden_channels"": 64, ""input_dropout"": 0.0, ""layers"": 3, ""left_weights"": true, ""linear"": false, ""lr"": 0.012487940706903825, ""max_t"": 1.0, ""min_delta"": 0.0, ""min_epochs_before_stopping"": 30, ""normalised"": true, ""orth"": ""householder"", ""right_weights"": true, ""second_linear"": false, ""sheaf_act"": ""tanh"", ""skip_train_eval"": true, ""sparse_learner"": false, ""stateful_temporal"": true, ""temporal_bptt_steps"": 8, ""temporal_d_model"": 32, ""time_window"": 3, ""use_act"": true, ""weight_decay"": 1.98417640446958e-07}"
sensitivity,lr,0.012487940706903825,0.012487940706903825,lr=0.012487940706903825,3,45,ndcg,142,,0.9960185782125252,0.9960185782125252,,1.8303402662277222,1.8303402662277222,0.9960185782125252,1.8303402662277222,3,"{""add_hp"": false, ""add_lp"": false, ""closure_hops"": 2, ""d"": 4, ""deg_normalised"": false, ""dropout"": 0.0, ""early_stopping_patience"": 24, ""edge_weights"": false, ""epochs"": 200, ""eval_every"": 2, ""hidden_channels"": 64, ""input_dropout"": 0.0, ""layers"": 3, ""left_weights"": true, ""linear"": false, ""lr"": 0.012487940706903825, ""max_t"": 1.0, ""min_delta"": 0.0, ""min_epochs_before_stopping"": 30, ""normalised"": true, ""orth"": ""householder"", ""right_weights"": true, ""second_linear"": false, ""sheaf_act"": ""tanh"", ""skip_train_eval"": true, ""sparse_learner"": false, ""stateful_temporal"": true, ""temporal_bptt_steps"": 8, ""temporal_d_model"": 32, ""time_window"": 3, ""use_act"": true, ""weight_decay"": 1.98417640446958e-07}"
sensitivity,lr,0.012487940706903825,0.012487940706903825,lr=0.012487940706903825,4,46,ndcg,118,,0.9983781026583871,0.9983781026583871,,1.811676263809204,1.811676263809204,0.9983781026583871,1.811676263809204,3,"{""add_hp"": false, ""add_lp"": false, ""closure_hops"": 2, ""d"": 4, ""deg_normalised"": false, ""dropout"": 0.0, ""early_stopping_patience"": 24, ""edge_weights"": false, ""epochs"": 200, ""eval_every"": 2, ""hidden_channels"": 64, ""input_dropout"": 0.0, ""layers"": 3, ""left_weights"": true, ""linear"": false, ""lr"": 0.012487940706903825, ""max_t"": 1.0, ""min_delta"": 0.0, ""min_epochs_before_stopping"": 30, ""normalised"": true, ""orth"": ""householder"", ""right_weights"": true, ""second_linear"": false, ""sheaf_act"": ""tanh"", ""skip_train_eval"": true, ""sparse_learner"": false, ""stateful_temporal"": true, ""temporal_bptt_steps"": 8, ""temporal_d_model"": 32, ""time_window"": 3, ""use_act"": true, ""weight_decay"": 1.98417640446958e-07}"
sensitivity,lr,0.012487940706903825,0.012487940706903825,lr=0.012487940706903825,5,47,ndcg,94,,0.997872668125145,0.997872668125145,,1.820247769355774,1.820247769355774,0.997872668125145,1.820247769355774,3,"{""add_hp"": false, ""add_lp"": false, ""closure_hops"": 2, ""d"": 4, ""deg_normalised"": false, ""dropout"": 0.0, ""early_stopping_patience"": 24, ""edge_weights"": false, ""epochs"": 200, ""eval_every"": 2, ""hidden_channels"": 64, ""input_dropout"": 0.0, ""layers"": 3, ""left_weights"": true, ""linear"": false, ""lr"": 0.012487940706903825, ""max_t"": 1.0, ""min_delta"": 0.0, ""min_epochs_before_stopping"": 30, ""normalised"": true, ""orth"": ""householder"", ""right_weights"": true, ""second_linear"": false, ""sheaf_act"": ""tanh"", ""skip_train_eval"": true, ""sparse_learner"": false, ""stateful_temporal"": true, ""temporal_bptt_steps"": 8, ""temporal_d_model"": 32, ""time_window"": 3, ""use_act"": true, ""weight_decay"": 1.98417640446958e-07}"
sensitivity,lr,0.006243970353451912,0.006243970353451912,lr=0.006243970353451912,1,43,ndcg,158,,0.999513817496035,0.999513817496035,,1.8010495901107788,1.8010495901107788,0.999513817496035,1.8010495901107788,3,"{""add_hp"": false, ""add_lp"": false, ""closure_hops"": 2, ""d"": 4, ""deg_normalised"": false, ""dropout"": 0.0, ""early_stopping_patience"": 24, ""edge_weights"": false, ""epochs"": 200, ""eval_every"": 2, ""hidden_channels"": 64, ""input_dropout"": 0.0, ""layers"": 3, ""left_weights"": true, ""linear"": false, ""lr"": 0.006243970353451912, ""max_t"": 1.0, ""min_delta"": 0.0, ""min_epochs_before_stopping"": 30, ""normalised"": true, ""orth"": ""householder"", ""right_weights"": true, ""second_linear"": false, ""sheaf_act"": ""tanh"", ""skip_train_eval"": true, ""sparse_learner"": false, ""stateful_temporal"": true, ""temporal_bptt_steps"": 8, ""temporal_d_model"": 32, ""time_window"": 3, ""use_act"": true, ""weight_decay"": 1.98417640446958e-07}"
sensitivity,lr,0.006243970353451912,0.006243970353451912,lr=0.006243970353451912,2,44,ndcg,140,,0.9990839622507396,0.9990839622507396,,1.8078703880310059,1.8078703880310059,0.9990839622507396,1.8078703880310059,3,"{""add_hp"": false, ""add_lp"": false, ""closure_hops"": 2, ""d"": 4, ""deg_normalised"": false, ""dropout"": 0.0, ""early_stopping_patience"": 24, ""edge_weights"": false, ""epochs"": 200, ""eval_every"": 2, ""hidden_channels"": 64, ""input_dropout"": 0.0, ""layers"": 3, ""left_weights"": true, ""linear"": false, ""lr"": 0.006243970353451912, ""max_t"": 1.0, ""min_delta"": 0.0, ""min_epochs_before_stopping"": 30, ""normalised"": true, ""orth"": ""householder"", ""right_weights"": true, ""second_linear"": false, ""sheaf_act"": ""tanh"", ""skip_train_eval"": true, ""sparse_learner"": false, ""stateful_temporal"": true, ""temporal_bptt_steps"": 8, ""temporal_d_model"": 32, ""time_window"": 3, ""use_act"": true, ""weight_decay"": 1.98417640446958e-07}"
sensitivity,lr,0.006243970353451912,0.006243970353451912,lr=0.006243970353451912,3,45,ndcg,200,,0.9986077413919313,0.9986077413919313,,1.8039495944976807,1.8039495944976807,0.9986077413919313,1.8039495944976807,3,"{""add_hp"": false, ""add_lp"": false, ""closure_hops"": 2, ""d"": 4, ""deg_normalised"": false, ""dropout"": 0.0, ""early_stopping_patience"": 24, ""edge_weights"": false, ""epochs"": 200, ""eval_every"": 2, ""hidden_channels"": 64, ""input_dropout"": 0.0, ""layers"": 3, ""left_weights"": true, ""linear"": false, ""lr"": 0.006243970353451912, ""max_t"": 1.0, ""min_delta"": 0.0, ""min_epochs_before_stopping"": 30, ""normalised"": true, ""orth"": ""householder"", ""right_weights"": true, ""second_linear"": false, ""sheaf_act"": ""tanh"", ""skip_train_eval"": true, ""sparse_learner"": false, ""stateful_temporal"": true, ""temporal_bptt_steps"": 8, ""temporal_d_model"": 32, ""time_window"": 3, ""use_act"": true, ""weight_decay"": 1.98417640446958e-07}"
sensitivity,lr,0.006243970353451912,0.006243970353451912,lr=0.006243970353451912,4,46,ndcg,142,,0.9986926802557221,0.9986926802557221,,1.8104016780853271,1.8104017972946167,0.9986926802557221,1.8104016780853271,3,"{""add_hp"": false, ""add_lp"": false, ""closure_hops"": 2, ""d"": 4, ""deg_normalised"": false, ""dropout"": 0.0, ""early_stopping_patience"": 24, ""edge_weights"": false, ""epochs"": 200, ""eval_every"": 2, ""hidden_channels"": 64, ""input_dropout"": 0.0, ""layers"": 3, ""left_weights"": true, ""linear"": false, ""lr"": 0.006243970353451912, ""max_t"": 1.0, ""min_delta"": 0.0, ""min_epochs_before_stopping"": 30, ""normalised"": true, ""orth"": ""householder"", ""right_weights"": true, ""second_linear"": false, ""sheaf_act"": ""tanh"", ""skip_train_eval"": true, ""sparse_learner"": false, ""stateful_temporal"": true, ""temporal_bptt_steps"": 8, ""temporal_d_model"": 32, ""time_window"": 3, ""use_act"": true, ""weight_decay"": 1.98417640446958e-07}"
sensitivity,lr,0.006243970353451912,0.006243970353451912,lr=0.006243970353451912,5,47,ndcg,150,,0.9992155113376694,0.9992155113376694,,1.8036271333694458,1.8036271333694458,0.9992155113376694,1.8036271333694458,3,"{""add_hp"": false, ""add_lp"": false, ""closure_hops"": 2, ""d"": 4, ""deg_normalised"": false, ""dropout"": 0.0, ""early_stopping_patience"": 24, ""edge_weights"": false, ""epochs"": 200, ""eval_every"": 2, ""hidden_channels"": 64, ""input_dropout"": 0.0, ""layers"": 3, ""left_weights"": true, ""linear"": false, ""lr"": 0.006243970353451912, ""max_t"": 1.0, ""min_delta"": 0.0, ""min_epochs_before_stopping"": 30, ""normalised"": true, ""orth"": ""householder"", ""right_weights"": true, ""second_linear"": false, ""sheaf_act"": ""tanh"", ""skip_train_eval"": true, ""sparse_learner"": false, ""stateful_temporal"": true, ""temporal_bptt_steps"": 8, ""temporal_d_model"": 32, ""time_window"": 3, ""use_act"": true, ""weight_decay"": 1.98417640446958e-07}"
sensitivity,lr,0.018731911060355738,0.018731911060355738,lr=0.018731911060355738,1,43,ndcg,126,,0.9878652123434454,0.9878652123434454,,1.8731069564819336,1.8731070756912231,0.9878652123434454,1.8731070756912231,3,"{""add_hp"": false, ""add_lp"": false, ""closure_hops"": 2, ""d"": 4, ""deg_normalised"": false, ""dropout"": 0.0, ""early_stopping_patience"": 24, ""edge_weights"": false, ""epochs"": 200, ""eval_every"": 2, ""hidden_channels"": 64, ""input_dropout"": 0.0, ""layers"": 3, ""left_weights"": true, ""linear"": false, ""lr"": 0.018731911060355738, ""max_t"": 1.0, ""min_delta"": 0.0, ""min_epochs_before_stopping"": 30, ""normalised"": true, ""orth"": ""householder"", ""right_weights"": true, ""second_linear"": false, ""sheaf_act"": ""tanh"", ""skip_train_eval"": true, ""sparse_learner"": false, ""stateful_temporal"": true, ""temporal_bptt_steps"": 8, ""temporal_d_model"": 32, ""time_window"": 3, ""use_act"": true, ""weight_decay"": 1.98417640446958e-07}"
sensitivity,lr,0.018731911060355738,0.018731911060355738,lr=0.018731911060355738,2,44,ndcg,146,,0.9966771190283501,0.9966771190283501,,1.8247333765029907,1.8247333765029907,0.9966771190283501,1.8247333765029907,3,"{""add_hp"": false, ""add_lp"": false, ""closure_hops"": 2, ""d"": 4, ""deg_normalised"": false, ""dropout"": 0.0, ""early_stopping_patience"": 24, ""edge_weights"": false, ""epochs"": 200, ""eval_every"": 2, ""hidden_channels"": 64, ""input_dropout"": 0.0, ""layers"": 3, ""left_weights"": true, ""linear"": false, ""lr"": 0.018731911060355738, ""max_t"": 1.0, ""min_delta"": 0.0, ""min_epochs_before_stopping"": 30, ""normalised"": true, ""orth"": ""householder"", ""right_weights"": true, ""second_linear"": false, ""sheaf_act"": ""tanh"", ""skip_train_eval"": true, ""sparse_learner"": false, ""stateful_temporal"": true, ""temporal_bptt_steps"": 8, ""temporal_d_model"": 32, ""time_window"": 3, ""use_act"": true, ""weight_decay"": 1.98417640446958e-07}"
sensitivity,lr,0.018731911060355738,0.018731911060355738,lr=0.018731911060355738,3,45,ndcg,198,,0.9945298447610819,0.9945298447610819,,1.8362617492675781,1.8362617492675781,0.9945298447610819,1.8362617492675781,3,"{""add_hp"": false, ""add_lp"": false, ""closure_hops"": 2, ""d"": 4, ""deg_normalised"": false, ""dropout"": 0.0, ""early_stopping_patience"": 24, ""edge_weights"": false, ""epochs"": 200, ""eval_every"": 2, ""hidden_channels"": 64, ""input_dropout"": 0.0, ""layers"": 3, ""left_weights"": true, ""linear"": false, ""lr"": 0.018731911060355738, ""max_t"": 1.0, ""min_delta"": 0.0, ""min_epochs_before_stopping"": 30, ""normalised"": true, ""orth"": ""householder"", ""right_weights"": true, ""second_linear"": false, ""sheaf_act"": ""tanh"", ""skip_train_eval"": true, ""sparse_learner"": false, ""stateful_temporal"": true, ""temporal_bptt_steps"": 8, ""temporal_d_model"": 32, ""time_window"": 3, ""use_act"": true, ""weight_decay"": 1.98417640446958e-07}"
sensitivity,lr,0.018731911060355738,0.018731911060355738,lr=0.018731911060355738,4,46,ndcg,140,,0.9968278484455849,0.9968278484455849,,1.8196905851364136,1.8196905851364136,0.9968278484455849,1.8196905851364136,3,"{""add_hp"": false, ""add_lp"": false, ""closure_hops"": 2, ""d"": 4, ""deg_normalised"": false, ""dropout"": 0.0, ""early_stopping_patience"": 24, ""edge_weights"": false, ""epochs"": 200, ""eval_every"": 2, ""hidden_channels"": 64, ""input_dropout"": 0.0, ""layers"": 3, ""left_weights"": true, ""linear"": false, ""lr"": 0.018731911060355738, ""max_t"": 1.0, ""min_delta"": 0.0, ""min_epochs_before_stopping"": 30, ""normalised"": true, ""orth"": ""householder"", ""right_weights"": true, ""second_linear"": false, ""sheaf_act"": ""tanh"", ""skip_train_eval"": true, ""sparse_learner"": false, ""stateful_temporal"": true, ""temporal_bptt_steps"": 8, ""temporal_d_model"": 32, ""time_window"": 3, ""use_act"": true, ""weight_decay"": 1.98417640446958e-07}"
sensitivity,lr,0.018731911060355738,0.018731911060355738,lr=0.018731911060355738,5,47,ndcg,168,,0.993633278872201,0.993633278872201,,1.841732144355774,1.841732144355774,0.993633278872201,1.841732144355774,3,"{""add_hp"": false, ""add_lp"": false, ""closure_hops"": 2, ""d"": 4, ""deg_normalised"": false, ""dropout"": 0.0, ""early_stopping_patience"": 24, ""edge_weights"": false, ""epochs"": 200, ""eval_every"": 2, ""hidden_channels"": 64, ""input_dropout"": 0.0, ""layers"": 3, ""left_weights"": true, ""linear"": false, ""lr"": 0.018731911060355738, ""max_t"": 1.0, ""min_delta"": 0.0, ""min_epochs_before_stopping"": 30, ""normalised"": true, ""orth"": ""householder"", ""right_weights"": true, ""second_linear"": false, ""sheaf_act"": ""tanh"", ""skip_train_eval"": true, ""sparse_learner"": false, ""stateful_temporal"": true, ""temporal_bptt_steps"": 8, ""temporal_d_model"": 32, ""time_window"": 3, ""use_act"": true, ""weight_decay"": 1.98417640446958e-07}"
sensitivity,weight_decay,1.98417640446958e-07,1.98417640446958e-07,weight_decay=1.98417640446958e-07,1,43,ndcg,130,,0.9973273447000303,0.9973273447000303,,1.8201425075531006,1.8201425075531006,0.9973273447000303,1.8201425075531006,3,"{""add_hp"": false, ""add_lp"": false, ""closure_hops"": 2, ""d"": 4, ""deg_normalised"": false, ""dropout"": 0.0, ""early_stopping_patience"": 24, ""edge_weights"": false, ""epochs"": 200, ""eval_every"": 2, ""hidden_channels"": 64, ""input_dropout"": 0.0, ""layers"": 3, ""left_weights"": true, ""linear"": false, ""lr"": 0.012487940706903825, ""max_t"": 1.0, ""min_delta"": 0.0, ""min_epochs_before_stopping"": 30, ""normalised"": true, ""orth"": ""householder"", ""right_weights"": true, ""second_linear"": false, ""sheaf_act"": ""tanh"", ""skip_train_eval"": true, ""sparse_learner"": false, ""stateful_temporal"": true, ""temporal_bptt_steps"": 8, ""temporal_d_model"": 32, ""time_window"": 3, ""use_act"": true, ""weight_decay"": 1.98417640446958e-07}"
sensitivity,weight_decay,1.98417640446958e-07,1.98417640446958e-07,weight_decay=1.98417640446958e-07,2,44,ndcg,128,,0.9984744901564475,0.9984744901564475,,1.8111451864242554,1.8111451864242554,0.9984744901564475,1.811145305633545,3,"{""add_hp"": false, ""add_lp"": false, ""closure_hops"": 2, ""d"": 4, ""deg_normalised"": false, ""dropout"": 0.0, ""early_stopping_patience"": 24, ""edge_weights"": false, ""epochs"": 200, ""eval_every"": 2, ""hidden_channels"": 64, ""input_dropout"": 0.0, ""layers"": 3, ""left_weights"": true, ""linear"": false, ""lr"": 0.012487940706903825, ""max_t"": 1.0, ""min_delta"": 0.0, ""min_epochs_before_stopping"": 30, ""normalised"": true, ""orth"": ""householder"", ""right_weights"": true, ""second_linear"": false, ""sheaf_act"": ""tanh"", ""skip_train_eval"": true, ""sparse_learner"": false, ""stateful_temporal"": true, ""temporal_bptt_steps"": 8, ""temporal_d_model"": 32, ""time_window"": 3, ""use_act"": true, ""weight_decay"": 1.98417640446958e-07}"
sensitivity,weight_decay,1.98417640446958e-07,1.98417640446958e-07,weight_decay=1.98417640446958e-07,3,45,ndcg,162,,0.9962865732507876,0.9962865732507876,,1.8214197158813477,1.8214197158813477,0.9962865732507876,1.8214197158813477,3,"{""add_hp"": false, ""add_lp"": false, ""closure_hops"": 2, ""d"": 4, ""deg_normalised"": false, ""dropout"": 0.0, ""early_stopping_patience"": 24, ""edge_weights"": false, ""epochs"": 200, ""eval_every"": 2, ""hidden_channels"": 64, ""input_dropout"": 0.0, ""layers"": 3, ""left_weights"": true, ""linear"": false, ""lr"": 0.012487940706903825, ""max_t"": 1.0, ""min_delta"": 0.0, ""min_epochs_before_stopping"": 30, ""normalised"": true, ""orth"": ""householder"", ""right_weights"": true, ""second_linear"": false, ""sheaf_act"": ""tanh"", ""skip_train_eval"": true, ""sparse_learner"": false, ""stateful_temporal"": true, ""temporal_bptt_steps"": 8, ""temporal_d_model"": 32, ""time_window"": 3, ""use_act"": true, ""weight_decay"": 1.98417640446958e-07}"
sensitivity,weight_decay,1.98417640446958e-07,1.98417640446958e-07,weight_decay=1.98417640446958e-07,4,46,ndcg,118,,0.9979803043567157,0.9979803043567157,,1.81247079372406,1.81247079372406,0.9979803043567157,1.81247079372406,3,"{""add_hp"": false, ""add_lp"": false, ""closure_hops"": 2, ""d"": 4, ""deg_normalised"": false, ""dropout"": 0.0, ""early_stopping_patience"": 24, ""edge_weights"": false, ""epochs"": 200, ""eval_every"": 2, ""hidden_channels"": 64, ""input_dropout"": 0.0, ""layers"": 3, ""left_weights"": true, ""linear"": false, ""lr"": 0.012487940706903825, ""max_t"": 1.0, ""min_delta"": 0.0, ""min_epochs_before_stopping"": 30, ""normalised"": true, ""orth"": ""householder"", ""right_weights"": true, ""second_linear"": false, ""sheaf_act"": ""tanh"", ""skip_train_eval"": true, ""sparse_learner"": false, ""stateful_temporal"": true, ""temporal_bptt_steps"": 8, ""temporal_d_model"": 32, ""time_window"": 3, ""use_act"": true, ""weight_decay"": 1.98417640446958e-07}"
sensitivity,weight_decay,1.98417640446958e-07,1.98417640446958e-07,weight_decay=1.98417640446958e-07,5,47,ndcg,68,,0.9950558310588333,0.9950558310588333,,1.8430837392807007,1.8430836200714111,0.9950558310588333,1.843083381652832,3,"{""add_hp"": false, ""add_lp"": false, ""closure_hops"": 2, ""d"": 4, ""deg_normalised"": false, ""dropout"": 0.0, ""early_stopping_patience"": 24, ""edge_weights"": false, ""epochs"": 200, ""eval_every"": 2, ""hidden_channels"": 64, ""input_dropout"": 0.0, ""layers"": 3, ""left_weights"": true, ""linear"": false, ""lr"": 0.012487940706903825, ""max_t"": 1.0, ""min_delta"": 0.0, ""min_epochs_before_stopping"": 30, ""normalised"": true, ""orth"": ""householder"", ""right_weights"": true, ""second_linear"": false, ""sheaf_act"": ""tanh"", ""skip_train_eval"": true, ""sparse_learner"": false, ""stateful_temporal"": true, ""temporal_bptt_steps"": 8, ""temporal_d_model"": 32, ""time_window"": 3, ""use_act"": true, ""weight_decay"": 1.98417640446958e-07}"
sensitivity,weight_decay,1.9841764044695802e-08,1.9841764044695802e-08,weight_decay=1.9841764044695802e-08,1,43,ndcg,144,,0.9978706610563732,0.9978706610563732,,1.8131107091903687,1.8131107091903687,0.9978706610563732,1.8131107091903687,3,"{""add_hp"": false, ""add_lp"": false, ""closure_hops"": 2, ""d"": 4, ""deg_normalised"": false, ""dropout"": 0.0, ""early_stopping_patience"": 24, ""edge_weights"": false, ""epochs"": 200, ""eval_every"": 2, ""hidden_channels"": 64, ""input_dropout"": 0.0, ""layers"": 3, ""left_weights"": true, ""linear"": false, ""lr"": 0.012487940706903825, ""max_t"": 1.0, ""min_delta"": 0.0, ""min_epochs_before_stopping"": 30, ""normalised"": true, ""orth"": ""householder"", ""right_weights"": true, ""second_linear"": false, ""sheaf_act"": ""tanh"", ""skip_train_eval"": true, ""sparse_learner"": false, ""stateful_temporal"": true, ""temporal_bptt_steps"": 8, ""temporal_d_model"": 32, ""time_window"": 3, ""use_act"": true, ""weight_decay"": 1.9841764044695802e-08}"
sensitivity,weight_decay,1.9841764044695802e-08,1.9841764044695802e-08,weight_decay=1.9841764044695802e-08,2,44,ndcg,128,,0.9984904859577138,0.9984908421922388,,1.8108131885528564,1.8108131885528564,0.9984908421922388,1.8108131885528564,3,"{""add_hp"": false, ""add_lp"": false, ""closure_hops"": 2, ""d"": 4, ""deg_normalised"": false, ""dropout"": 0.0, ""early_stopping_patience"": 24, ""edge_weights"": false, ""epochs"": 200, ""eval_every"": 2, ""hidden_channels"": 64, ""input_dropout"": 0.0, ""layers"": 3, ""left_weights"": true, ""linear"": false, ""lr"": 0.012487940706903825, ""max_t"": 1.0, ""min_delta"": 0.0, ""min_epochs_before_stopping"": 30, ""normalised"": true, ""orth"": ""householder"", ""right_weights"": true, ""second_linear"": false, ""sheaf_act"": ""tanh"", ""skip_train_eval"": true, ""sparse_learner"": false, ""stateful_temporal"": true, ""temporal_bptt_steps"": 8, ""temporal_d_model"": 32, ""time_window"": 3, ""use_act"": true, ""weight_decay"": 1.9841764044695802e-08}"
sensitivity,weight_decay,1.9841764044695802e-08,1.9841764044695802e-08,weight_decay=1.9841764044695802e-08,3,45,ndcg,138,,0.9944455573714374,0.9944455573714374,,1.8330233097076416,1.8330233097076416,0.9944455573714374,1.8330233097076416,3,"{""add_hp"": false, ""add_lp"": false, ""closure_hops"": 2, ""d"": 4, ""deg_normalised"": false, ""dropout"": 0.0, ""early_stopping_patience"": 24, ""edge_weights"": false, ""epochs"": 200, ""eval_every"": 2, ""hidden_channels"": 64, ""input_dropout"": 0.0, ""layers"": 3, ""left_weights"": true, ""linear"": false, ""lr"": 0.012487940706903825, ""max_t"": 1.0, ""min_delta"": 0.0, ""min_epochs_before_stopping"": 30, ""normalised"": true, ""orth"": ""householder"", ""right_weights"": true, ""second_linear"": false, ""sheaf_act"": ""tanh"", ""skip_train_eval"": true, ""sparse_learner"": false, ""stateful_temporal"": true, ""temporal_bptt_steps"": 8, ""temporal_d_model"": 32, ""time_window"": 3, ""use_act"": true, ""weight_decay"": 1.9841764044695802e-08}"
sensitivity,weight_decay,1.9841764044695802e-08,1.9841764044695802e-08,weight_decay=1.9841764044695802e-08,4,46,ndcg,108,,0.9978589272669353,0.9978589272669353,,1.8166782855987549,1.8166782855987549,0.9978589272669353,1.8166779279708862,3,"{""add_hp"": false, ""add_lp"": false, ""closure_hops"": 2, ""d"": 4, ""deg_normalised"": false, ""dropout"": 0.0, ""early_stopping_patience"": 24, ""edge_weights"": false, ""epochs"": 200, ""eval_every"": 2, ""hidden_channels"": 64, ""input_dropout"": 0.0, ""layers"": 3, ""left_weights"": true, ""linear"": false, ""lr"": 0.012487940706903825, ""max_t"": 1.0, ""min_delta"": 0.0, ""min_epochs_before_stopping"": 30, ""normalised"": true, ""orth"": ""householder"", ""right_weights"": true, ""second_linear"": false, ""sheaf_act"": ""tanh"", ""skip_train_eval"": true, ""sparse_learner"": false, ""stateful_temporal"": true, ""temporal_bptt_steps"": 8, ""temporal_d_model"": 32, ""time_window"": 3, ""use_act"": true, ""weight_decay"": 1.9841764044695802e-08}"
sensitivity,weight_decay,1.9841764044695802e-08,1.9841764044695802e-08,weight_decay=1.9841764044695802e-08,5,47,ndcg,124,,0.9984441326161827,0.9984441326161827,,1.810799479484558,1.810799479484558,0.9984441326161827,1.810799479484558,3,"{""add_hp"": false, ""add_lp"": false, ""closure_hops"": 2, ""d"": 4, ""deg_normalised"": false, ""dropout"": 0.0, ""early_stopping_patience"": 24, ""edge_weights"": false, ""epochs"": 200, ""eval_every"": 2, ""hidden_channels"": 64, ""input_dropout"": 0.0, ""layers"": 3, ""left_weights"": true, ""linear"": false, ""lr"": 0.012487940706903825, ""max_t"": 1.0, ""min_delta"": 0.0, ""min_epochs_before_stopping"": 30, ""normalised"": true, ""orth"": ""householder"", ""right_weights"": true, ""second_linear"": false, ""sheaf_act"": ""tanh"", ""skip_train_eval"": true, ""sparse_learner"": false, ""stateful_temporal"": true, ""temporal_bptt_steps"": 8, ""temporal_d_model"": 32, ""time_window"": 3, ""use_act"": true, ""weight_decay"": 1.9841764044695802e-08}"
sensitivity,weight_decay,1.9841764044695798e-06,1.9841764044695798e-06,weight_decay=1.9841764044695798e-06,1,43,ndcg,94,,0.994954531680077,0.994954531680077,,1.8412582874298096,1.84125816822052,0.994954531680077,1.8412582874298096,3,"{""add_hp"": false, ""add_lp"": false, ""closure_hops"": 2, ""d"": 4, ""deg_normalised"": false, ""dropout"": 0.0, ""early_stopping_patience"": 24, ""edge_weights"": false, ""epochs"": 200, ""eval_every"": 2, ""hidden_channels"": 64, ""input_dropout"": 0.0, ""layers"": 3, ""left_weights"": true, ""linear"": false, ""lr"": 0.012487940706903825, ""max_t"": 1.0, ""min_delta"": 0.0, ""min_epochs_before_stopping"": 30, ""normalised"": true, ""orth"": ""householder"", ""right_weights"": true, ""second_linear"": false, ""sheaf_act"": ""tanh"", ""skip_train_eval"": true, ""sparse_learner"": false, ""stateful_temporal"": true, ""temporal_bptt_steps"": 8, ""temporal_d_model"": 32, ""time_window"": 3, ""use_act"": true, ""weight_decay"": 1.9841764044695798e-06}"
sensitivity,weight_decay,1.9841764044695798e-06,1.9841764044695798e-06,weight_decay=1.9841764044695798e-06,2,44,ndcg,120,,0.9977460137742112,0.9977460137742112,,1.8166704177856445,1.8166701793670654,0.9977460137742112,1.8166701793670654,3,"{""add_hp"": false, ""add_lp"": false, ""closure_hops"": 2, ""d"": 4, ""deg_normalised"": false, ""dropout"": 0.0, ""early_stopping_patience"": 24, ""edge_weights"": false, ""epochs"": 200, ""eval_every"": 2, ""hidden_channels"": 64, ""input_dropout"": 0.0, ""layers"": 3, ""left_weights"": true, ""linear"": false, ""lr"": 0.012487940706903825, ""max_t"": 1.0, ""min_delta"": 0.0, ""min_epochs_before_stopping"": 30, ""normalised"": true, ""orth"": ""householder"", ""right_weights"": true, ""second_linear"": false, ""sheaf_act"": ""tanh"", ""skip_train_eval"": true, ""sparse_learner"": false, ""stateful_temporal"": true, ""temporal_bptt_steps"": 8, ""temporal_d_model"": 32, ""time_window"": 3, ""use_act"": true, ""weight_decay"": 1.9841764044695798e-06}"
sensitivity,weight_decay,1.9841764044695798e-06,1.9841764044695798e-06,weight_decay=1.9841764044695798e-06,3,45,ndcg,166,,0.9970899916088151,0.9970899916088151,,1.8184902667999268,1.8184902667999268,0.9970899916088151,1.8184902667999268,3,"{""add_hp"": false, ""add_lp"": false, ""closure_hops"": 2, ""d"": 4, ""deg_normalised"": false, ""dropout"": 0.0, ""early_stopping_patience"": 24, ""edge_weights"": false, ""epochs"": 200, ""eval_every"": 2, ""hidden_channels"": 64, ""input_dropout"": 0.0, ""layers"": 3, ""left_weights"": true, ""linear"": false, ""lr"": 0.012487940706903825, ""max_t"": 1.0, ""min_delta"": 0.0, ""min_epochs_before_stopping"": 30, ""normalised"": true, ""orth"": ""householder"", ""right_weights"": true, ""second_linear"": false, ""sheaf_act"": ""tanh"", ""skip_train_eval"": true, ""sparse_learner"": false, ""stateful_temporal"": true, ""temporal_bptt_steps"": 8, ""temporal_d_model"": 32, ""time_window"": 3, ""use_act"": true, ""weight_decay"": 1.9841764044695798e-06}"
sensitivity,weight_decay,1.9841764044695798e-06,1.9841764044695798e-06,weight_decay=1.9841764044695798e-06,4,46,ndcg,130,,0.9986434843185041,0.9986434843185041,,1.8090004920959473,1.8090004920959473,0.9986434843185041,1.8090004920959473,3,"{""add_hp"": false, ""add_lp"": false, ""closure_hops"": 2, ""d"": 4, ""deg_normalised"": false, ""dropout"": 0.0, ""early_stopping_patience"": 24, ""edge_weights"": false, ""epochs"": 200, ""eval_every"": 2, ""hidden_channels"": 64, ""input_dropout"": 0.0, ""layers"": 3, ""left_weights"": true, ""linear"": false, ""lr"": 0.012487940706903825, ""max_t"": 1.0, ""min_delta"": 0.0, ""min_epochs_before_stopping"": 30, ""normalised"": true, ""orth"": ""householder"", ""right_weights"": true, ""second_linear"": false, ""sheaf_act"": ""tanh"", ""skip_train_eval"": true, ""sparse_learner"": false, ""stateful_temporal"": true, ""temporal_bptt_steps"": 8, ""temporal_d_model"": 32, ""time_window"": 3, ""use_act"": true, ""weight_decay"": 1.9841764044695798e-06}"
sensitivity,weight_decay,1.9841764044695798e-06,1.9841764044695798e-06,weight_decay=1.9841764044695798e-06,5,47,ndcg,104,,0.997686310801892,0.997686310801892,,1.8161746263504028,1.8161746263504028,0.997686310801892,1.8161746263504028,3,"{""add_hp"": false, ""add_lp"": false, ""closure_hops"": 2, ""d"": 4, ""deg_normalised"": false, ""dropout"": 0.0, ""early_stopping_patience"": 24, ""edge_weights"": false, ""epochs"": 200, ""eval_every"": 2, ""hidden_channels"": 64, ""input_dropout"": 0.0, ""layers"": 3, ""left_weights"": true, ""linear"": false, ""lr"": 0.012487940706903825, ""max_t"": 1.0, ""min_delta"": 0.0, ""min_epochs_before_stopping"": 30, ""normalised"": true, ""orth"": ""householder"", ""right_weights"": true, ""second_linear"": false, ""sheaf_act"": ""tanh"", ""skip_train_eval"": true, ""sparse_learner"": false, ""stateful_temporal"": true, ""temporal_bptt_steps"": 8, ""temporal_d_model"": 32, ""time_window"": 3, ""use_act"": true, ""weight_decay"": 1.9841764044695798e-06}"
sensitivity,hidden_channels,64.0,64,hidden_channels=64,1,43,ndcg,144,,0.99826219453774,0.99826219453774,,1.8131731748580933,1.8131731748580933,0.99826219453774,1.8131731748580933,3,"{""add_hp"": false, ""add_lp"": false, ""closure_hops"": 2, ""d"": 4, ""deg_normalised"": false, ""dropout"": 0.0, ""early_stopping_patience"": 24, ""edge_weights"": false, ""epochs"": 200, ""eval_every"": 2, ""hidden_channels"": 64, ""input_dropout"": 0.0, ""layers"": 3, ""left_weights"": true, ""linear"": false, ""lr"": 0.012487940706903825, ""max_t"": 1.0, ""min_delta"": 0.0, ""min_epochs_before_stopping"": 30, ""normalised"": true, ""orth"": ""householder"", ""right_weights"": true, ""second_linear"": false, ""sheaf_act"": ""tanh"", ""skip_train_eval"": true, ""sparse_learner"": false, ""stateful_temporal"": true, ""temporal_bptt_steps"": 8, ""temporal_d_model"": 32, ""time_window"": 3, ""use_act"": true, ""weight_decay"": 1.98417640446958e-07}"
sensitivity,hidden_channels,64.0,64,hidden_channels=64,2,44,ndcg,136,,0.9983413570555089,0.9983413570555089,,1.8094546794891357,1.8094545602798462,0.9983413570555089,1.8094545602798462,3,"{""add_hp"": false, ""add_lp"": false, ""closure_hops"": 2, ""d"": 4, ""deg_normalised"": false, ""dropout"": 0.0, ""early_stopping_patience"": 24, ""edge_weights"": false, ""epochs"": 200, ""eval_every"": 2, ""hidden_channels"": 64, ""input_dropout"": 0.0, ""layers"": 3, ""left_weights"": true, ""linear"": false, ""lr"": 0.012487940706903825, ""max_t"": 1.0, ""min_delta"": 0.0, ""min_epochs_before_stopping"": 30, ""normalised"": true, ""orth"": ""householder"", ""right_weights"": true, ""second_linear"": false, ""sheaf_act"": ""tanh"", ""skip_train_eval"": true, ""sparse_learner"": false, ""stateful_temporal"": true, ""temporal_bptt_steps"": 8, ""temporal_d_model"": 32, ""time_window"": 3, ""use_act"": true, ""weight_decay"": 1.98417640446958e-07}"
sensitivity,hidden_channels,64.0,64,hidden_channels=64,3,45,ndcg,186,,0.9977180906976283,0.9977180906976283,,1.8123760223388672,1.8123760223388672,0.9977180906976283,1.8123760223388672,3,"{""add_hp"": false, ""add_lp"": false, ""closure_hops"": 2, ""d"": 4, ""deg_normalised"": false, ""dropout"": 0.0, ""early_stopping_patience"": 24, ""edge_weights"": false, ""epochs"": 200, ""eval_every"": 2, ""hidden_channels"": 64, ""input_dropout"": 0.0, ""layers"": 3, ""left_weights"": true, ""linear"": false, ""lr"": 0.012487940706903825, ""max_t"": 1.0, ""min_delta"": 0.0, ""min_epochs_before_stopping"": 30, ""normalised"": true, ""orth"": ""householder"", ""right_weights"": true, ""second_linear"": false, ""sheaf_act"": ""tanh"", ""skip_train_eval"": true, ""sparse_learner"": false, ""stateful_temporal"": true, ""temporal_bptt_steps"": 8, ""temporal_d_model"": 32, ""time_window"": 3, ""use_act"": true, ""weight_decay"": 1.98417640446958e-07}"
sensitivity,hidden_channels,64.0,64,hidden_channels=64,4,46,ndcg,118,,0.9982605724661975,0.9982605724661975,,1.812090277671814,1.812090277671814,0.9982605724661975,1.812090277671814,3,"{""add_hp"": false, ""add_lp"": false, ""closure_hops"": 2, ""d"": 4, ""deg_normalised"": false, ""dropout"": 0.0, ""early_stopping_patience"": 24, ""edge_weights"": false, ""epochs"": 200, ""eval_every"": 2, ""hidden_channels"": 64, ""input_dropout"": 0.0, ""layers"": 3, ""left_weights"": true, ""linear"": false, ""lr"": 0.012487940706903825, ""max_t"": 1.0, ""min_delta"": 0.0, ""min_epochs_before_stopping"": 30, ""normalised"": true, ""orth"": ""householder"", ""right_weights"": true, ""second_linear"": false, ""sheaf_act"": ""tanh"", ""skip_train_eval"": true, ""sparse_learner"": false, ""stateful_temporal"": true, ""temporal_bptt_steps"": 8, ""temporal_d_model"": 32, ""time_window"": 3, ""use_act"": true, ""weight_decay"": 1.98417640446958e-07}"
sensitivity,hidden_channels,64.0,64,hidden_channels=64,5,47,ndcg,116,,0.9983182540174133,0.9983182540174133,,1.811077356338501,1.811077356338501,0.9983182540174133,1.811077356338501,3,"{""add_hp"": false, ""add_lp"": false, ""closure_hops"": 2, ""d"": 4, ""deg_normalised"": false, ""dropout"": 0.0, ""early_stopping_patience"": 24, ""edge_weights"": false, ""epochs"": 200, ""eval_every"": 2, ""hidden_channels"": 64, ""input_dropout"": 0.0, ""layers"": 3, ""left_weights"": true, ""linear"": false, ""lr"": 0.012487940706903825, ""max_t"": 1.0, ""min_delta"": 0.0, ""min_epochs_before_stopping"": 30, ""normalised"": true, ""orth"": ""householder"", ""right_weights"": true, ""second_linear"": false, ""sheaf_act"": ""tanh"", ""skip_train_eval"": true, ""sparse_learner"": false, ""stateful_temporal"": true, ""temporal_bptt_steps"": 8, ""temporal_d_model"": 32, ""time_window"": 3, ""use_act"": true, ""weight_decay"": 1.98417640446958e-07}"
sensitivity,hidden_channels,32.0,32,hidden_channels=32,1,43,ndcg,166,,0.9980615540210999,0.9980615540210999,,1.813171625137329,1.813171625137329,0.9980615540210999,1.813171625137329,3,"{""add_hp"": false, ""add_lp"": false, ""closure_hops"": 2, ""d"": 4, ""deg_normalised"": false, ""dropout"": 0.0, ""early_stopping_patience"": 24, ""edge_weights"": false, ""epochs"": 200, ""eval_every"": 2, ""hidden_channels"": 32, ""input_dropout"": 0.0, ""layers"": 3, ""left_weights"": true, ""linear"": false, ""lr"": 0.012487940706903825, ""max_t"": 1.0, ""min_delta"": 0.0, ""min_epochs_before_stopping"": 30, ""normalised"": true, ""orth"": ""householder"", ""right_weights"": true, ""second_linear"": false, ""sheaf_act"": ""tanh"", ""skip_train_eval"": true, ""sparse_learner"": false, ""stateful_temporal"": true, ""temporal_bptt_steps"": 8, ""temporal_d_model"": 32, ""time_window"": 3, ""use_act"": true, ""weight_decay"": 1.98417640446958e-07}"
sensitivity,hidden_channels,32.0,32,hidden_channels=32,2,44,ndcg,118,,0.9960128159536183,0.9960128159536183,,1.8288967609405518,1.8288967609405518,0.9960128159536183,1.8288967609405518,3,"{""add_hp"": false, ""add_lp"": false, ""closure_hops"": 2, ""d"": 4, ""deg_normalised"": false, ""dropout"": 0.0, ""early_stopping_patience"": 24, ""edge_weights"": false, ""epochs"": 200, ""eval_every"": 2, ""hidden_channels"": 32, ""input_dropout"": 0.0, ""layers"": 3, ""left_weights"": true, ""linear"": false, ""lr"": 0.012487940706903825, ""max_t"": 1.0, ""min_delta"": 0.0, ""min_epochs_before_stopping"": 30, ""normalised"": true, ""orth"": ""householder"", ""right_weights"": true, ""second_linear"": false, ""sheaf_act"": ""tanh"", ""skip_train_eval"": true, ""sparse_learner"": false, ""stateful_temporal"": true, ""temporal_bptt_steps"": 8, ""temporal_d_model"": 32, ""time_window"": 3, ""use_act"": true, ""weight_decay"": 1.98417640446958e-07}"
sensitivity,hidden_channels,32.0,32,hidden_channels=32,3,45,ndcg,126,,0.993707952242823,0.993707952242823,,1.840783953666687,1.840783953666687,0.993707952242823,1.840783953666687,3,"{""add_hp"": false, ""add_lp"": false, ""closure_hops"": 2, ""d"": 4, ""deg_normalised"": false, ""dropout"": 0.0, ""early_stopping_patience"": 24, ""edge_weights"": false, ""epochs"": 200, ""eval_every"": 2, ""hidden_channels"": 32, ""input_dropout"": 0.0, ""layers"": 3, ""left_weights"": true, ""linear"": false, ""lr"": 0.012487940706903825, ""max_t"": 1.0, ""min_delta"": 0.0, ""min_epochs_before_stopping"": 30, ""normalised"": true, ""orth"": ""householder"", ""right_weights"": true, ""second_linear"": false, ""sheaf_act"": ""tanh"", ""skip_train_eval"": true, ""sparse_learner"": false, ""stateful_temporal"": true, ""temporal_bptt_steps"": 8, ""temporal_d_model"": 32, ""time_window"": 3, ""use_act"": true, ""weight_decay"": 1.98417640446958e-07}"
sensitivity,hidden_channels,32.0,32,hidden_channels=32,4,46,ndcg,128,,0.9974655825862869,0.9974655825862869,,1.817971110343933,1.8179709911346436,0.9974655825862869,1.817971110343933,3,"{""add_hp"": false, ""add_lp"": false, ""closure_hops"": 2, ""d"": 4, ""deg_normalised"": false, ""dropout"": 0.0, ""early_stopping_patience"": 24, ""edge_weights"": false, ""epochs"": 200, ""eval_every"": 2, ""hidden_channels"": 32, ""input_dropout"": 0.0, ""layers"": 3, ""left_weights"": true, ""linear"": false, ""lr"": 0.012487940706903825, ""max_t"": 1.0, ""min_delta"": 0.0, ""min_epochs_before_stopping"": 30, ""normalised"": true, ""orth"": ""householder"", ""right_weights"": true, ""second_linear"": false, ""sheaf_act"": ""tanh"", ""skip_train_eval"": true, ""sparse_learner"": false, ""stateful_temporal"": true, ""temporal_bptt_steps"": 8, ""temporal_d_model"": 32, ""time_window"": 3, ""use_act"": true, ""weight_decay"": 1.98417640446958e-07}"
sensitivity,hidden_channels,32.0,32,hidden_channels=32,5,47,ndcg,162,,0.9972517003717237,0.9972517003717237,,1.8193566799163818,1.8193565607070923,0.9972517003717237,1.8193565607070923,3,"{""add_hp"": false, ""add_lp"": false, ""closure_hops"": 2, ""d"": 4, ""deg_normalised"": false, ""dropout"": 0.0, ""early_stopping_patience"": 24, ""edge_weights"": false, ""epochs"": 200, ""eval_every"": 2, ""hidden_channels"": 32, ""input_dropout"": 0.0, ""layers"": 3, ""left_weights"": true, ""linear"": false, ""lr"": 0.012487940706903825, ""max_t"": 1.0, ""min_delta"": 0.0, ""min_epochs_before_stopping"": 30, ""normalised"": true, ""orth"": ""householder"", ""right_weights"": true, ""second_linear"": false, ""sheaf_act"": ""tanh"", ""skip_train_eval"": true, ""sparse_learner"": false, ""stateful_temporal"": true, ""temporal_bptt_steps"": 8, ""temporal_d_model"": 32, ""time_window"": 3, ""use_act"": true, ""weight_decay"": 1.98417640446958e-07}"
sensitivity,hidden_channels,96.0,96,hidden_channels=96,1,43,ndcg,188,,0.9969078570199064,0.9969078570199064,,1.819314956665039,1.8193148374557495,0.9969078570199064,1.8193148374557495,3,"{""add_hp"": false, ""add_lp"": false, ""closure_hops"": 2, ""d"": 4, ""deg_normalised"": false, ""dropout"": 0.0, ""early_stopping_patience"": 24, ""edge_weights"": false, ""epochs"": 200, ""eval_every"": 2, ""hidden_channels"": 96, ""input_dropout"": 0.0, ""layers"": 3, ""left_weights"": true, ""linear"": false, ""lr"": 0.012487940706903825, ""max_t"": 1.0, ""min_delta"": 0.0, ""min_epochs_before_stopping"": 30, ""normalised"": true, ""orth"": ""householder"", ""right_weights"": true, ""second_linear"": false, ""sheaf_act"": ""tanh"", ""skip_train_eval"": true, ""sparse_learner"": false, ""stateful_temporal"": true, ""temporal_bptt_steps"": 8, ""temporal_d_model"": 32, ""time_window"": 3, ""use_act"": true, ""weight_decay"": 1.98417640446958e-07}"
sensitivity,hidden_channels,96.0,96,hidden_channels=96,2,44,ndcg,134,,0.9979682858155623,0.9979682858155623,,1.8134372234344482,1.8134372234344482,0.9979682858155623,1.8134372234344482,3,"{""add_hp"": false, ""add_lp"": false, ""closure_hops"": 2, ""d"": 4, ""deg_normalised"": false, ""dropout"": 0.0, ""early_stopping_patience"": 24, ""edge_weights"": false, ""epochs"": 200, ""eval_every"": 2, ""hidden_channels"": 96, ""input_dropout"": 0.0, ""layers"": 3, ""left_weights"": true, ""linear"": false, ""lr"": 0.012487940706903825, ""max_t"": 1.0, ""min_delta"": 0.0, ""min_epochs_before_stopping"": 30, ""normalised"": true, ""orth"": ""householder"", ""right_weights"": true, ""second_linear"": false, ""sheaf_act"": ""tanh"", ""skip_train_eval"": true, ""sparse_learner"": false, ""stateful_temporal"": true, ""temporal_bptt_steps"": 8, ""temporal_d_model"": 32, ""time_window"": 3, ""use_act"": true, ""weight_decay"": 1.98417640446958e-07}"
sensitivity,hidden_channels,96.0,96,hidden_channels=96,3,45,ndcg,124,,0.993431673665778,0.993431673665778,,1.8420032262802124,1.8420032262802124,0.993431673665778,1.8420032262802124,3,"{""add_hp"": false, ""add_lp"": false, ""closure_hops"": 2, ""d"": 4, ""deg_normalised"": false, ""dropout"": 0.0, ""early_stopping_patience"": 24, ""edge_weights"": false, ""epochs"": 200, ""eval_every"": 2, ""hidden_channels"": 96, ""input_dropout"": 0.0, ""layers"": 3, ""left_weights"": true, ""linear"": false, ""lr"": 0.012487940706903825, ""max_t"": 1.0, ""min_delta"": 0.0, ""min_epochs_before_stopping"": 30, ""normalised"": true, ""orth"": ""householder"", ""right_weights"": true, ""second_linear"": false, ""sheaf_act"": ""tanh"", ""skip_train_eval"": true, ""sparse_learner"": false, ""stateful_temporal"": true, ""temporal_bptt_steps"": 8, ""temporal_d_model"": 32, ""time_window"": 3, ""use_act"": true, ""weight_decay"": 1.98417640446958e-07}"
sensitivity,hidden_channels,96.0,96,hidden_channels=96,4,46,ndcg,180,,0.9954532437185521,0.9954532437185521,,1.8240207433700562,1.8240207433700562,0.9954532437185521,1.8240207433700562,3,"{""add_hp"": false, ""add_lp"": false, ""closure_hops"": 2, ""d"": 4, ""deg_normalised"": false, ""dropout"": 0.0, ""early_stopping_patience"": 24, ""edge_weights"": false, ""epochs"": 200, ""eval_every"": 2, ""hidden_channels"": 96, ""input_dropout"": 0.0, ""layers"": 3, ""left_weights"": true, ""linear"": false, ""lr"": 0.012487940706903825, ""max_t"": 1.0, ""min_delta"": 0.0, ""min_epochs_before_stopping"": 30, ""normalised"": true, ""orth"": ""householder"", ""right_weights"": true, ""second_linear"": false, ""sheaf_act"": ""tanh"", ""skip_train_eval"": true, ""sparse_learner"": false, ""stateful_temporal"": true, ""temporal_bptt_steps"": 8, ""temporal_d_model"": 32, ""time_window"": 3, ""use_act"": true, ""weight_decay"": 1.98417640446958e-07}"
sensitivity,hidden_channels,96.0,96,hidden_channels=96,5,47,ndcg,112,,0.9986056980691889,0.9986056980691889,,1.8098419904708862,1.8098419904708862,0.9986056980691889,1.8098419904708862,3,"{""add_hp"": false, ""add_lp"": false, ""closure_hops"": 2, ""d"": 4, ""deg_normalised"": false, ""dropout"": 0.0, ""early_stopping_patience"": 24, ""edge_weights"": false, ""epochs"": 200, ""eval_every"": 2, ""hidden_channels"": 96, ""input_dropout"": 0.0, ""layers"": 3, ""left_weights"": true, ""linear"": false, ""lr"": 0.012487940706903825, ""max_t"": 1.0, ""min_delta"": 0.0, ""min_epochs_before_stopping"": 30, ""normalised"": true, ""orth"": ""householder"", ""right_weights"": true, ""second_linear"": false, ""sheaf_act"": ""tanh"", ""skip_train_eval"": true, ""sparse_learner"": false, ""stateful_temporal"": true, ""temporal_bptt_steps"": 8, ""temporal_d_model"": 32, ""time_window"": 3, ""use_act"": true, ""weight_decay"": 1.98417640446958e-07}"
sensitivity,layers,3.0,3,layers=3,1,43,ndcg,128,,0.9971960500172666,0.9971960500172666,,1.819043517112732,1.819043517112732,0.9971960500172666,1.819043517112732,3,"{""add_hp"": false, ""add_lp"": false, ""closure_hops"": 2, ""d"": 4, ""deg_normalised"": false, ""dropout"": 0.0, ""early_stopping_patience"": 24, ""edge_weights"": false, ""epochs"": 200, ""eval_every"": 2, ""hidden_channels"": 64, ""input_dropout"": 0.0, ""layers"": 3, ""left_weights"": true, ""linear"": false, ""lr"": 0.012487940706903825, ""max_t"": 1.0, ""min_delta"": 0.0, ""min_epochs_before_stopping"": 30, ""normalised"": true, ""orth"": ""householder"", ""right_weights"": true, ""second_linear"": false, ""sheaf_act"": ""tanh"", ""skip_train_eval"": true, ""sparse_learner"": false, ""stateful_temporal"": true, ""temporal_bptt_steps"": 8, ""temporal_d_model"": 32, ""time_window"": 3, ""use_act"": true, ""weight_decay"": 1.98417640446958e-07}"
sensitivity,layers,3.0,3,layers=3,2,44,ndcg,100,,0.9971014502909468,0.9971014502909468,,1.821672797203064,1.821672797203064,0.9971014502909468,1.821672797203064,3,"{""add_hp"": false, ""add_lp"": false, ""closure_hops"": 2, ""d"": 4, ""deg_normalised"": false, ""dropout"": 0.0, ""early_stopping_patience"": 24, ""edge_weights"": false, ""epochs"": 200, ""eval_every"": 2, ""hidden_channels"": 64, ""input_dropout"": 0.0, ""layers"": 3, ""left_weights"": true, ""linear"": false, ""lr"": 0.012487940706903825, ""max_t"": 1.0, ""min_delta"": 0.0, ""min_epochs_before_stopping"": 30, ""normalised"": true, ""orth"": ""householder"", ""right_weights"": true, ""second_linear"": false, ""sheaf_act"": ""tanh"", ""skip_train_eval"": true, ""sparse_learner"": false, ""stateful_temporal"": true, ""temporal_bptt_steps"": 8, ""temporal_d_model"": 32, ""time_window"": 3, ""use_act"": true, ""weight_decay"": 1.98417640446958e-07}"
sensitivity,layers,3.0,3,layers=3,3,45,ndcg,98,,0.9874808748447698,0.9874808748447698,,1.8723514080047607,1.8723514080047607,0.9874808748447698,1.8723516464233398,3,"{""add_hp"": false, ""add_lp"": false, ""closure_hops"": 2, ""d"": 4, ""deg_normalised"": false, ""dropout"": 0.0, ""early_stopping_patience"": 24, ""edge_weights"": false, ""epochs"": 200, ""eval_every"": 2, ""hidden_channels"": 64, ""input_dropout"": 0.0, ""layers"": 3, ""left_weights"": true, ""linear"": false, ""lr"": 0.012487940706903825, ""max_t"": 1.0, ""min_delta"": 0.0, ""min_epochs_before_stopping"": 30, ""normalised"": true, ""orth"": ""householder"", ""right_weights"": true, ""second_linear"": false, ""sheaf_act"": ""tanh"", ""skip_train_eval"": true, ""sparse_learner"": false, ""stateful_temporal"": true, ""temporal_bptt_steps"": 8, ""temporal_d_model"": 32, ""time_window"": 3, ""use_act"": true, ""weight_decay"": 1.98417640446958e-07}"
sensitivity,layers,3.0,3,layers=3,4,46,ndcg,120,,0.9984960727108241,0.9984960727108241,,1.811008095741272,1.811008095741272,0.9984960727108241,1.8110082149505615,3,"{""add_hp"": false, ""add_lp"": false, ""closure_hops"": 2, ""d"": 4, ""deg_normalised"": false, ""dropout"": 0.0, ""early_stopping_patience"": 24, ""edge_weights"": false, ""epochs"": 200, ""eval_every"": 2, ""hidden_channels"": 64, ""input_dropout"": 0.0, ""layers"": 3, ""left_weights"": true, ""linear"": false, ""lr"": 0.012487940706903825, ""max_t"": 1.0, ""min_delta"": 0.0, ""min_epochs_before_stopping"": 30, ""normalised"": true, ""orth"": ""householder"", ""right_weights"": true, ""second_linear"": false, ""sheaf_act"": ""tanh"", ""skip_train_eval"": true, ""sparse_learner"": false, ""stateful_temporal"": true, ""temporal_bptt_steps"": 8, ""temporal_d_model"": 32, ""time_window"": 3, ""use_act"": true, ""weight_decay"": 1.98417640446958e-07}"
sensitivity,layers,3.0,3,layers=3,5,47,ndcg,92,,0.997567417513625,0.997567417513625,,1.8220396041870117,1.8220396041870117,0.997567417513625,1.8220396041870117,3,"{""add_hp"": false, ""add_lp"": false, ""closure_hops"": 2, ""d"": 4, ""deg_normalised"": false, ""dropout"": 0.0, ""early_stopping_patience"": 24, ""edge_weights"": false, ""epochs"": 200, ""eval_every"": 2, ""hidden_channels"": 64, ""input_dropout"": 0.0, ""layers"": 3, ""left_weights"": true, ""linear"": false, ""lr"": 0.012487940706903825, ""max_t"": 1.0, ""min_delta"": 0.0, ""min_epochs_before_stopping"": 30, ""normalised"": true, ""orth"": ""householder"", ""right_weights"": true, ""second_linear"": false, ""sheaf_act"": ""tanh"", ""skip_train_eval"": true, ""sparse_learner"": false, ""stateful_temporal"": true, ""temporal_bptt_steps"": 8, ""temporal_d_model"": 32, ""time_window"": 3, ""use_act"": true, ""weight_decay"": 1.98417640446958e-07}"
sensitivity,layers,2.0,2,layers=2,1,43,ndcg,136,,0.9971040916552639,0.9971040916552639,,1.8220672607421875,1.8220672607421875,0.9971040916552639,1.822067141532898,3,"{""add_hp"": false, ""add_lp"": false, ""closure_hops"": 2, ""d"": 4, ""deg_normalised"": false, ""dropout"": 0.0, ""early_stopping_patience"": 24, ""edge_weights"": false, ""epochs"": 200, ""eval_every"": 2, ""hidden_channels"": 64, ""input_dropout"": 0.0, ""layers"": 2, ""left_weights"": true, ""linear"": false, ""lr"": 0.012487940706903825, ""max_t"": 1.0, ""min_delta"": 0.0, ""min_epochs_before_stopping"": 30, ""normalised"": true, ""orth"": ""householder"", ""right_weights"": true, ""second_linear"": false, ""sheaf_act"": ""tanh"", ""skip_train_eval"": true, ""sparse_learner"": false, ""stateful_temporal"": true, ""temporal_bptt_steps"": 8, ""temporal_d_model"": 32, ""time_window"": 3, ""use_act"": true, ""weight_decay"": 1.98417640446958e-07}"
sensitivity,layers,2.0,2,layers=2,2,44,ndcg,162,,0.9982645699947792,0.9982645699947792,,1.8066381216049194,1.8066381216049194,0.9982645699947792,1.8066381216049194,3,"{""add_hp"": false, ""add_lp"": false, ""closure_hops"": 2, ""d"": 4, ""deg_normalised"": false, ""dropout"": 0.0, ""early_stopping_patience"": 24, ""edge_weights"": false, ""epochs"": 200, ""eval_every"": 2, ""hidden_channels"": 64, ""input_dropout"": 0.0, ""layers"": 2, ""left_weights"": true, ""linear"": false, ""lr"": 0.012487940706903825, ""max_t"": 1.0, ""min_delta"": 0.0, ""min_epochs_before_stopping"": 30, ""normalised"": true, ""orth"": ""householder"", ""right_weights"": true, ""second_linear"": false, ""sheaf_act"": ""tanh"", ""skip_train_eval"": true, ""sparse_learner"": false, ""stateful_temporal"": true, ""temporal_bptt_steps"": 8, ""temporal_d_model"": 32, ""time_window"": 3, ""use_act"": true, ""weight_decay"": 1.98417640446958e-07}"
sensitivity,layers,2.0,2,layers=2,3,45,ndcg,106,,0.9967528786019879,0.9967528786019879,,1.8280596733093262,1.8280596733093262,0.9967528786019879,1.8280596733093262,3,"{""add_hp"": false, ""add_lp"": false, ""closure_hops"": 2, ""d"": 4, ""deg_normalised"": false, ""dropout"": 0.0, ""early_stopping_patience"": 24, ""edge_weights"": false, ""epochs"": 200, ""eval_every"": 2, ""hidden_channels"": 64, ""input_dropout"": 0.0, ""layers"": 2, ""left_weights"": true, ""linear"": false, ""lr"": 0.012487940706903825, ""max_t"": 1.0, ""min_delta"": 0.0, ""min_epochs_before_stopping"": 30, ""normalised"": true, ""orth"": ""householder"", ""right_weights"": true, ""second_linear"": false, ""sheaf_act"": ""tanh"", ""skip_train_eval"": true, ""sparse_learner"": false, ""stateful_temporal"": true, ""temporal_bptt_steps"": 8, ""temporal_d_model"": 32, ""time_window"": 3, ""use_act"": true, ""weight_decay"": 1.98417640446958e-07}"
sensitivity,layers,2.0,2,layers=2,4,46,ndcg,112,,0.997640609948212,0.997640609948212,,1.8173165321350098,1.8173165321350098,0.997640609948212,1.8173165321350098,3,"{""add_hp"": false, ""add_lp"": false, ""closure_hops"": 2, ""d"": 4, ""deg_normalised"": false, ""dropout"": 0.0, ""early_stopping_patience"": 24, ""edge_weights"": false, ""epochs"": 200, ""eval_every"": 2, ""hidden_channels"": 64, ""input_dropout"": 0.0, ""layers"": 2, ""left_weights"": true, ""linear"": false, ""lr"": 0.012487940706903825, ""max_t"": 1.0, ""min_delta"": 0.0, ""min_epochs_before_stopping"": 30, ""normalised"": true, ""orth"": ""householder"", ""right_weights"": true, ""second_linear"": false, ""sheaf_act"": ""tanh"", ""skip_train_eval"": true, ""sparse_learner"": false, ""stateful_temporal"": true, ""temporal_bptt_steps"": 8, ""temporal_d_model"": 32, ""time_window"": 3, ""use_act"": true, ""weight_decay"": 1.98417640446958e-07}"
sensitivity,layers,2.0,2,layers=2,5,47,ndcg,144,,0.9966637750040589,0.9966637750040589,,1.8184089660644531,1.8184089660644531,0.9966637750040589,1.8184089660644531,3,"{""add_hp"": false, ""add_lp"": false, ""closure_hops"": 2, ""d"": 4, ""deg_normalised"": false, ""dropout"": 0.0, ""early_stopping_patience"": 24, ""edge_weights"": false, ""epochs"": 200, ""eval_every"": 2, ""hidden_channels"": 64, ""input_dropout"": 0.0, ""layers"": 2, ""left_weights"": true, ""linear"": false, ""lr"": 0.012487940706903825, ""max_t"": 1.0, ""min_delta"": 0.0, ""min_epochs_before_stopping"": 30, ""normalised"": true, ""orth"": ""householder"", ""right_weights"": true, ""second_linear"": false, ""sheaf_act"": ""tanh"", ""skip_train_eval"": true, ""sparse_learner"": false, ""stateful_temporal"": true, ""temporal_bptt_steps"": 8, ""temporal_d_model"": 32, ""time_window"": 3, ""use_act"": true, ""weight_decay"": 1.98417640446958e-07}"
sensitivity,layers,4.0,4,layers=4,1,43,ndcg,98,,0.9981591520277799,0.9981591520277799,,1.8181064128875732,1.8181064128875732,0.9981591520277799,1.8181064128875732,3,"{""add_hp"": false, ""add_lp"": false, ""closure_hops"": 2, ""d"": 4, ""deg_normalised"": false, ""dropout"": 0.0, ""early_stopping_patience"": 24, ""edge_weights"": false, ""epochs"": 200, ""eval_every"": 2, ""hidden_channels"": 64, ""input_dropout"": 0.0, ""layers"": 4, ""left_weights"": true, ""linear"": false, ""lr"": 0.012487940706903825, ""max_t"": 1.0, ""min_delta"": 0.0, ""min_epochs_before_stopping"": 30, ""normalised"": true, ""orth"": ""householder"", ""right_weights"": true, ""second_linear"": false, ""sheaf_act"": ""tanh"", ""skip_train_eval"": true, ""sparse_learner"": false, ""stateful_temporal"": true, ""temporal_bptt_steps"": 8, ""temporal_d_model"": 32, ""time_window"": 3, ""use_act"": true, ""weight_decay"": 1.98417640446958e-07}"
sensitivity,layers,4.0,4,layers=4,2,44,ndcg,152,,0.997300003208627,0.997300003208627,,1.8175464868545532,1.8175464868545532,0.997300003208627,1.8175464868545532,3,"{""add_hp"": false, ""add_lp"": false, ""closure_hops"": 2, ""d"": 4, ""deg_normalised"": false, ""dropout"": 0.0, ""early_stopping_patience"": 24, ""edge_weights"": false, ""epochs"": 200, ""eval_every"": 2, ""hidden_channels"": 64, ""input_dropout"": 0.0, ""layers"": 4, ""left_weights"": true, ""linear"": false, ""lr"": 0.012487940706903825, ""max_t"": 1.0, ""min_delta"": 0.0, ""min_epochs_before_stopping"": 30, ""normalised"": true, ""orth"": ""householder"", ""right_weights"": true, ""second_linear"": false, ""sheaf_act"": ""tanh"", ""skip_train_eval"": true, ""sparse_learner"": false, ""stateful_temporal"": true, ""temporal_bptt_steps"": 8, ""temporal_d_model"": 32, ""time_window"": 3, ""use_act"": true, ""weight_decay"": 1.98417640446958e-07}"
sensitivity,layers,4.0,4,layers=4,3,45,ndcg,200,,0.9948271153043987,0.9948271153043987,,1.8230832815170288,1.8230832815170288,0.9948271153043987,1.8230832815170288,3,"{""add_hp"": false, ""add_lp"": false, ""closure_hops"": 2, ""d"": 4, ""deg_normalised"": false, ""dropout"": 0.0, ""early_stopping_patience"": 24, ""edge_weights"": false, ""epochs"": 200, ""eval_every"": 2, ""hidden_channels"": 64, ""input_dropout"": 0.0, ""layers"": 4, ""left_weights"": true, ""linear"": false, ""lr"": 0.012487940706903825, ""max_t"": 1.0, ""min_delta"": 0.0, ""min_epochs_before_stopping"": 30, ""normalised"": true, ""orth"": ""householder"", ""right_weights"": true, ""second_linear"": false, ""sheaf_act"": ""tanh"", ""skip_train_eval"": true, ""sparse_learner"": false, ""stateful_temporal"": true, ""temporal_bptt_steps"": 8, ""temporal_d_model"": 32, ""time_window"": 3, ""use_act"": true, ""weight_decay"": 1.98417640446958e-07}"
sensitivity,layers,4.0,4,layers=4,4,46,ndcg,138,,0.9987078728004416,0.9987078728004416,,1.8073431253433228,1.8073428869247437,0.9987078728004416,1.8073431253433228,3,"{""add_hp"": false, ""add_lp"": false, ""closure_hops"": 2, ""d"": 4, ""deg_normalised"": false, ""dropout"": 0.0, ""early_stopping_patience"": 24, ""edge_weights"": false, ""epochs"": 200, ""eval_every"": 2, ""hidden_channels"": 64, ""input_dropout"": 0.0, ""layers"": 4, ""left_weights"": true, ""linear"": false, ""lr"": 0.012487940706903825, ""max_t"": 1.0, ""min_delta"": 0.0, ""min_epochs_before_stopping"": 30, ""normalised"": true, ""orth"": ""householder"", ""right_weights"": true, ""second_linear"": false, ""sheaf_act"": ""tanh"", ""skip_train_eval"": true, ""sparse_learner"": false, ""stateful_temporal"": true, ""temporal_bptt_steps"": 8, ""temporal_d_model"": 32, ""time_window"": 3, ""use_act"": true, ""weight_decay"": 1.98417640446958e-07}"
sensitivity,layers,4.0,4,layers=4,5,47,ndcg,138,,0.9976074613360164,0.9976074613360164,,1.8156944513320923,1.8156945705413818,0.9976074613360164,1.8156944513320923,3,"{""add_hp"": false, ""add_lp"": false, ""closure_hops"": 2, ""d"": 4, ""deg_normalised"": false, ""dropout"": 0.0, ""early_stopping_patience"": 24, ""edge_weights"": false, ""epochs"": 200, ""eval_every"": 2, ""hidden_channels"": 64, ""input_dropout"": 0.0, ""layers"": 4, ""left_weights"": true, ""linear"": false, ""lr"": 0.012487940706903825, ""max_t"": 1.0, ""min_delta"": 0.0, ""min_epochs_before_stopping"": 30, ""normalised"": true, ""orth"": ""householder"", ""right_weights"": true, ""second_linear"": false, ""sheaf_act"": ""tanh"", ""skip_train_eval"": true, ""sparse_learner"": false, ""stateful_temporal"": true, ""temporal_bptt_steps"": 8, ""temporal_d_model"": 32, ""time_window"": 3, ""use_act"": true, ""weight_decay"": 1.98417640446958e-07}"
sensitivity,dropout,0.0,0.0,dropout=0.0,1,43,ndcg,170,,0.9983104447150769,0.9983104447150769,,1.8076001405715942,1.8076001405715942,0.9983104447150769,1.8076001405715942,3,"{""add_hp"": false, ""add_lp"": false, ""closure_hops"": 2, ""d"": 4, ""deg_normalised"": false, ""dropout"": 0.0, ""early_stopping_patience"": 24, ""edge_weights"": false, ""epochs"": 200, ""eval_every"": 2, ""hidden_channels"": 64, ""input_dropout"": 0.0, ""layers"": 3, ""left_weights"": true, ""linear"": false, ""lr"": 0.012487940706903825, ""max_t"": 1.0, ""min_delta"": 0.0, ""min_epochs_before_stopping"": 30, ""normalised"": true, ""orth"": ""householder"", ""right_weights"": true, ""second_linear"": false, ""sheaf_act"": ""tanh"", ""skip_train_eval"": true, ""sparse_learner"": false, ""stateful_temporal"": true, ""temporal_bptt_steps"": 8, ""temporal_d_model"": 32, ""time_window"": 3, ""use_act"": true, ""weight_decay"": 1.98417640446958e-07}"
sensitivity,dropout,0.0,0.0,dropout=0.0,2,44,ndcg,114,,0.9975213781860143,0.9975213781860143,,1.8160756826400757,1.8160756826400757,0.9975213781860143,1.8160756826400757,3,"{""add_hp"": false, ""add_lp"": false, ""closure_hops"": 2, ""d"": 4, ""deg_normalised"": false, ""dropout"": 0.0, ""early_stopping_patience"": 24, ""edge_weights"": false, ""epochs"": 200, ""eval_every"": 2, ""hidden_channels"": 64, ""input_dropout"": 0.0, ""layers"": 3, ""left_weights"": true, ""linear"": false, ""lr"": 0.012487940706903825, ""max_t"": 1.0, ""min_delta"": 0.0, ""min_epochs_before_stopping"": 30, ""normalised"": true, ""orth"": ""householder"", ""right_weights"": true, ""second_linear"": false, ""sheaf_act"": ""tanh"", ""skip_train_eval"": true, ""sparse_learner"": false, ""stateful_temporal"": true, ""temporal_bptt_steps"": 8, ""temporal_d_model"": 32, ""time_window"": 3, ""use_act"": true, ""weight_decay"": 1.98417640446958e-07}"
sensitivity,dropout,0.0,0.0,dropout=0.0,3,45,ndcg,152,,0.9965699537393526,0.9965699537393526,,1.8235220909118652,1.8235220909118652,0.9965699537393526,1.8235220909118652,3,"{""add_hp"": false, ""add_lp"": false, ""closure_hops"": 2, ""d"": 4, ""deg_normalised"": false, ""dropout"": 0.0, ""early_stopping_patience"": 24, ""edge_weights"": false, ""epochs"": 200, ""eval_every"": 2, ""hidden_channels"": 64, ""input_dropout"": 0.0, ""layers"": 3, ""left_weights"": true, ""linear"": false, ""lr"": 0.012487940706903825, ""max_t"": 1.0, ""min_delta"": 0.0, ""min_epochs_before_stopping"": 30, ""normalised"": true, ""orth"": ""householder"", ""right_weights"": true, ""second_linear"": false, ""sheaf_act"": ""tanh"", ""skip_train_eval"": true, ""sparse_learner"": false, ""stateful_temporal"": true, ""temporal_bptt_steps"": 8, ""temporal_d_model"": 32, ""time_window"": 3, ""use_act"": true, ""weight_decay"": 1.98417640446958e-07}"
sensitivity,dropout,0.0,0.0,dropout=0.0,4,46,ndcg,120,,0.9982655644348374,0.9982655644348374,,1.8114292621612549,1.8114292621612549,0.9982655644348374,1.8114292621612549,3,"{""add_hp"": false, ""add_lp"": false, ""closure_hops"": 2, ""d"": 4, ""deg_normalised"": false, ""dropout"": 0.0, ""early_stopping_patience"": 24, ""edge_weights"": false, ""epochs"": 200, ""eval_every"": 2, ""hidden_channels"": 64, ""input_dropout"": 0.0, ""layers"": 3, ""left_weights"": true, ""linear"": false, ""lr"": 0.012487940706903825, ""max_t"": 1.0, ""min_delta"": 0.0, ""min_epochs_before_stopping"": 30, ""normalised"": true, ""orth"": ""householder"", ""right_weights"": true, ""second_linear"": false, ""sheaf_act"": ""tanh"", ""skip_train_eval"": true, ""sparse_learner"": false, ""stateful_temporal"": true, ""temporal_bptt_steps"": 8, ""temporal_d_model"": 32, ""time_window"": 3, ""use_act"": true, ""weight_decay"": 1.98417640446958e-07}"
sensitivity,dropout,0.0,0.0,dropout=0.0,5,47,ndcg,92,,0.9970391154409641,0.9970391154409641,,1.8240423202514648,1.8240423202514648,0.9970391154409641,1.8240420818328857,3,"{""add_hp"": false, ""add_lp"": false, ""closure_hops"": 2, ""d"": 4, ""deg_normalised"": false, ""dropout"": 0.0, ""early_stopping_patience"": 24, ""edge_weights"": false, ""epochs"": 200, ""eval_every"": 2, ""hidden_channels"": 64, ""input_dropout"": 0.0, ""layers"": 3, ""left_weights"": true, ""linear"": false, ""lr"": 0.012487940706903825, ""max_t"": 1.0, ""min_delta"": 0.0, ""min_epochs_before_stopping"": 30, ""normalised"": true, ""orth"": ""householder"", ""right_weights"": true, ""second_linear"": false, ""sheaf_act"": ""tanh"", ""skip_train_eval"": true, ""sparse_learner"": false, ""stateful_temporal"": true, ""temporal_bptt_steps"": 8, ""temporal_d_model"": 32, ""time_window"": 3, ""use_act"": true, ""weight_decay"": 1.98417640446958e-07}"
sensitivity,dropout,0.05,0.05,dropout=0.05,1,43,ndcg,130,,0.9891697810940228,0.9891697810940228,,1.86055588722229,1.86055588722229,0.9891697810940228,1.86055588722229,3,"{""add_hp"": false, ""add_lp"": false, ""closure_hops"": 2, ""d"": 4, ""deg_normalised"": false, ""dropout"": 0.05, ""early_stopping_patience"": 24, ""edge_weights"": false, ""epochs"": 200, ""eval_every"": 2, ""hidden_channels"": 64, ""input_dropout"": 0.0, ""layers"": 3, ""left_weights"": true, ""linear"": false, ""lr"": 0.012487940706903825, ""max_t"": 1.0, ""min_delta"": 0.0, ""min_epochs_before_stopping"": 30, ""normalised"": true, ""orth"": ""householder"", ""right_weights"": true, ""second_linear"": false, ""sheaf_act"": ""tanh"", ""skip_train_eval"": true, ""sparse_learner"": false, ""stateful_temporal"": true, ""temporal_bptt_steps"": 8, ""temporal_d_model"": 32, ""time_window"": 3, ""use_act"": true, ""weight_decay"": 1.98417640446958e-07}"
sensitivity,dropout,0.05,0.05,dropout=0.05,2,44,ndcg,120,,0.9906240866101803,0.9906240866101803,,1.8625460863113403,1.8625458478927612,0.9906240866101803,1.8625458478927612,3,"{""add_hp"": false, ""add_lp"": false, ""closure_hops"": 2, ""d"": 4, ""deg_normalised"": false, ""dropout"": 0.05, ""early_stopping_patience"": 24, ""edge_weights"": false, ""epochs"": 200, ""eval_every"": 2, ""hidden_channels"": 64, ""input_dropout"": 0.0, ""layers"": 3, ""left_weights"": true, ""linear"": false, ""lr"": 0.012487940706903825, ""max_t"": 1.0, ""min_delta"": 0.0, ""min_epochs_before_stopping"": 30, ""normalised"": true, ""orth"": ""householder"", ""right_weights"": true, ""second_linear"": false, ""sheaf_act"": ""tanh"", ""skip_train_eval"": true, ""sparse_learner"": false, ""stateful_temporal"": true, ""temporal_bptt_steps"": 8, ""temporal_d_model"": 32, ""time_window"": 3, ""use_act"": true, ""weight_decay"": 1.98417640446958e-07}"
sensitivity,dropout,0.05,0.05,dropout=0.05,3,45,ndcg,134,,0.9880650347259814,0.9880650347259814,,1.8684889078140259,1.8684889078140259,0.9880650347259814,1.8684889078140259,3,"{""add_hp"": false, ""add_lp"": false, ""closure_hops"": 2, ""d"": 4, ""deg_normalised"": false, ""dropout"": 0.05, ""early_stopping_patience"": 24, ""edge_weights"": false, ""epochs"": 200, ""eval_every"": 2, ""hidden_channels"": 64, ""input_dropout"": 0.0, ""layers"": 3, ""left_weights"": true, ""linear"": false, ""lr"": 0.012487940706903825, ""max_t"": 1.0, ""min_delta"": 0.0, ""min_epochs_before_stopping"": 30, ""normalised"": true, ""orth"": ""householder"", ""right_weights"": true, ""second_linear"": false, ""sheaf_act"": ""tanh"", ""skip_train_eval"": true, ""sparse_learner"": false, ""stateful_temporal"": true, ""temporal_bptt_steps"": 8, ""temporal_d_model"": 32, ""time_window"": 3, ""use_act"": true, ""weight_decay"": 1.98417640446958e-07}"
sensitivity,dropout,0.05,0.05,dropout=0.05,4,46,ndcg,102,,0.9860511137339313,0.9860511137339313,,1.88099205493927,1.8809919357299805,0.9860511137339313,1.88099205493927,3,"{""add_hp"": false, ""add_lp"": false, ""closure_hops"": 2, ""d"": 4, ""deg_normalised"": false, ""dropout"": 0.05, ""early_stopping_patience"": 24, ""edge_weights"": false, ""epochs"": 200, ""eval_every"": 2, ""hidden_channels"": 64, ""input_dropout"": 0.0, ""layers"": 3, ""left_weights"": true, ""linear"": false, ""lr"": 0.012487940706903825, ""max_t"": 1.0, ""min_delta"": 0.0, ""min_epochs_before_stopping"": 30, ""normalised"": true, ""orth"": ""householder"", ""right_weights"": true, ""second_linear"": false, ""sheaf_act"": ""tanh"", ""skip_train_eval"": true, ""sparse_learner"": false, ""stateful_temporal"": true, ""temporal_bptt_steps"": 8, ""temporal_d_model"": 32, ""time_window"": 3, ""use_act"": true, ""weight_decay"": 1.98417640446958e-07}"
sensitivity,dropout,0.05,0.05,dropout=0.05,5,47,ndcg,150,,0.9899074897796653,0.9899074897796653,,1.8528059720993042,1.852805733680725,0.9899074897796653,1.852805733680725,3,"{""add_hp"": false, ""add_lp"": false, ""closure_hops"": 2, ""d"": 4, ""deg_normalised"": false, ""dropout"": 0.05, ""early_stopping_patience"": 24, ""edge_weights"": false, ""epochs"": 200, ""eval_every"": 2, ""hidden_channels"": 64, ""input_dropout"": 0.0, ""layers"": 3, ""left_weights"": true, ""linear"": false, ""lr"": 0.012487940706903825, ""max_t"": 1.0, ""min_delta"": 0.0, ""min_epochs_before_stopping"": 30, ""normalised"": true, ""orth"": ""householder"", ""right_weights"": true, ""second_linear"": false, ""sheaf_act"": ""tanh"", ""skip_train_eval"": true, ""sparse_learner"": false, ""stateful_temporal"": true, ""temporal_bptt_steps"": 8, ""temporal_d_model"": 32, ""time_window"": 3, ""use_act"": true, ""weight_decay"": 1.98417640446958e-07}"
sensitivity,dropout,0.1,0.1,dropout=0.1,1,43,ndcg,146,,0.9884260301362245,0.9884260301362245,,1.870498538017273,1.870498538017273,0.9884260301362245,1.870498538017273,3,"{""add_hp"": false, ""add_lp"": false, ""closure_hops"": 2, ""d"": 4, ""deg_normalised"": false, ""dropout"": 0.1, ""early_stopping_patience"": 24, ""edge_weights"": false, ""epochs"": 200, ""eval_every"": 2, ""hidden_channels"": 64, ""input_dropout"": 0.0, ""layers"": 3, ""left_weights"": true, ""linear"": false, ""lr"": 0.012487940706903825, ""max_t"": 1.0, ""min_delta"": 0.0, ""min_epochs_before_stopping"": 30, ""normalised"": true, ""orth"": ""householder"", ""right_weights"": true, ""second_linear"": false, ""sheaf_act"": ""tanh"", ""skip_train_eval"": true, ""sparse_learner"": false, ""stateful_temporal"": true, ""temporal_bptt_steps"": 8, ""temporal_d_model"": 32, ""time_window"": 3, ""use_act"": true, ""weight_decay"": 1.98417640446958e-07}"
sensitivity,dropout,0.1,0.1,dropout=0.1,2,44,ndcg,194,,0.9901120322942663,0.9901120322942663,,1.8528878688812256,1.8528878688812256,0.9901120322942663,1.8528878688812256,3,"{""add_hp"": false, ""add_lp"": false, ""closure_hops"": 2, ""d"": 4, ""deg_normalised"": false, ""dropout"": 0.1, ""early_stopping_patience"": 24, ""edge_weights"": false, ""epochs"": 200, ""eval_every"": 2, ""hidden_channels"": 64, ""input_dropout"": 0.0, ""layers"": 3, ""left_weights"": true, ""linear"": false, ""lr"": 0.012487940706903825, ""max_t"": 1.0, ""min_delta"": 0.0, ""min_epochs_before_stopping"": 30, ""normalised"": true, ""orth"": ""householder"", ""right_weights"": true, ""second_linear"": false, ""sheaf_act"": ""tanh"", ""skip_train_eval"": true, ""sparse_learner"": false, ""stateful_temporal"": true, ""temporal_bptt_steps"": 8, ""temporal_d_model"": 32, ""time_window"": 3, ""use_act"": true, ""weight_decay"": 1.98417640446958e-07}"
sensitivity,dropout,0.1,0.1,dropout=0.1,3,45,ndcg,200,,0.9863267146987559,0.9863267146987559,,1.874815583229065,1.874815583229065,0.9863267146987559,1.874815583229065,3,"{""add_hp"": false, ""add_lp"": false, ""closure_hops"": 2, ""d"": 4, ""deg_normalised"": false, ""dropout"": 0.1, ""early_stopping_patience"": 24, ""edge_weights"": false, ""epochs"": 200, ""eval_every"": 2, ""hidden_channels"": 64, ""input_dropout"": 0.0, ""layers"": 3, ""left_weights"": true, ""linear"": false, ""lr"": 0.012487940706903825, ""max_t"": 1.0, ""min_delta"": 0.0, ""min_epochs_before_stopping"": 30, ""normalised"": true, ""orth"": ""householder"", ""right_weights"": true, ""second_linear"": false, ""sheaf_act"": ""tanh"", ""skip_train_eval"": true, ""sparse_learner"": false, ""stateful_temporal"": true, ""temporal_bptt_steps"": 8, ""temporal_d_model"": 32, ""time_window"": 3, ""use_act"": true, ""weight_decay"": 1.98417640446958e-07}"
sensitivity,dropout,0.1,0.1,dropout=0.1,4,46,ndcg,192,,0.9891084433357203,0.9891084433357203,,1.86083984375,1.86083984375,0.9891084433357203,1.86083984375,3,"{""add_hp"": false, ""add_lp"": false, ""closure_hops"": 2, ""d"": 4, ""deg_normalised"": false, ""dropout"": 0.1, ""early_stopping_patience"": 24, ""edge_weights"": false, ""epochs"": 200, ""eval_every"": 2, ""hidden_channels"": 64, ""input_dropout"": 0.0, ""layers"": 3, ""left_weights"": true, ""linear"": false, ""lr"": 0.012487940706903825, ""max_t"": 1.0, ""min_delta"": 0.0, ""min_epochs_before_stopping"": 30, ""normalised"": true, ""orth"": ""householder"", ""right_weights"": true, ""second_linear"": false, ""sheaf_act"": ""tanh"", ""skip_train_eval"": true, ""sparse_learner"": false, ""stateful_temporal"": true, ""temporal_bptt_steps"": 8, ""temporal_d_model"": 32, ""time_window"": 3, ""use_act"": true, ""weight_decay"": 1.98417640446958e-07}"
sensitivity,dropout,0.1,0.1,dropout=0.1,5,47,ndcg,140,,0.98799580695608,0.98799580695608,,1.866513967514038,1.866513967514038,0.98799580695608,1.866513967514038,3,"{""add_hp"": false, ""add_lp"": false, ""closure_hops"": 2, ""d"": 4, ""deg_normalised"": false, ""dropout"": 0.1, ""early_stopping_patience"": 24, ""edge_weights"": false, ""epochs"": 200, ""eval_every"": 2, ""hidden_channels"": 64, ""input_dropout"": 0.0, ""layers"": 3, ""left_weights"": true, ""linear"": false, ""lr"": 0.012487940706903825, ""max_t"": 1.0, ""min_delta"": 0.0, ""min_epochs_before_stopping"": 30, ""normalised"": true, ""orth"": ""householder"", ""right_weights"": true, ""second_linear"": false, ""sheaf_act"": ""tanh"", ""skip_train_eval"": true, ""sparse_learner"": false, ""stateful_temporal"": true, ""temporal_bptt_steps"": 8, ""temporal_d_model"": 32, ""time_window"": 3, ""use_act"": true, ""weight_decay"": 1.98417640446958e-07}"
sensitivity,d,4.0,4,d=4,1,43,ndcg,126,,0.9975518094412622,0.9975518094412622,,1.8195465803146362,1.8195465803146362,0.9975518094412622,1.8195465803146362,3,"{""add_hp"": false, ""add_lp"": false, ""closure_hops"": 2, ""d"": 4, ""deg_normalised"": false, ""dropout"": 0.0, ""early_stopping_patience"": 24, ""edge_weights"": false, ""epochs"": 200, ""eval_every"": 2, ""hidden_channels"": 64, ""input_dropout"": 0.0, ""layers"": 3, ""left_weights"": true, ""linear"": false, ""lr"": 0.012487940706903825, ""max_t"": 1.0, ""min_delta"": 0.0, ""min_epochs_before_stopping"": 30, ""normalised"": true, ""orth"": ""householder"", ""right_weights"": true, ""second_linear"": false, ""sheaf_act"": ""tanh"", ""skip_train_eval"": true, ""sparse_learner"": false, ""stateful_temporal"": true, ""temporal_bptt_steps"": 8, ""temporal_d_model"": 32, ""time_window"": 3, ""use_act"": true, ""weight_decay"": 1.98417640446958e-07}"
sensitivity,d,4.0,4,d=4,2,44,ndcg,98,,0.9970414985620516,0.9970414985620516,,1.8233166933059692,1.8233166933059692,0.9970414985620516,1.8233166933059692,3,"{""add_hp"": false, ""add_lp"": false, ""closure_hops"": 2, ""d"": 4, ""deg_normalised"": false, ""dropout"": 0.0, ""early_stopping_patience"": 24, ""edge_weights"": false, ""epochs"": 200, ""eval_every"": 2, ""hidden_channels"": 64, ""input_dropout"": 0.0, ""layers"": 3, ""left_weights"": true, ""linear"": false, ""lr"": 0.012487940706903825, ""max_t"": 1.0, ""min_delta"": 0.0, ""min_epochs_before_stopping"": 30, ""normalised"": true, ""orth"": ""householder"", ""right_weights"": true, ""second_linear"": false, ""sheaf_act"": ""tanh"", ""skip_train_eval"": true, ""sparse_learner"": false, ""stateful_temporal"": true, ""temporal_bptt_steps"": 8, ""temporal_d_model"": 32, ""time_window"": 3, ""use_act"": true, ""weight_decay"": 1.98417640446958e-07}"
sensitivity,d,4.0,4,d=4,3,45,ndcg,174,,0.9978773685355061,0.9978773685355061,,1.8148821592330933,1.8148821592330933,0.9978773685355061,1.8148820400238037,3,"{""add_hp"": false, ""add_lp"": false, ""closure_hops"": 2, ""d"": 4, ""deg_normalised"": false, ""dropout"": 0.0, ""early_stopping_patience"": 24, ""edge_weights"": false, ""epochs"": 200, ""eval_every"": 2, ""hidden_channels"": 64, ""input_dropout"": 0.0, ""layers"": 3, ""left_weights"": true, ""linear"": false, ""lr"": 0.012487940706903825, ""max_t"": 1.0, ""min_delta"": 0.0, ""min_epochs_before_stopping"": 30, ""normalised"": true, ""orth"": ""householder"", ""right_weights"": true, ""second_linear"": false, ""sheaf_act"": ""tanh"", ""skip_train_eval"": true, ""sparse_learner"": false, ""stateful_temporal"": true, ""temporal_bptt_steps"": 8, ""temporal_d_model"": 32, ""time_window"": 3, ""use_act"": true, ""weight_decay"": 1.98417640446958e-07}"
sensitivity,d,4.0,4,d=4,4,46,ndcg,112,,0.9981510534100781,0.9981510534100781,,1.8153433799743652,1.8153433799743652,0.9981510534100781,1.8153433799743652,3,"{""add_hp"": false, ""add_lp"": false, ""closure_hops"": 2, ""d"": 4, ""deg_normalised"": false, ""dropout"": 0.0, ""early_stopping_patience"": 24, ""edge_weights"": false, ""epochs"": 200, ""eval_every"": 2, ""hidden_channels"": 64, ""input_dropout"": 0.0, ""layers"": 3, ""left_weights"": true, ""linear"": false, ""lr"": 0.012487940706903825, ""max_t"": 1.0, ""min_delta"": 0.0, ""min_epochs_before_stopping"": 30, ""normalised"": true, ""orth"": ""householder"", ""right_weights"": true, ""second_linear"": false, ""sheaf_act"": ""tanh"", ""skip_train_eval"": true, ""sparse_learner"": false, ""stateful_temporal"": true, ""temporal_bptt_steps"": 8, ""temporal_d_model"": 32, ""time_window"": 3, ""use_act"": true, ""weight_decay"": 1.98417640446958e-07}"
sensitivity,d,4.0,4,d=4,5,47,ndcg,100,,0.9980177483636118,0.9980177483636118,,1.8163293600082397,1.8163294792175293,0.9980177483636118,1.8163293600082397,3,"{""add_hp"": false, ""add_lp"": false, ""closure_hops"": 2, ""d"": 4, ""deg_normalised"": false, ""dropout"": 0.0, ""early_stopping_patience"": 24, ""edge_weights"": false, ""epochs"": 200, ""eval_every"": 2, ""hidden_channels"": 64, ""input_dropout"": 0.0, ""layers"": 3, ""left_weights"": true, ""linear"": false, ""lr"": 0.012487940706903825, ""max_t"": 1.0, ""min_delta"": 0.0, ""min_epochs_before_stopping"": 30, ""normalised"": true, ""orth"": ""householder"", ""right_weights"": true, ""second_linear"": false, ""sheaf_act"": ""tanh"", ""skip_train_eval"": true, ""sparse_learner"": false, ""stateful_temporal"": true, ""temporal_bptt_steps"": 8, ""temporal_d_model"": 32, ""time_window"": 3, ""use_act"": true, ""weight_decay"": 1.98417640446958e-07}"
sensitivity,d,2.0,2,d=2,1,43,ndcg,132,,0.9963799440654465,0.9963799440654465,,1.8257975578308105,1.8257976770401,0.9963799440654465,1.8257975578308105,3,"{""add_hp"": false, ""add_lp"": false, ""closure_hops"": 2, ""d"": 2, ""deg_normalised"": false, ""dropout"": 0.0, ""early_stopping_patience"": 24, ""edge_weights"": false, ""epochs"": 200, ""eval_every"": 2, ""hidden_channels"": 64, ""input_dropout"": 0.0, ""layers"": 3, ""left_weights"": true, ""linear"": false, ""lr"": 0.012487940706903825, ""max_t"": 1.0, ""min_delta"": 0.0, ""min_epochs_before_stopping"": 30, ""normalised"": true, ""orth"": ""householder"", ""right_weights"": true, ""second_linear"": false, ""sheaf_act"": ""tanh"", ""skip_train_eval"": true, ""sparse_learner"": false, ""stateful_temporal"": true, ""temporal_bptt_steps"": 8, ""temporal_d_model"": 32, ""time_window"": 3, ""use_act"": true, ""weight_decay"": 1.98417640446958e-07}"
sensitivity,d,2.0,2,d=2,2,44,ndcg,152,,0.9984347702153623,0.9984347702153623,,1.8140970468521118,1.8140970468521118,0.9984347702153623,1.8140970468521118,3,"{""add_hp"": false, ""add_lp"": false, ""closure_hops"": 2, ""d"": 2, ""deg_normalised"": false, ""dropout"": 0.0, ""early_stopping_patience"": 24, ""edge_weights"": false, ""epochs"": 200, ""eval_every"": 2, ""hidden_channels"": 64, ""input_dropout"": 0.0, ""layers"": 3, ""left_weights"": true, ""linear"": false, ""lr"": 0.012487940706903825, ""max_t"": 1.0, ""min_delta"": 0.0, ""min_epochs_before_stopping"": 30, ""normalised"": true, ""orth"": ""householder"", ""right_weights"": true, ""second_linear"": false, ""sheaf_act"": ""tanh"", ""skip_train_eval"": true, ""sparse_learner"": false, ""stateful_temporal"": true, ""temporal_bptt_steps"": 8, ""temporal_d_model"": 32, ""time_window"": 3, ""use_act"": true, ""weight_decay"": 1.98417640446958e-07}"
sensitivity,d,2.0,2,d=2,3,45,ndcg,174,,0.9980409853868704,0.9980409853868704,,1.8103246688842773,1.8103249073028564,0.9980409853868704,1.8103249073028564,3,"{""add_hp"": false, ""add_lp"": false, ""closure_hops"": 2, ""d"": 2, ""deg_normalised"": false, ""dropout"": 0.0, ""early_stopping_patience"": 24, ""edge_weights"": false, ""epochs"": 200, ""eval_every"": 2, ""hidden_channels"": 64, ""input_dropout"": 0.0, ""layers"": 3, ""left_weights"": true, ""linear"": false, ""lr"": 0.012487940706903825, ""max_t"": 1.0, ""min_delta"": 0.0, ""min_epochs_before_stopping"": 30, ""normalised"": true, ""orth"": ""householder"", ""right_weights"": true, ""second_linear"": false, ""sheaf_act"": ""tanh"", ""skip_train_eval"": true, ""sparse_learner"": false, ""stateful_temporal"": true, ""temporal_bptt_steps"": 8, ""temporal_d_model"": 32, ""time_window"": 3, ""use_act"": true, ""weight_decay"": 1.98417640446958e-07}"
sensitivity,d,2.0,2,d=2,4,46,ndcg,200,,0.9954960387196062,0.9954960387196062,,1.8220150470733643,1.8220150470733643,0.9954960387196062,1.8220150470733643,3,"{""add_hp"": false, ""add_lp"": false, ""closure_hops"": 2, ""d"": 2, ""deg_normalised"": false, ""dropout"": 0.0, ""early_stopping_patience"": 24, ""edge_weights"": false, ""epochs"": 200, ""eval_every"": 2, ""hidden_channels"": 64, ""input_dropout"": 0.0, ""layers"": 3, ""left_weights"": true, ""linear"": false, ""lr"": 0.012487940706903825, ""max_t"": 1.0, ""min_delta"": 0.0, ""min_epochs_before_stopping"": 30, ""normalised"": true, ""orth"": ""householder"", ""right_weights"": true, ""second_linear"": false, ""sheaf_act"": ""tanh"", ""skip_train_eval"": true, ""sparse_learner"": false, ""stateful_temporal"": true, ""temporal_bptt_steps"": 8, ""temporal_d_model"": 32, ""time_window"": 3, ""use_act"": true, ""weight_decay"": 1.98417640446958e-07}"
sensitivity,d,2.0,2,d=2,5,47,ndcg,178,,0.9986464737727961,0.9986464737727961,,1.805515170097351,1.805515170097351,0.9986464737727961,1.805515170097351,3,"{""add_hp"": false, ""add_lp"": false, ""closure_hops"": 2, ""d"": 2, ""deg_normalised"": false, ""dropout"": 0.0, ""early_stopping_patience"": 24, ""edge_weights"": false, ""epochs"": 200, ""eval_every"": 2, ""hidden_channels"": 64, ""input_dropout"": 0.0, ""layers"": 3, ""left_weights"": true, ""linear"": false, ""lr"": 0.012487940706903825, ""max_t"": 1.0, ""min_delta"": 0.0, ""min_epochs_before_stopping"": 30, ""normalised"": true, ""orth"": ""householder"", ""right_weights"": true, ""second_linear"": false, ""sheaf_act"": ""tanh"", ""skip_train_eval"": true, ""sparse_learner"": false, ""stateful_temporal"": true, ""temporal_bptt_steps"": 8, ""temporal_d_model"": 32, ""time_window"": 3, ""use_act"": true, ""weight_decay"": 1.98417640446958e-07}"
sensitivity,d,6.0,6,d=6,1,43,ndcg,102,,0.9975553373695173,0.9975553373695173,,1.8178120851516724,1.8178120851516724,0.9975553373695173,1.8178120851516724,3,"{""add_hp"": false, ""add_lp"": false, ""closure_hops"": 2, ""d"": 6, ""deg_normalised"": false, ""dropout"": 0.0, ""early_stopping_patience"": 24, ""edge_weights"": false, ""epochs"": 200, ""eval_every"": 2, ""hidden_channels"": 64, ""input_dropout"": 0.0, ""layers"": 3, ""left_weights"": true, ""linear"": false, ""lr"": 0.012487940706903825, ""max_t"": 1.0, ""min_delta"": 0.0, ""min_epochs_before_stopping"": 30, ""normalised"": true, ""orth"": ""householder"", ""right_weights"": true, ""second_linear"": false, ""sheaf_act"": ""tanh"", ""skip_train_eval"": true, ""sparse_learner"": false, ""stateful_temporal"": true, ""temporal_bptt_steps"": 8, ""temporal_d_model"": 32, ""time_window"": 3, ""use_act"": true, ""weight_decay"": 1.98417640446958e-07}"
sensitivity,d,6.0,6,d=6,2,44,ndcg,120,,0.9974251796600454,0.9974251796600454,,1.816022276878357,1.816022276878357,0.9974251796600454,1.8160223960876465,3,"{""add_hp"": false, ""add_lp"": false, ""closure_hops"": 2, ""d"": 6, ""deg_normalised"": false, ""dropout"": 0.0, ""early_stopping_patience"": 24, ""edge_weights"": false, ""epochs"": 200, ""eval_every"": 2, ""hidden_channels"": 64, ""input_dropout"": 0.0, ""layers"": 3, ""left_weights"": true, ""linear"": false, ""lr"": 0.012487940706903825, ""max_t"": 1.0, ""min_delta"": 0.0, ""min_epochs_before_stopping"": 30, ""normalised"": true, ""orth"": ""householder"", ""right_weights"": true, ""second_linear"": false, ""sheaf_act"": ""tanh"", ""skip_train_eval"": true, ""sparse_learner"": false, ""stateful_temporal"": true, ""temporal_bptt_steps"": 8, ""temporal_d_model"": 32, ""time_window"": 3, ""use_act"": true, ""weight_decay"": 1.98417640446958e-07}"
sensitivity,d,6.0,6,d=6,3,45,ndcg,176,,0.9975414567281916,0.9975414567281916,,1.8123953342437744,1.8123953342437744,0.9975414567281916,1.8123953342437744,3,"{""add_hp"": false, ""add_lp"": false, ""closure_hops"": 2, ""d"": 6, ""deg_normalised"": false, ""dropout"": 0.0, ""early_stopping_patience"": 24, ""edge_weights"": false, ""epochs"": 200, ""eval_every"": 2, ""hidden_channels"": 64, ""input_dropout"": 0.0, ""layers"": 3, ""left_weights"": true, ""linear"": false, ""lr"": 0.012487940706903825, ""max_t"": 1.0, ""min_delta"": 0.0, ""min_epochs_before_stopping"": 30, ""normalised"": true, ""orth"": ""householder"", ""right_weights"": true, ""second_linear"": false, ""sheaf_act"": ""tanh"", ""skip_train_eval"": true, ""sparse_learner"": false, ""stateful_temporal"": true, ""temporal_bptt_steps"": 8, ""temporal_d_model"": 32, ""time_window"": 3, ""use_act"": true, ""weight_decay"": 1.98417640446958e-07}"
sensitivity,d,6.0,6,d=6,4,46,ndcg,114,,0.9955157295076715,0.9955157295076715,,1.8314212560653687,1.831421136856079,0.9955157295076715,1.8314214944839478,3,"{""add_hp"": false, ""add_lp"": false, ""closure_hops"": 2, ""d"": 6, ""deg_normalised"": false, ""dropout"": 0.0, ""early_stopping_patience"": 24, ""edge_weights"": false, ""epochs"": 200, ""eval_every"": 2, ""hidden_channels"": 64, ""input_dropout"": 0.0, ""layers"": 3, ""left_weights"": true, ""linear"": false, ""lr"": 0.012487940706903825, ""max_t"": 1.0, ""min_delta"": 0.0, ""min_epochs_before_stopping"": 30, ""normalised"": true, ""orth"": ""householder"", ""right_weights"": true, ""second_linear"": false, ""sheaf_act"": ""tanh"", ""skip_train_eval"": true, ""sparse_learner"": false, ""stateful_temporal"": true, ""temporal_bptt_steps"": 8, ""temporal_d_model"": 32, ""time_window"": 3, ""use_act"": true, ""weight_decay"": 1.98417640446958e-07}"
sensitivity,d,6.0,6,d=6,5,47,ndcg,160,,0.9985052830216349,0.9985052830216349,,1.8057761192321777,1.8057761192321777,0.9985052830216349,1.8057761192321777,3,"{""add_hp"": false, ""add_lp"": false, ""closure_hops"": 2, ""d"": 6, ""deg_normalised"": false, ""dropout"": 0.0, ""early_stopping_patience"": 24, ""edge_weights"": false, ""epochs"": 200, ""eval_every"": 2, ""hidden_channels"": 64, ""input_dropout"": 0.0, ""layers"": 3, ""left_weights"": true, ""linear"": false, ""lr"": 0.012487940706903825, ""max_t"": 1.0, ""min_delta"": 0.0, ""min_epochs_before_stopping"": 30, ""normalised"": true, ""orth"": ""householder"", ""right_weights"": true, ""second_linear"": false, ""sheaf_act"": ""tanh"", ""skip_train_eval"": true, ""sparse_learner"": false, ""stateful_temporal"": true, ""temporal_bptt_steps"": 8, ""temporal_d_model"": 32, ""time_window"": 3, ""use_act"": true, ""weight_decay"": 1.98417640446958e-07}"
sensitivity,temporal_d_model,32.0,32,temporal_d_model=32,1,43,ndcg,130,,0.9971728685471356,0.9971728685471356,,1.820116400718689,1.820116400718689,0.9971728685471356,1.820116400718689,3,"{""add_hp"": false, ""add_lp"": false, ""closure_hops"": 2, ""d"": 4, ""deg_normalised"": false, ""dropout"": 0.0, ""early_stopping_patience"": 24, ""edge_weights"": false, ""epochs"": 200, ""eval_every"": 2, ""hidden_channels"": 64, ""input_dropout"": 0.0, ""layers"": 3, ""left_weights"": true, ""linear"": false, ""lr"": 0.012487940706903825, ""max_t"": 1.0, ""min_delta"": 0.0, ""min_epochs_before_stopping"": 30, ""normalised"": true, ""orth"": ""householder"", ""right_weights"": true, ""second_linear"": false, ""sheaf_act"": ""tanh"", ""skip_train_eval"": true, ""sparse_learner"": false, ""stateful_temporal"": true, ""temporal_bptt_steps"": 8, ""temporal_d_model"": 32, ""time_window"": 3, ""use_act"": true, ""weight_decay"": 1.98417640446958e-07}"
sensitivity,temporal_d_model,32.0,32,temporal_d_model=32,2,44,ndcg,174,,0.9988097307594749,0.9988097307594749,,1.8026580810546875,1.8026583194732666,0.9988097307594749,1.8026580810546875,3,"{""add_hp"": false, ""add_lp"": false, ""closure_hops"": 2, ""d"": 4, ""deg_normalised"": false, ""dropout"": 0.0, ""early_stopping_patience"": 24, ""edge_weights"": false, ""epochs"": 200, ""eval_every"": 2, ""hidden_channels"": 64, ""input_dropout"": 0.0, ""layers"": 3, ""left_weights"": true, ""linear"": false, ""lr"": 0.012487940706903825, ""max_t"": 1.0, ""min_delta"": 0.0, ""min_epochs_before_stopping"": 30, ""normalised"": true, ""orth"": ""householder"", ""right_weights"": true, ""second_linear"": false, ""sheaf_act"": ""tanh"", ""skip_train_eval"": true, ""sparse_learner"": false, ""stateful_temporal"": true, ""temporal_bptt_steps"": 8, ""temporal_d_model"": 32, ""time_window"": 3, ""use_act"": true, ""weight_decay"": 1.98417640446958e-07}"
sensitivity,temporal_d_model,32.0,32,temporal_d_model=32,3,45,ndcg,156,,0.9961401429512166,0.9961401429512166,,1.8211569786071777,1.8211569786071777,0.9961401429512166,1.8211570978164673,3,"{""add_hp"": false, ""add_lp"": false, ""closure_hops"": 2, ""d"": 4, ""deg_normalised"": false, ""dropout"": 0.0, ""early_stopping_patience"": 24, ""edge_weights"": false, ""epochs"": 200, ""eval_every"": 2, ""hidden_channels"": 64, ""input_dropout"": 0.0, ""layers"": 3, ""left_weights"": true, ""linear"": false, ""lr"": 0.012487940706903825, ""max_t"": 1.0, ""min_delta"": 0.0, ""min_epochs_before_stopping"": 30, ""normalised"": true, ""orth"": ""householder"", ""right_weights"": true, ""second_linear"": false, ""sheaf_act"": ""tanh"", ""skip_train_eval"": true, ""sparse_learner"": false, ""stateful_temporal"": true, ""temporal_bptt_steps"": 8, ""temporal_d_model"": 32, ""time_window"": 3, ""use_act"": true, ""weight_decay"": 1.98417640446958e-07}"
sensitivity,temporal_d_model,32.0,32,temporal_d_model=32,4,46,ndcg,144,,0.9986605330072958,0.9986605330072958,,1.806695818901062,1.806695818901062,0.9986605330072958,1.806695818901062,3,"{""add_hp"": false, ""add_lp"": false, ""closure_hops"": 2, ""d"": 4, ""deg_normalised"": false, ""dropout"": 0.0, ""early_stopping_patience"": 24, ""edge_weights"": false, ""epochs"": 200, ""eval_every"": 2, ""hidden_channels"": 64, ""input_dropout"": 0.0, ""layers"": 3, ""left_weights"": true, ""linear"": false, ""lr"": 0.012487940706903825, ""max_t"": 1.0, ""min_delta"": 0.0, ""min_epochs_before_stopping"": 30, ""normalised"": true, ""orth"": ""householder"", ""right_weights"": true, ""second_linear"": false, ""sheaf_act"": ""tanh"", ""skip_train_eval"": true, ""sparse_learner"": false, ""stateful_temporal"": true, ""temporal_bptt_steps"": 8, ""temporal_d_model"": 32, ""time_window"": 3, ""use_act"": true, ""weight_decay"": 1.98417640446958e-07}"
sensitivity,temporal_d_model,32.0,32,temporal_d_model=32,5,47,ndcg,102,,0.99835594609676,0.99835594609676,,1.816066861152649,1.816066861152649,0.99835594609676,1.816066861152649,3,"{""add_hp"": false, ""add_lp"": false, ""closure_hops"": 2, ""d"": 4, ""deg_normalised"": false, ""dropout"": 0.0, ""early_stopping_patience"": 24, ""edge_weights"": false, ""epochs"": 200, ""eval_every"": 2, ""hidden_channels"": 64, ""input_dropout"": 0.0, ""layers"": 3, ""left_weights"": true, ""linear"": false, ""lr"": 0.012487940706903825, ""max_t"": 1.0, ""min_delta"": 0.0, ""min_epochs_before_stopping"": 30, ""normalised"": true, ""orth"": ""householder"", ""right_weights"": true, ""second_linear"": false, ""sheaf_act"": ""tanh"", ""skip_train_eval"": true, ""sparse_learner"": false, ""stateful_temporal"": true, ""temporal_bptt_steps"": 8, ""temporal_d_model"": 32, ""time_window"": 3, ""use_act"": true, ""weight_decay"": 1.98417640446958e-07}"
sensitivity,temporal_d_model,16.0,16,temporal_d_model=16,1,43,ndcg,140,,0.9949588223302032,0.9949588223302032,,1.8315025568008423,1.8315025568008423,0.9949588223302032,1.8315025568008423,3,"{""add_hp"": false, ""add_lp"": false, ""closure_hops"": 2, ""d"": 4, ""deg_normalised"": false, ""dropout"": 0.0, ""early_stopping_patience"": 24, ""edge_weights"": false, ""epochs"": 200, ""eval_every"": 2, ""hidden_channels"": 64, ""input_dropout"": 0.0, ""layers"": 3, ""left_weights"": true, ""linear"": false, ""lr"": 0.012487940706903825, ""max_t"": 1.0, ""min_delta"": 0.0, ""min_epochs_before_stopping"": 30, ""normalised"": true, ""orth"": ""householder"", ""right_weights"": true, ""second_linear"": false, ""sheaf_act"": ""tanh"", ""skip_train_eval"": true, ""sparse_learner"": false, ""stateful_temporal"": true, ""temporal_bptt_steps"": 8, ""temporal_d_model"": 16, ""time_window"": 3, ""use_act"": true, ""weight_decay"": 1.98417640446958e-07}"
sensitivity,temporal_d_model,16.0,16,temporal_d_model=16,2,44,ndcg,124,,0.9959516445790401,0.9959516445790401,,1.8252356052398682,1.8252356052398682,0.9959516445790401,1.8252356052398682,3,"{""add_hp"": false, ""add_lp"": false, ""closure_hops"": 2, ""d"": 4, ""deg_normalised"": false, ""dropout"": 0.0, ""early_stopping_patience"": 24, ""edge_weights"": false, ""epochs"": 200, ""eval_every"": 2, ""hidden_channels"": 64, ""input_dropout"": 0.0, ""layers"": 3, ""left_weights"": true, ""linear"": false, ""lr"": 0.012487940706903825, ""max_t"": 1.0, ""min_delta"": 0.0, ""min_epochs_before_stopping"": 30, ""normalised"": true, ""orth"": ""householder"", ""right_weights"": true, ""second_linear"": false, ""sheaf_act"": ""tanh"", ""skip_train_eval"": true, ""sparse_learner"": false, ""stateful_temporal"": true, ""temporal_bptt_steps"": 8, ""temporal_d_model"": 16, ""time_window"": 3, ""use_act"": true, ""weight_decay"": 1.98417640446958e-07}"
sensitivity,temporal_d_model,16.0,16,temporal_d_model=16,3,45,ndcg,152,,0.9953331328653777,0.9953331328653777,,1.8283754587173462,1.8283754587173462,0.9953331328653777,1.8283754587173462,3,"{""add_hp"": false, ""add_lp"": false, ""closure_hops"": 2, ""d"": 4, ""deg_normalised"": false, ""dropout"": 0.0, ""early_stopping_patience"": 24, ""edge_weights"": false, ""epochs"": 200, ""eval_every"": 2, ""hidden_channels"": 64, ""input_dropout"": 0.0, ""layers"": 3, ""left_weights"": true, ""linear"": false, ""lr"": 0.012487940706903825, ""max_t"": 1.0, ""min_delta"": 0.0, ""min_epochs_before_stopping"": 30, ""normalised"": true, ""orth"": ""householder"", ""right_weights"": true, ""second_linear"": false, ""sheaf_act"": ""tanh"", ""skip_train_eval"": true, ""sparse_learner"": false, ""stateful_temporal"": true, ""temporal_bptt_steps"": 8, ""temporal_d_model"": 16, ""time_window"": 3, ""use_act"": true, ""weight_decay"": 1.98417640446958e-07}"
sensitivity,temporal_d_model,16.0,16,temporal_d_model=16,4,46,ndcg,152,,0.9964731479634297,0.9964731479634297,,1.819313406944275,1.819313406944275,0.9964731479634297,1.819313406944275,3,"{""add_hp"": false, ""add_lp"": false, ""closure_hops"": 2, ""d"": 4, ""deg_normalised"": false, ""dropout"": 0.0, ""early_stopping_patience"": 24, ""edge_weights"": false, ""epochs"": 200, ""eval_every"": 2, ""hidden_channels"": 64, ""input_dropout"": 0.0, ""layers"": 3, ""left_weights"": true, ""linear"": false, ""lr"": 0.012487940706903825, ""max_t"": 1.0, ""min_delta"": 0.0, ""min_epochs_before_stopping"": 30, ""normalised"": true, ""orth"": ""householder"", ""right_weights"": true, ""second_linear"": false, ""sheaf_act"": ""tanh"", ""skip_train_eval"": true, ""sparse_learner"": false, ""stateful_temporal"": true, ""temporal_bptt_steps"": 8, ""temporal_d_model"": 16, ""time_window"": 3, ""use_act"": true, ""weight_decay"": 1.98417640446958e-07}"
sensitivity,temporal_d_model,16.0,16,temporal_d_model=16,5,47,ndcg,154,,0.9981993074271066,0.9981993074271066,,1.8122669458389282,1.8122669458389282,0.9981993074271066,1.8122669458389282,3,"{""add_hp"": false, ""add_lp"": false, ""closure_hops"": 2, ""d"": 4, ""deg_normalised"": false, ""dropout"": 0.0, ""early_stopping_patience"": 24, ""edge_weights"": false, ""epochs"": 200, ""eval_every"": 2, ""hidden_channels"": 64, ""input_dropout"": 0.0, ""layers"": 3, ""left_weights"": true, ""linear"": false, ""lr"": 0.012487940706903825, ""max_t"": 1.0, ""min_delta"": 0.0, ""min_epochs_before_stopping"": 30, ""normalised"": true, ""orth"": ""householder"", ""right_weights"": true, ""second_linear"": false, ""sheaf_act"": ""tanh"", ""skip_train_eval"": true, ""sparse_learner"": false, ""stateful_temporal"": true, ""temporal_bptt_steps"": 8, ""temporal_d_model"": 16, ""time_window"": 3, ""use_act"": true, ""weight_decay"": 1.98417640446958e-07}"
sensitivity,temporal_d_model,64.0,64,temporal_d_model=64,1,43,ndcg,70,,0.9981599611475033,0.9981599611475033,,1.8178722858428955,1.8178722858428955,0.9981599611475033,1.8178722858428955,3,"{""add_hp"": false, ""add_lp"": false, ""closure_hops"": 2, ""d"": 4, ""deg_normalised"": false, ""dropout"": 0.0, ""early_stopping_patience"": 24, ""edge_weights"": false, ""epochs"": 200, ""eval_every"": 2, ""hidden_channels"": 64, ""input_dropout"": 0.0, ""layers"": 3, ""left_weights"": true, ""linear"": false, ""lr"": 0.012487940706903825, ""max_t"": 1.0, ""min_delta"": 0.0, ""min_epochs_before_stopping"": 30, ""normalised"": true, ""orth"": ""householder"", ""right_weights"": true, ""second_linear"": false, ""sheaf_act"": ""tanh"", ""skip_train_eval"": true, ""sparse_learner"": false, ""stateful_temporal"": true, ""temporal_bptt_steps"": 8, ""temporal_d_model"": 64, ""time_window"": 3, ""use_act"": true, ""weight_decay"": 1.98417640446958e-07}"
sensitivity,temporal_d_model,64.0,64,temporal_d_model=64,2,44,ndcg,118,,0.9912344189394456,0.9912344189394456,,1.8535377979278564,1.853537917137146,0.9912344189394456,1.853537917137146,3,"{""add_hp"": false, ""add_lp"": false, ""closure_hops"": 2, ""d"": 4, ""deg_normalised"": false, ""dropout"": 0.0, ""early_stopping_patience"": 24, ""edge_weights"": false, ""epochs"": 200, ""eval_every"": 2, ""hidden_channels"": 64, ""input_dropout"": 0.0, ""layers"": 3, ""left_weights"": true, ""linear"": false, ""lr"": 0.012487940706903825, ""max_t"": 1.0, ""min_delta"": 0.0, ""min_epochs_before_stopping"": 30, ""normalised"": true, ""orth"": ""householder"", ""right_weights"": true, ""second_linear"": false, ""sheaf_act"": ""tanh"", ""skip_train_eval"": true, ""sparse_learner"": false, ""stateful_temporal"": true, ""temporal_bptt_steps"": 8, ""temporal_d_model"": 64, ""time_window"": 3, ""use_act"": true, ""weight_decay"": 1.98417640446958e-07}"
sensitivity,temporal_d_model,64.0,64,temporal_d_model=64,3,45,ndcg,148,,0.9956197183550413,0.9956197183550413,,1.8255455493927002,1.8255455493927002,0.9956197183550413,1.8255455493927002,3,"{""add_hp"": false, ""add_lp"": false, ""closure_hops"": 2, ""d"": 4, ""deg_normalised"": false, ""dropout"": 0.0, ""early_stopping_patience"": 24, ""edge_weights"": false, ""epochs"": 200, ""eval_every"": 2, ""hidden_channels"": 64, ""input_dropout"": 0.0, ""layers"": 3, ""left_weights"": true, ""linear"": false, ""lr"": 0.012487940706903825, ""max_t"": 1.0, ""min_delta"": 0.0, ""min_epochs_before_stopping"": 30, ""normalised"": true, ""orth"": ""householder"", ""right_weights"": true, ""second_linear"": false, ""sheaf_act"": ""tanh"", ""skip_train_eval"": true, ""sparse_learner"": false, ""stateful_temporal"": true, ""temporal_bptt_steps"": 8, ""temporal_d_model"": 64, ""time_window"": 3, ""use_act"": true, ""weight_decay"": 1.98417640446958e-07}"
sensitivity,temporal_d_model,64.0,64,temporal_d_model=64,4,46,ndcg,104,,0.9898915064863436,0.9898915064863436,,1.860843300819397,1.8608434200286865,0.9898915064863436,1.8608434200286865,3,"{""add_hp"": false, ""add_lp"": false, ""closure_hops"": 2, ""d"": 4, ""deg_normalised"": false, ""dropout"": 0.0, ""early_stopping_patience"": 24, ""edge_weights"": false, ""epochs"": 200, ""eval_every"": 2, ""hidden_channels"": 64, ""input_dropout"": 0.0, ""layers"": 3, ""left_weights"": true, ""linear"": false, ""lr"": 0.012487940706903825, ""max_t"": 1.0, ""min_delta"": 0.0, ""min_epochs_before_stopping"": 30, ""normalised"": true, ""orth"": ""householder"", ""right_weights"": true, ""second_linear"": false, ""sheaf_act"": ""tanh"", ""skip_train_eval"": true, ""sparse_learner"": false, ""stateful_temporal"": true, ""temporal_bptt_steps"": 8, ""temporal_d_model"": 64, ""time_window"": 3, ""use_act"": true, ""weight_decay"": 1.98417640446958e-07}"
sensitivity,temporal_d_model,64.0,64,temporal_d_model=64,5,47,ndcg,148,,0.9958782939148589,0.9958782939148589,,1.827470302581787,1.827470302581787,0.9958782939148589,1.827470302581787,3,"{""add_hp"": false, ""add_lp"": false, ""closure_hops"": 2, ""d"": 4, ""deg_normalised"": false, ""dropout"": 0.0, ""early_stopping_patience"": 24, ""edge_weights"": false, ""epochs"": 200, ""eval_every"": 2, ""hidden_channels"": 64, ""input_dropout"": 0.0, ""layers"": 3, ""left_weights"": true, ""linear"": false, ""lr"": 0.012487940706903825, ""max_t"": 1.0, ""min_delta"": 0.0, ""min_epochs_before_stopping"": 30, ""normalised"": true, ""orth"": ""householder"", ""right_weights"": true, ""second_linear"": false, ""sheaf_act"": ""tanh"", ""skip_train_eval"": true, ""sparse_learner"": false, ""stateful_temporal"": true, ""temporal_bptt_steps"": 8, ""temporal_d_model"": 64, ""time_window"": 3, ""use_act"": true, ""weight_decay"": 1.98417640446958e-07}"
sensitivity,closure_hops,2.0,2,closure_hops=2,1,43,ndcg,152,,0.9986812039075859,0.9986812039075859,,1.8111411333084106,1.8111411333084106,0.9986812039075859,1.8111411333084106,3,"{""add_hp"": false, ""add_lp"": false, ""closure_hops"": 2, ""d"": 4, ""deg_normalised"": false, ""dropout"": 0.0, ""early_stopping_patience"": 24, ""edge_weights"": false, ""epochs"": 200, ""eval_every"": 2, ""hidden_channels"": 64, ""input_dropout"": 0.0, ""layers"": 3, ""left_weights"": true, ""linear"": false, ""lr"": 0.012487940706903825, ""max_t"": 1.0, ""min_delta"": 0.0, ""min_epochs_before_stopping"": 30, ""normalised"": true, ""orth"": ""householder"", ""right_weights"": true, ""second_linear"": false, ""sheaf_act"": ""tanh"", ""skip_train_eval"": true, ""sparse_learner"": false, ""stateful_temporal"": true, ""temporal_bptt_steps"": 8, ""temporal_d_model"": 32, ""time_window"": 3, ""use_act"": true, ""weight_decay"": 1.98417640446958e-07}"
sensitivity,closure_hops,2.0,2,closure_hops=2,2,44,ndcg,132,,0.9983820527420154,0.9983820527420154,,1.809739589691162,1.8097397089004517,0.9983820527420154,1.8097397089004517,3,"{""add_hp"": false, ""add_lp"": false, ""closure_hops"": 2, ""d"": 4, ""deg_normalised"": false, ""dropout"": 0.0, ""early_stopping_patience"": 24, ""edge_weights"": false, ""epochs"": 200, ""eval_every"": 2, ""hidden_channels"": 64, ""input_dropout"": 0.0, ""layers"": 3, ""left_weights"": true, ""linear"": false, ""lr"": 0.012487940706903825, ""max_t"": 1.0, ""min_delta"": 0.0, ""min_epochs_before_stopping"": 30, ""normalised"": true, ""orth"": ""householder"", ""right_weights"": true, ""second_linear"": false, ""sheaf_act"": ""tanh"", ""skip_train_eval"": true, ""sparse_learner"": false, ""stateful_temporal"": true, ""temporal_bptt_steps"": 8, ""temporal_d_model"": 32, ""time_window"": 3, ""use_act"": true, ""weight_decay"": 1.98417640446958e-07}"
sensitivity,closure_hops,2.0,2,closure_hops=2,3,45,ndcg,146,,0.9950066206330251,0.9950066206330251,,1.8283883333206177,1.8283883333206177,0.9950066206330251,1.8283883333206177,3,"{""add_hp"": false, ""add_lp"": false, ""closure_hops"": 2, ""d"": 4, ""deg_normalised"": false, ""dropout"": 0.0, ""early_stopping_patience"": 24, ""edge_weights"": false, ""epochs"": 200, ""eval_every"": 2, ""hidden_channels"": 64, ""input_dropout"": 0.0, ""layers"": 3, ""left_weights"": true, ""linear"": false, ""lr"": 0.012487940706903825, ""max_t"": 1.0, ""min_delta"": 0.0, ""min_epochs_before_stopping"": 30, ""normalised"": true, ""orth"": ""householder"", ""right_weights"": true, ""second_linear"": false, ""sheaf_act"": ""tanh"", ""skip_train_eval"": true, ""sparse_learner"": false, ""stateful_temporal"": true, ""temporal_bptt_steps"": 8, ""temporal_d_model"": 32, ""time_window"": 3, ""use_act"": true, ""weight_decay"": 1.98417640446958e-07}"
sensitivity,closure_hops,2.0,2,closure_hops=2,4,46,ndcg,122,,0.9986011695160362,0.9986011695160362,,1.810742735862732,1.810742735862732,0.9986011695160362,1.810742735862732,3,"{""add_hp"": false, ""add_lp"": false, ""closure_hops"": 2, ""d"": 4, ""deg_normalised"": false, ""dropout"": 0.0, ""early_stopping_patience"": 24, ""edge_weights"": false, ""epochs"": 200, ""eval_every"": 2, ""hidden_channels"": 64, ""input_dropout"": 0.0, ""layers"": 3, ""left_weights"": true, ""linear"": false, ""lr"": 0.012487940706903825, ""max_t"": 1.0, ""min_delta"": 0.0, ""min_epochs_before_stopping"": 30, ""normalised"": true, ""orth"": ""householder"", ""right_weights"": true, ""second_linear"": false, ""sheaf_act"": ""tanh"", ""skip_train_eval"": true, ""sparse_learner"": false, ""stateful_temporal"": true, ""temporal_bptt_steps"": 8, ""temporal_d_model"": 32, ""time_window"": 3, ""use_act"": true, ""weight_decay"": 1.98417640446958e-07}"
sensitivity,closure_hops,2.0,2,closure_hops=2,5,47,ndcg,102,,0.9973959553458754,0.9973959553458754,,1.818216323852539,1.818216323852539,0.9973959553458754,1.818216323852539,3,"{""add_hp"": false, ""add_lp"": false, ""closure_hops"": 2, ""d"": 4, ""deg_normalised"": false, ""dropout"": 0.0, ""early_stopping_patience"": 24, ""edge_weights"": false, ""epochs"": 200, ""eval_every"": 2, ""hidden_channels"": 64, ""input_dropout"": 0.0, ""layers"": 3, ""left_weights"": true, ""linear"": false, ""lr"": 0.012487940706903825, ""max_t"": 1.0, ""min_delta"": 0.0, ""min_epochs_before_stopping"": 30, ""normalised"": true, ""orth"": ""householder"", ""right_weights"": true, ""second_linear"": false, ""sheaf_act"": ""tanh"", ""skip_train_eval"": true, ""sparse_learner"": false, ""stateful_temporal"": true, ""temporal_bptt_steps"": 8, ""temporal_d_model"": 32, ""time_window"": 3, ""use_act"": true, ""weight_decay"": 1.98417640446958e-07}"
sensitivity,closure_hops,1.0,1,closure_hops=1,1,43,ndcg,126,,0.9976025027775811,0.9976025027775811,,1.8205716609954834,1.8205716609954834,0.9976025027775811,1.8205714225769043,3,"{""add_hp"": false, ""add_lp"": false, ""closure_hops"": 1, ""d"": 4, ""deg_normalised"": false, ""dropout"": 0.0, ""early_stopping_patience"": 24, ""edge_weights"": false, ""epochs"": 200, ""eval_every"": 2, ""hidden_channels"": 64, ""input_dropout"": 0.0, ""layers"": 3, ""left_weights"": true, ""linear"": false, ""lr"": 0.012487940706903825, ""max_t"": 1.0, ""min_delta"": 0.0, ""min_epochs_before_stopping"": 30, ""normalised"": true, ""orth"": ""householder"", ""right_weights"": true, ""second_linear"": false, ""sheaf_act"": ""tanh"", ""skip_train_eval"": true, ""sparse_learner"": false, ""stateful_temporal"": true, ""temporal_bptt_steps"": 8, ""temporal_d_model"": 32, ""time_window"": 3, ""use_act"": true, ""weight_decay"": 1.98417640446958e-07}"
sensitivity,closure_hops,1.0,1,closure_hops=1,2,44,ndcg,130,,0.9984437661211822,0.9984437661211822,,1.8106536865234375,1.8106536865234375,0.9984437661211822,1.8106536865234375,3,"{""add_hp"": false, ""add_lp"": false, ""closure_hops"": 1, ""d"": 4, ""deg_normalised"": false, ""dropout"": 0.0, ""early_stopping_patience"": 24, ""edge_weights"": false, ""epochs"": 200, ""eval_every"": 2, ""hidden_channels"": 64, ""input_dropout"": 0.0, ""layers"": 3, ""left_weights"": true, ""linear"": false, ""lr"": 0.012487940706903825, ""max_t"": 1.0, ""min_delta"": 0.0, ""min_epochs_before_stopping"": 30, ""normalised"": true, ""orth"": ""householder"", ""right_weights"": true, ""second_linear"": false, ""sheaf_act"": ""tanh"", ""skip_train_eval"": true, ""sparse_learner"": false, ""stateful_temporal"": true, ""temporal_bptt_steps"": 8, ""temporal_d_model"": 32, ""time_window"": 3, ""use_act"": true, ""weight_decay"": 1.98417640446958e-07}"
sensitivity,closure_hops,1.0,1,closure_hops=1,3,45,ndcg,168,,0.9967157686331262,0.9967157686331262,,1.8198903799057007,1.8198903799057007,0.9967157686331262,1.8198903799057007,3,"{""add_hp"": false, ""add_lp"": false, ""closure_hops"": 1, ""d"": 4, ""deg_normalised"": false, ""dropout"": 0.0, ""early_stopping_patience"": 24, ""edge_weights"": false, ""epochs"": 200, ""eval_every"": 2, ""hidden_channels"": 64, ""input_dropout"": 0.0, ""layers"": 3, ""left_weights"": true, ""linear"": false, ""lr"": 0.012487940706903825, ""max_t"": 1.0, ""min_delta"": 0.0, ""min_epochs_before_stopping"": 30, ""normalised"": true, ""orth"": ""householder"", ""right_weights"": true, ""second_linear"": false, ""sheaf_act"": ""tanh"", ""skip_train_eval"": true, ""sparse_learner"": false, ""stateful_temporal"": true, ""temporal_bptt_steps"": 8, ""temporal_d_model"": 32, ""time_window"": 3, ""use_act"": true, ""weight_decay"": 1.98417640446958e-07}"
sensitivity,closure_hops,1.0,1,closure_hops=1,4,46,ndcg,132,,0.9980946119022256,0.9980946119022256,,1.8099981546401978,1.8099979162216187,0.9980946119022256,1.8099981546401978,3,"{""add_hp"": false, ""add_lp"": false, ""closure_hops"": 1, ""d"": 4, ""deg_normalised"": false, ""dropout"": 0.0, ""early_stopping_patience"": 24, ""edge_weights"": false, ""epochs"": 200, ""eval_every"": 2, ""hidden_channels"": 64, ""input_dropout"": 0.0, ""layers"": 3, ""left_weights"": true, ""linear"": false, ""lr"": 0.012487940706903825, ""max_t"": 1.0, ""min_delta"": 0.0, ""min_epochs_before_stopping"": 30, ""normalised"": true, ""orth"": ""householder"", ""right_weights"": true, ""second_linear"": false, ""sheaf_act"": ""tanh"", ""skip_train_eval"": true, ""sparse_learner"": false, ""stateful_temporal"": true, ""temporal_bptt_steps"": 8, ""temporal_d_model"": 32, ""time_window"": 3, ""use_act"": true, ""weight_decay"": 1.98417640446958e-07}"
sensitivity,closure_hops,1.0,1,closure_hops=1,5,47,ndcg,126,,0.9975818671843558,0.9975818671843558,,1.8104891777038574,1.8104889392852783,0.9975818671843558,1.8104889392852783,3,"{""add_hp"": false, ""add_lp"": false, ""closure_hops"": 1, ""d"": 4, ""deg_normalised"": false, ""dropout"": 0.0, ""early_stopping_patience"": 24, ""edge_weights"": false, ""epochs"": 200, ""eval_every"": 2, ""hidden_channels"": 64, ""input_dropout"": 0.0, ""layers"": 3, ""left_weights"": true, ""linear"": false, ""lr"": 0.012487940706903825, ""max_t"": 1.0, ""min_delta"": 0.0, ""min_epochs_before_stopping"": 30, ""normalised"": true, ""orth"": ""householder"", ""right_weights"": true, ""second_linear"": false, ""sheaf_act"": ""tanh"", ""skip_train_eval"": true, ""sparse_learner"": false, ""stateful_temporal"": true, ""temporal_bptt_steps"": 8, ""temporal_d_model"": 32, ""time_window"": 3, ""use_act"": true, ""weight_decay"": 1.98417640446958e-07}"
sensitivity,closure_hops,3.0,3,closure_hops=3,1,43,ndcg,158,,0.99818428721095,0.99818428721095,,1.809128999710083,1.809128999710083,0.99818428721095,1.809128999710083,3,"{""add_hp"": false, ""add_lp"": false, ""closure_hops"": 3, ""d"": 4, ""deg_normalised"": false, ""dropout"": 0.0, ""early_stopping_patience"": 24, ""edge_weights"": false, ""epochs"": 200, ""eval_every"": 2, ""hidden_channels"": 64, ""input_dropout"": 0.0, ""layers"": 3, ""left_weights"": true, ""linear"": false, ""lr"": 0.012487940706903825, ""max_t"": 1.0, ""min_delta"": 0.0, ""min_epochs_before_stopping"": 30, ""normalised"": true, ""orth"": ""householder"", ""right_weights"": true, ""second_linear"": false, ""sheaf_act"": ""tanh"", ""skip_train_eval"": true, ""sparse_learner"": false, ""stateful_temporal"": true, ""temporal_bptt_steps"": 8, ""temporal_d_model"": 32, ""time_window"": 3, ""use_act"": true, ""weight_decay"": 1.98417640446958e-07}"
sensitivity,closure_hops,3.0,3,closure_hops=3,2,44,ndcg,144,,0.9980902340252203,0.9980902340252203,,1.8076313734054565,1.8076313734054565,0.9980902340252203,1.8076313734054565,3,"{""add_hp"": false, ""add_lp"": false, ""closure_hops"": 3, ""d"": 4, ""deg_normalised"": false, ""dropout"": 0.0, ""early_stopping_patience"": 24, ""edge_weights"": false, ""epochs"": 200, ""eval_every"": 2, ""hidden_channels"": 64, ""input_dropout"": 0.0, ""layers"": 3, ""left_weights"": true, ""linear"": false, ""lr"": 0.012487940706903825, ""max_t"": 1.0, ""min_delta"": 0.0, ""min_epochs_before_stopping"": 30, ""normalised"": true, ""orth"": ""householder"", ""right_weights"": true, ""second_linear"": false, ""sheaf_act"": ""tanh"", ""skip_train_eval"": true, ""sparse_learner"": false, ""stateful_temporal"": true, ""temporal_bptt_steps"": 8, ""temporal_d_model"": 32, ""time_window"": 3, ""use_act"": true, ""weight_decay"": 1.98417640446958e-07}"
sensitivity,closure_hops,3.0,3,closure_hops=3,3,45,ndcg,150,,0.9962852915557416,0.9962852915557416,,1.82541024684906,1.82541024684906,0.9962852915557416,1.82541024684906,3,"{""add_hp"": false, ""add_lp"": false, ""closure_hops"": 3, ""d"": 4, ""deg_normalised"": false, ""dropout"": 0.0, ""early_stopping_patience"": 24, ""edge_weights"": false, ""epochs"": 200, ""eval_every"": 2, ""hidden_channels"": 64, ""input_dropout"": 0.0, ""layers"": 3, ""left_weights"": true, ""linear"": false, ""lr"": 0.012487940706903825, ""max_t"": 1.0, ""min_delta"": 0.0, ""min_epochs_before_stopping"": 30, ""normalised"": true, ""orth"": ""householder"", ""right_weights"": true, ""second_linear"": false, ""sheaf_act"": ""tanh"", ""skip_train_eval"": true, ""sparse_learner"": false, ""stateful_temporal"": true, ""temporal_bptt_steps"": 8, ""temporal_d_model"": 32, ""time_window"": 3, ""use_act"": true, ""weight_decay"": 1.98417640446958e-07}"
sensitivity,closure_hops,3.0,3,closure_hops=3,4,46,ndcg,140,,0.9984365504429995,0.9984365504429995,,1.8079063892364502,1.8079063892364502,0.9984365504429995,1.8079062700271606,3,"{""add_hp"": false, ""add_lp"": false, ""closure_hops"": 3, ""d"": 4, ""deg_normalised"": false, ""dropout"": 0.0, ""early_stopping_patience"": 24, ""edge_weights"": false, ""epochs"": 200, ""eval_every"": 2, ""hidden_channels"": 64, ""input_dropout"": 0.0, ""layers"": 3, ""left_weights"": true, ""linear"": false, ""lr"": 0.012487940706903825, ""max_t"": 1.0, ""min_delta"": 0.0, ""min_epochs_before_stopping"": 30, ""normalised"": true, ""orth"": ""householder"", ""right_weights"": true, ""second_linear"": false, ""sheaf_act"": ""tanh"", ""skip_train_eval"": true, ""sparse_learner"": false, ""stateful_temporal"": true, ""temporal_bptt_steps"": 8, ""temporal_d_model"": 32, ""time_window"": 3, ""use_act"": true, ""weight_decay"": 1.98417640446958e-07}"
sensitivity,closure_hops,3.0,3,closure_hops=3,5,47,ndcg,150,,0.998009375114182,0.998009375114182,,1.8041925430297852,1.8041925430297852,0.998009375114182,1.8041925430297852,3,"{""add_hp"": false, ""add_lp"": false, ""closure_hops"": 3, ""d"": 4, ""deg_normalised"": false, ""dropout"": 0.0, ""early_stopping_patience"": 24, ""edge_weights"": false, ""epochs"": 200, ""eval_every"": 2, ""hidden_channels"": 64, ""input_dropout"": 0.0, ""layers"": 3, ""left_weights"": true, ""linear"": false, ""lr"": 0.012487940706903825, ""max_t"": 1.0, ""min_delta"": 0.0, ""min_epochs_before_stopping"": 30, ""normalised"": true, ""orth"": ""householder"", ""right_weights"": true, ""second_linear"": false, ""sheaf_act"": ""tanh"", ""skip_train_eval"": true, ""sparse_learner"": false, ""stateful_temporal"": true, ""temporal_bptt_steps"": 8, ""temporal_d_model"": 32, ""time_window"": 3, ""use_act"": true, ""weight_decay"": 1.98417640446958e-07}"
sensitivity,temporal_bptt_steps,8.0,8,temporal_bptt_steps=8,1,43,ndcg,134,,0.9976611380967957,0.9976611380967957,,1.8173081874847412,1.8173081874847412,0.9976611380967957,1.8173081874847412,3,"{""add_hp"": false, ""add_lp"": false, ""closure_hops"": 2, ""d"": 4, ""deg_normalised"": false, ""dropout"": 0.0, ""early_stopping_patience"": 24, ""edge_weights"": false, ""epochs"": 200, ""eval_every"": 2, ""hidden_channels"": 64, ""input_dropout"": 0.0, ""layers"": 3, ""left_weights"": true, ""linear"": false, ""lr"": 0.012487940706903825, ""max_t"": 1.0, ""min_delta"": 0.0, ""min_epochs_before_stopping"": 30, ""normalised"": true, ""orth"": ""householder"", ""right_weights"": true, ""second_linear"": false, ""sheaf_act"": ""tanh"", ""skip_train_eval"": true, ""sparse_learner"": false, ""stateful_temporal"": true, ""temporal_bptt_steps"": 8, ""temporal_d_model"": 32, ""time_window"": 3, ""use_act"": true, ""weight_decay"": 1.98417640446958e-07}"
sensitivity,temporal_bptt_steps,8.0,8,temporal_bptt_steps=8,2,44,ndcg,130,,0.9982294812767665,0.9982294812767665,,1.8106330633163452,1.8106330633163452,0.9982294812767665,1.8106330633163452,3,"{""add_hp"": false, ""add_lp"": false, ""closure_hops"": 2, ""d"": 4, ""deg_normalised"": false, ""dropout"": 0.0, ""early_stopping_patience"": 24, ""edge_weights"": false, ""epochs"": 200, ""eval_every"": 2, ""hidden_channels"": 64, ""input_dropout"": 0.0, ""layers"": 3, ""left_weights"": true, ""linear"": false, ""lr"": 0.012487940706903825, ""max_t"": 1.0, ""min_delta"": 0.0, ""min_epochs_before_stopping"": 30, ""normalised"": true, ""orth"": ""householder"", ""right_weights"": true, ""second_linear"": false, ""sheaf_act"": ""tanh"", ""skip_train_eval"": true, ""sparse_learner"": false, ""stateful_temporal"": true, ""temporal_bptt_steps"": 8, ""temporal_d_model"": 32, ""time_window"": 3, ""use_act"": true, ""weight_decay"": 1.98417640446958e-07}"
sensitivity,temporal_bptt_steps,8.0,8,temporal_bptt_steps=8,3,45,ndcg,160,,0.9965954720771878,0.9965954720771878,,1.8219729661941528,1.8219729661941528,0.9965954720771878,1.8219729661941528,3,"{""add_hp"": false, ""add_lp"": false, ""closure_hops"": 2, ""d"": 4, ""deg_normalised"": false, ""dropout"": 0.0, ""early_stopping_patience"": 24, ""edge_weights"": false, ""epochs"": 200, ""eval_every"": 2, ""hidden_channels"": 64, ""input_dropout"": 0.0, ""layers"": 3, ""left_weights"": true, ""linear"": false, ""lr"": 0.012487940706903825, ""max_t"": 1.0, ""min_delta"": 0.0, ""min_epochs_before_stopping"": 30, ""normalised"": true, ""orth"": ""householder"", ""right_weights"": true, ""second_linear"": false, ""sheaf_act"": ""tanh"", ""skip_train_eval"": true, ""sparse_learner"": false, ""stateful_temporal"": true, ""temporal_bptt_steps"": 8, ""temporal_d_model"": 32, ""time_window"": 3, ""use_act"": true, ""weight_decay"": 1.98417640446958e-07}"
sensitivity,temporal_bptt_steps,8.0,8,temporal_bptt_steps=8,4,46,ndcg,114,,0.9981542450157828,0.9981542450157828,,1.8137212991714478,1.8137212991714478,0.9981542450157828,1.8137212991714478,3,"{""add_hp"": false, ""add_lp"": false, ""closure_hops"": 2, ""d"": 4, ""deg_normalised"": false, ""dropout"": 0.0, ""early_stopping_patience"": 24, ""edge_weights"": false, ""epochs"": 200, ""eval_every"": 2, ""hidden_channels"": 64, ""input_dropout"": 0.0, ""layers"": 3, ""left_weights"": true, ""linear"": false, ""lr"": 0.012487940706903825, ""max_t"": 1.0, ""min_delta"": 0.0, ""min_epochs_before_stopping"": 30, ""normalised"": true, ""orth"": ""householder"", ""right_weights"": true, ""second_linear"": false, ""sheaf_act"": ""tanh"", ""skip_train_eval"": true, ""sparse_learner"": false, ""stateful_temporal"": true, ""temporal_bptt_steps"": 8, ""temporal_d_model"": 32, ""time_window"": 3, ""use_act"": true, ""weight_decay"": 1.98417640446958e-07}"
sensitivity,temporal_bptt_steps,8.0,8,temporal_bptt_steps=8,5,47,ndcg,76,,0.9958185416393747,0.9958185416393747,,1.83523428440094,1.83523428440094,0.9958185416393747,1.835234522819519,3,"{""add_hp"": false, ""add_lp"": false, ""closure_hops"": 2, ""d"": 4, ""deg_normalised"": false, ""dropout"": 0.0, ""early_stopping_patience"": 24, ""edge_weights"": false, ""epochs"": 200, ""eval_every"": 2, ""hidden_channels"": 64, ""input_dropout"": 0.0, ""layers"": 3, ""left_weights"": true, ""linear"": false, ""lr"": 0.012487940706903825, ""max_t"": 1.0, ""min_delta"": 0.0, ""min_epochs_before_stopping"": 30, ""normalised"": true, ""orth"": ""householder"", ""right_weights"": true, ""second_linear"": false, ""sheaf_act"": ""tanh"", ""skip_train_eval"": true, ""sparse_learner"": false, ""stateful_temporal"": true, ""temporal_bptt_steps"": 8, ""temporal_d_model"": 32, ""time_window"": 3, ""use_act"": true, ""weight_decay"": 1.98417640446958e-07}"
sensitivity,temporal_bptt_steps,4.0,4,temporal_bptt_steps=4,1,43,ndcg,130,,0.9970089351910426,0.9970089351910426,,1.8212592601776123,1.8212592601776123,0.9970089351910426,1.8212593793869019,3,"{""add_hp"": false, ""add_lp"": false, ""closure_hops"": 2, ""d"": 4, ""deg_normalised"": false, ""dropout"": 0.0, ""early_stopping_patience"": 24, ""edge_weights"": false, ""epochs"": 200, ""eval_every"": 2, ""hidden_channels"": 64, ""input_dropout"": 0.0, ""layers"": 3, ""left_weights"": true, ""linear"": false, ""lr"": 0.012487940706903825, ""max_t"": 1.0, ""min_delta"": 0.0, ""min_epochs_before_stopping"": 30, ""normalised"": true, ""orth"": ""householder"", ""right_weights"": true, ""second_linear"": false, ""sheaf_act"": ""tanh"", ""skip_train_eval"": true, ""sparse_learner"": false, ""stateful_temporal"": true, ""temporal_bptt_steps"": 4, ""temporal_d_model"": 32, ""time_window"": 3, ""use_act"": true, ""weight_decay"": 1.98417640446958e-07}"
sensitivity,temporal_bptt_steps,4.0,4,temporal_bptt_steps=4,2,44,ndcg,118,,0.9976484341179499,0.9976484341179499,,1.815096378326416,1.815096378326416,0.9976484341179499,1.815096378326416,3,"{""add_hp"": false, ""add_lp"": false, ""closure_hops"": 2, ""d"": 4, ""deg_normalised"": false, ""dropout"": 0.0, ""early_stopping_patience"": 24, ""edge_weights"": false, ""epochs"": 200, ""eval_every"": 2, ""hidden_channels"": 64, ""input_dropout"": 0.0, ""layers"": 3, ""left_weights"": true, ""linear"": false, ""lr"": 0.012487940706903825, ""max_t"": 1.0, ""min_delta"": 0.0, ""min_epochs_before_stopping"": 30, ""normalised"": true, ""orth"": ""householder"", ""right_weights"": true, ""second_linear"": false, ""sheaf_act"": ""tanh"", ""skip_train_eval"": true, ""sparse_learner"": false, ""stateful_temporal"": true, ""temporal_bptt_steps"": 4, ""temporal_d_model"": 32, ""time_window"": 3, ""use_act"": true, ""weight_decay"": 1.98417640446958e-07}"
sensitivity,temporal_bptt_steps,4.0,4,temporal_bptt_steps=4,3,45,ndcg,134,,0.9937480043938627,0.9937480043938627,,1.8357871770858765,1.8357869386672974,0.9937480043938627,1.8357869386672974,3,"{""add_hp"": false, ""add_lp"": false, ""closure_hops"": 2, ""d"": 4, ""deg_normalised"": false, ""dropout"": 0.0, ""early_stopping_patience"": 24, ""edge_weights"": false, ""epochs"": 200, ""eval_every"": 2, ""hidden_channels"": 64, ""input_dropout"": 0.0, ""layers"": 3, ""left_weights"": true, ""linear"": false, ""lr"": 0.012487940706903825, ""max_t"": 1.0, ""min_delta"": 0.0, ""min_epochs_before_stopping"": 30, ""normalised"": true, ""orth"": ""householder"", ""right_weights"": true, ""second_linear"": false, ""sheaf_act"": ""tanh"", ""skip_train_eval"": true, ""sparse_learner"": false, ""stateful_temporal"": true, ""temporal_bptt_steps"": 4, ""temporal_d_model"": 32, ""time_window"": 3, ""use_act"": true, ""weight_decay"": 1.98417640446958e-07}"
sensitivity,temporal_bptt_steps,4.0,4,temporal_bptt_steps=4,4,46,ndcg,114,,0.9981985487219683,0.9981985487219683,,1.8138701915740967,1.8138703107833862,0.9981985487219683,1.8138701915740967,3,"{""add_hp"": false, ""add_lp"": false, ""closure_hops"": 2, ""d"": 4, ""deg_normalised"": false, ""dropout"": 0.0, ""early_stopping_patience"": 24, ""edge_weights"": false, ""epochs"": 200, ""eval_every"": 2, ""hidden_channels"": 64, ""input_dropout"": 0.0, ""layers"": 3, ""left_weights"": true, ""linear"": false, ""lr"": 0.012487940706903825, ""max_t"": 1.0, ""min_delta"": 0.0, ""min_epochs_before_stopping"": 30, ""normalised"": true, ""orth"": ""householder"", ""right_weights"": true, ""second_linear"": false, ""sheaf_act"": ""tanh"", ""skip_train_eval"": true, ""sparse_learner"": false, ""stateful_temporal"": true, ""temporal_bptt_steps"": 4, ""temporal_d_model"": 32, ""time_window"": 3, ""use_act"": true, ""weight_decay"": 1.98417640446958e-07}"
sensitivity,temporal_bptt_steps,4.0,4,temporal_bptt_steps=4,5,47,ndcg,96,,0.9978888202132798,0.9978888202132798,,1.8180434703826904,1.8180434703826904,0.9978888202132798,1.8180434703826904,3,"{""add_hp"": false, ""add_lp"": false, ""closure_hops"": 2, ""d"": 4, ""deg_normalised"": false, ""dropout"": 0.0, ""early_stopping_patience"": 24, ""edge_weights"": false, ""epochs"": 200, ""eval_every"": 2, ""hidden_channels"": 64, ""input_dropout"": 0.0, ""layers"": 3, ""left_weights"": true, ""linear"": false, ""lr"": 0.012487940706903825, ""max_t"": 1.0, ""min_delta"": 0.0, ""min_epochs_before_stopping"": 30, ""normalised"": true, ""orth"": ""householder"", ""right_weights"": true, ""second_linear"": false, ""sheaf_act"": ""tanh"", ""skip_train_eval"": true, ""sparse_learner"": false, ""stateful_temporal"": true, ""temporal_bptt_steps"": 4, ""temporal_d_model"": 32, ""time_window"": 3, ""use_act"": true, ""weight_decay"": 1.98417640446958e-07}"
sensitivity,temporal_bptt_steps,16.0,16,temporal_bptt_steps=16,1,43,ndcg,148,,0.997692405990157,0.997692405990157,,1.8191006183624268,1.8191006183624268,0.997692405990157,1.8191003799438477,3,"{""add_hp"": false, ""add_lp"": false, ""closure_hops"": 2, ""d"": 4, ""deg_normalised"": false, ""dropout"": 0.0, ""early_stopping_patience"": 24, ""edge_weights"": false, ""epochs"": 200, ""eval_every"": 2, ""hidden_channels"": 64, ""input_dropout"": 0.0, ""layers"": 3, ""left_weights"": true, ""linear"": false, ""lr"": 0.012487940706903825, ""max_t"": 1.0, ""min_delta"": 0.0, ""min_epochs_before_stopping"": 30, ""normalised"": true, ""orth"": ""householder"", ""right_weights"": true, ""second_linear"": false, ""sheaf_act"": ""tanh"", ""skip_train_eval"": true, ""sparse_learner"": false, ""stateful_temporal"": true, ""temporal_bptt_steps"": 16, ""temporal_d_model"": 32, ""time_window"": 3, ""use_act"": true, ""weight_decay"": 1.98417640446958e-07}"
sensitivity,temporal_bptt_steps,16.0,16,temporal_bptt_steps=16,2,44,ndcg,134,,0.9980418152804098,0.9980418152804098,,1.8098474740982056,1.8098474740982056,0.9980418152804098,1.8098474740982056,3,"{""add_hp"": false, ""add_lp"": false, ""closure_hops"": 2, ""d"": 4, ""deg_normalised"": false, ""dropout"": 0.0, ""early_stopping_patience"": 24, ""edge_weights"": false, ""epochs"": 200, ""eval_every"": 2, ""hidden_channels"": 64, ""input_dropout"": 0.0, ""layers"": 3, ""left_weights"": true, ""linear"": false, ""lr"": 0.012487940706903825, ""max_t"": 1.0, ""min_delta"": 0.0, ""min_epochs_before_stopping"": 30, ""normalised"": true, ""orth"": ""householder"", ""right_weights"": true, ""second_linear"": false, ""sheaf_act"": ""tanh"", ""skip_train_eval"": true, ""sparse_learner"": false, ""stateful_temporal"": true, ""temporal_bptt_steps"": 16, ""temporal_d_model"": 32, ""time_window"": 3, ""use_act"": true, ""weight_decay"": 1.98417640446958e-07}"
sensitivity,temporal_bptt_steps,16.0,16,temporal_bptt_steps=16,3,45,ndcg,176,,0.9978516036522246,0.9978516036522246,,1.815968632698059,1.815968632698059,0.9978516036522246,1.8159687519073486,3,"{""add_hp"": false, ""add_lp"": false, ""closure_hops"": 2, ""d"": 4, ""deg_normalised"": false, ""dropout"": 0.0, ""early_stopping_patience"": 24, ""edge_weights"": false, ""epochs"": 200, ""eval_every"": 2, ""hidden_channels"": 64, ""input_dropout"": 0.0, ""layers"": 3, ""left_weights"": true, ""linear"": false, ""lr"": 0.012487940706903825, ""max_t"": 1.0, ""min_delta"": 0.0, ""min_epochs_before_stopping"": 30, ""normalised"": true, ""orth"": ""householder"", ""right_weights"": true, ""second_linear"": false, ""sheaf_act"": ""tanh"", ""skip_train_eval"": true, ""sparse_learner"": false, ""stateful_temporal"": true, ""temporal_bptt_steps"": 16, ""temporal_d_model"": 32, ""time_window"": 3, ""use_act"": true, ""weight_decay"": 1.98417640446958e-07}"
sensitivity,temporal_bptt_steps,16.0,16,temporal_bptt_steps=16,4,46,ndcg,118,,0.9981333986063032,0.9981333986063032,,1.8119868040084839,1.8119868040084839,0.9981333986063032,1.8119868040084839,3,"{""add_hp"": false, ""add_lp"": false, ""closure_hops"": 2, ""d"": 4, ""deg_normalised"": false, ""dropout"": 0.0, ""early_stopping_patience"": 24, ""edge_weights"": false, ""epochs"": 200, ""eval_every"": 2, ""hidden_channels"": 64, ""input_dropout"": 0.0, ""layers"": 3, ""left_weights"": true, ""linear"": false, ""lr"": 0.012487940706903825, ""max_t"": 1.0, ""min_delta"": 0.0, ""min_epochs_before_stopping"": 30, ""normalised"": true, ""orth"": ""householder"", ""right_weights"": true, ""second_linear"": false, ""sheaf_act"": ""tanh"", ""skip_train_eval"": true, ""sparse_learner"": false, ""stateful_temporal"": true, ""temporal_bptt_steps"": 16, ""temporal_d_model"": 32, ""time_window"": 3, ""use_act"": true, ""weight_decay"": 1.98417640446958e-07}"
sensitivity,temporal_bptt_steps,16.0,16,temporal_bptt_steps=16,5,47,ndcg,92,,0.9972020672748922,0.9972020672748922,,1.822308897972107,1.822308897972107,0.9972020672748922,1.822308897972107,3,"{""add_hp"": false, ""add_lp"": false, ""closure_hops"": 2, ""d"": 4, ""deg_normalised"": false, ""dropout"": 0.0, ""early_stopping_patience"": 24, ""edge_weights"": false, ""epochs"": 200, ""eval_every"": 2, ""hidden_channels"": 64, ""input_dropout"": 0.0, ""layers"": 3, ""left_weights"": true, ""linear"": false, ""lr"": 0.012487940706903825, ""max_t"": 1.0, ""min_delta"": 0.0, ""min_epochs_before_stopping"": 30, ""normalised"": true, ""orth"": ""householder"", ""right_weights"": true, ""second_linear"": false, ""sheaf_act"": ""tanh"", ""skip_train_eval"": true, ""sparse_learner"": false, ""stateful_temporal"": true, ""temporal_bptt_steps"": 16, ""temporal_d_model"": 32, ""time_window"": 3, ""use_act"": true, ""weight_decay"": 1.98417640446958e-07}"
