cell,scenario,method,alpha,segment,mean,std,count
E1_a100_N16,A,cur,0.0,all,0.5155970702780046,0.0742747464971238,50
E1_a100_N16,A,cur,0.0,end,0.5591990851662758,0.23825439991313258,50
E1_a100_N16,A,cur,0.0,post,0.5521100403917528,0.10855239080096164,50
E1_a100_N16,A,cur,0.0,pre,0.5094984076292856,0.10643219765802917,50
E1_a100_N16,A,cur,0.01,all,0.5122014635250888,0.07384781868398968,50
E1_a100_N16,A,cur,0.01,end,0.5555074946918395,0.23673085514438535,50
E1_a100_N16,A,cur,0.01,post,0.5484650388380302,0.10789564398576267,50
E1_a100_N16,A,cur,0.01,pre,0.5061502575363701,0.10577783471509006,50
E1_a100_N16,A,cur,0.03,all,0.5056398772549658,0.07301145996846686,50
E1_a100_N16,A,cur,0.03,end,0.5483242144851931,0.2337712303798159,50
E1_a100_N16,A,cur,0.03,post,0.5413719850153701,0.10661967195462244,50
E1_a100_N16,A,cur,0.03,pre,0.49972273616844676,0.10448904448751134,50
E1_a100_N16,A,cur,0.1,all,0.4848634600501685,0.0702440501940281,50
E1_a100_N16,A,cur,0.1,end,0.5250944480941285,0.22424072108989632,50
E1_a100_N16,A,cur,0.1,post,0.518430132590167,0.10250698119034654,50
E1_a100_N16,A,cur,0.1,pre,0.47978269899106607,0.1001639428451793,50
E1_a100_N16,A,cur,0.3,all,0.44003064472634207,0.06334287303248069,50
E1_a100_N16,A,cur,0.3,end,0.47155108031008025,0.20244896463523576,50
E1_a100_N16,A,cur,0.3,post,0.46552756089539526,0.09304855231350867,50
E1_a100_N16,A,cur,0.3,pre,0.4396006071022741,0.08906332741983479,50
E1_a100_N16,A,cur,1.0,all,0.3685480357687407,0.04660347318013263,50
E1_a100_N16,A,cur,1.0,end,0.36358665570158055,0.15875807466276817,50
E1_a100_N16,A,cur,1.0,post,0.3587450271719053,0.07353623246410398,50
E1_a100_N16,A,cur,1.0,pre,0.3920708490560089,0.06145812160091854,50
E1_a100_N16,A,cur,3.0,all,0.33870613506296315,0.03361753896930332,50
E1_a100_N16,A,cur,3.0,end,0.25613889831400777,0.11525379867169473,50
E1_a100_N16,A,cur,3.0,post,0.25226881242892507,0.05285550767927639,50
E1_a100_N16,A,cur,3.0,pre,0.40572221967606614,0.03508322001271319,50
E1_a100_N16,A,cur,10.0,all,0.3556209766604106,0.03880028515513196,50
E1_a100_N16,A,cur,10.0,end,0.18533268109734166,0.08837719036381013,50
E1_a100_N16,A,cur,10.0,post,0.1818573119147986,0.04007222317752919,50
E1_a100_N16,A,cur,10.0,pre,0.4588463851349699,0.026277812110437566,50
E1_a100_N16,A,cur,30.0,all,0.375293777048989,0.04321713195749108,50
E1_a100_N16,A,cur,30.0,end,0.16196640375750174,0.08041275590808132,50
E1_a100_N16,A,cur,30.0,post,0.15833794272874108,0.03706488746324989,50
E1_a100_N16,A,cur,30.0,pre,0.4937973418406009,0.02322722725697039,50
E1_a100_N16,A,cur,100.0,all,0.38799497611245287,0.04498304354866661,50
E1_a100_N16,A,cur,100.0,end,0.15728795499483994,0.0780510527886895,50
E1_a100_N16,A,cur,100.0,post,0.15355424844466362,0.03638366233742515,50
E1_a100_N16,A,cur,100.0,pre,0.5130255438332918,0.021684167171191746,50
E1_a100_N16,A,cur,300.0,all,0.39326827902419426,0.045610431872938374,50
E1_a100_N16,A,cur,300.0,end,0.15785337847193534,0.07775048379515528,50
E1_a100_N16,A,cur,300.0,post,0.15435783515107782,0.03667012465065684,50
E1_a100_N16,A,cur,300.0,pre,0.5203172229715812,0.0214156870770389,50
E1_a100_N16,A,cur,1000.0,all,0.3954851865383712,0.045917216132984946,50
E1_a100_N16,A,cur,1000.0,end,0.15857233175409152,0.07780197789416846,50
E1_a100_N16,A,cur,1000.0,post,0.15531543040523998,0.037099502030087356,50
E1_a100_N16,A,cur,1000.0,pre,0.5232427172161995,0.021411055502346024,50
E1_a100_N16,A,hist,0.0,all,0.5155970702780048,0.07427474649712379,50
E1_a100_N16,A,hist,0.0,end,0.5591990851662759,0.2382543999131327,50
E1_a100_N16,A,hist,0.0,post,0.5521100403917529,0.1085523908009616,50
E1_a100_N16,A,hist,0.0,pre,0.5094984076292858,0.10643219765802919,50
E1_a100_N16,A,hist,0.01,all,0.5121945253445971,0.07382924783421947,50
E1_a100_N16,A,hist,0.01,end,0.5555073959740815,0.2367318363120857,50
E1_a100_N16,A,hist,0.01,post,0.5484666482971384,0.10789655744866661,50
E1_a100_N16,A,hist,0.01,pre,0.50614161637826,0.10578254383721827,50
E1_a100_N16,A,hist,0.03,all,0.5055730209503867,0.07296668723475498,50
E1_a100_N16,A,hist,0.03,end,0.5483237755274646,0.2337739835507945,50
E1_a100_N16,A,hist,0.03,post,0.5413762872458403,0.10662228047820514,50
E1_a100_N16,A,hist,0.03,pre,0.49960897924515435,0.10452090050637827,50
E1_a100_N16,A,hist,0.1,all,0.4841540275853041,0.07021144920601396,50
E1_a100_N16,A,hist,0.1,end,0.5250914952635233,0.22424793411403507,50
E1_a100_N16,A,hist,0.1,post,0.5184390211273161,0.10251431402488828,50
E1_a100_N16,A,hist,0.1,pre,0.4784760007976997,0.10046042185018801,50
E1_a100_N16,A,hist,0.3,all,0.43474990390581847,0.06398900377207761,50
E1_a100_N16,A,hist,0.3,end,0.47153281098280203,0.2024585282475868,50
E1_a100_N16,A,hist,0.3,post,0.4655201980796513,0.0930620128759989,50
E1_a100_N16,A,hist,0.3,pre,0.4297244618717439,0.09117120372580165,50
E1_a100_N16,A,hist,1.0,all,0.3349595852521785,0.05131026993783837,50
E1_a100_N16,A,hist,1.0,end,0.3634763462043077,0.158730157765972,50
E1_a100_N16,A,hist,1.0,post,0.35854074379655027,0.07353135715013075,50
E1_a100_N16,A,hist,1.0,pre,0.331228695497231,0.07231552988585918,50
E1_a100_N16,A,hist,3.0,all,0.23514836629939115,0.03731404413481918,50
E1_a100_N16,A,hist,3.0,end,0.2557368313315963,0.11509571978365514,50
E1_a100_N16,A,hist,3.0,post,0.25134102165691014,0.052685117937676273,50
E1_a100_N16,A,hist,3.0,pre,0.23262886333204258,0.05259967887864955,50
E1_a100_N16,A,hist,10.0,all,0.16788079931879152,0.027416737247925413,50
E1_a100_N16,A,hist,10.0,end,0.18419161612917956,0.08804914441236225,50
E1_a100_N16,A,hist,10.0,post,0.17908852387548724,0.03914073928295116,50
E1_a100_N16,A,hist,10.0,pre,0.16582296532663374,0.038828214488183355,50
E1_a100_N16,A,hist,30.0,all,0.14380181215064658,0.024180554147210886,50
E1_a100_N16,A,hist,30.0,end,0.15976241361512952,0.07991948674286849,50
E1_a100_N16,A,hist,30.0,post,0.15332807522407685,0.03494631274462102,50
E1_a100_N16,A,hist,30.0,pre,0.14164817095707016,0.03391592889280048,50
E1_a100_N16,A,hist,100.0,all,0.13808760807587764,0.02317642071802105,50
E1_a100_N16,A,hist,100.0,end,0.1540602193225567,0.0771693187701024,50
E1_a100_N16,A,hist,100.0,post,0.14690708220016055,0.03337473523143079,50
E1_a100_N16,A,hist,100.0,pre,0.13622780779094815,0.03313954186072961,50
E1_a100_N16,A,hist,300.0,all,0.13947000630954257,0.02316717751416382,50
E1_a100_N16,A,hist,300.0,end,0.15442989129874912,0.07632412612923445,50
E1_a100_N16,A,hist,300.0,post,0.14733081989242236,0.03346400076928536,50
E1_a100_N16,A,hist,300.0,pre,0.13881810035296,0.0350603464913415,50
E1_a100_N16,A,hist,1000.0,all,0.14788255503489495,0.025267613661226238,50
E1_a100_N16,A,hist,1000.0,end,0.1574747480960143,0.07647845898969242,50
E1_a100_N16,A,hist,1000.0,post,0.15239173477962364,0.03490849210804562,50
E1_a100_N16,A,hist,1000.0,pre,0.15080013629559372,0.043100344896890824,50
E1_a100_N16,A,in,0.0,all,0.5155970702775616,0.07427474649713636,50
E1_a100_N16,A,in,0.0,end,0.559199085166187,0.23825439991309727,50
E1_a100_N16,A,in,0.0,post,0.5521100403917156,0.10855239080096435,50
E1_a100_N16,A,in,0.0,pre,0.5094984076284347,0.10643219765785641,50
E1_a100_N16,A,in,0.01,all,0.5121944078048735,0.07382971520488174,50
E1_a100_N16,A,in,0.01,end,0.5555086443906404,0.23673288754975025,50
E1_a100_N16,A,in,0.01,post,0.5484671189241012,0.10789791688040484,50
E1_a100_N16,A,in,0.01,pre,0.5061411935796313,0.10578287202911352,50
E1_a100_N16,A,in,0.03,all,0.505573035900377,0.07296809805301102,50
E1_a100_N16,A,in,0.03,end,0.5483275828266655,0.2337771162123782,50
E1_a100_N16,A,in,0.03,post,0.5413780629956062,0.106626344882637,50
E1_a100_N16,A,in,0.03,pre,0.4996080903947428,0.10452194813732037,50
E1_a100_N16,A,in,0.1,all,0.4841578850726194,0.07021621662697514,50
E1_a100_N16,A,in,0.1,end,0.5251048060185544,0.22425811461866313,50
E1_a100_N16,A,in,0.1,post,0.5184487023883529,0.10252767006481646,50
E1_a100_N16,A,in,0.1,pre,0.4784769736606155,0.10046456078260015,50
E1_a100_N16,A,in,0.3,all,0.43478524488588277,0.06400340897245818,50
E1_a100_N16,A,in,0.3,end,0.4715762408837952,0.20248674852210388,50
E1_a100_N16,A,in,0.3,post,0.4655725823953898,0.09310025578266508,50
E1_a100_N16,A,in,0.3,pre,0.4297520306704034,0.09118759429403334,50
E1_a100_N16,A,in,1.0,all,0.33520279270484665,0.05135787127501799,50
E1_a100_N16,A,in,1.0,end,0.36363417287991245,0.15880392706751562,50
E1_a100_N16,A,in,1.0,post,0.35883576469987927,0.07364668357734579,50
E1_a100_N16,A,in,1.0,pre,0.33145243439163613,0.07239085173748461,50
E1_a100_N16,A,in,3.0,all,0.23607477632718737,0.03746365888449177,50
E1_a100_N16,A,in,3.0,end,0.2561879287391777,0.115249080720434,50
E1_a100_N16,A,in,3.0,post,0.2523956538162371,0.0530398638256992,50
E1_a100_N16,A,in,3.0,pre,0.23352098216864645,0.05284586671671312,50
E1_a100_N16,A,in,10.0,all,0.17043005015339194,0.02789030959592245,50
E1_a100_N16,A,in,10.0,end,0.18531919975462582,0.08838541876858971,50
E1_a100_N16,A,in,10.0,post,0.18195675517078208,0.040368965606450764,50
E1_a100_N16,A,in,10.0,pre,0.16830617524133473,0.03939315733876686,50
E1_a100_N16,A,in,30.0,all,0.14820620010039104,0.025178746315932272,50
E1_a100_N16,A,in,30.0,end,0.1618848793634705,0.08057345499003013,50
E1_a100_N16,A,in,30.0,post,0.15835761834526788,0.037436577789524556,50
E1_a100_N16,A,in,30.0,pre,0.1458690350948697,0.03483097368338439,50
E1_a100_N16,A,in,100.0,all,0.1436501513763006,0.024693355580251018,50
E1_a100_N16,A,in,100.0,end,0.15716970880013842,0.07830858165794863,50
E1_a100_N16,A,in,100.0,post,0.1535266304891915,0.03677936227303343,50
E1_a100_N16,A,in,100.0,pre,0.14121601147302099,0.034051813842216984,50
E1_a100_N16,A,in,300.0,all,0.14441817024383613,0.02465303924151951,50
E1_a100_N16,A,in,300.0,end,0.15771735909855716,0.07802770346020206,50
E1_a100_N16,A,in,300.0,post,0.1543229627633183,0.037055740444263845,50
E1_a100_N16,A,in,300.0,pre,0.14201365268889415,0.03422133700765752,50
E1_a100_N16,A,in,1000.0,all,0.14531034247547253,0.024652019686363835,50
E1_a100_N16,A,in,1000.0,end,0.1584301801239062,0.07808079622587225,50
E1_a100_N16,A,in,1000.0,post,0.15528375467396896,0.03746713349372885,50
E1_a100_N16,A,in,1000.0,pre,0.14292555346752056,0.03433397716929317,50
E1_a100_N16,A,legs,0.0,all,0.5155970702780046,0.07427474649712378,50
E1_a100_N16,A,legs,0.0,end,0.5591990851662758,0.2382543999131326,50
E1_a100_N16,A,legs,0.0,post,0.5521100403917528,0.10855239080096164,50
E1_a100_N16,A,legs,0.0,pre,0.5094984076292856,0.10643219765802914,50
E1_a100_N16,A,legs,0.01,all,0.5155970702780046,0.07427474649712378,50
E1_a100_N16,A,legs,0.01,end,0.5591990851662758,0.2382543999131326,50
E1_a100_N16,A,legs,0.01,post,0.5521100403917528,0.10855239080096164,50
E1_a100_N16,A,legs,0.01,pre,0.5094984076292856,0.10643219765802914,50
E1_a100_N16,A,legs,0.03,all,0.5155970702780046,0.07427474649712378,50
E1_a100_N16,A,legs,0.03,end,0.5591990851662758,0.2382543999131326,50
E1_a100_N16,A,legs,0.03,post,0.5521100403917528,0.10855239080096164,50
E1_a100_N16,A,legs,0.03,pre,0.5094984076292856,0.10643219765802914,50
E1_a100_N16,A,legs,0.1,all,0.5155970702780046,0.07427474649712378,50
E1_a100_N16,A,legs,0.1,end,0.5591990851662758,0.2382543999131326,50
E1_a100_N16,A,legs,0.1,post,0.5521100403917528,0.10855239080096164,50
E1_a100_N16,A,legs,0.1,pre,0.5094984076292856,0.10643219765802914,50
E1_a100_N16,A,legs,0.3,all,0.5155970702780046,0.07427474649712378,50
E1_a100_N16,A,legs,0.3,end,0.5591990851662758,0.2382543999131326,50
E1_a100_N16,A,legs,0.3,post,0.5521100403917528,0.10855239080096164,50
E1_a100_N16,A,legs,0.3,pre,0.5094984076292856,0.10643219765802914,50
E1_a100_N16,A,legs,1.0,all,0.5155970702780046,0.07427474649712378,50
E1_a100_N16,A,legs,1.0,end,0.5591990851662758,0.2382543999131326,50
E1_a100_N16,A,legs,1.0,post,0.5521100403917528,0.10855239080096164,50
E1_a100_N16,A,legs,1.0,pre,0.5094984076292856,0.10643219765802914,50
E1_a100_N16,A,legs,3.0,all,0.5155970702780046,0.07427474649712378,50
E1_a100_N16,A,legs,3.0,end,0.5591990851662758,0.2382543999131326,50
E1_a100_N16,A,legs,3.0,post,0.5521100403917528,0.10855239080096164,50
E1_a100_N16,A,legs,3.0,pre,0.5094984076292856,0.10643219765802914,50
E1_a100_N16,A,legs,10.0,all,0.5155970702780046,0.07427474649712378,50
E1_a100_N16,A,legs,10.0,end,0.5591990851662758,0.2382543999131326,50
E1_a100_N16,A,legs,10.0,post,0.5521100403917528,0.10855239080096164,50
E1_a100_N16,A,legs,10.0,pre,0.5094984076292856,0.10643219765802914,50
E1_a100_N16,A,legs,30.0,all,0.5155970702780046,0.07427474649712378,50
E1_a100_N16,A,legs,30.0,end,0.5591990851662758,0.2382543999131326,50
E1_a100_N16,A,legs,30.0,post,0.5521100403917528,0.10855239080096164,50
E1_a100_N16,A,legs,30.0,pre,0.5094984076292856,0.10643219765802914,50
E1_a100_N16,A,legs,100.0,all,0.5155970702780046,0.07427474649712378,50
E1_a100_N16,A,legs,100.0,end,0.5591990851662758,0.2382543999131326,50
E1_a100_N16,A,legs,100.0,post,0.5521100403917528,0.10855239080096164,50
E1_a100_N16,A,legs,100.0,pre,0.5094984076292856,0.10643219765802914,50
E1_a100_N16,A,legs,300.0,all,0.5155970702780046,0.07427474649712378,50
E1_a100_N16,A,legs,300.0,end,0.5591990851662758,0.2382543999131326,50
E1_a100_N16,A,legs,300.0,post,0.5521100403917528,0.10855239080096164,50
E1_a100_N16,A,legs,300.0,pre,0.5094984076292856,0.10643219765802914,50
E1_a100_N16,A,legs,1000.0,all,0.5155970702780046,0.07427474649712378,50
E1_a100_N16,A,legs,1000.0,end,0.5591990851662758,0.2382543999131326,50
E1_a100_N16,A,legs,1000.0,post,0.5521100403917528,0.10855239080096164,50
E1_a100_N16,A,legs,1000.0,pre,0.5094984076292856,0.10643219765802914,50
E1_a100_N16,A,point,0.0,all,2.579114650540261,0.3465281933052037,50
E1_a100_N16,A,point,0.0,end,1.3471224522916276,0.5681121285787338,50
E1_a100_N16,A,point,0.0,post,2.762585645290364,0.5219055173521912,50
E1_a100_N16,A,point,0.0,pre,2.5492795627057947,0.5069118692932809,50
E1_a100_N16,A,point,0.01,all,2.5621291424298085,0.344407987257021,50
E1_a100_N16,A,point,0.01,end,1.3382884175386898,0.5642062618698699,50
E1_a100_N16,A,point,0.01,post,2.744460781775443,0.5188197228959376,50
E1_a100_N16,A,point,0.01,pre,2.5324609575288903,0.503751710360236,50
E1_a100_N16,A,point,0.03,all,2.529072321287484,0.3403000224691231,50
E1_a100_N16,A,point,0.03,end,1.3210990813083094,0.5566274416772847,50
E1_a100_N16,A,point,0.03,post,2.7091850409657217,0.5128200645494466,50
E1_a100_N16,A,point,0.03,pre,2.4997290015202465,0.49760989311250875,50
E1_a100_N16,A,point,0.1,all,2.422116549251653,0.32714765546561775,50
E1_a100_N16,A,point,0.1,end,1.2655117597996801,0.5322947560477425,50
E1_a100_N16,A,point,0.1,post,2.5950353040398886,0.49343698454706353,50
E1_a100_N16,A,point,0.1,pre,2.3938252550634176,0.4777978233257035,50
E1_a100_N16,A,point,0.3,all,2.1751967766151266,0.2971995298655537,50
E1_a100_N16,A,point,0.3,end,1.1373467934894006,0.47698804284813834,50
E1_a100_N16,A,point,0.3,post,2.3314108744775464,0.4485111085852228,50
E1_a100_N16,A,point,0.3,pre,2.1493475847918257,0.4321670039330691,50
E1_a100_N16,A,point,1.0,all,1.6743368463504062,0.23435431451138317,50
E1_a100_N16,A,point,1.0,end,0.8781204936266989,0.3664171831687791,50
E1_a100_N16,A,point,1.0,post,1.7961324970312627,0.3533204051967613,50
E1_a100_N16,A,point,1.0,pre,1.6535867174229089,0.3376281585644068,50
E1_a100_N16,A,point,3.0,all,1.1645770196914746,0.16012000021,50
E1_a100_N16,A,point,3.0,end,0.6156668834571046,0.2523099010605218,50
E1_a100_N16,A,point,3.0,post,1.2502939364348593,0.24510172487541387,50
E1_a100_N16,A,point,3.0,pre,1.149475874150668,0.23383727530951395,50
E1_a100_N16,A,point,10.0,all,0.8004942756808073,0.10279970915202105,50
E1_a100_N16,A,point,10.0,end,0.42925765054275467,0.17011545763332486,50
E1_a100_N16,A,point,10.0,post,0.8598255922514982,0.16573084507168923,50
E1_a100_N16,A,point,10.0,pre,0.7898477833819811,0.15604729374268705,50
E1_a100_N16,A,point,30.0,all,0.6509330680978082,0.08175472722966469,50
E1_a100_N16,A,point,30.0,end,0.35253025206806116,0.1364356649633907,50
E1_a100_N16,A,point,30.0,post,0.6996846679526608,0.1364588533827304,50
E1_a100_N16,A,point,30.0,pre,0.6418851668899527,0.12528681184012697,50
E1_a100_N16,A,point,100.0,all,0.5983856320122002,0.0752987125389697,50
E1_a100_N16,A,point,100.0,end,0.3257172668892522,0.12326766359285653,50
E1_a100_N16,A,point,100.0,post,0.6432316322674407,0.12143611051686068,50
E1_a100_N16,A,point,100.0,pre,0.589770976051376,0.11667049268623976,50
E1_a100_N16,A,point,300.0,all,0.5886250250754196,0.07522290372151286,50
E1_a100_N16,A,point,300.0,end,0.32112960780226446,0.12069534398966762,50
E1_a100_N16,A,point,300.0,post,0.6325534911080939,0.11681112102504888,50
E1_a100_N16,A,point,300.0,pre,0.580136331660868,0.11667130681661088,50
E1_a100_N16,A,point,1000.0,all,0.5871932739072799,0.07535304886415725,50
E1_a100_N16,A,point,1000.0,end,0.32067290849719526,0.12031648548873412,50
E1_a100_N16,A,point,1000.0,post,0.6309521978261328,0.11588888272310158,50
E1_a100_N16,A,point,1000.0,pre,0.578740802279102,0.11689567850105453,50
E1_a100_N4,A,cur,0.0,all,0.8297893653107781,0.4536342138462646,50
E1_a100_N4,A,cur,0.0,end,1.1127199317166123,0.8484761893152929,50
E1_a100_N4,A,cur,0.0,post,1.2052155765035089,0.8291810528985141,50
E1_a100_N4,A,cur,0.0,pre,0.856654697186633,0.6134206466933347,50
E1_a100_N4,A,cur,0.01,all,0.8242320859737959,0.45044402970835806,50
E1_a100_N4,A,cur,0.01,end,1.1054339710423802,0.8431384278888238,50
E1_a100_N4,A,cur,0.01,post,1.1974016294935312,0.8241129511770436,50
E1_a100_N4,A,cur,0.01,pre,0.8508072755154273,0.6089271108996038,50
E1_a100_N4,A,cur,0.03,all,0.813456135478141,0.4442398964355235,50
E1_a100_N4,A,cur,0.03,end,1.0912530037150678,0.8327471384086422,50
E1_a100_N4,A,cur,0.03,post,1.1821927021385323,0.8142478195257974,50
E1_a100_N4,A,cur,0.03,pre,0.8394961244353439,0.6001902938899679,50
E1_a100_N4,A,cur,0.1,all,0.7789707460217384,0.424194123537351,50
E1_a100_N4,A,cur,0.1,end,1.045359492163741,0.7990977135029737,50
E1_a100_N4,A,cur,0.1,post,1.132969096268227,0.782311303389997,50
E1_a100_N4,A,cur,0.1,pre,0.8035630865511876,0.5719752527868741,50
E1_a100_N4,A,cur,0.3,all,0.7019586994581725,0.37788253570304664,50
E1_a100_N4,A,cur,0.3,end,0.9393431813237422,0.7212396993115597,50
E1_a100_N4,A,cur,0.3,post,1.0192370335001864,0.7084433650250122,50
E1_a100_N4,A,cur,0.3,pre,0.7251363888605716,0.5068201753936821,50
E1_a100_N4,A,cur,1.0,all,0.5619861983512373,0.28201014573978506,50
E1_a100_N4,A,cur,1.0,end,0.7239123261194236,0.5624611425846308,50
E1_a100_N4,A,cur,1.0,post,0.7880999941948232,0.5576141870670748,50
E1_a100_N4,A,cur,1.0,pre,0.5933176533730717,0.3719909805530288,50
E1_a100_N4,A,cur,3.0,all,0.4583830541418661,0.1811755809364769,50
E1_a100_N4,A,cur,3.0,end,0.5036575938714594,0.40010733688979916,50
E1_a100_N4,A,cur,3.0,post,0.5526844615058966,0.4016064899026127,50
E1_a100_N4,A,cur,3.0,pre,0.517161694223022,0.2312078223919747,50
E1_a100_N4,A,cur,10.0,all,0.42677669697545406,0.12029897314517052,50
E1_a100_N4,A,cur,10.0,end,0.3475409622316951,0.29080755666562585,50
E1_a100_N4,A,cur,10.0,post,0.38858375462877803,0.2901378140058352,50
E1_a100_N4,A,cur,10.0,pre,0.5166301160100355,0.14205709210275466,50
E1_a100_N4,A,cur,30.0,all,0.432239023020451,0.10900109998720679,50
E1_a100_N4,A,cur,30.0,end,0.29073158285075723,0.25830330621575237,50
E1_a100_N4,A,cur,30.0,post,0.3303180849217718,0.25399989512243903,50
E1_a100_N4,A,cur,30.0,pre,0.5373040579704665,0.11872992357657856,50
E1_a100_N4,A,cur,100.0,all,0.44247098736152024,0.10933945771982291,50
E1_a100_N4,A,cur,100.0,end,0.27867527230730316,0.25284919936271516,50
E1_a100_N4,A,cur,100.0,post,0.3189805918618933,0.2511984376989205,50
E1_a100_N4,A,cur,100.0,pre,0.5536750986031471,0.1146398950546358,50
E1_a100_N4,A,cur,300.0,all,0.44800237209058075,0.11035664521637224,50
E1_a100_N4,A,cur,300.0,end,0.2797084579766412,0.25278899409152794,50
E1_a100_N4,A,cur,300.0,post,0.3211954665880131,0.2539460813629836,50
E1_a100_N4,A,cur,300.0,pre,0.5608084477592326,0.11427878354669938,50
E1_a100_N4,A,cur,1000.0,all,0.45054417028245086,0.11088232058513055,50
E1_a100_N4,A,cur,1000.0,end,0.28114170458373283,0.25297938997697084,50
E1_a100_N4,A,cur,1000.0,post,0.323472469353565,0.2555711769283612,50
E1_a100_N4,A,cur,1000.0,pre,0.563834425237024,0.11424477966039455,50
E1_a100_N4,A,hist,0.0,all,0.8297893653107782,0.45363421384626473,50
E1_a100_N4,A,hist,0.0,end,1.1127199317166125,0.8484761893152934,50
E1_a100_N4,A,hist,0.0,post,1.205215576503509,0.8291810528985144,50
E1_a100_N4,A,hist,0.0,pre,0.8566546971866333,0.613420646693335,50
E1_a100_N4,A,hist,0.01,all,0.8242517262931051,0.4503816715948294,50
E1_a100_N4,A,hist,0.01,end,1.1054438563652398,0.8431288764482769,50
E1_a100_N4,A,hist,0.01,post,1.1974044842161726,0.8241040010092254,50
E1_a100_N4,A,hist,0.01,pre,0.8508239411693705,0.6087457135561247,50
E1_a100_N4,A,hist,0.03,all,0.8134749655548807,0.44406695440938493,50
E1_a100_N4,A,hist,0.03,end,1.0912806802973416,0.8327180088677902,50
E1_a100_N4,A,hist,0.03,post,1.1821989435884697,0.8142200372652856,50
E1_a100_N4,A,hist,0.03,pre,0.8394790530267723,0.5996793739652376,50
E1_a100_N4,A,hist,0.1,all,0.7786103241461346,0.4237690266241433,50
E1_a100_N4,A,hist,0.1,end,1.0454310594426084,0.7989954736549759,50
E1_a100_N4,A,hist,0.1,post,1.1329659692244332,0.782209435070923,50
E1_a100_N4,A,hist,0.1,pre,0.8027976111442868,0.5706288175034843,50
E1_a100_N4,A,hist,0.3,all,0.6981359194894439,0.37761126581246224,50
E1_a100_N4,A,hist,0.3,end,0.9394260567867748,0.720897233249446,50
E1_a100_N4,A,hist,0.3,post,1.019080690696731,0.7080863020457672,50
E1_a100_N4,A,hist,0.3,pre,0.7182601153084179,0.505150925186503,50
E1_a100_N4,A,hist,1.0,all,0.5349294150206672,0.2861925616677888,50
E1_a100_N4,A,hist,1.0,end,0.7234677687861825,0.5610972741002649,50
E1_a100_N4,A,hist,1.0,post,0.786837213064174,0.5562331224885056,50
E1_a100_N4,A,hist,1.0,pre,0.5475014930880104,0.37869977716922587,50
E1_a100_N4,A,hist,3.0,all,0.3691254047318442,0.19406827448948455,50
E1_a100_N4,A,hist,3.0,end,0.5010582839659912,0.3959157608950557,50
E1_a100_N4,A,hist,3.0,post,0.5477497713077468,0.3975888719981,50
E1_a100_N4,A,hist,3.0,pre,0.3756461244151648,0.25894600321517913,50
E1_a100_N4,A,hist,10.0,all,0.25232821014764517,0.12869930384924333,50
E1_a100_N4,A,hist,10.0,end,0.33985734791776834,0.28203862001693125,50
E1_a100_N4,A,hist,10.0,post,0.37402933974717917,0.2802983009334652,50
E1_a100_N4,A,hist,10.0,pre,0.25709606064273255,0.18384536541427682,50
E1_a100_N4,A,hist,30.0,all,0.20605335994718402,0.10745338033558591,50
E1_a100_N4,A,hist,30.0,end,0.2765829068889014,0.24939519227979737,50
E1_a100_N4,A,hist,30.0,post,0.3024532609379402,0.23629764887816962,50
E1_a100_N4,A,hist,30.0,pre,0.21175999151667,0.16342895024852502,50
E1_a100_N4,A,hist,100.0,all,0.19463088757394917,0.10602464987449405,50
E1_a100_N4,A,hist,100.0,end,0.2610003475167431,0.25149294812089573,50
E1_a100_N4,A,hist,100.0,post,0.28412913312808113,0.22567613807262993,50
E1_a100_N4,A,hist,100.0,pre,0.20210183337876514,0.1666148426327855,50
E1_a100_N4,A,hist,300.0,all,0.2001810507108332,0.10878292002139472,50
E1_a100_N4,A,hist,300.0,end,0.26438395505514983,0.2591663015735516,50
E1_a100_N4,A,hist,300.0,post,0.29096542774948464,0.22558440766533613,50
E1_a100_N4,A,hist,300.0,pre,0.2091770080949287,0.17481071369005444,50
E1_a100_N4,A,hist,1000.0,all,0.2064288628232827,0.10977606703090129,50
E1_a100_N4,A,hist,1000.0,end,0.26675983631376726,0.26028709611768425,50
E1_a100_N4,A,hist,1000.0,post,0.2975792943119901,0.2237666197676512,50
E1_a100_N4,A,hist,1000.0,pre,0.21644654090778923,0.1784288903211396,50
E1_a100_N4,A,in,0.0,all,0.8297893653107176,0.4536342138462325,50
E1_a100_N4,A,in,0.0,end,1.1127199317165875,0.8484761893152823,50
E1_a100_N4,A,in,0.0,post,1.205215576503483,0.8291810528984968,50
E1_a100_N4,A,in,0.0,pre,0.8566546971865263,0.6134206466932594,50
E1_a100_N4,A,in,0.01,all,0.824243585000199,0.45034889872338824,50
E1_a100_N4,A,in,0.01,end,1.1054500534560843,0.8431321211658478,50
E1_a100_N4,A,in,0.01,post,1.1973989633583588,0.8240838812994966,50
E1_a100_N4,A,in,0.01,pre,0.8508075445393141,0.6086895030265023,50
E1_a100_N4,A,in,0.03,all,0.8134527327126732,0.44397238776512044,50
E1_a100_N4,A,in,0.03,end,1.0913005389347266,0.8327293038639484,50
E1_a100_N4,A,in,0.03,post,1.1821856766038896,0.8141639778042394,50
E1_a100_N4,A,in,0.03,pre,0.8394325680689572,0.5995170751711218,50
E1_a100_N4,A,in,0.1,all,0.7785588488799177,0.4234922708371985,50
E1_a100_N4,A,in,0.1,end,1.0455100825240768,0.7990489365135386,50
E1_a100_N4,A,in,0.1,post,1.1329555650238405,0.7820665641640029,50
E1_a100_N4,A,in,0.1,pre,0.8026706791275267,0.5701524410245917,50
E1_a100_N4,A,in,0.3,all,0.6981216626114721,0.37701469728347914,50
E1_a100_N4,A,in,0.3,end,0.9397372789861954,0.721148768838566,50
E1_a100_N4,A,in,0.3,post,1.0192544998647952,0.7079224657119164,50
E1_a100_N4,A,in,0.3,pre,0.7180545146520254,0.5041103756642693,50
E1_a100_N4,A,in,1.0,all,0.5356126449363529,0.2853817210823784,50
E1_a100_N4,A,in,1.0,end,0.7247953960979596,0.5622767534944136,50
E1_a100_N4,A,in,1.0,post,0.7884065039734632,0.5569537788274638,50
E1_a100_N4,A,in,1.0,pre,0.5477672712641852,0.37717001362823266,50
E1_a100_N4,A,in,3.0,all,0.37248794366806953,0.19387029865595143,50
E1_a100_N4,A,in,3.0,end,0.504932459400275,0.3991868168102664,50
E1_a100_N4,A,in,3.0,post,0.5537332647864293,0.40151273915354146,50
E1_a100_N4,A,in,3.0,pre,0.378441077696817,0.2581505389188952,50
E1_a100_N4,A,in,10.0,all,0.26290152751583035,0.1305003761567716,50
E1_a100_N4,A,in,10.0,end,0.3489136265076953,0.28797745162627214,50
E1_a100_N4,A,in,10.0,post,0.3905663265497422,0.29118156709062487,50
E1_a100_N4,A,in,10.0,pre,0.26719006722517247,0.1858365718649958,50
E1_a100_N4,A,in,30.0,all,0.22616409196311507,0.11131756528176898,50
E1_a100_N4,A,in,30.0,end,0.29192066343067774,0.2544996868496424,50
E1_a100_N4,A,in,30.0,post,0.3325578596647451,0.25564831678637484,50
E1_a100_N4,A,in,30.0,pre,0.23094989946537703,0.16720252591976031,50
E1_a100_N4,A,in,100.0,all,0.21901475161664993,0.10885127810341752,50
E1_a100_N4,A,in,100.0,end,0.27958206838784777,0.2488593916015281,50
E1_a100_N4,A,in,100.0,post,0.3209723774394206,0.25288526557051016,50
E1_a100_N4,A,in,100.0,pre,0.22395544305934265,0.16457191974984967,50
E1_a100_N4,A,in,300.0,all,0.2200828302251382,0.10920210614453937,50
E1_a100_N4,A,in,300.0,end,0.2804578646220226,0.24876164741931403,50
E1_a100_N4,A,in,300.0,post,0.3229879954071368,0.25555761070941013,50
E1_a100_N4,A,in,300.0,pre,0.22485041735525524,0.16461519134838884,50
E1_a100_N4,A,in,1000.0,all,0.22128745956255877,0.10945638554704494,50
E1_a100_N4,A,in,1000.0,end,0.28181454612863344,0.2489431135174858,50
E1_a100_N4,A,in,1000.0,post,0.3251849042026685,0.2571340538699921,50
E1_a100_N4,A,in,1000.0,pre,0.22591001599646984,0.1647289137644259,50
E1_a100_N4,A,legs,0.0,all,0.8297893653107781,0.4536342138462646,50
E1_a100_N4,A,legs,0.0,end,1.1127199317166123,0.8484761893152928,50
E1_a100_N4,A,legs,0.0,post,1.2052155765035089,0.829181052898514,50
E1_a100_N4,A,legs,0.0,pre,0.8566546971866331,0.613420646693335,50
E1_a100_N4,A,legs,0.01,all,0.8297893653107781,0.4536342138462646,50
E1_a100_N4,A,legs,0.01,end,1.1127199317166123,0.8484761893152928,50
E1_a100_N4,A,legs,0.01,post,1.2052155765035089,0.829181052898514,50
E1_a100_N4,A,legs,0.01,pre,0.8566546971866331,0.613420646693335,50
E1_a100_N4,A,legs,0.03,all,0.8297893653107781,0.4536342138462646,50
E1_a100_N4,A,legs,0.03,end,1.1127199317166123,0.8484761893152928,50
E1_a100_N4,A,legs,0.03,post,1.2052155765035089,0.829181052898514,50
E1_a100_N4,A,legs,0.03,pre,0.8566546971866331,0.613420646693335,50
E1_a100_N4,A,legs,0.1,all,0.8297893653107781,0.4536342138462646,50
E1_a100_N4,A,legs,0.1,end,1.1127199317166123,0.8484761893152928,50
E1_a100_N4,A,legs,0.1,post,1.2052155765035089,0.829181052898514,50
E1_a100_N4,A,legs,0.1,pre,0.8566546971866331,0.613420646693335,50
E1_a100_N4,A,legs,0.3,all,0.8297893653107781,0.4536342138462646,50
E1_a100_N4,A,legs,0.3,end,1.1127199317166123,0.8484761893152928,50
E1_a100_N4,A,legs,0.3,post,1.2052155765035089,0.829181052898514,50
E1_a100_N4,A,legs,0.3,pre,0.8566546971866331,0.613420646693335,50
E1_a100_N4,A,legs,1.0,all,0.8297893653107781,0.4536342138462646,50
E1_a100_N4,A,legs,1.0,end,1.1127199317166123,0.8484761893152928,50
E1_a100_N4,A,legs,1.0,post,1.2052155765035089,0.829181052898514,50
E1_a100_N4,A,legs,1.0,pre,0.8566546971866331,0.613420646693335,50
E1_a100_N4,A,legs,3.0,all,0.8297893653107781,0.4536342138462646,50
E1_a100_N4,A,legs,3.0,end,1.1127199317166123,0.8484761893152928,50
E1_a100_N4,A,legs,3.0,post,1.2052155765035089,0.829181052898514,50
E1_a100_N4,A,legs,3.0,pre,0.8566546971866331,0.613420646693335,50
E1_a100_N4,A,legs,10.0,all,0.8297893653107781,0.4536342138462646,50
E1_a100_N4,A,legs,10.0,end,1.1127199317166123,0.8484761893152928,50
E1_a100_N4,A,legs,10.0,post,1.2052155765035089,0.829181052898514,50
E1_a100_N4,A,legs,10.0,pre,0.8566546971866331,0.613420646693335,50
E1_a100_N4,A,legs,30.0,all,0.8297893653107781,0.4536342138462646,50
E1_a100_N4,A,legs,30.0,end,1.1127199317166123,0.8484761893152928,50
E1_a100_N4,A,legs,30.0,post,1.2052155765035089,0.829181052898514,50
E1_a100_N4,A,legs,30.0,pre,0.8566546971866331,0.613420646693335,50
E1_a100_N4,A,legs,100.0,all,0.8297893653107781,0.4536342138462646,50
E1_a100_N4,A,legs,100.0,end,1.1127199317166123,0.8484761893152928,50
E1_a100_N4,A,legs,100.0,post,1.2052155765035089,0.829181052898514,50
E1_a100_N4,A,legs,100.0,pre,0.8566546971866331,0.613420646693335,50
E1_a100_N4,A,legs,300.0,all,0.8297893653107781,0.4536342138462646,50
E1_a100_N4,A,legs,300.0,end,1.1127199317166123,0.8484761893152928,50
E1_a100_N4,A,legs,300.0,post,1.2052155765035089,0.829181052898514,50
E1_a100_N4,A,legs,300.0,pre,0.8566546971866331,0.613420646693335,50
E1_a100_N4,A,legs,1000.0,all,0.8297893653107781,0.4536342138462646,50
E1_a100_N4,A,legs,1000.0,end,1.1127199317166123,0.8484761893152928,50
E1_a100_N4,A,legs,1000.0,post,1.2052155765035089,0.829181052898514,50
E1_a100_N4,A,legs,1000.0,pre,0.8566546971866331,0.613420646693335,50
E1_a100_N4,A,point,0.0,all,8.306495855020964,4.726309833210112,50
E1_a100_N4,A,point,0.0,end,5.9506855566284464,4.691824787791892,50
E1_a100_N4,A,point,0.0,post,12.10044048613862,8.549552399657298,50
E1_a100_N4,A,point,0.0,pre,8.571624942346368,6.379465547012926,50
E1_a100_N4,A,point,0.01,all,8.251352505811258,4.692482223733547,50
E1_a100_N4,A,point,0.01,end,5.9119121407352155,4.661310308154576,50
E1_a100_N4,A,point,0.01,post,12.02096295666154,8.492986416112094,50
E1_a100_N4,A,point,0.01,pre,8.514299522724981,6.33303402322419,50
E1_a100_N4,A,point,0.03,all,8.144054424388704,4.626804789407322,50
E1_a100_N4,A,point,0.03,end,5.836436986757621,4.601937939064735,50
E1_a100_N4,A,point,0.03,post,11.86627781729756,8.382920768912033,50
E1_a100_N4,A,point,0.03,pre,8.402770616193061,6.242903628885354,50
E1_a100_N4,A,point,0.1,all,7.79706935480423,4.415663974782677,50
E1_a100_N4,A,point,0.1,end,5.5920937062339195,4.409952189961796,50
E1_a100_N4,A,point,0.1,post,11.365713133569615,8.02696054388832,50
E1_a100_N4,A,point,0.1,pre,8.042240242453925,5.95333285052692,50
E1_a100_N4,A,point,0.3,all,6.99694024772737,3.9352270680630297,50
E1_a100_N4,A,point,0.3,end,5.027088386406521,3.967167009686685,50
E1_a100_N4,A,point,0.3,post,10.209500334295207,7.205505443411425,50
E1_a100_N4,A,point,0.3,pre,7.211675046507959,5.295774798558333,50
E1_a100_N4,A,point,1.0,all,5.376568712445098,2.981080584653734,50
E1_a100_N4,A,point,1.0,end,3.8760188146976535,3.067804361095179,50
E1_a100_N4,A,point,1.0,post,7.859865159161009,5.533418360358557,50
E1_a100_N4,A,point,1.0,pre,5.53304919357588,3.998366888828825,50
E1_a100_N4,A,point,3.0,all,3.7269767465707684,2.014184135319703,50
E1_a100_N4,A,point,3.0,end,2.6929159276640955,2.137833137409464,50
E1_a100_N4,A,point,3.0,post,5.456224311747041,3.801968844996549,50
E1_a100_N4,A,point,3.0,pre,3.8282304782089978,2.7006318237990152,50
E1_a100_N4,A,point,10.0,all,2.546037254874753,1.3254872737749501,50
E1_a100_N4,A,point,10.0,end,1.8347792220781431,1.4471363250990243,50
E1_a100_N4,A,point,10.0,post,3.726357154693783,2.539507408409991,50
E1_a100_N4,A,point,10.0,pre,2.609771601587261,1.7885383903816263,50
E1_a100_N4,A,point,30.0,all,2.065180433549072,1.0850753965475042,50
E1_a100_N4,A,point,30.0,end,1.4817765974496098,1.1670820081517252,50
E1_a100_N4,A,point,30.0,post,3.0193058701658533,2.046867811816664,50
E1_a100_N4,A,point,30.0,pre,2.116954447329357,1.4782117872679748,50
E1_a100_N4,A,point,100.0,all,1.8992597865418552,1.0302198016483946,50
E1_a100_N4,A,point,100.0,end,1.3605891179269887,1.0833831248566395,50
E1_a100_N4,A,point,100.0,post,2.775998326028324,1.902077034409843,50
E1_a100_N4,A,point,100.0,pre,1.9495084914073746,1.4108695233779733,50
E1_a100_N4,A,point,300.0,all,1.8683544539197543,1.0254750162137796,50
E1_a100_N4,A,point,300.0,end,1.3380291422782113,1.070477792415602,50
E1_a100_N4,A,point,300.0,post,2.7306032401146596,1.8807446321696115,50
E1_a100_N4,A,point,300.0,pre,1.918820604690647,1.4050844905956348,50
E1_a100_N4,A,point,1000.0,all,1.8634197650621567,1.025215347772087,50
E1_a100_N4,A,point,1000.0,end,1.334240647706896,1.0682744279863465,50
E1_a100_N4,A,point,1000.0,post,2.7233227411481415,1.8778359975673624,50
E1_a100_N4,A,point,1000.0,pre,1.913958487158826,1.4047192982650647,50
E1_a100_N8,A,cur,0.0,all,0.5818405768563862,0.13398057196917246,50
E1_a100_N8,A,cur,0.0,end,0.8366062404615419,0.6668135452022476,50
E1_a100_N8,A,cur,0.0,post,0.6804791403483977,0.19141441962288175,50
E1_a100_N8,A,cur,0.0,pre,0.5632984278228157,0.20518311576572143,50
E1_a100_N8,A,cur,0.01,all,0.5780163299293983,0.13310890308703097,50
E1_a100_N8,A,cur,0.01,end,0.8311002258401916,0.6621070675163402,50
E1_a100_N8,A,cur,0.01,post,0.6760193937123771,0.19025593421307302,50
E1_a100_N8,A,cur,0.01,pre,0.5595963638829773,0.2038153870057344,50
E1_a100_N8,A,cur,0.03,all,0.5706208121802929,0.13140353562957255,50
E1_a100_N8,A,cur,0.03,end,0.8203864722172153,0.6529618131670569,50
E1_a100_N8,A,cur,0.03,post,0.6673392253728098,0.18800367544715169,50
E1_a100_N8,A,cur,0.03,pre,0.5524759592950054,0.2011362464282328,50
E1_a100_N8,A,cur,0.1,all,0.5471486086310718,0.12579272769600744,50
E1_a100_N8,A,cur,0.1,end,0.7857396432899786,0.6234992949243949,50
E1_a100_N8,A,cur,0.1,post,0.6392484565330713,0.18073258932384795,50
E1_a100_N8,A,cur,0.1,pre,0.5302539158345231,0.19229564054266196,50
E1_a100_N8,A,cur,0.3,all,0.4961037807961053,0.11213112069552815,50
E1_a100_N8,A,cur,0.3,end,0.7058586631079349,0.5561771431865408,50
E1_a100_N8,A,cur,0.3,post,0.5743722138472629,0.1639670452511214,50
E1_a100_N8,A,cur,0.3,pre,0.4845238700983449,0.17067293927914912,50
E1_a100_N8,A,cur,1.0,all,0.41203030671245877,0.08056237959698931,50
E1_a100_N8,A,cur,1.0,end,0.54427460321919,0.4221366561959277,50
E1_a100_N8,A,cur,1.0,post,0.4428596234097919,0.1293913382767381,50
E1_a100_N8,A,cur,1.0,pre,0.4242191867002942,0.12075274249517697,50
E1_a100_N8,A,cur,3.0,all,0.369652031319337,0.05004331592136245,50
E1_a100_N8,A,cur,3.0,end,0.38030438725254123,0.2878359404368795,50
E1_a100_N8,A,cur,3.0,post,0.3103739486661808,0.09251433900794287,50
E1_a100_N8,A,cur,3.0,pre,0.4234500426705668,0.06700718040350423,50
E1_a100_N8,A,cur,10.0,all,0.3793287524433523,0.04777171456936679,50
E1_a100_N8,A,cur,10.0,end,0.26449427813136817,0.1911320765328539,50
E1_a100_N8,A,cur,10.0,post,0.2205526975537008,0.0668080928819287,50
E1_a100_N8,A,cur,10.0,pre,0.4676932930497211,0.03732566445154972,50
E1_a100_N8,A,cur,30.0,all,0.39751420460036174,0.051889419788053844,50
E1_a100_N8,A,cur,30.0,end,0.22199048330877402,0.1521691548281237,50
E1_a100_N8,A,cur,30.0,post,0.1892177578761958,0.05846640488102716,50
E1_a100_N8,A,cur,30.0,pre,0.5003791500432033,0.028351627694592454,50
E1_a100_N8,A,cur,100.0,all,0.41043840386155855,0.05359808092497085,50
E1_a100_N8,A,cur,100.0,end,0.21313184299156707,0.14425857606785114,50
E1_a100_N8,A,cur,100.0,post,0.18265761647034523,0.0573406955351149,50
E1_a100_N8,A,cur,100.0,pre,0.5194065792746095,0.024957846940588814,50
E1_a100_N8,A,cur,300.0,all,0.41610139748354386,0.05418261732443645,50
E1_a100_N8,A,cur,300.0,end,0.21484808019067447,0.14597070455840339,50
E1_a100_N8,A,cur,300.0,post,0.1839179296489476,0.05815055003443731,50
E1_a100_N8,A,cur,300.0,pre,0.5269307083859852,0.02421893941947942,50
E1_a100_N8,A,cur,1000.0,all,0.4185553260747248,0.054431264269884407,50
E1_a100_N8,A,cur,1000.0,end,0.21678582853932946,0.14735401204860948,50
E1_a100_N8,A,cur,1000.0,post,0.1853504233281612,0.05885665113441054,50
E1_a100_N8,A,cur,1000.0,pre,0.5300323514326418,0.024095780174495356,50
E1_a100_N8,A,hist,0.0,all,0.5818405768563865,0.13398057196917249,50
E1_a100_N8,A,hist,0.0,end,0.836606240461542,0.6668135452022476,50
E1_a100_N8,A,hist,0.0,post,0.680479140348398,0.19141441962288178,50
E1_a100_N8,A,hist,0.0,pre,0.5632984278228159,0.20518311576572149,50
E1_a100_N8,A,hist,0.01,all,0.5780018848231437,0.1330847627362674,50
E1_a100_N8,A,hist,0.01,end,0.8310980229487755,0.66211516313406,50
E1_a100_N8,A,hist,0.01,post,0.6760220661784182,0.19025737814783014,50
E1_a100_N8,A,hist,0.01,pre,0.5595675768553217,0.20378552287768978,50
E1_a100_N8,A,hist,0.03,all,0.5705301706292495,0.13134536650738265,50
E1_a100_N8,A,hist,0.03,end,0.8203795093030893,0.652984702178007,50
E1_a100_N8,A,hist,0.03,post,0.6673462603314669,0.1880078343084691,50
E1_a100_N8,A,hist,0.03,pre,0.5523057674234022,0.20106874846657335,50
E1_a100_N8,A,hist,0.1,all,0.5463472864432275,0.12575020066190534,50
E1_a100_N8,A,hist,0.1,end,0.7857129292420185,0.6235615817346924,50
E1_a100_N8,A,hist,0.1,post,0.6392617190331794,0.18074462232601762,50
E1_a100_N8,A,hist,0.1,pre,0.5288023781964594,0.1923057887138513,50
E1_a100_N8,A,hist,0.3,all,0.4904796215301674,0.11297153291793746,50
E1_a100_N8,A,hist,0.3,end,0.7057595818736649,0.556284185207043,50
E1_a100_N8,A,hist,0.3,post,0.5743484766873999,0.16399123742405627,50
E1_a100_N8,A,hist,0.3,pre,0.4745067492901822,0.1722097941013257,50
E1_a100_N8,A,hist,1.0,all,0.37714741799540347,0.08714729538034256,50
E1_a100_N8,A,hist,1.0,end,0.5438878892486001,0.4221551548716516,50
E1_a100_N8,A,hist,1.0,post,0.4424516703282553,0.12940483290913546,50
E1_a100_N8,A,hist,1.0,pre,0.36438659633072,0.13179882888851413,50
E1_a100_N8,A,hist,3.0,all,0.26274532597101413,0.06026347928812136,50
E1_a100_N8,A,hist,3.0,end,0.3792760838889805,0.287460249148887,50
E1_a100_N8,A,hist,3.0,post,0.30864909385686995,0.09238425903897016,50
E1_a100_N8,A,hist,3.0,pre,0.2532680713500156,0.09098414914391068,50
E1_a100_N8,A,hist,10.0,all,0.18432864658329356,0.04247837849202483,50
E1_a100_N8,A,hist,10.0,end,0.26232867862265014,0.18994423352406722,50
E1_a100_N8,A,hist,10.0,post,0.21570373152648037,0.06590820626092932,50
E1_a100_N8,A,hist,10.0,pre,0.17709114879945217,0.06376536026406854,50
E1_a100_N8,A,hist,30.0,all,0.15533570788076645,0.03757970510547219,50
E1_a100_N8,A,hist,30.0,end,0.2187009966713495,0.1498566629968199,50
E1_a100_N8,A,hist,30.0,post,0.1806129303262044,0.0559519292419325,50
E1_a100_N8,A,hist,30.0,pre,0.14894005167567964,0.05508178867858854,50
E1_a100_N8,A,hist,100.0,all,0.14849613763315297,0.036704243790438754,50
E1_a100_N8,A,hist,100.0,end,0.20924148754554334,0.14060706300457942,50
E1_a100_N8,A,hist,100.0,post,0.17226607343103392,0.05306561458356326,50
E1_a100_N8,A,hist,100.0,pre,0.14233652584364725,0.05308444734768676,50
E1_a100_N8,A,hist,300.0,all,0.1509613250828962,0.03752701859887025,50
E1_a100_N8,A,hist,300.0,end,0.21135559155133282,0.14143544173356237,50
E1_a100_N8,A,hist,300.0,post,0.1753762035657459,0.052940902309414624,50
E1_a100_N8,A,hist,300.0,pre,0.14443078340940263,0.05352689461083562,50
E1_a100_N8,A,hist,1000.0,all,0.1629924987674903,0.04139248704196232,50
E1_a100_N8,A,hist,1000.0,end,0.21916918855016174,0.14756397063460164,50
E1_a100_N8,A,hist,1000.0,post,0.18807048576276486,0.056223556150316045,50
E1_a100_N8,A,hist,1000.0,pre,0.15503126705716622,0.054637426659805914,50
E1_a100_N8,A,in,0.0,all,0.5818405768563311,0.13398057196916488,50
E1_a100_N8,A,in,0.0,end,0.8366062404615238,0.6668135452022347,50
E1_a100_N8,A,in,0.0,post,0.6804791403483822,0.19141441962287709,50
E1_a100_N8,A,in,0.0,pre,0.5632984278227222,0.2051831157656932,50
E1_a100_N8,A,in,0.01,all,0.5780015516849778,0.13308508741103117,50
E1_a100_N8,A,in,0.01,end,0.8310974900442306,0.6621118688728397,50
E1_a100_N8,A,in,0.01,post,0.6760215228510401,0.19025664174241894,50
E1_a100_N8,A,in,0.01,pre,0.5595663373628196,0.20377969337822155,50
E1_a100_N8,A,in,0.03,all,0.5705299833625445,0.1313467634348653,50
E1_a100_N8,A,in,0.03,end,0.8203783441223167,0.6529744809353637,50
E1_a100_N8,A,in,0.03,post,0.6673454877930542,0.1880058454546605,50
E1_a100_N8,A,in,0.03,pre,0.5523029648419705,0.20105238449958782,50
E1_a100_N8,A,in,0.1,all,0.5463549202179452,0.12575900780128318,50
E1_a100_N8,A,in,0.1,end,0.7857136205477875,0.6235243825754855,50
E1_a100_N8,A,in,0.1,post,0.6392678207500934,0.18074006770024817,50
E1_a100_N8,A,in,0.1,pre,0.5288024211929307,0.1922628232930234,50
E1_a100_N8,A,in,0.3,all,0.4905513281475307,0.11301987665212403,50
E1_a100_N8,A,in,0.3,end,0.7057914008477123,0.556159918977699,50
E1_a100_N8,A,in,0.3,post,0.5744174380743982,0.1639872486420676,50
E1_a100_N8,A,in,0.3,pre,0.47456350160578076,0.17215152608067305,50
E1_a100_N8,A,in,1.0,all,0.3776056099266122,0.08736873503296634,50
E1_a100_N8,A,in,1.0,end,0.5441579378170072,0.4217813289177125,50
E1_a100_N8,A,in,1.0,post,0.44290366110111884,0.12940759951401481,50
E1_a100_N8,A,in,1.0,pre,0.36484367786674304,0.13194286000467328,50
E1_a100_N8,A,in,3.0,all,0.26433020644641353,0.060798817458252025,50
E1_a100_N8,A,in,3.0,end,0.3803100967351057,0.28697258125632324,50
E1_a100_N8,A,in,3.0,post,0.31022098166802015,0.0923695188465715,50
E1_a100_N8,A,in,3.0,pre,0.2549492859420589,0.09181849282598606,50
E1_a100_N8,A,in,10.0,all,0.1885568292361149,0.043540748899750695,50
E1_a100_N8,A,in,10.0,end,0.2649237690277262,0.19029021953181383,50
E1_a100_N8,A,in,10.0,post,0.21999400903042104,0.06623150546451673,50
E1_a100_N8,A,in,10.0,pre,0.18165185341328374,0.06591375375101124,50
E1_a100_N8,A,in,30.0,all,0.16282926322376734,0.039527866996515115,50
E1_a100_N8,A,in,30.0,end,0.22272794678690386,0.15184234151570514,50
E1_a100_N8,A,in,30.0,post,0.1884205273839304,0.057575803293313965,50
E1_a100_N8,A,in,30.0,pre,0.15702126452788648,0.058904169297384276,50
E1_a100_N8,A,in,100.0,all,0.1575776030907083,0.039308402485901284,50
E1_a100_N8,A,in,100.0,end,0.21381925583425496,0.14454881043905138,50
E1_a100_N8,A,in,100.0,post,0.181739159942191,0.05633775766706454,50
E1_a100_N8,A,in,100.0,pre,0.1522503467249291,0.0580771690856873,50
E1_a100_N8,A,in,300.0,all,0.15852165472144075,0.03968618487688367,50
E1_a100_N8,A,in,300.0,end,0.21546248318047825,0.14651610502947138,50
E1_a100_N8,A,in,300.0,post,0.1829462106998331,0.05713336944307404,50
E1_a100_N8,A,in,300.0,pre,0.15333642884311183,0.05838250966145736,50
E1_a100_N8,A,in,1000.0,all,0.1596045350061409,0.04000418934192797,50
E1_a100_N8,A,in,1000.0,end,0.21737458078102,0.1479865780568073,50
E1_a100_N8,A,in,1000.0,post,0.18435444876658105,0.057841673968598475,50
E1_a100_N8,A,in,1000.0,pre,0.15445063805909012,0.058685400091411044,50
E1_a100_N8,A,legs,0.0,all,0.5818405768563862,0.13398057196917243,50
E1_a100_N8,A,legs,0.0,end,0.8366062404615419,0.6668135452022478,50
E1_a100_N8,A,legs,0.0,post,0.6804791403483977,0.19141441962288175,50
E1_a100_N8,A,legs,0.0,pre,0.5632984278228157,0.20518311576572137,50
E1_a100_N8,A,legs,0.01,all,0.5818405768563862,0.13398057196917243,50
E1_a100_N8,A,legs,0.01,end,0.8366062404615419,0.6668135452022478,50
E1_a100_N8,A,legs,0.01,post,0.6804791403483977,0.19141441962288175,50
E1_a100_N8,A,legs,0.01,pre,0.5632984278228157,0.20518311576572137,50
E1_a100_N8,A,legs,0.03,all,0.5818405768563862,0.13398057196917243,50
E1_a100_N8,A,legs,0.03,end,0.8366062404615419,0.6668135452022478,50
E1_a100_N8,A,legs,0.03,post,0.6804791403483977,0.19141441962288175,50
E1_a100_N8,A,legs,0.03,pre,0.5632984278228157,0.20518311576572137,50
E1_a100_N8,A,legs,0.1,all,0.5818405768563862,0.13398057196917243,50
E1_a100_N8,A,legs,0.1,end,0.8366062404615419,0.6668135452022478,50
E1_a100_N8,A,legs,0.1,post,0.6804791403483977,0.19141441962288175,50
E1_a100_N8,A,legs,0.1,pre,0.5632984278228157,0.20518311576572137,50
E1_a100_N8,A,legs,0.3,all,0.5818405768563862,0.13398057196917243,50
E1_a100_N8,A,legs,0.3,end,0.8366062404615419,0.6668135452022478,50
E1_a100_N8,A,legs,0.3,post,0.6804791403483977,0.19141441962288175,50
E1_a100_N8,A,legs,0.3,pre,0.5632984278228157,0.20518311576572137,50
E1_a100_N8,A,legs,1.0,all,0.5818405768563862,0.13398057196917243,50
E1_a100_N8,A,legs,1.0,end,0.8366062404615419,0.6668135452022478,50
E1_a100_N8,A,legs,1.0,post,0.6804791403483977,0.19141441962288175,50
E1_a100_N8,A,legs,1.0,pre,0.5632984278228157,0.20518311576572137,50
E1_a100_N8,A,legs,3.0,all,0.5818405768563862,0.13398057196917243,50
E1_a100_N8,A,legs,3.0,end,0.8366062404615419,0.6668135452022478,50
E1_a100_N8,A,legs,3.0,post,0.6804791403483977,0.19141441962288175,50
E1_a100_N8,A,legs,3.0,pre,0.5632984278228157,0.20518311576572137,50
E1_a100_N8,A,legs,10.0,all,0.5818405768563862,0.13398057196917243,50
E1_a100_N8,A,legs,10.0,end,0.8366062404615419,0.6668135452022478,50
E1_a100_N8,A,legs,10.0,post,0.6804791403483977,0.19141441962288175,50
E1_a100_N8,A,legs,10.0,pre,0.5632984278228157,0.20518311576572137,50
E1_a100_N8,A,legs,30.0,all,0.5818405768563862,0.13398057196917243,50
E1_a100_N8,A,legs,30.0,end,0.8366062404615419,0.6668135452022478,50
E1_a100_N8,A,legs,30.0,post,0.6804791403483977,0.19141441962288175,50
E1_a100_N8,A,legs,30.0,pre,0.5632984278228157,0.20518311576572137,50
E1_a100_N8,A,legs,100.0,all,0.5818405768563862,0.13398057196917243,50
E1_a100_N8,A,legs,100.0,end,0.8366062404615419,0.6668135452022478,50
E1_a100_N8,A,legs,100.0,post,0.6804791403483977,0.19141441962288175,50
E1_a100_N8,A,legs,100.0,pre,0.5632984278228157,0.20518311576572137,50
E1_a100_N8,A,legs,300.0,all,0.5818405768563862,0.13398057196917243,50
E1_a100_N8,A,legs,300.0,end,0.8366062404615419,0.6668135452022478,50
E1_a100_N8,A,legs,300.0,post,0.6804791403483977,0.19141441962288175,50
E1_a100_N8,A,legs,300.0,pre,0.5632984278228157,0.20518311576572137,50
E1_a100_N8,A,legs,1000.0,all,0.5818405768563862,0.13398057196917243,50
E1_a100_N8,A,legs,1000.0,end,0.8366062404615419,0.6668135452022478,50
E1_a100_N8,A,legs,1000.0,post,0.6804791403483977,0.19141441962288175,50
E1_a100_N8,A,legs,1000.0,pre,0.5632984278228157,0.20518311576572137,50
E1_a100_N8,A,point,0.0,all,4.111946806167971,0.9426185014538346,50
E1_a100_N8,A,point,0.0,end,2.7368099095404235,1.9721345721678607,50
E1_a100_N8,A,point,0.0,post,4.827564059719497,1.3381830919086062,50
E1_a100_N8,A,point,0.0,pre,3.9824137270918167,1.4607256791550902,50
E1_a100_N8,A,point,0.01,all,4.0848507680952375,0.9363467817560075,50
E1_a100_N8,A,point,0.01,end,2.718765627686531,1.9591592096018768,50
E1_a100_N8,A,point,0.01,post,4.795979552345682,1.3302358098899567,50
E1_a100_N8,A,point,0.01,pre,3.9560770319079985,1.4508101966310871,50
E1_a100_N8,A,point,0.03,all,4.032116903564643,0.9241653943635941,50
E1_a100_N8,A,point,0.03,end,2.6836529902847537,1.933935749306809,50
E1_a100_N8,A,point,0.03,post,4.734505183821259,1.3147680718495722,50
E1_a100_N8,A,point,0.03,pre,3.904822201726806,1.4315336428817698,50
E1_a100_N8,A,point,0.1,all,3.861493879987475,0.8849484627510238,50
E1_a100_N8,A,point,0.1,end,2.570085820473456,1.8525666650403414,50
E1_a100_N8,A,point,0.1,post,4.535554045075397,1.2646821459662447,50
E1_a100_N8,A,point,0.1,pre,3.738996355029341,1.3693359751074297,50
E1_a100_N8,A,point,0.3,all,3.467572062376472,0.7951825377220804,50
E1_a100_N8,A,point,0.3,end,2.308094891398297,1.6658384446485097,50
E1_a100_N8,A,point,0.3,post,4.075931335614721,1.1483742846074685,50
E1_a100_N8,A,point,0.3,pre,3.3562271615541017,1.226504824979591,50
E1_a100_N8,A,point,1.0,all,2.668371132382104,0.6127304066713017,50
E1_a100_N8,A,point,1.0,end,1.7769370340655393,1.2888743362781472,50
E1_a100_N8,A,point,1.0,post,3.1419616286547916,0.9054843230317972,50
E1_a100_N8,A,point,1.0,pre,2.5800515085030122,0.9373180299352496,50
E1_a100_N8,A,point,3.0,all,1.8545227679239817,0.41951914232733317,50
E1_a100_N8,A,point,3.0,end,1.2342870573254134,0.8983433320280884,50
E1_a100_N8,A,point,3.0,post,2.1883635946487057,0.642295154038358,50
E1_a100_N8,A,point,3.0,pre,1.7903159343827115,0.6369616782302308,50
E1_a100_N8,A,point,10.0,all,1.2725760137267215,0.2803478759465649,50
E1_a100_N8,A,point,10.0,end,0.8405417499652336,0.6004594012612636,50
E1_a100_N8,A,point,10.0,post,1.5041765483234224,0.44721773526346353,50
E1_a100_N8,A,point,10.0,pre,1.226416049603033,0.42065903953108064,50
E1_a100_N8,A,point,30.0,all,1.0326091552440702,0.22650455555029564,50
E1_a100_N8,A,point,30.0,end,0.676333756314406,0.47129186766631925,50
E1_a100_N8,A,point,30.0,post,1.220543940514788,0.3584467480649252,50
E1_a100_N8,A,point,30.0,pre,0.9947990051754881,0.34309237893943095,50
E1_a100_N8,A,point,100.0,all,0.9469700151849862,0.206109498346218,50
E1_a100_N8,A,point,100.0,end,0.6206094275260735,0.4303284127077394,50
E1_a100_N8,A,point,100.0,post,1.1187282759516446,0.3157783054155432,50
E1_a100_N8,A,point,100.0,pre,0.9124630447757474,0.3226242143772718,50
E1_a100_N8,A,point,300.0,all,0.9304882067252415,0.20261739702999826,50
E1_a100_N8,A,point,300.0,end,0.6116452076609823,0.4249933463941645,50
E1_a100_N8,A,point,300.0,post,1.0991477645277683,0.3061646325995398,50
E1_a100_N8,A,point,300.0,pre,0.8965880742552957,0.32033986829305183,50
E1_a100_N8,A,point,1000.0,all,0.9278854147245056,0.20215606543745407,50
E1_a100_N8,A,point,1000.0,end,0.6108279936292501,0.4246546493450993,50
E1_a100_N8,A,point,1000.0,post,1.0960659193867728,0.30462260753409276,50
E1_a100_N8,A,point,1000.0,pre,0.8940803725621397,0.3201382319259778,50
E1_a10_N16,A,cur,0.0,all,0.4787575188519966,0.06151553763983946,50
E1_a10_N16,A,cur,0.0,end,0.5232292400628894,0.19168575182761877,50
E1_a10_N16,A,cur,0.0,post,0.513554289345466,0.09123537398623492,50
E1_a10_N16,A,cur,0.0,pre,0.4661004239234866,0.08283881439502978,50
E1_a10_N16,A,cur,0.01,all,0.47560927639028405,0.06116055095909311,50
E1_a10_N16,A,cur,0.01,end,0.519766471857205,0.19038969297294844,50
E1_a10_N16,A,cur,0.01,post,0.5101618446349714,0.09067437385265723,50
E1_a10_N16,A,cur,0.01,pre,0.4630480729901017,0.08233016236974418,50
E1_a10_N16,A,cur,0.03,all,0.46954060914874474,0.060466623388369924,50
E1_a10_N16,A,cur,0.03,end,0.5130391931417675,0.18788036594910557,50
E1_a10_N16,A,cur,0.03,post,0.5035694552535106,0.08958713926658529,50
E1_a10_N16,A,cur,0.03,pre,0.4572095697595507,0.08132712013808202,50
E1_a10_N16,A,cur,0.1,all,0.4504708570964807,0.0581823492018275,50
E1_a10_N16,A,cur,0.1,end,0.49138883624451773,0.17987794338001722,50
E1_a10_N16,A,cur,0.1,post,0.48233711592944867,0.08610722172888409,50
E1_a10_N16,A,cur,0.1,pre,0.4393041042999162,0.07794785298557541,50
E1_a10_N16,A,cur,0.3,all,0.4103507248491779,0.05254442700533359,50
E1_a10_N16,A,cur,0.3,end,0.44222770800442907,0.16207263686190274,50
E1_a10_N16,A,cur,0.3,post,0.43402316142623015,0.07824717247453616,50
E1_a10_N16,A,cur,0.3,pre,0.4046782871951538,0.06920622581462568,50
E1_a10_N16,A,cur,1.0,all,0.3529222468191114,0.03951006696535894,50
E1_a10_N16,A,cur,1.0,end,0.34826733677466465,0.12902054174069036,50
E1_a10_N16,A,cur,1.0,post,0.34110973157964153,0.06274557127972119,50
E1_a10_N16,A,cur,1.0,pre,0.3725384468815406,0.04823861905997714,50
E1_a10_N16,A,cur,3.0,all,0.3447022284717155,0.03142159793645656,50
E1_a10_N16,A,cur,3.0,end,0.2709353986977454,0.10200992133655985,50
E1_a10_N16,A,cur,3.0,post,0.2632148280713292,0.0482783224763365,50
E1_a10_N16,A,cur,3.0,pre,0.40539848424499053,0.03191562798128176,50
E1_a10_N16,A,cur,10.0,all,0.38143801978840064,0.03467362411116322,50
E1_a10_N16,A,cur,10.0,end,0.24770442213825297,0.09389735932344137,50
E1_a10_N16,A,cur,10.0,post,0.23754200625732277,0.04305950565509372,50
E1_a10_N16,A,cur,10.0,pre,0.47257303714297616,0.0267092676526268,50
E1_a10_N16,A,cur,30.0,all,0.41343904126467995,0.03704738843270667,50
E1_a10_N16,A,cur,30.0,end,0.2611151806440734,0.0989472083947316,50
E1_a10_N16,A,cur,30.0,post,0.24892158345769236,0.04520479569467367,50
E1_a10_N16,A,cur,30.0,pre,0.5155920000233108,0.024716218604305024,50
E1_a10_N16,A,cur,100.0,all,0.43543685635021506,0.03806964842292788,50
E1_a10_N16,A,cur,100.0,end,0.2806230333599527,0.10584527308484121,50
E1_a10_N16,A,cur,100.0,post,0.2678195041657968,0.049448774740765006,50
E1_a10_N16,A,cur,100.0,pre,0.5409726775045841,0.025010869625008984,50
E1_a10_N16,A,cur,300.0,all,0.44540357954096144,0.03900387865084012,50
E1_a10_N16,A,cur,300.0,end,0.29136325550685865,0.10987312026627338,50
E1_a10_N16,A,cur,300.0,post,0.2790737684542939,0.05419034430627358,50
E1_a10_N16,A,cur,300.0,pre,0.5514153590500935,0.026105141228063563,50
E1_a10_N16,A,cur,1000.0,all,0.4497957507156291,0.03979766086331374,50
E1_a10_N16,A,cur,1000.0,end,0.29631229619855975,0.11187120764922695,50
E1_a10_N16,A,cur,1000.0,post,0.28450904487002227,0.05756992150061951,50
E1_a10_N16,A,cur,1000.0,pre,0.5558114867106301,0.026911423017609667,50
E1_a10_N16,A,hist,0.0,all,0.47875751885199663,0.06151553763983949,50
E1_a10_N16,A,hist,0.0,end,0.5232292400628894,0.19168575182761888,50
E1_a10_N16,A,hist,0.0,post,0.5135542893454661,0.09123537398623494,50
E1_a10_N16,A,hist,0.0,pre,0.46610042392348666,0.08283881439502984,50
E1_a10_N16,A,hist,0.01,all,0.4755991364549401,0.06114088838215928,50
E1_a10_N16,A,hist,0.01,end,0.5197669798409079,0.19039154348833018,50
E1_a10_N16,A,hist,0.01,post,0.5101630654458841,0.0906754334352293,50
E1_a10_N16,A,hist,0.01,pre,0.4630320826014244,0.08233193636633872,50
E1_a10_N16,A,hist,0.03,all,0.46946126260668913,0.06041816123338046,50
E1_a10_N16,A,hist,0.03,end,0.5130405338336854,0.18788576081477623,50
E1_a10_N16,A,hist,0.03,post,0.5035725577942924,0.08959021448403078,50
E1_a10_N16,A,hist,0.03,pre,0.4570691056195661,0.0813508024810284,50
E1_a10_N16,A,hist,0.1,all,0.44968988099410373,0.058133288534033885,50
E1_a10_N16,A,hist,0.1,end,0.49139136562830665,0.1798943183969216,50
E1_a10_N16,A,hist,0.1,post,0.48234166444225113,0.08611641532668945,50
E1_a10_N16,A,hist,0.1,pre,0.437860456204056,0.07822247749986035,50
E1_a10_N16,A,hist,0.3,all,0.4046834816254332,0.05310791624505931,50
E1_a10_N16,A,hist,0.3,end,0.4422226004526067,0.16211206045521542,50
E1_a10_N16,A,hist,0.3,post,0.43400099073942866,0.07826825082881148,50
E1_a10_N16,A,hist,0.3,pre,0.3941328855698666,0.07124130909999858,50
E1_a10_N16,A,hist,1.0,all,0.31804266759988703,0.0434861838842382,50
E1_a10_N16,A,hist,1.0,end,0.34817983353631266,0.12910734672098478,50
E1_a10_N16,A,hist,1.0,post,0.3408615779455675,0.0627768315620286,50
E1_a10_N16,A,hist,1.0,pre,0.3099531150381986,0.0579762320944951,50
E1_a10_N16,A,hist,3.0,all,0.24511550955747005,0.03439605751365444,50
E1_a10_N16,A,hist,3.0,end,0.27059384751964655,0.10222294799488067,50
E1_a10_N16,A,hist,3.0,post,0.26236766041762655,0.04823600432222307,50
E1_a10_N16,A,hist,3.0,pre,0.23904398256131354,0.04641249904326674,50
E1_a10_N16,A,hist,10.0,all,0.2206187972390315,0.030603144564583587,50
E1_a10_N16,A,hist,10.0,end,0.2470625220467241,0.09447381417824698,50
E1_a10_N16,A,hist,10.0,post,0.23618552297597373,0.04267660638343788,50
E1_a10_N16,A,hist,10.0,pre,0.2150224603456808,0.04228130216186002,50
E1_a10_N16,A,hist,30.0,all,0.23193936936159523,0.0313895864284351,50
E1_a10_N16,A,hist,30.0,end,0.2604613105896128,0.09993918245136316,50
E1_a10_N16,A,hist,30.0,post,0.24830202502998566,0.04448347978661018,50
E1_a10_N16,A,hist,30.0,pre,0.22612401954121306,0.04472822139813837,50
E1_a10_N16,A,hist,100.0,all,0.25241689420315905,0.033068679930766245,50
E1_a10_N16,A,hist,100.0,end,0.2803903451117703,0.10713970477043937,50
E1_a10_N16,A,hist,100.0,post,0.26966552713748504,0.048924203270185096,50
E1_a10_N16,A,hist,100.0,pre,0.2466858798139002,0.04913389866099264,50
E1_a10_N16,A,hist,300.0,all,0.2679139788751926,0.03534005816594288,50
E1_a10_N16,A,hist,300.0,end,0.2923752916534006,0.11118935398577116,50
E1_a10_N16,A,hist,300.0,post,0.2844302385678349,0.054178241852853797,50
E1_a10_N16,A,hist,300.0,pre,0.26342671799039336,0.052968159864359335,50
E1_a10_N16,A,hist,1000.0,all,0.29136516509672405,0.03952185954859978,50
E1_a10_N16,A,hist,1000.0,end,0.302935794384851,0.11428662917267692,50
E1_a10_N16,A,hist,1000.0,post,0.3019473709629861,0.05902674070401238,50
E1_a10_N16,A,hist,1000.0,pre,0.29177486715379414,0.06105589939494808,50
E1_a10_N16,A,in,0.0,all,0.4787575188515943,0.06151553763984759,50
E1_a10_N16,A,in,0.0,end,0.5232292400628069,0.19168575182758926,50
E1_a10_N16,A,in,0.0,post,0.5135542893454318,0.09123537398623553,50
E1_a10_N16,A,in,0.0,pre,0.4661004239227301,0.08283881439491315,50
E1_a10_N16,A,in,0.01,all,0.4755990129601453,0.06114123752680006,50
E1_a10_N16,A,in,0.01,end,0.5197680892208009,0.19039211869661904,50
E1_a10_N16,A,in,0.01,post,0.5101634800073844,0.09067678861877179,50
E1_a10_N16,A,in,0.01,pre,0.46303165116083533,0.08233185094904917,50
E1_a10_N16,A,in,0.03,all,0.4694612226415697,0.060419201323530534,50
E1_a10_N16,A,in,0.03,end,0.5130439373028948,0.1878874680118791,50
E1_a10_N16,A,in,0.03,post,0.5035741342267436,0.08959422790981426,50
E1_a10_N16,A,in,0.03,pre,0.45706814369711085,0.0813505956822313,50
E1_a10_N16,A,in,0.1,all,0.4496931486895002,0.05813665694716916,50
E1_a10_N16,A,in,0.1,end,0.4914034734307075,0.1798997669337899,50
E1_a10_N16,A,in,0.1,post,0.4823503408133184,0.086129213523184,50
E1_a10_N16,A,in,0.1,pre,0.4378606706970669,0.07822230098380216,50
E1_a10_N16,A,in,0.3,all,0.4047140153158537,0.05311713890457052,50
E1_a10_N16,A,in,0.3,end,0.442263344309716,0.1621260617558138,50
E1_a10_N16,A,in,0.3,post,0.43404779041099606,0.07830251482966862,50
E1_a10_N16,A,in,0.3,pre,0.39415442876357487,0.07124401570821748,50
E1_a10_N16,A,in,1.0,all,0.3182412918383969,0.043511008036928395,50
E1_a10_N16,A,in,1.0,end,0.34833063800449315,0.12913103569861964,50
E1_a10_N16,A,in,1.0,post,0.3411112303540236,0.06286721930108649,50
E1_a10_N16,A,in,1.0,pre,0.31012486211343804,0.05800276376121578,50
E1_a10_N16,A,in,3.0,all,0.24572840784230357,0.03446017024173005,50
E1_a10_N16,A,in,3.0,end,0.27097125696643554,0.10220624570398319,50
E1_a10_N16,A,in,3.0,post,0.26308954762218767,0.048476726764261235,50
E1_a10_N16,A,in,3.0,pre,0.23960625452205872,0.046514657435175154,50
E1_a10_N16,A,in,10.0,all,0.22151345534016165,0.030764495025899213,50
E1_a10_N16,A,in,10.0,end,0.24764478995870526,0.09424292882127924,50
E1_a10_N16,A,in,10.0,post,0.23722594863656088,0.043311263168400824,50
E1_a10_N16,A,in,10.0,pre,0.21586949676269035,0.042487191888021525,50
E1_a10_N16,A,in,30.0,all,0.23203588183447665,0.03167304117530799,50
E1_a10_N16,A,in,30.0,end,0.2610396033638335,0.09935616808642875,50
E1_a10_N16,A,in,30.0,post,0.24852422039964026,0.045450608157240745,50
E1_a10_N16,A,in,30.0,pre,0.22618578223774655,0.04490811893365962,50
E1_a10_N16,A,in,100.0,all,0.24995905107335217,0.033204181396794825,50
E1_a10_N16,A,in,100.0,end,0.28056210803508264,0.10627090496163547,50
E1_a10_N16,A,in,100.0,post,0.2674300503766994,0.049679450509492636,50
E1_a10_N16,A,in,100.0,pre,0.24400044144892688,0.048856147109530394,50
E1_a10_N16,A,in,300.0,all,0.2606060550952983,0.03505775182128426,50
E1_a10_N16,A,in,300.0,end,0.2913074690498882,0.11030558352714866,50
E1_a10_N16,A,in,300.0,post,0.27870889801073856,0.05441016630573048,50
E1_a10_N16,A,in,300.0,pre,0.25455593118480085,0.0516035025840882,50
E1_a10_N16,A,in,1000.0,all,0.2657072305565434,0.03664168715835628,50
E1_a10_N16,A,in,1000.0,end,0.29625921170724123,0.11230688789915637,50
E1_a10_N16,A,in,1000.0,post,0.2841592423709837,0.0577844441748461,50
E1_a10_N16,A,in,1000.0,pre,0.25958535121328663,0.05324010662361801,50
E1_a10_N16,A,legs,0.0,all,0.4787575188519966,0.06151553763983945,50
E1_a10_N16,A,legs,0.0,end,0.5232292400628894,0.1916857518276188,50
E1_a10_N16,A,legs,0.0,post,0.513554289345466,0.0912353739862349,50
E1_a10_N16,A,legs,0.0,pre,0.46610042392348655,0.08283881439502981,50
E1_a10_N16,A,legs,0.01,all,0.4787575188519966,0.06151553763983945,50
E1_a10_N16,A,legs,0.01,end,0.5232292400628894,0.1916857518276188,50
E1_a10_N16,A,legs,0.01,post,0.513554289345466,0.0912353739862349,50
E1_a10_N16,A,legs,0.01,pre,0.46610042392348655,0.08283881439502981,50
E1_a10_N16,A,legs,0.03,all,0.4787575188519966,0.06151553763983945,50
E1_a10_N16,A,legs,0.03,end,0.5232292400628894,0.1916857518276188,50
E1_a10_N16,A,legs,0.03,post,0.513554289345466,0.0912353739862349,50
E1_a10_N16,A,legs,0.03,pre,0.46610042392348655,0.08283881439502981,50
E1_a10_N16,A,legs,0.1,all,0.4787575188519966,0.06151553763983945,50
E1_a10_N16,A,legs,0.1,end,0.5232292400628894,0.1916857518276188,50
E1_a10_N16,A,legs,0.1,post,0.513554289345466,0.0912353739862349,50
E1_a10_N16,A,legs,0.1,pre,0.46610042392348655,0.08283881439502981,50
E1_a10_N16,A,legs,0.3,all,0.4787575188519966,0.06151553763983945,50
E1_a10_N16,A,legs,0.3,end,0.5232292400628894,0.1916857518276188,50
E1_a10_N16,A,legs,0.3,post,0.513554289345466,0.0912353739862349,50
E1_a10_N16,A,legs,0.3,pre,0.46610042392348655,0.08283881439502981,50
E1_a10_N16,A,legs,1.0,all,0.4787575188519966,0.06151553763983945,50
E1_a10_N16,A,legs,1.0,end,0.5232292400628894,0.1916857518276188,50
E1_a10_N16,A,legs,1.0,post,0.513554289345466,0.0912353739862349,50
E1_a10_N16,A,legs,1.0,pre,0.46610042392348655,0.08283881439502981,50
E1_a10_N16,A,legs,3.0,all,0.4787575188519966,0.06151553763983945,50
E1_a10_N16,A,legs,3.0,end,0.5232292400628894,0.1916857518276188,50
E1_a10_N16,A,legs,3.0,post,0.513554289345466,0.0912353739862349,50
E1_a10_N16,A,legs,3.0,pre,0.46610042392348655,0.08283881439502981,50
E1_a10_N16,A,legs,10.0,all,0.4787575188519966,0.06151553763983945,50
E1_a10_N16,A,legs,10.0,end,0.5232292400628894,0.1916857518276188,50
E1_a10_N16,A,legs,10.0,post,0.513554289345466,0.0912353739862349,50
E1_a10_N16,A,legs,10.0,pre,0.46610042392348655,0.08283881439502981,50
E1_a10_N16,A,legs,30.0,all,0.4787575188519966,0.06151553763983945,50
E1_a10_N16,A,legs,30.0,end,0.5232292400628894,0.1916857518276188,50
E1_a10_N16,A,legs,30.0,post,0.513554289345466,0.0912353739862349,50
E1_a10_N16,A,legs,30.0,pre,0.46610042392348655,0.08283881439502981,50
E1_a10_N16,A,legs,100.0,all,0.4787575188519966,0.06151553763983945,50
E1_a10_N16,A,legs,100.0,end,0.5232292400628894,0.1916857518276188,50
E1_a10_N16,A,legs,100.0,post,0.513554289345466,0.0912353739862349,50
E1_a10_N16,A,legs,100.0,pre,0.46610042392348655,0.08283881439502981,50
E1_a10_N16,A,legs,300.0,all,0.4787575188519966,0.06151553763983945,50
E1_a10_N16,A,legs,300.0,end,0.5232292400628894,0.1916857518276188,50
E1_a10_N16,A,legs,300.0,post,0.513554289345466,0.0912353739862349,50
E1_a10_N16,A,legs,300.0,pre,0.46610042392348655,0.08283881439502981,50
E1_a10_N16,A,legs,1000.0,all,0.4787575188519966,0.06151553763983945,50
E1_a10_N16,A,legs,1000.0,end,0.5232292400628894,0.1916857518276188,50
E1_a10_N16,A,legs,1000.0,post,0.513554289345466,0.0912353739862349,50
E1_a10_N16,A,legs,1000.0,pre,0.46610042392348655,0.08283881439502981,50
E1_a10_N16,A,point,0.0,all,2.395298984565675,0.28507294434856323,50
E1_a10_N16,A,point,0.0,end,1.2617189918668117,0.46144848220243573,50
E1_a10_N16,A,point,0.0,post,2.5706874399916937,0.44014681747998385,50
E1_a10_N16,A,point,0.0,pre,2.3334491752763897,0.3948593852208453,50
E1_a10_N16,A,point,0.01,all,2.379513232815341,0.28325401072572093,50
E1_a10_N16,A,point,0.01,end,1.2534347354371538,0.4580934119893389,50
E1_a10_N16,A,point,0.01,post,2.5537992638640272,0.4374433583777787,50
E1_a10_N16,A,point,0.01,pre,2.318041180943216,0.3923198356144016,50
E1_a10_N16,A,point,0.03,all,2.3487935843594383,0.2797384948408464,50
E1_a10_N16,A,point,0.03,end,1.237320319461913,0.4515942537173616,50
E1_a10_N16,A,point,0.03,post,2.5209333381079158,0.4321962398813365,50
E1_a10_N16,A,point,0.03,pre,2.2880567807582395,0.38739224993379967,50
E1_a10_N16,A,point,0.1,all,2.2494213235562786,0.2685581111791224,50
E1_a10_N16,A,point,0.1,end,1.1852590781145502,0.43082779740865,50
E1_a10_N16,A,point,0.1,post,2.414609149688063,0.4153235789140108,50
E1_a10_N16,A,point,0.1,pre,2.1910645333411733,0.3715668252587414,50
E1_a10_N16,A,point,0.3,all,2.0201582603045916,0.24347855986248715,50
E1_a10_N16,A,point,0.3,end,1.0655728545161636,0.3842282795607937,50
E1_a10_N16,A,point,0.3,post,2.1692419030798344,0.3766197431571583,50
E1_a10_N16,A,point,0.3,pre,1.9673102775779396,0.3354786905844651,50
E1_a10_N16,A,point,1.0,all,1.5561202161153918,0.19182806115466547,50
E1_a10_N16,A,point,1.0,end,0.8258697949177448,0.2939265278969214,50
E1_a10_N16,A,point,1.0,post,1.6721950109937986,0.2957218862042885,50
E1_a10_N16,A,point,1.0,pre,1.5145945845544861,0.26183533931316383,50
E1_a10_N16,A,point,3.0,all,1.087116104613968,0.13111382057653206,50
E1_a10_N16,A,point,3.0,end,0.5908469989918912,0.20606811601969613,50
E1_a10_N16,A,point,3.0,post,1.1688751034666043,0.20396552969458256,50
E1_a10_N16,A,point,3.0,pre,1.057568988654452,0.1822107190171933,50
E1_a10_N16,A,point,10.0,all,0.7596109989575137,0.08570465902105065,50
E1_a10_N16,A,point,10.0,end,0.440287633572092,0.14974886318015102,50
E1_a10_N16,A,point,10.0,post,0.8166791641706045,0.13705997798640113,50
E1_a10_N16,A,point,10.0,pre,0.7389675080805606,0.12513776117203584,50
E1_a10_N16,A,point,30.0,all,0.633099843366695,0.07020030814217053,50
E1_a10_N16,A,point,30.0,end,0.39406834785153655,0.13255780760144315,50
E1_a10_N16,A,point,30.0,post,0.6808377142728231,0.11468673520499545,50
E1_a10_N16,A,point,30.0,pre,0.6157981224956444,0.10425531866941316,50
E1_a10_N16,A,point,100.0,all,0.5949764699958748,0.06597067073920093,50
E1_a10_N16,A,point,100.0,end,0.38903314295698677,0.13007533610538102,50
E1_a10_N16,A,point,100.0,post,0.6398342605915533,0.10603971750030151,50
E1_a10_N16,A,point,100.0,pre,0.5787011839447755,0.09957494577135119,50
E1_a10_N16,A,point,300.0,all,0.591115248140715,0.06586299389672379,50
E1_a10_N16,A,point,300.0,end,0.3935060630443249,0.13152636297992182,50
E1_a10_N16,A,point,300.0,post,0.635542490031457,0.10454255824153516,50
E1_a10_N16,A,point,300.0,pre,0.5750659555622101,0.10002896085839967,50
E1_a10_N16,A,point,1000.0,all,0.5920855976682257,0.0658511633335194,50
E1_a10_N16,A,point,1000.0,end,0.3966841931043914,0.13269611181811877,50
E1_a10_N16,A,point,1000.0,post,0.6365314510212705,0.10491594565452773,50
E1_a10_N16,A,point,1000.0,pre,0.5760858584285018,0.10025411119856557,50
E1_a10_N4,A,cur,0.0,all,0.6447704590222874,0.22641203089543716,50
E1_a10_N4,A,cur,0.0,end,0.8010332104244432,0.41030312996584606,50
E1_a10_N4,A,cur,0.0,post,0.816402187648561,0.3607864986027706,50
E1_a10_N4,A,cur,0.0,pre,0.6344781482737557,0.2787133929208632,50
E1_a10_N4,A,cur,0.01,all,0.6404704214410293,0.22484115887185926,50
E1_a10_N4,A,cur,0.01,end,0.7957865571635024,0.4077448590474425,50
E1_a10_N4,A,cur,0.01,post,0.8111002756161532,0.3585500782221185,50
E1_a10_N4,A,cur,0.01,pre,0.6301730625984211,0.27678332226290214,50
E1_a10_N4,A,cur,0.03,all,0.6321559933625719,0.2217817682107613,50
E1_a10_N4,A,cur,0.03,end,0.78559019801473,0.40277519749344654,50
E1_a10_N4,A,cur,0.03,post,0.800795617035348,0.3542053053435015,50
E1_a10_N4,A,cur,0.03,pre,0.6218802005334427,0.27301327995126295,50
E1_a10_N4,A,cur,0.1,all,0.6057792826699467,0.21185282186676413,50
E1_a10_N4,A,cur,0.1,end,0.7527416196442522,0.3867821116004632,50
E1_a10_N4,A,cur,0.1,post,0.7675896930541787,0.3402181788096801,50
E1_a10_N4,A,cur,0.1,pre,0.5958778045018946,0.2606723575025936,50
E1_a10_N4,A,cur,0.3,all,0.5485088600126764,0.1886198277036469,50
E1_a10_N4,A,cur,0.3,end,0.6779071338018541,0.35042461971385314,50
E1_a10_N4,A,cur,0.3,post,0.691891447320353,0.30836136447271073,50
E1_a10_N4,A,cur,0.3,pre,0.5415509328731996,0.231118009051414,50
E1_a10_N4,A,cur,1.0,all,0.4549303388224433,0.13980240266820335,50
E1_a10_N4,A,cur,1.0,end,0.53294416807544,0.2801479899703469,50
E1_a10_N4,A,cur,1.0,post,0.5451375651764304,0.24620974573625998,50
E1_a10_N4,A,cur,1.0,pre,0.4653010458059835,0.1659791852662449,50
E1_a10_N4,A,cur,3.0,all,0.4109654438835129,0.09520812905571487,50
E1_a10_N4,A,cur,3.0,end,0.4063520878973906,0.218952382694592,50
E1_a10_N4,A,cur,3.0,post,0.4177337549787342,0.19039719635196056,50
E1_a10_N4,A,cur,3.0,pre,0.4548098869448402,0.10059421180424051,50
E1_a10_N4,A,cur,10.0,all,0.4312270106149384,0.08349587601960519,50
E1_a10_N4,A,cur,10.0,end,0.3537230975386276,0.19573711228897975,50
E1_a10_N4,A,cur,10.0,post,0.36751597500756167,0.16730154497745237,50
E1_a10_N4,A,cur,10.0,pre,0.5034577373046101,0.06944034809924317,50
E1_a10_N4,A,cur,30.0,all,0.4635152193675743,0.08784998881283071,50
E1_a10_N4,A,cur,30.0,end,0.3627539656855488,0.20254731102946572,50
E1_a10_N4,A,cur,30.0,post,0.38009585373177446,0.1751175139868616,50
E1_a10_N4,A,cur,30.0,pre,0.5458491479709879,0.0652345433171828,50
E1_a10_N4,A,cur,100.0,all,0.4893884387441699,0.09254661927818704,50
E1_a10_N4,A,cur,100.0,end,0.38643593952396676,0.21445162153313033,50
E1_a10_N4,A,cur,100.0,post,0.40746493494894886,0.1898074397948798,50
E1_a10_N4,A,cur,100.0,pre,0.5737141785147498,0.06634230213466118,50
E1_a10_N4,A,cur,300.0,all,0.5015843585371887,0.09489085361033661,50
E1_a10_N4,A,cur,300.0,end,0.4002536253002797,0.2212202840659189,50
E1_a10_N4,A,cur,300.0,post,0.4234225670439485,0.19796291972881583,50
E1_a10_N4,A,cur,300.0,pre,0.5855935982589733,0.06725468672383161,50
E1_a10_N4,A,cur,1000.0,all,0.5069605625920691,0.09601850766072748,50
E1_a10_N4,A,cur,1000.0,end,0.40664617773830547,0.22445455451569454,50
E1_a10_N4,A,cur,1000.0,post,0.430880653316115,0.20180634451260607,50
E1_a10_N4,A,cur,1000.0,pre,0.5906292035267477,0.0677007750303158,50
E1_a10_N4,A,hist,0.0,all,0.6447704590222876,0.22641203089543724,50
E1_a10_N4,A,hist,0.0,end,0.8010332104244433,0.4103031299658462,50
E1_a10_N4,A,hist,0.0,post,0.8164021876485612,0.3607864986027707,50
E1_a10_N4,A,hist,0.0,pre,0.6344781482737558,0.2787133929208632,50
E1_a10_N4,A,hist,0.01,all,0.6404962429737094,0.22481872901935013,50
E1_a10_N4,A,hist,0.01,end,0.7958075415507995,0.40776410384835077,50
E1_a10_N4,A,hist,0.01,post,0.8111054393029034,0.35854854517789536,50
E1_a10_N4,A,hist,0.01,pre,0.6302103795040328,0.2767019848346329,50
E1_a10_N4,A,hist,0.03,all,0.6321880619825242,0.22172897482102355,50
E1_a10_N4,A,hist,0.03,end,0.7856502043082902,0.40283048022287965,50
E1_a10_N4,A,hist,0.03,post,0.8008086147310316,0.354200126988294,50
E1_a10_N4,A,hist,0.03,pre,0.6219147794471523,0.2728024884472454,50
E1_a10_N4,A,hist,0.1,all,0.6054072613554883,0.21183141426151827,50
E1_a10_N4,A,hist,0.1,end,0.752910594765127,0.3869402935075603,50
E1_a10_N4,A,hist,0.1,post,0.7676071737008568,0.34019509305173745,50
E1_a10_N4,A,hist,0.1,pre,0.5951757062137212,0.26032314216849967,50
E1_a10_N4,A,hist,0.3,all,0.5443090088328963,0.1895549073799033,50
E1_a10_N4,A,hist,0.3,end,0.6782125426888734,0.3507249765949197,50
E1_a10_N4,A,hist,0.3,post,0.6917835121483322,0.3082590319315229,50
E1_a10_N4,A,hist,0.3,pre,0.5341931646280484,0.2323467139688757,50
E1_a10_N4,A,hist,1.0,all,0.4257347958979669,0.14705039162571884,50
E1_a10_N4,A,hist,1.0,end,0.5328334027558929,0.28010320366139463,50
E1_a10_N4,A,hist,1.0,post,0.5439925426307916,0.24575537453270146,50
E1_a10_N4,A,hist,1.0,pre,0.4161719455695354,0.17991165127621317,50
E1_a10_N4,A,hist,3.0,all,0.32338681868985353,0.11021367365975879,50
E1_a10_N4,A,hist,3.0,end,0.4042025936812106,0.21688890219811147,50
E1_a10_N4,A,hist,3.0,post,0.413793448384168,0.1893305811708594,50
E1_a10_N4,A,hist,3.0,pre,0.3161264829971518,0.13680687716447265,50
E1_a10_N4,A,hist,10.0,all,0.2862979813464649,0.09727201351408112,50
E1_a10_N4,A,hist,10.0,end,0.34915721624658547,0.19174889556905628,50
E1_a10_N4,A,hist,10.0,post,0.36117062801515076,0.1665977837436254,50
E1_a10_N4,A,hist,10.0,pre,0.28402975565320826,0.12247905041128332,50
E1_a10_N4,A,hist,30.0,all,0.3045739524354641,0.10475053149028568,50
E1_a10_N4,A,hist,30.0,end,0.3610981715832763,0.2021616394956303,50
E1_a10_N4,A,hist,30.0,post,0.3798708040268493,0.17665570130453612,50
E1_a10_N4,A,hist,30.0,pre,0.3055010314082757,0.13081118576285067,50
E1_a10_N4,A,hist,100.0,all,0.3493682750085694,0.11824686991186777,50
E1_a10_N4,A,hist,100.0,end,0.4011429505734221,0.22219180936387126,50
E1_a10_N4,A,hist,100.0,post,0.432183791907373,0.19516177431493972,50
E1_a10_N4,A,hist,100.0,pre,0.3521042940529626,0.1501657830617062,50
E1_a10_N4,A,hist,300.0,all,0.3869464184019287,0.12811748730711245,50
E1_a10_N4,A,hist,300.0,end,0.4339899603737538,0.2358491578578181,50
E1_a10_N4,A,hist,300.0,post,0.47522296521632973,0.20789290680770922,50
E1_a10_N4,A,hist,300.0,pre,0.39104205896265415,0.16724485375620907,50
E1_a10_N4,A,hist,1000.0,all,0.4091139632413865,0.1331231706375193,50
E1_a10_N4,A,hist,1000.0,end,0.4513943760731868,0.2419389781555828,50
E1_a10_N4,A,hist,1000.0,post,0.4997386905397228,0.21425797560926566,50
E1_a10_N4,A,hist,1000.0,pre,0.41426312088293793,0.17696233918903365,50
E1_a10_N4,A,in,0.0,all,0.6447704590222406,0.2264120308954197,50
E1_a10_N4,A,in,0.0,end,0.8010332104244253,0.41030312996584184,50
E1_a10_N4,A,in,0.0,post,0.8164021876485438,0.3607864986027625,50
E1_a10_N4,A,in,0.0,pre,0.6344781482736769,0.2787133929208272,50
E1_a10_N4,A,in,0.01,all,0.640491894384386,0.22480452610682516,50
E1_a10_N4,A,in,0.01,end,0.795813485096614,0.40776543359378814,50
E1_a10_N4,A,in,0.01,post,0.8111032576180207,0.35853763312250464,50
E1_a10_N4,A,in,0.01,pre,0.6302021565361272,0.27668166975606195,50
E1_a10_N4,A,in,0.03,all,0.6321765674840232,0.2216880598663327,50
E1_a10_N4,A,in,0.03,end,0.7856688583083592,0.4028353993843851,50
E1_a10_N4,A,in,0.03,post,0.8008041079984097,0.35416948011773025,50
E1_a10_N4,A,in,0.03,pre,0.62189179212812,0.2727437889633509,50
E1_a10_N4,A,in,0.1,all,0.6053849409874232,0.21171235811907993,50
E1_a10_N4,A,in,0.1,end,0.7529810304475949,0.38696607055912224,50
E1_a10_N4,A,in,0.1,post,0.7676130355862233,0.3401141862977362,50
E1_a10_N4,A,in,0.1,pre,0.595116498168538,0.26015049649901156,50
E1_a10_N4,A,in,0.3,all,0.5443402139267495,0.18930218329720142,50
E1_a10_N4,A,in,0.3,end,0.6784700548914477,0.35085536890080826,50
E1_a10_N4,A,in,0.3,post,0.6919266666299322,0.3081417241591283,50
E1_a10_N4,A,in,0.3,pre,0.5341240342865887,0.23196842472024726,50
E1_a10_N4,A,in,1.0,all,0.4263176401704999,0.1467162642164472,50
E1_a10_N4,A,in,1.0,end,0.5338381615172941,0.2807105905858079,50
E1_a10_N4,A,in,1.0,post,0.5450350633456885,0.24591624716010557,50
E1_a10_N4,A,in,1.0,pre,0.4165030269870056,0.17934823073999928,50
E1_a10_N4,A,in,3.0,all,0.3255257639539507,0.11000121107547492,50
E1_a10_N4,A,in,3.0,end,0.40672059066651445,0.21833159303982277,50
E1_a10_N4,A,in,3.0,post,0.41706527531251764,0.1901963849399054,50
E1_a10_N4,A,in,3.0,pre,0.3178273286517735,0.13637307133918827,50
E1_a10_N4,A,in,10.0,all,0.28951879270997016,0.09635748271378113,50
E1_a10_N4,A,in,10.0,end,0.35272367961882695,0.19294889417622388,50
E1_a10_N4,A,in,10.0,post,0.3660150626404476,0.16703870449650565,50
E1_a10_N4,A,in,10.0,pre,0.2864532159012927,0.12170809151590073,50
E1_a10_N4,A,in,30.0,all,0.3017980384923472,0.10028833772172846,50
E1_a10_N4,A,in,30.0,end,0.3607328074375132,0.1994323934021268,50
E1_a10_N4,A,in,30.0,post,0.377985534832165,0.17465820558378975,50
E1_a10_N4,A,in,30.0,pre,0.30101228537633357,0.12549485373623606,50
E1_a10_N4,A,in,100.0,all,0.3239388265675677,0.10583508791853333,50
E1_a10_N4,A,in,100.0,end,0.38382046840478323,0.21170177733613368,50
E1_a10_N4,A,in,100.0,post,0.40495255815963316,0.18914312737365338,50
E1_a10_N4,A,in,100.0,pre,0.3230937049195402,0.13055488781712976,50
E1_a10_N4,A,in,300.0,all,0.3366208630374415,0.10860405391500007,50
E1_a10_N4,A,in,300.0,end,0.3973959077200291,0.21864962566455884,50
E1_a10_N4,A,in,300.0,post,0.42076806870903694,0.1971774723657773,50
E1_a10_N4,A,in,300.0,pre,0.335294952258186,0.13285939282014705,50
E1_a10_N4,A,in,1000.0,all,0.34252314468035877,0.10991183816198904,50
E1_a10_N4,A,in,1000.0,end,0.4036813440442654,0.2219522740283898,50
E1_a10_N4,A,in,1000.0,post,0.42817769198811106,0.2009637795217414,50
E1_a10_N4,A,in,1000.0,pre,0.3409167392638268,0.13385297317360284,50
E1_a10_N4,A,legs,0.0,all,0.6447704590222874,0.22641203089543713,50
E1_a10_N4,A,legs,0.0,end,0.8010332104244432,0.410303129965846,50
E1_a10_N4,A,legs,0.0,post,0.816402187648561,0.36078649860277057,50
E1_a10_N4,A,legs,0.0,pre,0.6344781482737557,0.2787133929208632,50
E1_a10_N4,A,legs,0.01,all,0.6447704590222874,0.22641203089543713,50
E1_a10_N4,A,legs,0.01,end,0.8010332104244432,0.410303129965846,50
E1_a10_N4,A,legs,0.01,post,0.816402187648561,0.36078649860277057,50
E1_a10_N4,A,legs,0.01,pre,0.6344781482737557,0.2787133929208632,50
E1_a10_N4,A,legs,0.03,all,0.6447704590222874,0.22641203089543713,50
E1_a10_N4,A,legs,0.03,end,0.8010332104244432,0.410303129965846,50
E1_a10_N4,A,legs,0.03,post,0.816402187648561,0.36078649860277057,50
E1_a10_N4,A,legs,0.03,pre,0.6344781482737557,0.2787133929208632,50
E1_a10_N4,A,legs,0.1,all,0.6447704590222874,0.22641203089543713,50
E1_a10_N4,A,legs,0.1,end,0.8010332104244432,0.410303129965846,50
E1_a10_N4,A,legs,0.1,post,0.816402187648561,0.36078649860277057,50
E1_a10_N4,A,legs,0.1,pre,0.6344781482737557,0.2787133929208632,50
E1_a10_N4,A,legs,0.3,all,0.6447704590222874,0.22641203089543713,50
E1_a10_N4,A,legs,0.3,end,0.8010332104244432,0.410303129965846,50
E1_a10_N4,A,legs,0.3,post,0.816402187648561,0.36078649860277057,50
E1_a10_N4,A,legs,0.3,pre,0.6344781482737557,0.2787133929208632,50
E1_a10_N4,A,legs,1.0,all,0.6447704590222874,0.22641203089543713,50
E1_a10_N4,A,legs,1.0,end,0.8010332104244432,0.410303129965846,50
E1_a10_N4,A,legs,1.0,post,0.816402187648561,0.36078649860277057,50
E1_a10_N4,A,legs,1.0,pre,0.6344781482737557,0.2787133929208632,50
E1_a10_N4,A,legs,3.0,all,0.6447704590222874,0.22641203089543713,50
E1_a10_N4,A,legs,3.0,end,0.8010332104244432,0.410303129965846,50
E1_a10_N4,A,legs,3.0,post,0.816402187648561,0.36078649860277057,50
E1_a10_N4,A,legs,3.0,pre,0.6344781482737557,0.2787133929208632,50
E1_a10_N4,A,legs,10.0,all,0.6447704590222874,0.22641203089543713,50
E1_a10_N4,A,legs,10.0,end,0.8010332104244432,0.410303129965846,50
E1_a10_N4,A,legs,10.0,post,0.816402187648561,0.36078649860277057,50
E1_a10_N4,A,legs,10.0,pre,0.6344781482737557,0.2787133929208632,50
E1_a10_N4,A,legs,30.0,all,0.6447704590222874,0.22641203089543713,50
E1_a10_N4,A,legs,30.0,end,0.8010332104244432,0.410303129965846,50
E1_a10_N4,A,legs,30.0,post,0.816402187648561,0.36078649860277057,50
E1_a10_N4,A,legs,30.0,pre,0.6344781482737557,0.2787133929208632,50
E1_a10_N4,A,legs,100.0,all,0.6447704590222874,0.22641203089543713,50
E1_a10_N4,A,legs,100.0,end,0.8010332104244432,0.410303129965846,50
E1_a10_N4,A,legs,100.0,post,0.816402187648561,0.36078649860277057,50
E1_a10_N4,A,legs,100.0,pre,0.6344781482737557,0.2787133929208632,50
E1_a10_N4,A,legs,300.0,all,0.6447704590222874,0.22641203089543713,50
E1_a10_N4,A,legs,300.0,end,0.8010332104244432,0.410303129965846,50
E1_a10_N4,A,legs,300.0,post,0.816402187648561,0.36078649860277057,50
E1_a10_N4,A,legs,300.0,pre,0.6344781482737557,0.2787133929208632,50
E1_a10_N4,A,legs,1000.0,all,0.6447704590222874,0.22641203089543713,50
E1_a10_N4,A,legs,1000.0,end,0.8010332104244432,0.410303129965846,50
E1_a10_N4,A,legs,1000.0,post,0.816402187648561,0.36078649860277057,50
E1_a10_N4,A,legs,1000.0,pre,0.6344781482737557,0.2787133929208632,50
E1_a10_N4,A,point,0.0,all,6.44161971420857,2.3642658508607513,50
E1_a10_N4,A,point,0.0,end,4.281975508949817,2.2624353792741045,50
E1_a10_N4,A,point,0.0,post,8.178078075063091,3.7180101059215023,50
E1_a10_N4,A,point,0.0,pre,6.327769568197374,2.767830573404147,50
E1_a10_N4,A,point,0.01,all,6.399023869473054,2.3478141573379974,50
E1_a10_N4,A,point,0.01,end,4.254048303752007,2.247810817730021,50
E1_a10_N4,A,point,0.01,post,8.124308028101826,3.6932212300550993,50
E1_a10_N4,A,point,0.01,pre,6.2857798077712435,2.748481550131566,50
E1_a10_N4,A,point,0.03,all,6.31613337239923,2.3158639364425486,50
E1_a10_N4,A,point,0.03,end,4.199690224523966,2.219364609271866,50
E1_a10_N4,A,point,0.03,post,8.019663129081586,3.6450172483882306,50
E1_a10_N4,A,point,0.03,pre,6.2040714953159295,2.710895314344026,50
E1_a10_N4,A,point,0.1,all,6.048015048031024,2.213061148563603,50
E1_a10_N4,A,point,0.1,end,4.023751159824528,2.1274564445371014,50
E1_a10_N4,A,point,0.1,post,7.6810889657204315,3.4893709603986522,50
E1_a10_N4,A,point,0.1,pre,5.9398036432581724,2.5898911196446597,50
E1_a10_N4,A,point,0.3,all,5.429429111265842,1.9784752213332644,50
E1_a10_N4,A,point,0.3,end,3.6171891387912933,1.915845826687854,50
E1_a10_N4,A,point,0.3,post,6.899412865751758,3.131309472492812,50
E1_a10_N4,A,point,0.3,pre,5.33027875020963,2.3136166748347127,50
E1_a10_N4,A,point,1.0,all,4.175961004617815,1.5082498492260032,50
E1_a10_N4,A,point,1.0,end,2.7906844444727796,1.487126463390276,50
E1_a10_N4,A,point,1.0,post,5.31291104152541,2.4042161198835252,50
E1_a10_N4,A,point,1.0,pre,4.096133004004729,1.7614119471572531,50
E1_a10_N4,A,point,3.0,all,2.901125232858162,1.0230341662412976,50
E1_a10_N4,A,point,3.0,end,1.9468529773559817,1.0464130758681025,50
E1_a10_N4,A,point,3.0,post,3.6949808372046906,1.6480517098786878,50
E1_a10_N4,A,point,3.0,pre,2.842552617222064,1.1976626142529074,50
E1_a10_N4,A,point,10.0,all,1.9928619572253796,0.6731306498566484,50
E1_a10_N4,A,point,10.0,end,1.3462771865236705,0.7272082919009619,50
E1_a10_N4,A,point,10.0,post,2.538437516456526,1.0971730281235967,50
E1_a10_N4,A,point,10.0,pre,1.9502790644361678,0.793108193781964,50
E1_a10_N4,A,point,30.0,all,1.626009233946176,0.5492586934292177,50
E1_a10_N4,A,point,30.0,end,1.1091388193341154,0.601906698832635,50
E1_a10_N4,A,point,30.0,post,2.0704536687514423,0.8873516187050244,50
E1_a10_N4,A,point,30.0,pre,1.5905679851553252,0.6503228736971223,50
E1_a10_N4,A,point,100.0,all,1.5020845950581947,0.520816681926539,50
E1_a10_N4,A,point,100.0,end,1.0340748959501345,0.5633514063587475,50
E1_a10_N4,A,point,100.0,post,1.9125737119536859,0.8279750050635591,50
E1_a10_N4,A,point,100.0,pre,1.4698112480000574,0.6191298605165622,50
E1_a10_N4,A,point,300.0,all,1.4807629745360378,0.5191111571107383,50
E1_a10_N4,A,point,300.0,end,1.0229476860257494,0.5568553240770592,50
E1_a10_N4,A,point,300.0,post,1.8853107805125386,0.8204011767568141,50
E1_a10_N4,A,point,300.0,pre,1.449246711806031,0.6174446408295774,50
E1_a10_N4,A,point,1000.0,all,1.478230919530736,0.519198537061437,50
E1_a10_N4,A,point,1000.0,end,1.0222856294876737,0.5556293315556745,50
E1_a10_N4,A,point,1000.0,post,1.8820389291864068,0.8197878057734359,50
E1_a10_N4,A,point,1000.0,pre,1.446844661997011,0.6175313072333423,50
E1_a10_N8,A,cur,0.0,all,0.5006067034765231,0.0931177695452308,50
E1_a10_N8,A,cur,0.0,end,0.6734298826998097,0.35197009926054773,50
E1_a10_N8,A,cur,0.0,post,0.5719125742185933,0.14134158219597603,50
E1_a10_N8,A,cur,0.0,pre,0.48585690927001585,0.14337431466024098,50
E1_a10_N8,A,cur,0.01,all,0.4973305753462755,0.09253331607692748,50
E1_a10_N8,A,cur,0.01,end,0.6690027238377731,0.34957478939281345,50
E1_a10_N8,A,cur,0.01,post,0.5681624636816325,0.1405362555162286,50
E1_a10_N8,A,cur,0.01,pre,0.48269761343015843,0.1424558155824685,50
E1_a10_N8,A,cur,0.03,all,0.4910146273523939,0.0913876335065054,50
E1_a10_N8,A,cur,0.03,end,0.6603999752837197,0.34492802553344964,50
E1_a10_N8,A,cur,0.03,post,0.5608728355137713,0.13897122547597082,50
E1_a10_N8,A,cur,0.03,pre,0.4766506180662909,0.1406508854192632,50
E1_a10_N8,A,cur,0.1,all,0.4711603614668426,0.08759490362502426,50
E1_a10_N8,A,cur,0.1,end,0.632695408597796,0.33003126442008945,50
E1_a10_N8,A,cur,0.1,post,0.5373742561713496,0.133925274895459,50
E1_a10_N8,A,cur,0.1,pre,0.458066804926969,0.13463868383815522,50
E1_a10_N8,A,cur,0.3,all,0.4293337620362711,0.07819964954149373,50
E1_a10_N8,A,cur,0.3,end,0.5696557205374618,0.2964965644640884,50
E1_a10_N8,A,cur,0.3,post,0.4837717580309867,0.12234468195197022,50
E1_a10_N8,A,cur,0.3,pre,0.4218406793268547,0.11957803086921084,50
E1_a10_N8,A,cur,1.0,all,0.36895968666600537,0.05647045728421744,50
E1_a10_N8,A,cur,1.0,end,0.4481465793894071,0.23303163081100167,50
E1_a10_N8,A,cur,1.0,post,0.37996314794287345,0.09904786263242685,50
E1_a10_N8,A,cur,1.0,pre,0.38608504021787604,0.08421813402891018,50
E1_a10_N8,A,cur,3.0,all,0.3584668709013801,0.04100928871776312,50
E1_a10_N8,A,cur,3.0,end,0.3442997093975179,0.17919066347651602,50
E1_a10_N8,A,cur,3.0,post,0.2912622547897623,0.07727600762661833,50
E1_a10_N8,A,cur,3.0,pre,0.41467616803553087,0.050677377278128335,50
E1_a10_N8,A,cur,10.0,all,0.39484617379648745,0.045236146041773874,50
E1_a10_N8,A,cur,10.0,end,0.3062669446636474,0.15790413729448677,50
E1_a10_N8,A,cur,10.0,post,0.25977792999580634,0.06980288758882885,50
E1_a10_N8,A,cur,10.0,pre,0.47989237274686775,0.03754576304026368,50
E1_a10_N8,A,cur,30.0,all,0.4277731044347127,0.05016551907722619,50
E1_a10_N8,A,cur,30.0,end,0.31965657261929603,0.1639979225177192,50
E1_a10_N8,A,cur,30.0,post,0.27137933098772804,0.07577356253383033,50
E1_a10_N8,A,cur,30.0,pre,0.5232510355909608,0.03591951782098059,50
E1_a10_N8,A,cur,100.0,all,0.45099273446027277,0.05393795465550257,50
E1_a10_N8,A,cur,100.0,end,0.34427728925869344,0.1786078050093464,50
E1_a10_N8,A,cur,100.0,post,0.29263985533424536,0.08662086419675416,50
E1_a10_N8,A,cur,100.0,pre,0.5496914925231517,0.03764824637963972,50
E1_a10_N8,A,cur,300.0,all,0.46184136144216964,0.05621234665126459,50
E1_a10_N8,A,cur,300.0,end,0.3589994242545853,0.1873833462205597,50
E1_a10_N8,A,cur,300.0,post,0.3054007204074687,0.09434083811597213,50
E1_a10_N8,A,cur,300.0,pre,0.5611069500486493,0.04005420786303475,50
E1_a10_N8,A,cur,1000.0,all,0.46672154275598216,0.05752167531289438,50
E1_a10_N8,A,cur,1000.0,end,0.3660396022939992,0.19163754613489015,50
E1_a10_N8,A,cur,1000.0,post,0.3115259315401997,0.09853298694269155,50
E1_a10_N8,A,cur,1000.0,pre,0.5660970144880574,0.04182257152240793,50
E1_a10_N8,A,hist,0.0,all,0.5006067034765234,0.09311776954523085,50
E1_a10_N8,A,hist,0.0,end,0.67342988269981,0.351970099260548,50
E1_a10_N8,A,hist,0.0,post,0.5719125742185933,0.1413415821959761,50
E1_a10_N8,A,hist,0.0,pre,0.485856909270016,0.143374314660241,50
E1_a10_N8,A,hist,0.01,all,0.49731078204589624,0.09251890990344222,50
E1_a10_N8,A,hist,0.01,end,0.6690024249311485,0.34958060255763024,50
E1_a10_N8,A,hist,0.01,post,0.5681643567260969,0.140538772937932,50
E1_a10_N8,A,hist,0.01,pre,0.4826557423152471,0.14242892711312508,50
E1_a10_N8,A,hist,0.03,all,0.4909038552088113,0.09135819454174614,50
E1_a10_N8,A,hist,0.03,end,0.6603986563045255,0.3449448154333235,50
E1_a10_N8,A,hist,0.03,post,0.5608775096436125,0.13897853503287183,50
E1_a10_N8,A,hist,0.03,pre,0.4764332375600989,0.14059457382243756,50
E1_a10_N8,A,hist,0.1,all,0.4702492349090479,0.08764348138601896,50
E1_a10_N8,A,hist,0.1,end,0.632686662099696,0.3300805521490676,50
E1_a10_N8,A,hist,0.1,post,0.5373794396525878,0.13394710338706403,50
E1_a10_N8,A,hist,0.1,pre,0.4563755182568566,0.13471006454366016,50
E1_a10_N8,A,hist,0.3,all,0.4231263339898445,0.07927511266637428,50
E1_a10_N8,A,hist,0.3,end,0.5696031358894974,0.2966033418896474,50
E1_a10_N8,A,hist,0.3,post,0.4837231906196173,0.12239412829182252,50
E1_a10_N8,A,hist,0.3,pre,0.41063269523325696,0.12143226509435025,50
E1_a10_N8,A,hist,1.0,all,0.33184691606910255,0.06305145998042423,50
E1_a10_N8,A,hist,1.0,end,0.44785769208476983,0.2331642370632916,50
E1_a10_N8,A,hist,1.0,post,0.3794947737449773,0.09912666773974094,50
E1_a10_N8,A,hist,1.0,pre,0.322160445315989,0.09615169598883401,50
E1_a10_N8,A,hist,3.0,all,0.2539565584001206,0.04867354033778215,50
E1_a10_N8,A,hist,3.0,end,0.3434793510818108,0.17906588005327087,50
E1_a10_N8,A,hist,3.0,post,0.289716158379027,0.07731497397066676,50
E1_a10_N8,A,hist,3.0,pre,0.24706634913835557,0.07501600917804555,50
E1_a10_N8,A,hist,10.0,all,0.2270016074101627,0.044592633910166476,50
E1_a10_N8,A,hist,10.0,end,0.30498126635819367,0.15704438072545332,50
E1_a10_N8,A,hist,10.0,post,0.2573782227192957,0.06959380795385063,50
E1_a10_N8,A,hist,10.0,pre,0.22179340105954248,0.0681937280253247,50
E1_a10_N8,A,hist,30.0,all,0.23919877904224898,0.04835363319746177,50
E1_a10_N8,A,hist,30.0,end,0.3189089010107057,0.1624876463699885,50
E1_a10_N8,A,hist,30.0,post,0.27068891258185135,0.07545765787851445,50
E1_a10_N8,A,hist,30.0,pre,0.23430334195496644,0.07125790031920515,50
E1_a10_N8,A,hist,100.0,all,0.2635163196964219,0.05424362878107028,50
E1_a10_N8,A,hist,100.0,end,0.3459781477134549,0.176616911821189,50
E1_a10_N8,A,hist,100.0,post,0.2981045225550915,0.08718165283913085,50
E1_a10_N8,A,hist,100.0,pre,0.2587607128426717,0.07744433556639965,50
E1_a10_N8,A,hist,300.0,all,0.2815281670135694,0.05892384105644816,50
E1_a10_N8,A,hist,300.0,end,0.3641682638531956,0.18384545367959454,50
E1_a10_N8,A,hist,300.0,post,0.3181009327857126,0.09512656483848628,50
E1_a10_N8,A,hist,300.0,pre,0.2768250178278336,0.0832238801889727,50
E1_a10_N8,A,hist,1000.0,all,0.3015545354234566,0.06014494123997209,50
E1_a10_N8,A,hist,1000.0,end,0.381293950851261,0.18523052282975794,50
E1_a10_N8,A,hist,1000.0,post,0.33874662589090265,0.09525728712209715,50
E1_a10_N8,A,hist,1000.0,pre,0.29603043321228745,0.08443685048776405,50
E1_a10_N8,A,in,0.0,all,0.5006067034764767,0.09311776954522644,50
E1_a10_N8,A,in,0.0,end,0.673429882699794,0.3519700992605403,50
E1_a10_N8,A,in,0.0,post,0.5719125742185802,0.14134158219597256,50
E1_a10_N8,A,in,0.0,pre,0.4858569092699368,0.143374314660221,50
E1_a10_N8,A,in,0.01,all,0.49731042848479057,0.09251901619364657,50
E1_a10_N8,A,in,0.01,end,0.6690028136217421,0.3495816287525072,50
E1_a10_N8,A,in,0.01,post,0.5681639208449191,0.14053798537098686,50
E1_a10_N8,A,in,0.01,pre,0.48265498402283297,0.1424262602218857,50
E1_a10_N8,A,in,0.03,all,0.4909034808467172,0.09135880450512715,50
E1_a10_N8,A,in,0.03,end,0.6604002347218273,0.3449479356515927,50
E1_a10_N8,A,in,0.03,post,0.5608768949548829,0.1389762757243254,50
E1_a10_N8,A,in,0.03,pre,0.4764317281544169,0.140587332997275,50
E1_a10_N8,A,in,0.1,all,0.470254939245209,0.0876483510572777,50
E1_a10_N8,A,in,0.1,end,0.6326962423118893,0.33009144992547496,50
E1_a10_N8,A,in,0.1,post,0.5373843766790057,0.1339404759000196,50
E1_a10_N8,A,in,0.1,pre,0.4563782902617308,0.13469373705091664,50
E1_a10_N8,A,in,0.3,all,0.4231838982742191,0.07930425491143636,50
E1_a10_N8,A,in,0.3,end,0.5696592350558708,0.296640115813419,50
E1_a10_N8,A,in,0.3,post,0.48377813708691647,0.12237717701358837,50
E1_a10_N8,A,in,0.3,pre,0.41068722187883344,0.12143046811201402,50
E1_a10_N8,A,in,1.0,all,0.3322021699285587,0.06317950092368317,50
E1_a10_N8,A,in,1.0,end,0.44817729616564256,0.23331624798704892,50
E1_a10_N8,A,in,1.0,post,0.37983479585317803,0.09905540675208528,50
E1_a10_N8,A,in,1.0,pre,0.3225393612809821,0.09635883181597209,50
E1_a10_N8,A,in,3.0,all,0.25496892241387686,0.04891981530520156,50
E1_a10_N8,A,in,3.0,end,0.34443175397451326,0.17953287621955752,50
E1_a10_N8,A,in,3.0,post,0.2906656858840129,0.07704666381648545,50
E1_a10_N8,A,in,3.0,pre,0.24820400541296497,0.0757573808699541,50
E1_a10_N8,A,in,10.0,all,0.22844643579808488,0.04489778750446774,50
E1_a10_N8,A,in,10.0,end,0.3064849875493653,0.15797926082633815,50
E1_a10_N8,A,in,10.0,post,0.2586087976601428,0.06919777893378072,50
E1_a10_N8,A,in,10.0,pre,0.2235540586972093,0.06961378198294947,50
E1_a10_N8,A,in,30.0,all,0.2390753322776618,0.048704212665474964,50
E1_a10_N8,A,in,30.0,end,0.31975694643071967,0.16382948027967514,50
E1_a10_N8,A,in,30.0,post,0.2700270453542543,0.07510709656982034,50
E1_a10_N8,A,in,30.0,pre,0.23461927752001646,0.07311277231419719,50
E1_a10_N8,A,in,100.0,all,0.2578019753937362,0.054080389077035954,50
E1_a10_N8,A,in,100.0,end,0.3442084671464372,0.17842587663410706,50
E1_a10_N8,A,in,100.0,post,0.2912221435378373,0.08600915969393677,50
E1_a10_N8,A,in,100.0,pre,0.2534746571491056,0.07848741223553646,50
E1_a10_N8,A,in,300.0,all,0.26915662432268905,0.05849400565514676,50
E1_a10_N8,A,in,300.0,end,0.35886901565918017,0.18722793392734888,50
E1_a10_N8,A,in,300.0,post,0.3039416447749492,0.0937572847047172,50
E1_a10_N8,A,in,300.0,pre,0.26501802046203826,0.08312898538579541,50
E1_a10_N8,A,in,1000.0,all,0.27465714847679407,0.06133788160266563,50
E1_a10_N8,A,in,1000.0,end,0.3658860083880208,0.19151084452033854,50
E1_a10_N8,A,in,1000.0,post,0.31004263749558614,0.09796141839073283,50
E1_a10_N8,A,in,1000.0,pre,0.2706509676138499,0.08620436756884038,50
E1_a10_N8,A,legs,0.0,all,0.5006067034765231,0.0931177695452308,50
E1_a10_N8,A,legs,0.0,end,0.67342988269981,0.3519700992605478,50
E1_a10_N8,A,legs,0.0,post,0.5719125742185933,0.14134158219597603,50
E1_a10_N8,A,legs,0.0,pre,0.48585690927001585,0.14337431466024095,50
E1_a10_N8,A,legs,0.01,all,0.5006067034765231,0.0931177695452308,50
E1_a10_N8,A,legs,0.01,end,0.67342988269981,0.3519700992605478,50
E1_a10_N8,A,legs,0.01,post,0.5719125742185933,0.14134158219597603,50
E1_a10_N8,A,legs,0.01,pre,0.48585690927001585,0.14337431466024095,50
E1_a10_N8,A,legs,0.03,all,0.5006067034765231,0.0931177695452308,50
E1_a10_N8,A,legs,0.03,end,0.67342988269981,0.3519700992605478,50
E1_a10_N8,A,legs,0.03,post,0.5719125742185933,0.14134158219597603,50
E1_a10_N8,A,legs,0.03,pre,0.48585690927001585,0.14337431466024095,50
E1_a10_N8,A,legs,0.1,all,0.5006067034765231,0.0931177695452308,50
E1_a10_N8,A,legs,0.1,end,0.67342988269981,0.3519700992605478,50
E1_a10_N8,A,legs,0.1,post,0.5719125742185933,0.14134158219597603,50
E1_a10_N8,A,legs,0.1,pre,0.48585690927001585,0.14337431466024095,50
E1_a10_N8,A,legs,0.3,all,0.5006067034765231,0.0931177695452308,50
E1_a10_N8,A,legs,0.3,end,0.67342988269981,0.3519700992605478,50
E1_a10_N8,A,legs,0.3,post,0.5719125742185933,0.14134158219597603,50
E1_a10_N8,A,legs,0.3,pre,0.48585690927001585,0.14337431466024095,50
E1_a10_N8,A,legs,1.0,all,0.5006067034765231,0.0931177695452308,50
E1_a10_N8,A,legs,1.0,end,0.67342988269981,0.3519700992605478,50
E1_a10_N8,A,legs,1.0,post,0.5719125742185933,0.14134158219597603,50
E1_a10_N8,A,legs,1.0,pre,0.48585690927001585,0.14337431466024095,50
E1_a10_N8,A,legs,3.0,all,0.5006067034765231,0.0931177695452308,50
E1_a10_N8,A,legs,3.0,end,0.67342988269981,0.3519700992605478,50
E1_a10_N8,A,legs,3.0,post,0.5719125742185933,0.14134158219597603,50
E1_a10_N8,A,legs,3.0,pre,0.48585690927001585,0.14337431466024095,50
E1_a10_N8,A,legs,10.0,all,0.5006067034765231,0.0931177695452308,50
E1_a10_N8,A,legs,10.0,end,0.67342988269981,0.3519700992605478,50
E1_a10_N8,A,legs,10.0,post,0.5719125742185933,0.14134158219597603,50
E1_a10_N8,A,legs,10.0,pre,0.48585690927001585,0.14337431466024095,50
E1_a10_N8,A,legs,30.0,all,0.5006067034765231,0.0931177695452308,50
E1_a10_N8,A,legs,30.0,end,0.67342988269981,0.3519700992605478,50
E1_a10_N8,A,legs,30.0,post,0.5719125742185933,0.14134158219597603,50
E1_a10_N8,A,legs,30.0,pre,0.48585690927001585,0.14337431466024095,50
E1_a10_N8,A,legs,100.0,all,0.5006067034765231,0.0931177695452308,50
E1_a10_N8,A,legs,100.0,end,0.67342988269981,0.3519700992605478,50
E1_a10_N8,A,legs,100.0,post,0.5719125742185933,0.14134158219597603,50
E1_a10_N8,A,legs,100.0,pre,0.48585690927001585,0.14337431466024095,50
E1_a10_N8,A,legs,300.0,all,0.5006067034765231,0.0931177695452308,50
E1_a10_N8,A,legs,300.0,end,0.67342988269981,0.3519700992605478,50
E1_a10_N8,A,legs,300.0,post,0.5719125742185933,0.14134158219597603,50
E1_a10_N8,A,legs,300.0,pre,0.48585690927001585,0.14337431466024095,50
E1_a10_N8,A,legs,1000.0,all,0.5006067034765231,0.0931177695452308,50
E1_a10_N8,A,legs,1000.0,end,0.67342988269981,0.3519700992605478,50
E1_a10_N8,A,legs,1000.0,post,0.5719125742185933,0.14134158219597603,50
E1_a10_N8,A,legs,1000.0,pre,0.48585690927001585,0.14337431466024095,50
E1_a10_N8,A,point,0.0,all,3.5391923105069343,0.6608177706610072,50
E1_a10_N8,A,point,0.0,end,2.2191940717636407,1.0950711096461059,50
E1_a10_N8,A,point,0.0,post,4.05848640131197,0.9981162959783323,50
E1_a10_N8,A,point,0.0,pre,3.4363999857450556,1.0277359295321562,50
E1_a10_N8,A,point,0.01,all,3.51587575065961,0.6565613420423071,50
E1_a10_N8,A,point,0.01,end,2.2045060582914116,1.0878253719918012,50
E1_a10_N8,A,point,0.01,post,4.03193638584137,0.9925068092329459,50
E1_a10_N8,A,point,0.01,pre,3.4136789846112885,1.0207738121785495,50
E1_a10_N8,A,point,0.03,all,3.4704984261955816,0.648295891974303,50
E1_a10_N8,A,point,0.03,end,2.1759275539971563,1.0737450670489381,50
E1_a10_N8,A,point,0.03,post,3.9802617092977686,0.9815773240624933,50
E1_a10_N8,A,point,0.03,pre,3.3694619035363558,1.0072420718591164,50
E1_a10_N8,A,point,0.1,all,3.323687925578812,0.6216939499364618,50
E1_a10_N8,A,point,0.1,end,2.0835264981396535,1.028371039643214,50
E1_a10_N8,A,point,0.1,post,3.813034242618913,0.9460744311968885,50
E1_a10_N8,A,point,0.1,pre,3.226416750274232,0.9636064885314535,50
E1_a10_N8,A,point,0.3,all,2.9848215167725254,0.5607434108106961,50
E1_a10_N8,A,point,0.3,end,1.8706201677127812,0.9245609414377708,50
E1_a10_N8,A,point,0.3,post,3.4267699846829567,0.862894699784492,50
E1_a10_N8,A,point,0.3,pre,2.8963187385590756,0.8635061939673292,50
E1_a10_N8,A,point,1.0,all,2.297951768438623,0.43563220008703557,50
E1_a10_N8,A,point,1.0,end,1.4410318980963863,0.7168114699754051,50
E1_a10_N8,A,point,1.0,post,2.6424388275333586,0.6852513145355347,50
E1_a10_N8,A,point,1.0,pre,2.2276432783297686,0.6608846105382223,50
E1_a10_N8,A,point,3.0,all,1.6008249749921049,0.3002992977880444,50
E1_a10_N8,A,point,3.0,end,1.0096858796179329,0.5067301688065743,50
E1_a10_N8,A,point,3.0,post,1.8438015879593714,0.48591444887840257,50
E1_a10_N8,A,point,3.0,pre,1.5498167707279018,0.4504879452304592,50
E1_a10_N8,A,point,10.0,all,1.107788210646865,0.203180895421643,50
E1_a10_N8,A,point,10.0,end,0.7144452997806974,0.35760279621837676,50
E1_a10_N8,A,point,10.0,post,1.2764250416020155,0.3345688221918134,50
E1_a10_N8,A,point,10.0,pre,1.0715295428002323,0.30217096012274447,50
E1_a10_N8,A,point,30.0,all,0.9103103070740294,0.16566125704743248,50
E1_a10_N8,A,point,30.0,end,0.6090874276114434,0.30194801845429686,50
E1_a10_N8,A,point,30.0,post,1.04833613628082,0.2695560104053678,50
E1_a10_N8,A,point,30.0,pre,0.8806762460879162,0.250524002337906,50
E1_a10_N8,A,point,100.0,all,0.8447896534127675,0.1515780678473037,50
E1_a10_N8,A,point,100.0,end,0.5862550614262443,0.2908363307607423,50
E1_a10_N8,A,point,100.0,post,0.9728865362578409,0.24493858514913955,50
E1_a10_N8,A,point,100.0,pre,0.817444554298682,0.23659893995825942,50
E1_a10_N8,A,point,300.0,all,0.834841794807908,0.14967102977278157,50
E1_a10_N8,A,point,300.0,end,0.5891575768632038,0.2927895664814586,50
E1_a10_N8,A,point,300.0,post,0.9614996749446588,0.2418032230608147,50
E1_a10_N8,A,point,300.0,pre,0.807957879246363,0.23514511093988974,50
E1_a10_N8,A,point,1000.0,all,0.8345168660682725,0.14961219505657825,50
E1_a10_N8,A,point,1000.0,end,0.5928395600165282,0.29462476642804414,50
E1_a10_N8,A,point,1000.0,post,0.9610620955633944,0.24204298048157824,50
E1_a10_N8,A,point,1000.0,pre,0.8078015299736222,0.2351793790726225,50
E1_a1_N16,A,cur,0.0,all,0.38144281101165367,0.03765728627160142,50
E1_a1_N16,A,cur,0.0,end,0.39583251879558895,0.09677576776685247,50
E1_a1_N16,A,cur,0.0,post,0.3993224142553934,0.05124570911146356,50
E1_a1_N16,A,cur,0.0,pre,0.37098843576443774,0.04683086860092617,50
E1_a1_N16,A,cur,0.01,all,0.37895122952720184,0.03741786450285324,50
E1_a1_N16,A,cur,0.01,end,0.39322915160142247,0.09605676097466749,50
E1_a1_N16,A,cur,0.01,post,0.3966938741963475,0.0509074408694461,50
E1_a1_N16,A,cur,0.01,pre,0.3685802876813742,0.046520056422853076,50
E1_a1_N16,A,cur,0.03,all,0.37422684220329394,0.03695836080130514,50
E1_a1_N16,A,cur,0.03,end,0.38824427837326375,0.0946868951348066,50
E1_a1_N16,A,cur,0.03,post,0.39165683112082506,0.050263047588534934,50
E1_a1_N16,A,cur,0.03,pre,0.36406134507521765,0.045912749878236736,50
E1_a1_N16,A,cur,0.1,all,0.3601516611335481,0.03551774053412846,50
E1_a1_N16,A,cur,0.1,end,0.37291359521692263,0.0905274498213719,50
E1_a1_N16,A,cur,0.1,post,0.3761276241579764,0.048300366286304616,50
E1_a1_N16,A,cur,0.1,pre,0.35106286221418787,0.04391444039889692,50
E1_a1_N16,A,cur,0.3,all,0.3359542468630552,0.03236174353631829,50
E1_a1_N16,A,cur,0.3,end,0.34311562478746077,0.08261184996194317,50
E1_a1_N16,A,cur,0.3,post,0.3456836890038922,0.0444358508720726,50
E1_a1_N16,A,cur,0.3,pre,0.3319718363045869,0.03910398637926381,50
E1_a1_N16,A,cur,1.0,all,0.33293548951820945,0.027763917977036652,50
E1_a1_N16,A,cur,1.0,end,0.3171124471770741,0.07469304604328157,50
E1_a1_N16,A,cur,1.0,post,0.31748768084729606,0.039517598205949724,50
E1_a1_N16,A,cur,1.0,pre,0.34914412198916045,0.031589158085400366,50
E1_a1_N16,A,cur,3.0,all,0.4027202127869623,0.029170667725931163,50
E1_a1_N16,A,cur,3.0,end,0.35805169753052496,0.08073726682403247,50
E1_a1_N16,A,cur,3.0,post,0.35546038816456516,0.041658578036058144,50
E1_a1_N16,A,cur,3.0,pre,0.44266808431972243,0.031066406795582147,50
E1_a1_N16,A,cur,10.0,all,0.5041154128110441,0.035464581586986545,50
E1_a1_N16,A,cur,10.0,end,0.4474083794650939,0.0997818013375675,50
E1_a1_N16,A,cur,10.0,post,0.4422025362960225,0.05280518340438914,50
E1_a1_N16,A,cur,10.0,pre,0.5560540265316566,0.03450147384498942,50
E1_a1_N16,A,cur,30.0,all,0.5762506145865579,0.039957239088283435,50
E1_a1_N16,A,cur,30.0,end,0.5235145922062937,0.11598560538993352,50
E1_a1_N16,A,cur,30.0,post,0.5159343742572132,0.06081276147169423,50
E1_a1_N16,A,cur,30.0,pre,0.6284879136827777,0.03955354306570345,50
E1_a1_N16,A,cur,100.0,all,0.6274491136744775,0.04072917702588526,50
E1_a1_N16,A,cur,100.0,end,0.581688879237104,0.12736437355654995,50
E1_a1_N16,A,cur,100.0,post,0.5731770945252923,0.06395815886885935,50
E1_a1_N16,A,cur,100.0,pre,0.6761558109869084,0.04429463937372805,50
E1_a1_N16,A,cur,300.0,all,0.6513062657233736,0.04209598546204832,50
E1_a1_N16,A,cur,300.0,end,0.6087305724081318,0.13327889389228312,50
E1_a1_N16,A,cur,300.0,post,0.6008529687714618,0.06793383829441337,50
E1_a1_N16,A,cur,300.0,pre,0.6974755342688616,0.04739091725323094,50
E1_a1_N16,A,cur,1000.0,all,0.6618839112481267,0.04398178433413887,50
E1_a1_N16,A,cur,1000.0,end,0.6204872894477051,0.13629246586574534,50
E1_a1_N16,A,cur,1000.0,post,0.6132647785947027,0.07164384947762496,50
E1_a1_N16,A,cur,1000.0,pre,0.706776909510226,0.04940153282703262,50
E1_a1_N16,A,hist,0.0,all,0.38144281101165384,0.03765728627160144,50
E1_a1_N16,A,hist,0.0,end,0.395832518795589,0.09677576776685252,50
E1_a1_N16,A,hist,0.0,post,0.3993224142553935,0.05124570911146357,50
E1_a1_N16,A,hist,0.0,pre,0.37098843576443785,0.046830868600926175,50
E1_a1_N16,A,hist,0.01,all,0.37894254291986634,0.03740317510626886,50
E1_a1_N16,A,hist,0.01,end,0.39323044914671484,0.0960602982306602,50
E1_a1_N16,A,hist,0.01,post,0.39669414960849286,0.050909538725119434,50
E1_a1_N16,A,hist,0.01,pre,0.3685659224792755,0.046526493054432336,50
E1_a1_N16,A,hist,0.03,all,0.3741505108458729,0.03692336489658482,50
E1_a1_N16,A,hist,0.03,end,0.38824774388264727,0.09469744199943451,50
E1_a1_N16,A,hist,0.03,post,0.3916568207213579,0.05026934887774714,50
E1_a1_N16,A,hist,0.03,pre,0.36392274090878907,0.04594978043396975,50
E1_a1_N16,A,hist,0.1,all,0.3593690976503873,0.03549862938131822,50
E1_a1_N16,A,hist,0.1,end,0.37292057087357877,0.09056205066929557,50
E1_a1_N16,A,hist,0.1,post,0.37611902259443913,0.048321510960807425,50
E1_a1_N16,A,hist,0.1,pre,0.34959888221159857,0.04422333998428215,50
E1_a1_N16,A,hist,0.3,all,0.3303400085499556,0.03288159692986154,50
E1_a1_N16,A,hist,0.3,end,0.3431063896712773,0.08271359532020857,50
E1_a1_N16,A,hist,0.3,post,0.3456082970389807,0.044500090570983496,50
E1_a1_N16,A,hist,0.3,pre,0.32145817318538517,0.04103213335112967,50
E1_a1_N16,A,hist,1.0,all,0.30316215649482986,0.03028421096275355,50
E1_a1_N16,A,hist,1.0,end,0.3169492480050627,0.07499789333105059,50
E1_a1_N16,A,hist,1.0,post,0.3171104182197657,0.03969513518250684,50
E1_a1_N16,A,hist,1.0,pre,0.2950394815183531,0.03828379039461913,50
E1_a1_N16,A,hist,3.0,all,0.3390120753053868,0.03345677491620589,50
E1_a1_N16,A,hist,3.0,end,0.3576975901957844,0.08128303845499196,50
E1_a1_N16,A,hist,3.0,post,0.35497476791219157,0.04186921547356574,50
E1_a1_N16,A,hist,3.0,pre,0.32960467416971617,0.04318232059296911,50
E1_a1_N16,A,hist,10.0,all,0.42293209379947116,0.043025373231029035,50
E1_a1_N16,A,hist,10.0,end,0.4473436037424146,0.10057689549628572,50
E1_a1_N16,A,hist,10.0,post,0.44304864084506923,0.052852736773544184,50
E1_a1_N16,A,hist,10.0,pre,0.4109972874897172,0.05537236988718055,50
E1_a1_N16,A,hist,30.0,all,0.49732473012711703,0.049015619221154876,50
E1_a1_N16,A,hist,30.0,end,0.5244095225903962,0.11721626171916555,50
E1_a1_N16,A,hist,30.0,post,0.5202649651883703,0.060585654238928095,50
E1_a1_N16,A,hist,30.0,pre,0.4837360035509098,0.06514745358306316,50
E1_a1_N16,A,hist,100.0,all,0.5589557664067878,0.049693539016566354,50
E1_a1_N16,A,hist,100.0,end,0.5843091778533779,0.1290410341306217,50
E1_a1_N16,A,hist,100.0,post,0.583600444443163,0.06381418122735595,50
E1_a1_N16,A,hist,100.0,pre,0.5443045240269144,0.07119880226352951,50
E1_a1_N16,A,hist,300.0,all,0.5916681452575128,0.05102919592769128,50
E1_a1_N16,A,hist,300.0,end,0.6130583678052822,0.13492986330134105,50
E1_a1_N16,A,hist,300.0,post,0.616561103875426,0.06783278771988488,50
E1_a1_N16,A,hist,300.0,pre,0.5769104241970875,0.07487579052336044,50
E1_a1_N16,A,hist,1000.0,all,0.6141623829511704,0.052285796217372095,50
E1_a1_N16,A,hist,1000.0,end,0.6278120919918798,0.13775164030701847,50
E1_a1_N16,A,hist,1000.0,post,0.6363564110507336,0.07118799810939244,50
E1_a1_N16,A,hist,1000.0,pre,0.6016757803007472,0.0763360839921184,50
E1_a1_N16,A,in,0.0,all,0.3814428110113591,0.03765728627160645,50
E1_a1_N16,A,in,0.0,end,0.39583251879552867,0.09677576776683405,50
E1_a1_N16,A,in,0.0,post,0.399322414255368,0.05124570911146143,50
E1_a1_N16,A,in,0.0,pre,0.3709884357638868,0.04683086860086035,50
E1_a1_N16,A,in,0.01,all,0.3789424238486606,0.03740327443877639,50
E1_a1_N16,A,in,0.01,end,0.3932312644126451,0.09606008864906136,50
E1_a1_N16,A,in,0.01,post,0.3966944582368977,0.05091108806781071,50
E1_a1_N16,A,in,0.01,pre,0.368565492923813,0.04652552946039026,50
E1_a1_N16,A,in,0.03,all,0.3741503852015957,0.0369236048727105,50
E1_a1_N16,A,in,0.03,end,0.3882502798073598,0.09469676381952154,50
E1_a1_N16,A,in,0.03,post,0.3916579825455384,0.05027380076836097,50
E1_a1_N16,A,in,0.03,pre,0.36392167777121726,0.04594691395421502,50
E1_a1_N16,A,in,0.1,all,0.3593709058571518,0.03549883945826815,50
E1_a1_N16,A,in,0.1,end,0.37292990178114926,0.09055921026435135,50
E1_a1_N16,A,in,0.1,post,0.3761251645744791,0.04833426691991859,50
E1_a1_N16,A,in,0.1,pre,0.3495975049010177,0.04421410002835252,50
E1_a1_N16,A,in,0.3,all,0.3303557814374354,0.032878972148426916,50
E1_a1_N16,A,in,0.3,end,0.34313849286589376,0.08270046533860868,50
E1_a1_N16,A,in,0.3,post,0.345637108253663,0.04452498051308907,50
E1_a1_N16,A,in,0.3,pre,0.3214641788135658,0.04100764244003852,50
E1_a1_N16,A,in,1.0,all,0.30320289258387084,0.030266749234216718,50
E1_a1_N16,A,in,1.0,end,0.31704433201895865,0.07492600586439577,50
E1_a1_N16,A,in,1.0,post,0.3171850272225326,0.03971757640097556,50
E1_a1_N16,A,in,1.0,pre,0.29505395582559674,0.03823699594057766,50
E1_a1_N16,A,in,3.0,all,0.3388134065003602,0.03341567037918227,50
E1_a1_N16,A,in,3.0,end,0.3577757068302389,0.08105744464972876,50
E1_a1_N16,A,in,3.0,post,0.3547989717619639,0.04188357376584579,50
E1_a1_N16,A,in,3.0,pre,0.32939059796474973,0.043145630548874866,50
E1_a1_N16,A,in,10.0,all,0.42141963071051114,0.043030007472429514,50
E1_a1_N16,A,in,10.0,end,0.44703736514088344,0.10002682992601608,50
E1_a1_N16,A,in,10.0,post,0.4414238928195468,0.052971348144843736,50
E1_a1_N16,A,in,10.0,pre,0.4095984416677026,0.055400371229149196,50
E1_a1_N16,A,in,30.0,all,0.49269869938568556,0.04919079363312215,50
E1_a1_N16,A,in,30.0,end,0.523203828648528,0.11617903777760007,50
E1_a1_N16,A,in,30.0,post,0.5152237649391258,0.06096989339537971,50
E1_a1_N16,A,in,30.0,pre,0.47949349047148465,0.06526360572818311,50
E1_a1_N16,A,in,100.0,all,0.5487536607522684,0.049685437161282625,50
E1_a1_N16,A,in,100.0,end,0.581445296739872,0.12757699880629464,50
E1_a1_N16,A,in,100.0,post,0.572562088902608,0.0641339981147798,50
E1_a1_N16,A,in,100.0,pre,0.5348283043651701,0.0710639919100244,50
E1_a1_N16,A,in,300.0,all,0.5759498865701869,0.05101260407394054,50
E1_a1_N16,A,in,300.0,end,0.6085114450811995,0.1335137728052189,50
E1_a1_N16,A,in,300.0,post,0.6002887940190668,0.06812467712505513,50
E1_a1_N16,A,in,300.0,pre,0.5616506813080211,0.0746541558556466,50
E1_a1_N16,A,in,1000.0,all,0.588136607478093,0.053155377257972515,50
E1_a1_N16,A,in,1000.0,end,0.6202773059404761,0.13653770748436955,50
E1_a1_N16,A,in,1000.0,post,0.6127233031331245,0.0718424796984423,50
E1_a1_N16,A,in,1000.0,pre,0.5736369242237185,0.07714542270190719,50
E1_a1_N16,A,legs,0.0,all,0.38144281101165367,0.0376572862716014,50
E1_a1_N16,A,legs,0.0,end,0.39583251879558895,0.09677576776685248,50
E1_a1_N16,A,legs,0.0,post,0.3993224142553934,0.05124570911146353,50
E1_a1_N16,A,legs,0.0,pre,0.37098843576443774,0.04683086860092616,50
E1_a1_N16,A,legs,0.01,all,0.38144281101165367,0.0376572862716014,50
E1_a1_N16,A,legs,0.01,end,0.39583251879558895,0.09677576776685248,50
E1_a1_N16,A,legs,0.01,post,0.3993224142553934,0.05124570911146353,50
E1_a1_N16,A,legs,0.01,pre,0.37098843576443774,0.04683086860092616,50
E1_a1_N16,A,legs,0.03,all,0.38144281101165367,0.0376572862716014,50
E1_a1_N16,A,legs,0.03,end,0.39583251879558895,0.09677576776685248,50
E1_a1_N16,A,legs,0.03,post,0.3993224142553934,0.05124570911146353,50
E1_a1_N16,A,legs,0.03,pre,0.37098843576443774,0.04683086860092616,50
E1_a1_N16,A,legs,0.1,all,0.38144281101165367,0.0376572862716014,50
E1_a1_N16,A,legs,0.1,end,0.39583251879558895,0.09677576776685248,50
E1_a1_N16,A,legs,0.1,post,0.3993224142553934,0.05124570911146353,50
E1_a1_N16,A,legs,0.1,pre,0.37098843576443774,0.04683086860092616,50
E1_a1_N16,A,legs,0.3,all,0.38144281101165367,0.0376572862716014,50
E1_a1_N16,A,legs,0.3,end,0.39583251879558895,0.09677576776685248,50
E1_a1_N16,A,legs,0.3,post,0.3993224142553934,0.05124570911146353,50
E1_a1_N16,A,legs,0.3,pre,0.37098843576443774,0.04683086860092616,50
E1_a1_N16,A,legs,1.0,all,0.38144281101165367,0.0376572862716014,50
E1_a1_N16,A,legs,1.0,end,0.39583251879558895,0.09677576776685248,50
E1_a1_N16,A,legs,1.0,post,0.3993224142553934,0.05124570911146353,50
E1_a1_N16,A,legs,1.0,pre,0.37098843576443774,0.04683086860092616,50
E1_a1_N16,A,legs,3.0,all,0.38144281101165367,0.0376572862716014,50
E1_a1_N16,A,legs,3.0,end,0.39583251879558895,0.09677576776685248,50
E1_a1_N16,A,legs,3.0,post,0.3993224142553934,0.05124570911146353,50
E1_a1_N16,A,legs,3.0,pre,0.37098843576443774,0.04683086860092616,50
E1_a1_N16,A,legs,10.0,all,0.38144281101165367,0.0376572862716014,50
E1_a1_N16,A,legs,10.0,end,0.39583251879558895,0.09677576776685248,50
E1_a1_N16,A,legs,10.0,post,0.3993224142553934,0.05124570911146353,50
E1_a1_N16,A,legs,10.0,pre,0.37098843576443774,0.04683086860092616,50
E1_a1_N16,A,legs,30.0,all,0.38144281101165367,0.0376572862716014,50
E1_a1_N16,A,legs,30.0,end,0.39583251879558895,0.09677576776685248,50
E1_a1_N16,A,legs,30.0,post,0.3993224142553934,0.05124570911146353,50
E1_a1_N16,A,legs,30.0,pre,0.37098843576443774,0.04683086860092616,50
E1_a1_N16,A,legs,100.0,all,0.38144281101165367,0.0376572862716014,50
E1_a1_N16,A,legs,100.0,end,0.39583251879558895,0.09677576776685248,50
E1_a1_N16,A,legs,100.0,post,0.3993224142553934,0.05124570911146353,50
E1_a1_N16,A,legs,100.0,pre,0.37098843576443774,0.04683086860092616,50
E1_a1_N16,A,legs,300.0,all,0.38144281101165367,0.0376572862716014,50
E1_a1_N16,A,legs,300.0,end,0.39583251879558895,0.09677576776685248,50
E1_a1_N16,A,legs,300.0,post,0.3993224142553934,0.05124570911146353,50
E1_a1_N16,A,legs,300.0,pre,0.37098843576443774,0.04683086860092616,50
E1_a1_N16,A,legs,1000.0,all,0.38144281101165367,0.0376572862716014,50
E1_a1_N16,A,legs,1000.0,end,0.39583251879558895,0.09677576776685248,50
E1_a1_N16,A,legs,1000.0,post,0.3993224142553934,0.05124570911146353,50
E1_a1_N16,A,legs,1000.0,pre,0.37098843576443774,0.04683086860092616,50
E1_a1_N16,A,point,0.0,all,1.9091053396426756,0.1698848122372451,50
E1_a1_N16,A,point,0.0,end,0.9563238211066095,0.22697352526060913,50
E1_a1_N16,A,point,0.0,post,1.9997815011300588,0.23984198051590425,50
E1_a1_N16,A,point,0.0,pre,1.857786339312008,0.21516167302255154,50
E1_a1_N16,A,point,0.01,all,1.896507863971624,0.16855461250317247,50
E1_a1_N16,A,point,0.01,end,0.9500716386242817,0.22521886008609948,50
E1_a1_N16,A,point,0.01,post,1.9866052968048342,0.2380722752900111,50
E1_a1_N16,A,point,0.01,pre,1.8455116696729061,0.21362541739972382,50
E1_a1_N16,A,point,0.03,all,1.872007102775359,0.16600492274568407,50
E1_a1_N16,A,point,0.03,end,0.937940234081206,0.2218333573954339,50
E1_a1_N16,A,point,0.03,post,1.9609791695669363,0.23466239845253734,50
E1_a1_N16,A,point,0.03,pre,1.8216384989615408,0.21066367645294895,50
E1_a1_N16,A,point,0.1,all,1.7928920333574376,0.15808431328300998,50
E1_a1_N16,A,point,0.1,end,0.8990435228537685,0.21114005295560348,50
E1_a1_N16,A,point,0.1,post,1.8782315857940994,0.2239172346360726,50
E1_a1_N16,A,point,0.1,pre,1.7445481516854977,0.20131686884773525,50
E1_a1_N16,A,point,0.3,all,1.611358397810124,0.14133336113719178,50
E1_a1_N16,A,point,0.3,end,0.8117420163400212,0.1879087719814352,50
E1_a1_N16,A,point,0.3,post,1.6883648036166194,0.2004495011775519,50
E1_a1_N16,A,point,0.3,pre,1.5676540485229387,0.18084454917141174,50
E1_a1_N16,A,point,1.0,all,1.2508879350114785,0.1100460909647134,50
E1_a1_N16,A,point,1.0,end,0.6516412357902184,0.14682410661897513,50
E1_a1_N16,A,point,1.0,post,1.311285713935379,0.15527868680006218,50
E1_a1_N16,A,point,1.0,pre,1.216418167692004,0.1414896214847146,50
E1_a1_N16,A,point,3.0,all,0.9093873945376901,0.07574439910142998,50
E1_a1_N16,A,point,3.0,end,0.5377000843419278,0.1160333699694149,50
E1_a1_N16,A,point,3.0,post,0.9537404611764778,0.1075758389026974,50
E1_a1_N16,A,point,3.0,pre,0.883856797256985,0.10126860153283936,50
E1_a1_N16,A,point,10.0,all,0.7168962763462109,0.054894125536826335,50
E1_a1_N16,A,point,10.0,end,0.5282326438065086,0.11103417391821153,50
E1_a1_N16,A,point,10.0,post,0.7516849123454636,0.07799476258001463,50
E1_a1_N16,A,point,10.0,pre,0.6967546817009886,0.07871199406868126,50
E1_a1_N16,A,point,30.0,all,0.6816453379861384,0.052867932190021255,50
E1_a1_N16,A,point,30.0,end,0.571324388844543,0.12032777299754675,50
E1_a1_N16,A,point,30.0,post,0.7140232826100034,0.07320585572843283,50
E1_a1_N16,A,point,30.0,pre,0.6629308352768265,0.07717236816174596,50
E1_a1_N16,A,point,100.0,all,0.698427888158801,0.05401305265655164,50
E1_a1_N16,A,point,100.0,end,0.618067655668472,0.1298993834379205,50
E1_a1_N16,A,point,100.0,post,0.7305076605292021,0.07402662307800792,50
E1_a1_N16,A,point,100.0,pre,0.6799406339296429,0.08109628417078045,50
E1_a1_N16,A,point,300.0,all,0.7156806404106861,0.05408074705188029,50
E1_a1_N16,A,point,300.0,end,0.6423299930325386,0.13526548065642882,50
E1_a1_N16,A,point,300.0,post,0.7478901091137213,0.07576407041689312,50
E1_a1_N16,A,point,300.0,pre,0.6971177961401307,0.08306184485134774,50
E1_a1_N16,A,point,1000.0,all,0.7249359896503083,0.054606628861155124,50
E1_a1_N16,A,point,1000.0,end,0.6532861377065218,0.13805481225926372,50
E1_a1_N16,A,point,1000.0,post,0.7572628796882571,0.07776986478139873,50
E1_a1_N16,A,point,1000.0,pre,0.7062918746049551,0.08411059863852961,50
E1_a1_N4,A,cur,0.0,all,0.4187382008458579,0.07615397206398992,50
E1_a1_N4,A,cur,0.0,end,0.4885889591648288,0.12307719564375376,50
E1_a1_N4,A,cur,0.0,post,0.46105198670013736,0.09538626202063828,50
E1_a1_N4,A,cur,0.0,pre,0.40037743554265587,0.09427858177919134,50
E1_a1_N4,A,cur,0.01,all,0.4159834667893614,0.0756324537030525,50
E1_a1_N4,A,cur,0.01,end,0.48539386017093455,0.12214545529063713,50
E1_a1_N4,A,cur,0.01,post,0.4580974818847314,0.0948051128766827,50
E1_a1_N4,A,cur,0.01,pre,0.39768407209957035,0.09368360040730533,50
E1_a1_N4,A,cur,0.03,all,0.4107453286990991,0.07462317826408561,50
E1_a1_N4,A,cur,0.03,end,0.47926737303788075,0.12036900521962116,50
E1_a1_N4,A,cur,0.03,post,0.45243380031844,0.09369471532074045,50
E1_a1_N4,A,cur,0.03,pre,0.3925976882600344,0.09252156314720414,50
E1_a1_N4,A,cur,0.1,all,0.39499304184147477,0.07140136263634286,50
E1_a1_N4,A,cur,0.1,end,0.46033791922055234,0.11496184725197936,50
E1_a1_N4,A,cur,0.1,post,0.43495014447399,0.09028992556094113,50
E1_a1_N4,A,cur,0.1,pre,0.3776508445506581,0.08871183670232594,50
E1_a1_N4,A,cur,0.3,all,0.3668496171220951,0.06418085318074117,50
E1_a1_N4,A,cur,0.3,end,0.4228517363264262,0.10457512609585735,50
E1_a1_N4,A,cur,0.3,post,0.40046271769979597,0.08355746271599274,50
E1_a1_N4,A,cur,0.3,pre,0.35345950094583034,0.07955882930783353,50
E1_a1_N4,A,cur,1.0,all,0.35625669713608715,0.05238481829203083,50
E1_a1_N4,A,cur,1.0,end,0.38455198331818224,0.0942946618886585,50
E1_a1_N4,A,cur,1.0,post,0.36649211472574933,0.07566501202353484,50
E1_a1_N4,A,cur,1.0,pre,0.3596608549147321,0.06220837070662892,50
E1_a1_N4,A,cur,3.0,all,0.42227211897789585,0.05233735670927625,50
E1_a1_N4,A,cur,3.0,end,0.41885736737688967,0.10639969046859642,50
E1_a1_N4,A,cur,3.0,post,0.40292008622873,0.08171118360440802,50
E1_a1_N4,A,cur,3.0,pre,0.44698978568087505,0.05637868260482129,50
E1_a1_N4,A,cur,10.0,all,0.5257965289596195,0.06461880574486667,50
E1_a1_N4,A,cur,10.0,end,0.5081888697782556,0.13458304170143784,50
E1_a1_N4,A,cur,10.0,post,0.4927136008747722,0.10326355473279453,50
E1_a1_N4,A,cur,10.0,pre,0.56199047385984,0.06411676357021477,50
E1_a1_N4,A,cur,30.0,all,0.6014732801008253,0.0747826523499174,50
E1_a1_N4,A,cur,30.0,end,0.585709498084695,0.15524880742785913,50
E1_a1_N4,A,cur,30.0,post,0.5710778530268541,0.12226143865111774,50
E1_a1_N4,A,cur,30.0,pre,0.6377160002277712,0.07152229382455723,50
E1_a1_N4,A,cur,100.0,all,0.6555980759392827,0.08093782979404697,50
E1_a1_N4,A,cur,100.0,end,0.6448779828944922,0.1709152061396124,50
E1_a1_N4,A,cur,100.0,post,0.6317420078813059,0.1370215003468368,50
E1_a1_N4,A,cur,100.0,pre,0.6880156062078017,0.07593856205795634,50
E1_a1_N4,A,cur,300.0,all,0.6805170183232194,0.08438515098392943,50
E1_a1_N4,A,cur,300.0,end,0.67237195949925,0.18009392426953946,50
E1_a1_N4,A,cur,300.0,post,0.660112415304669,0.1447897315919303,50
E1_a1_N4,A,cur,300.0,pre,0.7104874741278857,0.07851344731327306,50
E1_a1_N4,A,cur,1000.0,all,0.6914169333514942,0.08641035806751991,50
E1_a1_N4,A,cur,1000.0,end,0.6843374964694009,0.1849201151510354,50
E1_a1_N4,A,cur,1000.0,post,0.6724979446078925,0.1486156271250294,50
E1_a1_N4,A,cur,1000.0,pre,0.7202545004212929,0.08008015805772098,50
E1_a1_N4,A,hist,0.0,all,0.41873820084585794,0.07615397206398994,50
E1_a1_N4,A,hist,0.0,end,0.48858895916482886,0.1230771956437538,50
E1_a1_N4,A,hist,0.0,post,0.4610519867001374,0.09538626202063834,50
E1_a1_N4,A,hist,0.0,pre,0.40037743554265603,0.09427858177919131,50
E1_a1_N4,A,hist,0.01,all,0.41600284468358184,0.07562227471488417,50
E1_a1_N4,A,hist,0.01,end,0.4854203447501045,0.12217554182527435,50
E1_a1_N4,A,hist,0.01,post,0.45810203945311145,0.09480533998070727,50
E1_a1_N4,A,hist,0.01,pre,0.3977171321323196,0.09365194276917924,50
E1_a1_N4,A,hist,0.03,all,0.41075500851882085,0.0746056099502069,50
E1_a1_N4,A,hist,0.03,end,0.47934262014048806,0.12045608514539856,50
E1_a1_N4,A,hist,0.03,post,0.4524430758222912,0.09369572558740333,50
E1_a1_N4,A,hist,0.03,pre,0.39261223945117346,0.09245486504101105,50
E1_a1_N4,A,hist,0.1,all,0.39451649968218516,0.07148244490823939,50
E1_a1_N4,A,hist,0.1,end,0.4605445766118319,0.11521832051334187,50
E1_a1_N4,A,hist,0.1,post,0.434935560195703,0.09029687055956574,50
E1_a1_N4,A,hist,0.1,pre,0.3768084138544403,0.08879366315924452,50
E1_a1_N4,A,hist,0.3,all,0.3622659253367547,0.06529893344345736,50
E1_a1_N4,A,hist,0.3,end,0.4231905460922093,0.10512410901562053,50
E1_a1_N4,A,hist,0.3,post,0.40014551337766036,0.08360286579816192,50
E1_a1_N4,A,hist,0.3,pre,0.34541406703502525,0.08172244212274937,50
E1_a1_N4,A,hist,1.0,all,0.3298408844338829,0.058450412461131945,50
E1_a1_N4,A,hist,1.0,end,0.3843169934127153,0.09502257068957566,50
E1_a1_N4,A,hist,1.0,post,0.3645143792611406,0.07594697579788744,50
E1_a1_N4,A,hist,1.0,pre,0.3144499191589397,0.07507363749283419,50
E1_a1_N4,A,hist,3.0,all,0.3647741701716315,0.06461516194586824,50
E1_a1_N4,A,hist,3.0,end,0.41747154262174313,0.10687652861002819,50
E1_a1_N4,A,hist,3.0,post,0.39922444388035866,0.08251470622699332,50
E1_a1_N4,A,hist,3.0,pre,0.35130093890476866,0.0833382965168059,50
E1_a1_N4,A,hist,10.0,all,0.4552324650877151,0.08207529517087965,50
E1_a1_N4,A,hist,10.0,end,0.5086483151910418,0.13487842276640344,50
E1_a1_N4,A,hist,10.0,post,0.49242416877772704,0.10464169017612664,50
E1_a1_N4,A,hist,10.0,pre,0.4429601160935243,0.10227683701880595,50
E1_a1_N4,A,hist,30.0,all,0.5451638285352154,0.09353175793902056,50
E1_a1_N4,A,hist,30.0,end,0.5971108961458799,0.1570305465761744,50
E1_a1_N4,A,hist,30.0,post,0.585763810838939,0.12187909087153538,50
E1_a1_N4,A,hist,30.0,pre,0.532485550182041,0.1151173261377593,50
E1_a1_N4,A,hist,100.0,all,0.6409494074242856,0.09934052936833179,50
E1_a1_N4,A,hist,100.0,end,0.6867327301662037,0.17734797971704971,50
E1_a1_N4,A,hist,100.0,post,0.6842116727722137,0.12960924652601574,50
E1_a1_N4,A,hist,100.0,pre,0.6269989121537809,0.12745661668464547,50
E1_a1_N4,A,hist,300.0,all,0.7059520458866037,0.10354012097399341,50
E1_a1_N4,A,hist,300.0,end,0.745081582778054,0.19307189005137934,50
E1_a1_N4,A,hist,300.0,post,0.7500315716204251,0.13272149137690847,50
E1_a1_N4,A,hist,300.0,pre,0.6910599256844359,0.13952606829396044,50
E1_a1_N4,A,hist,1000.0,all,0.7416305042833425,0.1065481700349086,50
E1_a1_N4,A,hist,1000.0,end,0.7752781140502835,0.20039685504038507,50
E1_a1_N4,A,hist,1000.0,post,0.7857019636044701,0.13499310463467037,50
E1_a1_N4,A,hist,1000.0,pre,0.7263387584333297,0.1476386892979232,50
E1_a1_N4,A,in,0.0,all,0.4187382008458281,0.0761539720639824,50
E1_a1_N4,A,in,0.0,end,0.48858895916481887,0.12307719564375326,50
E1_a1_N4,A,in,0.0,post,0.461051986700128,0.09538626202063628,50
E1_a1_N4,A,in,0.0,pre,0.4003774355426074,0.09427858177917767,50
E1_a1_N4,A,in,0.01,all,0.41600127036775203,0.07561935745951442,50
E1_a1_N4,A,in,0.01,end,0.48542487217879626,0.12217766781414537,50
E1_a1_N4,A,in,0.01,post,0.4581015546593746,0.09480034671977897,50
E1_a1_N4,A,in,0.01,pre,0.39771415580087255,0.09364698245434065,50
E1_a1_N4,A,in,0.03,all,0.4107512536435845,0.07459721670303056,50
E1_a1_N4,A,in,0.03,end,0.47935661859263834,0.12046279559792068,50
E1_a1_N4,A,in,0.03,post,0.452442706119034,0.09368151640823329,50
E1_a1_N4,A,in,0.03,pre,0.392604283447806,0.09244045266107664,50
E1_a1_N4,A,in,0.1,all,0.39451363327049466,0.07145797052578966,50
E1_a1_N4,A,in,0.1,end,0.4605950914598106,0.11524372436842974,50
E1_a1_N4,A,in,0.1,post,0.4349451184378664,0.09025721354935189,50
E1_a1_N4,A,in,0.1,pre,0.37679161616510926,0.08875036391254464,50
E1_a1_N4,A,in,0.3,all,0.36230901510257063,0.06524412369064275,50
E1_a1_N4,A,in,0.3,end,0.4233568157882511,0.10521013045693312,50
E1_a1_N4,A,in,0.3,post,0.40023135918656005,0.08352644462649007,50
E1_a1_N4,A,in,0.3,pre,0.34541652685691787,0.08162081617011027,50
E1_a1_N4,A,in,1.0,all,0.3300671743664386,0.05834325671679711,50
E1_a1_N4,A,in,1.0,end,0.3847662107106693,0.09522386759414975,50
E1_a1_N4,A,in,1.0,post,0.364876370794976,0.07582749583185665,50
E1_a1_N4,A,in,1.0,pre,0.31456481686463056,0.07489685387265232,50
E1_a1_N4,A,in,3.0,all,0.3645316111229058,0.06448520909152175,50
E1_a1_N4,A,in,3.0,end,0.4176532106624342,0.10713049291088036,50
E1_a1_N4,A,in,3.0,post,0.3992001541401795,0.08210653007075808,50
E1_a1_N4,A,in,3.0,pre,0.3508510584549439,0.08332994477783907,50
E1_a1_N4,A,in,10.0,all,0.4504659781559122,0.08222688261678011,50
E1_a1_N4,A,in,10.0,end,0.5055140539316763,0.13503042236042084,50
E1_a1_N4,A,in,10.0,post,0.48791098476458244,0.10369016235600806,50
E1_a1_N4,A,in,10.0,pre,0.43776690337994656,0.10297506555533843,50
E1_a1_N4,A,in,30.0,all,0.5250641817669564,0.09466605504222957,50
E1_a1_N4,A,in,30.0,end,0.5821034319371915,0.15577216128303806,50
E1_a1_N4,A,in,30.0,post,0.5660755480087599,0.12272151630733331,50
E1_a1_N4,A,in,30.0,pre,0.5115286270225842,0.11545806118182743,50
E1_a1_N4,A,in,100.0,all,0.5832452620847692,0.10132251119930001,50
E1_a1_N4,A,in,100.0,end,0.6406817620724236,0.17143467246134836,50
E1_a1_N4,A,in,100.0,post,0.626753590285343,0.13746640966630788,50
E1_a1_N4,A,in,100.0,pre,0.568356465823981,0.12148288240630661,50
E1_a1_N4,A,in,300.0,all,0.6109246018965047,0.10487464290760923,50
E1_a1_N4,A,in,300.0,end,0.667932454496758,0.18049678578619346,50
E1_a1_N4,A,in,300.0,post,0.6551682428445672,0.14522517020184922,50
E1_a1_N4,A,in,300.0,pre,0.5953871977705634,0.12450016762334402,50
E1_a1_N4,A,in,1000.0,all,0.6231394922564946,0.10696777920926338,50
E1_a1_N4,A,in,1000.0,end,0.6797960745179806,0.18523659553209482,50
E1_a1_N4,A,in,1000.0,post,0.667580609713893,0.14905059997841466,50
E1_a1_N4,A,in,1000.0,pre,0.6073464887296194,0.12627054866951132,50
E1_a1_N4,A,legs,0.0,all,0.4187382008458579,0.0761539720639899,50
E1_a1_N4,A,legs,0.0,end,0.4885889591648288,0.1230771956437537,50
E1_a1_N4,A,legs,0.0,post,0.46105198670013736,0.09538626202063828,50
E1_a1_N4,A,legs,0.0,pre,0.400377435542656,0.09427858177919128,50
E1_a1_N4,A,legs,0.01,all,0.4187382008458579,0.0761539720639899,50
E1_a1_N4,A,legs,0.01,end,0.4885889591648288,0.1230771956437537,50
E1_a1_N4,A,legs,0.01,post,0.46105198670013736,0.09538626202063828,50
E1_a1_N4,A,legs,0.01,pre,0.400377435542656,0.09427858177919128,50
E1_a1_N4,A,legs,0.03,all,0.4187382008458579,0.0761539720639899,50
E1_a1_N4,A,legs,0.03,end,0.4885889591648288,0.1230771956437537,50
E1_a1_N4,A,legs,0.03,post,0.46105198670013736,0.09538626202063828,50
E1_a1_N4,A,legs,0.03,pre,0.400377435542656,0.09427858177919128,50
E1_a1_N4,A,legs,0.1,all,0.4187382008458579,0.0761539720639899,50
E1_a1_N4,A,legs,0.1,end,0.4885889591648288,0.1230771956437537,50
E1_a1_N4,A,legs,0.1,post,0.46105198670013736,0.09538626202063828,50
E1_a1_N4,A,legs,0.1,pre,0.400377435542656,0.09427858177919128,50
E1_a1_N4,A,legs,0.3,all,0.4187382008458579,0.0761539720639899,50
E1_a1_N4,A,legs,0.3,end,0.4885889591648288,0.1230771956437537,50
E1_a1_N4,A,legs,0.3,post,0.46105198670013736,0.09538626202063828,50
E1_a1_N4,A,legs,0.3,pre,0.400377435542656,0.09427858177919128,50
E1_a1_N4,A,legs,1.0,all,0.4187382008458579,0.0761539720639899,50
E1_a1_N4,A,legs,1.0,end,0.4885889591648288,0.1230771956437537,50
E1_a1_N4,A,legs,1.0,post,0.46105198670013736,0.09538626202063828,50
E1_a1_N4,A,legs,1.0,pre,0.400377435542656,0.09427858177919128,50
E1_a1_N4,A,legs,3.0,all,0.4187382008458579,0.0761539720639899,50
E1_a1_N4,A,legs,3.0,end,0.4885889591648288,0.1230771956437537,50
E1_a1_N4,A,legs,3.0,post,0.46105198670013736,0.09538626202063828,50
E1_a1_N4,A,legs,3.0,pre,0.400377435542656,0.09427858177919128,50
E1_a1_N4,A,legs,10.0,all,0.4187382008458579,0.0761539720639899,50
E1_a1_N4,A,legs,10.0,end,0.4885889591648288,0.1230771956437537,50
E1_a1_N4,A,legs,10.0,post,0.46105198670013736,0.09538626202063828,50
E1_a1_N4,A,legs,10.0,pre,0.400377435542656,0.09427858177919128,50
E1_a1_N4,A,legs,30.0,all,0.4187382008458579,0.0761539720639899,50
E1_a1_N4,A,legs,30.0,end,0.4885889591648288,0.1230771956437537,50
E1_a1_N4,A,legs,30.0,post,0.46105198670013736,0.09538626202063828,50
E1_a1_N4,A,legs,30.0,pre,0.400377435542656,0.09427858177919128,50
E1_a1_N4,A,legs,100.0,all,0.4187382008458579,0.0761539720639899,50
E1_a1_N4,A,legs,100.0,end,0.4885889591648288,0.1230771956437537,50
E1_a1_N4,A,legs,100.0,post,0.46105198670013736,0.09538626202063828,50
E1_a1_N4,A,legs,100.0,pre,0.400377435542656,0.09427858177919128,50
E1_a1_N4,A,legs,300.0,all,0.4187382008458579,0.0761539720639899,50
E1_a1_N4,A,legs,300.0,end,0.4885889591648288,0.1230771956437537,50
E1_a1_N4,A,legs,300.0,post,0.46105198670013736,0.09538626202063828,50
E1_a1_N4,A,legs,300.0,pre,0.400377435542656,0.09427858177919128,50
E1_a1_N4,A,legs,1000.0,all,0.4187382008458579,0.0761539720639899,50
E1_a1_N4,A,legs,1000.0,end,0.4885889591648288,0.1230771956437537,50
E1_a1_N4,A,legs,1000.0,post,0.46105198670013736,0.09538626202063828,50
E1_a1_N4,A,legs,1000.0,pre,0.400377435542656,0.09427858177919128,50
E1_a1_N4,A,point,0.0,all,4.17335739022755,0.7576625870151383,50
E1_a1_N4,A,point,0.0,end,2.6098825188521952,0.6755986513010018,50
E1_a1_N4,A,point,0.0,post,4.609360361570827,0.9602169071226856,50
E1_a1_N4,A,point,0.0,pre,3.992398972297549,0.8992096451390454,50
E1_a1_N4,A,point,0.01,all,4.145779950113504,0.7521895158328571,50
E1_a1_N4,A,point,0.01,end,2.592784540230812,0.6710664937202989,50
E1_a1_N4,A,point,0.01,post,4.578962354036297,0.9534262537341466,50
E1_a1_N4,A,point,0.01,pre,3.96598515607975,0.8929899667881882,50
E1_a1_N4,A,point,0.03,all,4.092120933658269,0.741592725318085,50
E1_a1_N4,A,point,0.03,end,2.559523851389098,0.6622809443441788,50
E1_a1_N4,A,point,0.03,post,4.5198158627119325,0.9402715823294476,50
E1_a1_N4,A,point,0.03,pre,3.9145891506929367,0.8809212402966476,50
E1_a1_N4,A,point,0.1,all,3.9186163404517145,0.7077683632682199,50
E1_a1_N4,A,point,0.1,end,2.452054770934984,0.6341570796093092,50
E1_a1_N4,A,point,0.1,post,4.328572259164936,0.8982241071866958,50
E1_a1_N4,A,point,0.1,pre,3.7483929431419254,0.8421743775306393,50
E1_a1_N4,A,point,0.3,all,3.5187908456289114,0.6318713937989086,50
E1_a1_N4,A,point,0.3,end,2.204986698681185,0.5708084116200752,50
E1_a1_N4,A,point,0.3,post,3.8878727700742735,0.803588592651199,50
E1_a1_N4,A,point,0.3,pre,3.3653740386313036,0.7541444107279363,50
E1_a1_N4,A,point,1.0,all,2.712345184104945,0.48228007267393663,50
E1_a1_N4,A,point,1.0,end,1.71112650361976,0.4476649359614327,50
E1_a1_N4,A,point,1.0,post,2.998728682516442,0.6165098537338637,50
E1_a1_N4,A,point,1.0,pre,2.592884085585816,0.5783214354489936,50
E1_a1_N4,A,point,3.0,all,1.9055100882484015,0.3262983988871635,50
E1_a1_N4,A,point,3.0,end,1.2326553585951332,0.3294432517019538,50
E1_a1_N4,A,point,3.0,post,2.107755230062838,0.42228160201869425,50
E1_a1_N4,A,point,3.0,pre,1.8208550720137067,0.3968885496089962,50
E1_a1_N4,A,point,10.0,all,1.359645759061141,0.2175911053887072,50
E1_a1_N4,A,point,10.0,end,0.9419407738374892,0.25642960716268565,50
E1_a1_N4,A,point,10.0,post,1.5021849794638729,0.28614062835777765,50
E1_a1_N4,A,point,10.0,pre,1.300348741703705,0.27100319779085563,50
E1_a1_N4,A,point,30.0,all,1.1661475324297548,0.1853186610519195,50
E1_a1_N4,A,point,30.0,end,0.8692243403405322,0.2325516981520229,50
E1_a1_N4,A,point,30.0,post,1.285898209204664,0.241899705427568,50
E1_a1_N4,A,point,30.0,pre,1.1167749057486491,0.2317079912323719,50
E1_a1_N4,A,point,100.0,all,1.1197870317636063,0.1808500874425099,50
E1_a1_N4,A,point,100.0,end,0.8731922940121706,0.22756743071357896,50
E1_a1_N4,A,point,100.0,post,1.2328201212827459,0.2331944880620209,50
E1_a1_N4,A,point,100.0,pre,1.0733742666103983,0.22524169135286884,50
E1_a1_N4,A,point,300.0,all,1.1210639967076663,0.1813566998864225,50
E1_a1_N4,A,point,300.0,end,0.8864541829237134,0.228980253900274,50
E1_a1_N4,A,point,300.0,post,1.23301498167329,0.2338295241484354,50
E1_a1_N4,A,point,300.0,pre,1.0751884127640992,0.22507068779046513,50
E1_a1_N4,A,point,1000.0,all,1.125785417336657,0.18136446438207424,50
E1_a1_N4,A,point,1000.0,end,0.8940254362845141,0.23036453968084597,50
E1_a1_N4,A,point,1000.0,post,1.2375613407314918,0.2344921615987118,50
E1_a1_N4,A,point,1000.0,pre,1.0800366426287564,0.2247870726605583,50
E1_a1_N8,A,cur,0.0,all,0.38632905221292096,0.04813827985130885,50
E1_a1_N8,A,cur,0.0,end,0.4476155257249055,0.13217338974745388,50
E1_a1_N8,A,cur,0.0,post,0.4162934945603612,0.06516824337557316,50
E1_a1_N8,A,cur,0.0,pre,0.372464145426404,0.06802330420414227,50
E1_a1_N8,A,cur,0.01,all,0.38383246084810485,0.04782627960755395,50
E1_a1_N8,A,cur,0.01,end,0.4446504949792746,0.13125624688633716,50
E1_a1_N8,A,cur,0.01,post,0.41355451784873604,0.06474300070530152,50
E1_a1_N8,A,cur,0.01,pre,0.3701044457966056,0.06761626967418269,50
E1_a1_N8,A,cur,0.03,all,0.3790995928756686,0.047221791435119696,50
E1_a1_N8,A,cur,0.03,end,0.438968114460173,0.12950300415221655,50
E1_a1_N8,A,cur,0.03,post,0.4083018429601685,0.0639310935341309,50
E1_a1_N8,A,cur,0.03,pre,0.3656808169798856,0.06681907156781802,50
E1_a1_N8,A,cur,0.1,all,0.36500873775796855,0.04527890503116326,50
E1_a1_N8,A,cur,0.1,end,0.4214427837327254,0.12412476269966928,50
E1_a1_N8,A,cur,0.1,post,0.3920690119101763,0.06144355853109732,50
E1_a1_N8,A,cur,0.1,pre,0.3529988862343728,0.06418176044979852,50
E1_a1_N8,A,cur,0.3,all,0.3408441821598099,0.040779470071340106,50
E1_a1_N8,A,cur,0.3,end,0.38701204628635727,0.11354633167348295,50
E1_a1_N8,A,cur,0.3,post,0.35997518637807735,0.056494877821771886,50
E1_a1_N8,A,cur,0.3,pre,0.33466030636498867,0.0576965096658884,50
E1_a1_N8,A,cur,1.0,all,0.33811835745399565,0.03315199909576596,50
E1_a1_N8,A,cur,1.0,end,0.35423796358402204,0.101384340288903,50
E1_a1_N8,A,cur,1.0,post,0.328531697048778,0.05062202960233537,50
E1_a1_N8,A,cur,1.0,pre,0.3530465293961971,0.0452750305073795,50
E1_a1_N8,A,cur,3.0,all,0.4085433702733329,0.03448123198007149,50
E1_a1_N8,A,cur,3.0,end,0.3938528610435356,0.1055885453572591,50
E1_a1_N8,A,cur,3.0,post,0.3643212334347423,0.05639710002402071,50
E1_a1_N8,A,cur,3.0,pre,0.44720120287203113,0.04105216247074007,50
E1_a1_N8,A,cur,10.0,all,0.510823620569811,0.045333245984308615,50
E1_a1_N8,A,cur,10.0,end,0.4879853825811829,0.12130881774581698,50
E1_a1_N8,A,cur,10.0,post,0.4512687280809648,0.07396109686067436,50
E1_a1_N8,A,cur,10.0,pre,0.5613994211917029,0.0475270729180367,50
E1_a1_N8,A,cur,30.0,all,0.5830273492539986,0.05512505451657682,50
E1_a1_N8,A,cur,30.0,end,0.5677907699240397,0.13551376455934586,50
E1_a1_N8,A,cur,30.0,post,0.5260744050951807,0.08887673243270039,50
E1_a1_N8,A,cur,30.0,pre,0.6340865204321203,0.05599405340993614,50
E1_a1_N8,A,cur,100.0,all,0.6342023623236163,0.06172766427538355,50
E1_a1_N8,A,cur,100.0,end,0.6281516840456169,0.14768234465203195,50
E1_a1_N8,A,cur,100.0,post,0.5843845456489821,0.10199978776871234,50
E1_a1_N8,A,cur,100.0,pre,0.6821035381957473,0.06275217521140111,50
E1_a1_N8,A,cur,300.0,all,0.6583654580838172,0.06653368272501962,50
E1_a1_N8,A,cur,300.0,end,0.6569618250492691,0.15446410508455385,50
E1_a1_N8,A,cur,300.0,post,0.6124930514701371,0.1109811316192419,50
E1_a1_N8,A,cur,300.0,pre,0.7042194419255352,0.06806994696018623,50
E1_a1_N8,A,cur,1000.0,all,0.6691969327997027,0.06990841887006617,50
E1_a1_N8,A,cur,1000.0,end,0.6698510991093041,0.15812605759090093,50
E1_a1_N8,A,cur,1000.0,post,0.6250399332151614,0.1160886695438174,50
E1_a1_N8,A,cur,1000.0,pre,0.7141217544023604,0.07189479537385711,50
E1_a1_N8,A,hist,0.0,all,0.38632905221292113,0.0481382798513089,50
E1_a1_N8,A,hist,0.0,end,0.44761552572490565,0.1321733897474541,50
E1_a1_N8,A,hist,0.0,post,0.4162934945603613,0.06516824337557324,50
E1_a1_N8,A,hist,0.0,pre,0.3724641454264041,0.06802330420414224,50
E1_a1_N8,A,hist,0.01,all,0.38380489539385065,0.047816532817090175,50
E1_a1_N8,A,hist,0.01,end,0.44465255259623426,0.13126431104599248,50
E1_a1_N8,A,hist,0.01,post,0.4135542431713665,0.06474458861190356,50
E1_a1_N8,A,hist,0.01,pre,0.37004948659218956,0.06759707093141026,50
E1_a1_N8,A,hist,0.03,all,0.3789645391875193,0.04720597481598475,50
E1_a1_N8,A,hist,0.03,end,0.43897335306407853,0.12952651587812408,50
E1_a1_N8,A,hist,0.03,post,0.40829943769780713,0.06393573258434748,50
E1_a1_N8,A,hist,0.03,pre,0.3654208388157915,0.06678502020881975,50
E1_a1_N8,A,hist,0.1,all,0.3640097144579419,0.04537072607735535,50
E1_a1_N8,A,hist,0.1,end,0.4214504981091197,0.12419568987572081,50
E1_a1_N8,A,hist,0.1,post,0.39204485183291005,0.061457834461137284,50
E1_a1_N8,A,hist,0.1,pre,0.35113727264679645,0.0643200555061245,50
E1_a1_N8,A,hist,0.3,all,0.3344762876097293,0.04194738579977055,50
E1_a1_N8,A,hist,0.3,end,0.3869756225669379,0.11370595961244039,50
E1_a1_N8,A,hist,0.3,post,0.3598099810874932,0.05653181806639211,50
E1_a1_N8,A,hist,0.3,pre,0.32305299317834474,0.05965248154714131,50
E1_a1_N8,A,hist,1.0,all,0.3059087985146753,0.03897383113676554,50
E1_a1_N8,A,hist,1.0,end,0.35390752106401197,0.10156587411414708,50
E1_a1_N8,A,hist,1.0,post,0.3277497131596387,0.05071021362332107,50
E1_a1_N8,A,hist,1.0,pre,0.29668597180340905,0.05565138015503779,50
E1_a1_N8,A,hist,3.0,all,0.3406421866189631,0.04468834603288243,50
E1_a1_N8,A,hist,3.0,end,0.39323290028245794,0.1055739408378868,50
E1_a1_N8,A,hist,3.0,post,0.36318691391808655,0.05645448324670064,50
E1_a1_N8,A,hist,3.0,pre,0.3317839933271069,0.06224535432729859,50
E1_a1_N8,A,hist,10.0,all,0.425014510875366,0.05825087662909343,50
E1_a1_N8,A,hist,10.0,end,0.4880022312975321,0.12103601956343543,50
E1_a1_N8,A,hist,10.0,post,0.4521890329283968,0.0735769213677618,50
E1_a1_N8,A,hist,10.0,pre,0.41448555168844414,0.07743870767572898,50
E1_a1_N8,A,hist,30.0,all,0.5014258727437759,0.06709766388124005,50
E1_a1_N8,A,hist,30.0,end,0.5699582436023871,0.1353871194311749,50
E1_a1_N8,A,hist,30.0,post,0.5331020426643964,0.08795869327872712,50
E1_a1_N8,A,hist,30.0,pre,0.4891480838281301,0.08785113690814733,50
E1_a1_N8,A,hist,100.0,all,0.5689151152880539,0.07222011439426661,50
E1_a1_N8,A,hist,100.0,end,0.635322214893,0.148238410465327,50
E1_a1_N8,A,hist,100.0,post,0.6036582765787293,0.10205514428750642,50
E1_a1_N8,A,hist,100.0,pre,0.5557818723630278,0.09456775284629185,50
E1_a1_N8,A,hist,300.0,all,0.606880806097554,0.07734970248598427,50
E1_a1_N8,A,hist,300.0,end,0.6693368945400231,0.1550314742208492,50
E1_a1_N8,A,hist,300.0,post,0.6426189649132277,0.11214149536893919,50
E1_a1_N8,A,hist,300.0,pre,0.5937191373953093,0.10147816820604462,50
E1_a1_N8,A,hist,1000.0,all,0.6290450435102505,0.07993018581955708,50
E1_a1_N8,A,hist,1000.0,end,0.6885907325468024,0.1566134079270826,50
E1_a1_N8,A,hist,1000.0,post,0.6650115238558376,0.11553970196988798,50
E1_a1_N8,A,hist,1000.0,pre,0.615807971346545,0.10497535469494913,50
E1_a1_N8,A,in,0.0,all,0.3863290522128862,0.0481382798513065,50
E1_a1_N8,A,in,0.0,end,0.44761552572489277,0.13217338974744966,50
E1_a1_N8,A,in,0.0,post,0.41629349456035186,0.0651682433755715,50
E1_a1_N8,A,in,0.0,pre,0.3724641454263455,0.06802330420413094,50
E1_a1_N8,A,in,0.01,all,0.38380456793338025,0.047816281243733626,50
E1_a1_N8,A,in,0.01,end,0.44465319174679485,0.1312672791508153,50
E1_a1_N8,A,in,0.01,post,0.413553914811842,0.06474413578617125,50
E1_a1_N8,A,in,0.01,pre,0.37004906352895484,0.0675972548315284,50
E1_a1_N8,A,in,0.03,all,0.37896406158812357,0.047205403816331454,50
E1_a1_N8,A,in,0.03,end,0.438975585175162,0.12953554773757384,50
E1_a1_N8,A,in,0.03,post,0.4082989165113668,0.06393437950363896,50
E1_a1_N8,A,in,0.03,pre,0.36542012497140774,0.06678587454497668,50
E1_a1_N8,A,in,0.1,all,0.3640130090812439,0.045370623007042116,50
E1_a1_N8,A,in,0.1,end,0.4214611456224522,0.12422673885912666,50
E1_a1_N8,A,in,0.1,post,0.3920475647845062,0.06145323504504067,50
E1_a1_N8,A,in,0.1,pre,0.3511403124545302,0.06432594853927083,50
E1_a1_N8,A,in,0.3,all,0.3345096572852873,0.04195660882359526,50
E1_a1_N8,A,in,0.3,end,0.38702562898771187,0.1137978127085664,50
E1_a1_N8,A,in,0.3,post,0.3598387251576012,0.05651544274995457,50
E1_a1_N8,A,in,0.3,pre,0.32308900702986776,0.059687002511684975,50
E1_a1_N8,A,in,1.0,all,0.3060153654034779,0.03903572769880424,50
E1_a1_N8,A,in,1.0,end,0.35410243342546943,0.10176694014804326,50
E1_a1_N8,A,in,1.0,post,0.32782423123459375,0.05063669205814781,50
E1_a1_N8,A,in,1.0,pre,0.2968188522244601,0.05580813223602302,50
E1_a1_N8,A,in,3.0,all,0.3404068035166785,0.044864390493312076,50
E1_a1_N8,A,in,3.0,end,0.3934330513347027,0.10576616887200131,50
E1_a1_N8,A,in,3.0,post,0.36281372525907785,0.05632190387383842,50
E1_a1_N8,A,in,3.0,pre,0.3316533049091421,0.06256791114735408,50
E1_a1_N8,A,in,10.0,all,0.4227089779437424,0.05889242535913401,50
E1_a1_N8,A,in,10.0,end,0.4873974645611792,0.12118270573662189,50
E1_a1_N8,A,in,10.0,post,0.4494223699165996,0.07375505501262636,50
E1_a1_N8,A,in,10.0,pre,0.4124849713373435,0.07809205624938584,50
E1_a1_N8,A,in,30.0,all,0.4934441061633089,0.06869784226955108,50
E1_a1_N8,A,in,30.0,end,0.5671512605114206,0.13522216261749956,50
E1_a1_N8,A,in,30.0,post,0.5242474612874285,0.08859674084412804,50
E1_a1_N8,A,in,30.0,pre,0.4816184309896377,0.08921618132624946,50
E1_a1_N8,A,in,100.0,all,0.5490826976913573,0.0740023317906117,50
E1_a1_N8,A,in,100.0,end,0.6274865614037582,0.14732461205078726,50
E1_a1_N8,A,in,100.0,post,0.5825640081885173,0.10171331247659197,50
E1_a1_N8,A,in,100.0,pre,0.5363202528210036,0.09570290549606802,50
E1_a1_N8,A,in,300.0,all,0.5764179530187707,0.07896259239210639,50
E1_a1_N8,A,in,300.0,end,0.6562898841785612,0.15414181014467115,50
E1_a1_N8,A,in,300.0,post,0.6106352486524198,0.11070245352935193,50
E1_a1_N8,A,in,300.0,pre,0.5635610410581359,0.10173101639566404,50
E1_a1_N8,A,in,1000.0,all,0.5887825192125928,0.08288231037093204,50
E1_a1_N8,A,in,1000.0,end,0.6691762240183133,0.15785836919403123,50
E1_a1_N8,A,in,1000.0,post,0.6231525599392065,0.11580973753932262,50
E1_a1_N8,A,in,1000.0,pre,0.5759978639612918,0.106436583810686,50
E1_a1_N8,A,legs,0.0,all,0.38632905221292096,0.048138279851308835,50
E1_a1_N8,A,legs,0.0,end,0.4476155257249056,0.13217338974745393,50
E1_a1_N8,A,legs,0.0,post,0.4162934945603612,0.06516824337557314,50
E1_a1_N8,A,legs,0.0,pre,0.372464145426404,0.06802330420414225,50
E1_a1_N8,A,legs,0.01,all,0.38632905221292096,0.048138279851308835,50
E1_a1_N8,A,legs,0.01,end,0.4476155257249056,0.13217338974745393,50
E1_a1_N8,A,legs,0.01,post,0.4162934945603612,0.06516824337557314,50
E1_a1_N8,A,legs,0.01,pre,0.372464145426404,0.06802330420414225,50
E1_a1_N8,A,legs,0.03,all,0.38632905221292096,0.048138279851308835,50
E1_a1_N8,A,legs,0.03,end,0.4476155257249056,0.13217338974745393,50
E1_a1_N8,A,legs,0.03,post,0.4162934945603612,0.06516824337557314,50
E1_a1_N8,A,legs,0.03,pre,0.372464145426404,0.06802330420414225,50
E1_a1_N8,A,legs,0.1,all,0.38632905221292096,0.048138279851308835,50
E1_a1_N8,A,legs,0.1,end,0.4476155257249056,0.13217338974745393,50
E1_a1_N8,A,legs,0.1,post,0.4162934945603612,0.06516824337557314,50
E1_a1_N8,A,legs,0.1,pre,0.372464145426404,0.06802330420414225,50
E1_a1_N8,A,legs,0.3,all,0.38632905221292096,0.048138279851308835,50
E1_a1_N8,A,legs,0.3,end,0.4476155257249056,0.13217338974745393,50
E1_a1_N8,A,legs,0.3,post,0.4162934945603612,0.06516824337557314,50
E1_a1_N8,A,legs,0.3,pre,0.372464145426404,0.06802330420414225,50
E1_a1_N8,A,legs,1.0,all,0.38632905221292096,0.048138279851308835,50
E1_a1_N8,A,legs,1.0,end,0.4476155257249056,0.13217338974745393,50
E1_a1_N8,A,legs,1.0,post,0.4162934945603612,0.06516824337557314,50
E1_a1_N8,A,legs,1.0,pre,0.372464145426404,0.06802330420414225,50
E1_a1_N8,A,legs,3.0,all,0.38632905221292096,0.048138279851308835,50
E1_a1_N8,A,legs,3.0,end,0.4476155257249056,0.13217338974745393,50
E1_a1_N8,A,legs,3.0,post,0.4162934945603612,0.06516824337557314,50
E1_a1_N8,A,legs,3.0,pre,0.372464145426404,0.06802330420414225,50
E1_a1_N8,A,legs,10.0,all,0.38632905221292096,0.048138279851308835,50
E1_a1_N8,A,legs,10.0,end,0.4476155257249056,0.13217338974745393,50
E1_a1_N8,A,legs,10.0,post,0.4162934945603612,0.06516824337557314,50
E1_a1_N8,A,legs,10.0,pre,0.372464145426404,0.06802330420414225,50
E1_a1_N8,A,legs,30.0,all,0.38632905221292096,0.048138279851308835,50
E1_a1_N8,A,legs,30.0,end,0.4476155257249056,0.13217338974745393,50
E1_a1_N8,A,legs,30.0,post,0.4162934945603612,0.06516824337557314,50
E1_a1_N8,A,legs,30.0,pre,0.372464145426404,0.06802330420414225,50
E1_a1_N8,A,legs,100.0,all,0.38632905221292096,0.048138279851308835,50
E1_a1_N8,A,legs,100.0,end,0.4476155257249056,0.13217338974745393,50
E1_a1_N8,A,legs,100.0,post,0.4162934945603612,0.06516824337557314,50
E1_a1_N8,A,legs,100.0,pre,0.372464145426404,0.06802330420414225,50
E1_a1_N8,A,legs,300.0,all,0.38632905221292096,0.048138279851308835,50
E1_a1_N8,A,legs,300.0,end,0.4476155257249056,0.13217338974745393,50
E1_a1_N8,A,legs,300.0,post,0.4162934945603612,0.06516824337557314,50
E1_a1_N8,A,legs,300.0,pre,0.372464145426404,0.06802330420414225,50
E1_a1_N8,A,legs,1000.0,all,0.38632905221292096,0.048138279851308835,50
E1_a1_N8,A,legs,1000.0,end,0.4476155257249056,0.13217338974745393,50
E1_a1_N8,A,legs,1000.0,post,0.4162934945603612,0.06516824337557314,50
E1_a1_N8,A,legs,1000.0,pre,0.372464145426404,0.06802330420414225,50
E1_a1_N8,A,point,0.0,all,2.7306310835695022,0.3284713304081567,50
E1_a1_N8,A,point,0.0,end,1.476922546235908,0.4124677180903509,50
E1_a1_N8,A,point,0.0,post,2.9533053707566497,0.4392327542452723,50
E1_a1_N8,A,point,0.0,pre,2.6310533938953635,0.4712136500744596,50
E1_a1_N8,A,point,0.01,all,2.7126082554122566,0.3261254753694543,50
E1_a1_N8,A,point,0.01,end,1.4670809231112452,0.4094704607901823,50
E1_a1_N8,A,point,0.01,post,2.9338871501062296,0.4366007489487829,50
E1_a1_N8,A,point,0.01,pre,2.6136406066511193,0.4678047760501491,50
E1_a1_N8,A,point,0.03,all,2.67754458270891,0.3215995714390672,50
E1_a1_N8,A,point,0.03,end,1.4479570926371097,0.4036678877564081,50
E1_a1_N8,A,point,0.03,post,2.8961071648993375,0.4315017991866976,50
E1_a1_N8,A,point,0.03,pre,2.5797645849609707,0.4612019234660409,50
E1_a1_N8,A,point,0.1,all,2.5642114735227257,0.3072846488195028,50
E1_a1_N8,A,point,0.1,end,1.386369819901307,0.3851684467217659,50
E1_a1_N8,A,point,0.1,post,2.773979122697239,0.41518300948371384,50
E1_a1_N8,A,point,0.1,pre,2.4702783239570114,0.44010657941090736,50
E1_a1_N8,A,point,0.3,all,2.3033785295323894,0.27572008216475524,50
E1_a1_N8,A,point,0.3,end,1.2462013064510717,0.34403651578492034,50
E1_a1_N8,A,point,0.3,post,2.4927979278147334,0.3780802831186032,50
E1_a1_N8,A,point,0.3,pre,2.218358536388997,0.3927314377878901,50
E1_a1_N8,A,point,1.0,all,1.7798560693553644,0.21378248417565843,50
E1_a1_N8,A,point,1.0,end,0.9755361391011289,0.2672826221458405,50
E1_a1_N8,A,point,1.0,post,1.9277542727481296,0.30088148476941207,50
E1_a1_N8,A,point,1.0,pre,1.7131322576396104,0.2999751364149731,50
E1_a1_N8,A,point,3.0,all,1.2653337473583692,0.14662756298203744,50
E1_a1_N8,A,point,3.0,end,0.7422342829745742,0.19959130177931392,50
E1_a1_N8,A,point,3.0,post,1.3706497874039953,0.21262455794786234,50
E1_a1_N8,A,point,3.0,pre,1.217708271604138,0.20694287591160207,50
E1_a1_N8,A,point,10.0,all,0.9374214558109095,0.10268818964895927,50
E1_a1_N8,A,point,10.0,end,0.6499445937015648,0.1643175160993141,50
E1_a1_N8,A,point,10.0,post,1.0130495469049317,0.14864289836451305,50
E1_a1_N8,A,point,10.0,pre,0.9036020999010765,0.149140515673377,50
E1_a1_N8,A,point,30.0,all,0.8395623699695168,0.09290465334562173,50
E1_a1_N8,A,point,30.0,end,0.6654919444603233,0.16089436117885744,50
E1_a1_N8,A,point,30.0,post,0.9049391463218461,0.13048139609501846,50
E1_a1_N8,A,point,30.0,pre,0.8107638713060318,0.1352307488345936,50
E1_a1_N8,A,point,100.0,all,0.8305816071482198,0.09296140623968017,50
E1_a1_N8,A,point,100.0,end,0.7047615360488081,0.16689278964732396,50
E1_a1_N8,A,point,100.0,post,0.893838307790979,0.1313942627388916,50
E1_a1_N8,A,point,100.0,pre,0.8031081188256857,0.13439216893562214,50
E1_a1_N8,A,point,300.0,all,0.8413970766964468,0.09385729645201732,50
E1_a1_N8,A,point,300.0,end,0.7287268598418063,0.1714388104765097,50
E1_a1_N8,A,point,300.0,post,0.9044832672894795,0.13500710716973197,50
E1_a1_N8,A,point,300.0,pre,0.8143436403278841,0.1355317595519482,50
E1_a1_N8,A,point,1000.0,all,0.8489375154258967,0.09466734906166606,50
E1_a1_N8,A,point,1000.0,end,0.7402414858381061,0.17396919508467726,50
E1_a1_N8,A,point,1000.0,post,0.9119641900585563,0.1371777145377037,50
E1_a1_N8,A,point,1000.0,pre,0.8221244676883714,0.1367504524451159,50
E2_N16_snr-10,A,cur,0.0,all,0.6532803682060947,0.023719141801373227,50
E2_N16_snr-10,A,cur,0.0,end,1.95837810704833,1.6994229104671246,50
E2_N16_snr-10,A,cur,0.0,post,0.6877796129385944,0.09785002975935855,50
E2_N16_snr-10,A,cur,0.0,pre,0.6470083816234288,0.08576446126910425,50
E2_N16_snr-10,A,cur,0.01,all,0.6492226338921219,0.023718854217289698,50
E2_N16_snr-10,A,cur,0.01,end,1.9455820003622275,1.6887348577149808,50
E2_N16_snr-10,A,cur,0.01,post,0.6833789098031504,0.09719756613232372,50
E2_N16_snr-10,A,cur,0.01,pre,0.643126451184053,0.08546427060589967,50
E2_N16_snr-10,A,cur,0.03,all,0.6414643420653452,0.023732142980073607,50
E2_N16_snr-10,A,cur,0.03,end,1.9206604331517765,1.667884114726156,50
E2_N16_snr-10,A,cur,0.03,post,0.6748170126322922,0.09593921372394981,50
E2_N16_snr-10,A,cur,0.03,pre,0.6358381432873446,0.08483367854621636,50
E2_N16_snr-10,A,cur,0.1,all,0.6176927583072718,0.023833768041548204,50
E2_N16_snr-10,A,cur,0.1,end,1.8398639901660527,1.5999747045854489,50
E2_N16_snr-10,A,cur,0.1,post,0.6471403846198249,0.09196663774571462,50
E2_N16_snr-10,A,cur,0.1,pre,0.6148030600049127,0.08234378153832357,50
E2_N16_snr-10,A,cur,0.3,all,0.5717028613476594,0.02393001277738724,50
E2_N16_snr-10,A,cur,0.3,end,1.6524097895139473,1.4406816148490575,50
E2_N16_snr-10,A,cur,0.3,post,0.5834198939953824,0.08330402733124916,50
E2_N16_snr-10,A,cur,0.3,pre,0.582857320634907,0.07386550102137059,50
E2_N16_snr-10,A,cur,1.0,all,0.5271484395546875,0.028932448273900287,50
E2_N16_snr-10,A,cur,1.0,end,1.268572793619245,1.1081185103943119,50
E2_N16_snr-10,A,cur,1.0,post,0.4552885727351868,0.06738577737780019,50
E2_N16_snr-10,A,cur,1.0,pre,0.5987981292502298,0.051325784898514935,50
E2_N16_snr-10,A,cur,3.0,all,0.5631905699713387,0.051538120951932304,50
E2_N16_snr-10,A,cur,3.0,end,0.8751908956177344,0.7639301500007406,50
E2_N16_snr-10,A,cur,3.0,post,0.3280695964306643,0.053749917953399604,50
E2_N16_snr-10,A,cur,3.0,pre,0.7201666754316528,0.040918111259273034,50
E2_N16_snr-10,A,cur,10.0,all,0.6413259237237916,0.06913920967594694,50
E2_N16_snr-10,A,cur,10.0,end,0.5965023849251679,0.5396306724906257,50
E2_N16_snr-10,A,cur,10.0,post,0.24218912873229484,0.049552909910112304,50
E2_N16_snr-10,A,cur,10.0,pre,0.8614052769568896,0.03586178917580094,50
E2_N16_snr-10,A,cur,30.0,all,0.6890296371516953,0.07475470952445641,50
E2_N16_snr-10,A,cur,30.0,end,0.47819176189647117,0.46971982261793793,50
E2_N16_snr-10,A,cur,30.0,post,0.2091650264526775,0.05022282538319228,50
E2_N16_snr-10,A,cur,30.0,pre,0.9366510583998087,0.02882569761680107,50
E2_N16_snr-10,A,cur,100.0,all,0.7146243447344222,0.07681402968594757,50
E2_N16_snr-10,A,cur,100.0,end,0.4301779045228792,0.44638072815805896,50
E2_N16_snr-10,A,cur,100.0,post,0.19764182064721414,0.05004238227802695,50
E2_N16_snr-10,A,cur,100.0,pre,0.975081824935183,0.023936671910192994,50
E2_N16_snr-10,A,cur,300.0,all,0.7243754452701581,0.07770643299672167,50
E2_N16_snr-10,A,cur,300.0,end,0.4193523145327611,0.440524622406843,50
E2_N16_snr-10,A,cur,300.0,post,0.19535816520154342,0.049893602369894326,50
E2_N16_snr-10,A,cur,300.0,pre,0.9892712165669171,0.02273764114749693,50
E2_N16_snr-10,A,cur,1000.0,all,0.7283315700391119,0.0781641442219993,50
E2_N16_snr-10,A,cur,1000.0,end,0.4173874421384794,0.439323535080095,50
E2_N16_snr-10,A,cur,1000.0,post,0.19496821952757984,0.049864571505563546,50
E2_N16_snr-10,A,cur,1000.0,pre,0.9949257548489991,0.02268066127313201,50
E2_N16_snr-10,A,hist,0.0,all,0.6532803682060948,0.02371914180137324,50
E2_N16_snr-10,A,hist,0.0,end,1.9583781070483308,1.6994229104671255,50
E2_N16_snr-10,A,hist,0.0,post,0.6877796129385945,0.09785002975935857,50
E2_N16_snr-10,A,hist,0.0,pre,0.6470083816234288,0.08576446126910425,50
E2_N16_snr-10,A,hist,0.01,all,0.6492327224351199,0.023691009616041737,50
E2_N16_snr-10,A,hist,0.01,end,1.945591055167875,1.6886837147048295,50
E2_N16_snr-10,A,hist,0.01,post,0.6835268522445516,0.09724458608440831,50
E2_N16_snr-10,A,hist,0.01,pre,0.6429946574713505,0.0853839995705923,50
E2_N16_snr-10,A,hist,0.03,all,0.6413586405356582,0.02366086882516793,50
E2_N16_snr-10,A,hist,0.03,end,1.9206848943079502,1.667730151280982,50
E2_N16_snr-10,A,hist,0.03,post,0.6752538550877902,0.09607839527709064,50
E2_N16_snr-10,A,hist,0.03,pre,0.6351860934092467,0.08464545293870797,50
E2_N16_snr-10,A,hist,0.1,all,0.6159155597593375,0.02375895164772396,50
E2_N16_snr-10,A,hist,0.1,end,1.8399169093194674,1.5994557336777377,50
E2_N16_snr-10,A,hist,0.1,post,0.6485222939904499,0.09241093029163064,50
E2_N16_snr-10,A,hist,0.1,pre,0.6099508123467041,0.08226990449342712,50
E2_N16_snr-10,A,hist,0.3,all,0.5574298505271816,0.024753990788349167,50
E2_N16_snr-10,A,hist,0.3,end,1.652379556337323,1.4390837627804098,50
E2_N16_snr-10,A,hist,0.3,post,0.5870701802844106,0.0845100085094234,50
E2_N16_snr-10,A,hist,0.3,pre,0.5519262691794476,0.07682793551358448,50
E2_N16_snr-10,A,hist,1.0,all,0.4407898359879525,0.027755443261898393,50
E2_N16_snr-10,A,hist,1.0,end,1.267342820113412,1.1024781822897973,50
E2_N16_snr-10,A,hist,1.0,post,0.46437421453583577,0.07062092146612269,50
E2_N16_snr-10,A,hist,1.0,pre,0.4362375101074264,0.06580600026610317,50
E2_N16_snr-10,A,hist,3.0,all,0.33042076676786103,0.03352731949724792,50
E2_N16_snr-10,A,hist,3.0,end,0.8696389521981626,0.7466454145696332,50
E2_N16_snr-10,A,hist,3.0,post,0.34736895811486507,0.06080572355086999,50
E2_N16_snr-10,A,hist,3.0,pre,0.3274825871180313,0.05642872142084299,50
E2_N16_snr-10,A,hist,10.0,all,0.27813622039702235,0.051472822238977436,50
E2_N16_snr-10,A,hist,10.0,end,0.5885859406099474,0.4991870637639072,50
E2_N16_snr-10,A,hist,10.0,post,0.28867040162163077,0.06527647533814324,50
E2_N16_snr-10,A,hist,10.0,pre,0.2786305400409722,0.0631890836456772,50
E2_N16_snr-10,A,hist,30.0,all,0.2868994808845212,0.07008799316541277,50
E2_N16_snr-10,A,hist,30.0,end,0.48404473170748724,0.42001364084455617,50
E2_N16_snr-10,A,hist,30.0,post,0.29283141718811984,0.07927730145576425,50
E2_N16_snr-10,A,hist,30.0,pre,0.29019832887010005,0.08189285114088904,50
E2_N16_snr-10,A,hist,100.0,all,0.310859685855245,0.08083104517681718,50
E2_N16_snr-10,A,hist,100.0,end,0.44284942607775113,0.4036420026182541,50
E2_N16_snr-10,A,hist,100.0,post,0.3139805068172943,0.08922030738493192,50
E2_N16_snr-10,A,hist,100.0,pre,0.31547927670342707,0.09584752024676878,50
E2_N16_snr-10,A,hist,300.0,all,0.3419875894825503,0.0818353024919309,50
E2_N16_snr-10,A,hist,300.0,end,0.4281635073320099,0.42373218710690425,50
E2_N16_snr-10,A,hist,300.0,post,0.34396051703861913,0.08860497515158491,50
E2_N16_snr-10,A,hist,300.0,pre,0.34636571450899434,0.10095943008735385,50
E2_N16_snr-10,A,hist,1000.0,all,0.39307949896481886,0.08377182629382447,50
E2_N16_snr-10,A,hist,1000.0,end,0.47326368357323284,0.47996083575512083,50
E2_N16_snr-10,A,hist,1000.0,post,0.3932011894634466,0.091308318349401,50
E2_N16_snr-10,A,hist,1000.0,pre,0.3957933670905847,0.10953625469956271,50
E2_N16_snr-10,A,in,0.0,all,0.6532803682054988,0.02371914180133735,50
E2_N16_snr-10,A,in,0.0,end,1.958378107048045,1.6994229104668528,50
E2_N16_snr-10,A,in,0.0,post,0.6877796129385452,0.09785002975935395,50
E2_N16_snr-10,A,in,0.0,pre,0.6470083816222874,0.08576446126890515,50
E2_N16_snr-10,A,in,0.01,all,0.6492312604009186,0.023690121828745962,50
E2_N16_snr-10,A,in,0.01,end,1.94558088502491,1.688668491570781,50
E2_N16_snr-10,A,in,0.01,post,0.6835241319499559,0.0972420470791907,50
E2_N16_snr-10,A,in,0.01,pre,0.6429940514126652,0.08538455761364963,50
E2_N16_snr-10,A,in,0.03,all,0.6413549651752197,0.023657881289049408,50
E2_N16_snr-10,A,in,0.03,end,1.9206578112897208,1.6676887890281216,50
E2_N16_snr-10,A,in,0.03,post,0.6752468174391331,0.09607100948348118,50
E2_N16_snr-10,A,in,0.03,pre,0.6351846441004173,0.08464720578712226,50
E2_N16_snr-10,A,in,0.1,all,0.6159097976792595,0.02374495482871823,50
E2_N16_snr-10,A,in,0.1,end,1.8398628223846898,1.5993644793527242,50
E2_N16_snr-10,A,in,0.1,post,0.6485098045823473,0.09238864125196494,50
E2_N16_snr-10,A,in,0.1,pre,0.6099487207873436,0.08227658273018378,50
E2_N16_snr-10,A,in,0.3,all,0.5574356110216858,0.024678950114290346,50
E2_N16_snr-10,A,in,0.3,end,1.652454674374356,1.4391361067311217,50
E2_N16_snr-10,A,in,0.3,post,0.5870875453984793,0.08445762924379153,50
E2_N16_snr-10,A,in,0.3,pre,0.551915611878733,0.07685402768883845,50
E2_N16_snr-10,A,in,1.0,all,0.44057063631406534,0.02723682268749171,50
E2_N16_snr-10,A,in,1.0,end,1.2689870118618292,1.10488940222189,50
E2_N16_snr-10,A,in,1.0,post,0.46442356272734364,0.07054436269420855,50
E2_N16_snr-10,A,in,1.0,pre,0.43574429631764333,0.0659283579792633,50
E2_N16_snr-10,A,in,3.0,all,0.3263210162212652,0.030290496580804495,50
E2_N16_snr-10,A,in,3.0,end,0.8768114347154617,0.7596946382453335,50
E2_N16_snr-10,A,in,3.0,post,0.34475892385147977,0.06056709677141624,50
E2_N16_snr-10,A,in,3.0,pre,0.3217338296324413,0.05605663509167758,50
E2_N16_snr-10,A,in,10.0,all,0.2511889548428728,0.03643308626511747,50
E2_N16_snr-10,A,in,10.0,end,0.6004247623397978,0.5355957884708713,50
E2_N16_snr-10,A,in,10.0,post,0.2666215309271715,0.05998111475053685,50
E2_N16_snr-10,A,in,10.0,pre,0.24602001932535336,0.05306717211906376,50
E2_N16_snr-10,A,in,30.0,all,0.22310632522099194,0.04012136077490859,50
E2_N16_snr-10,A,in,30.0,end,0.4838984713096947,0.46632872198033926,50
E2_N16_snr-10,A,in,30.0,post,0.2376661354250367,0.06207925467291756,50
E2_N16_snr-10,A,in,30.0,pre,0.21732020733450558,0.053682756751542444,50
E2_N16_snr-10,A,in,100.0,all,0.21356793141518118,0.04113052714796551,50
E2_N16_snr-10,A,in,100.0,end,0.4368407233168029,0.4440184439780412,50
E2_N16_snr-10,A,in,100.0,post,0.22776483396717764,0.0627368525974428,50
E2_N16_snr-10,A,in,100.0,pre,0.20755870633958307,0.054197429499776725,50
E2_N16_snr-10,A,in,300.0,all,0.21173576757908744,0.04130775071912366,50
E2_N16_snr-10,A,in,300.0,end,0.4261638831493627,0.43850126618104246,50
E2_N16_snr-10,A,in,300.0,post,0.22582451917225618,0.0628375872869111,50
E2_N16_snr-10,A,in,300.0,pre,0.20571688268691976,0.0543417383504801,50
E2_N16_snr-10,A,in,1000.0,all,0.21142863638249268,0.04134337992942488,50
E2_N16_snr-10,A,in,1000.0,end,0.4241525620336031,0.43718660818919053,50
E2_N16_snr-10,A,in,1000.0,post,0.22549442066311845,0.06286838520424927,50
E2_N16_snr-10,A,in,1000.0,pre,0.20541392213138013,0.05436381657173269,50
E2_N16_snr-10,A,legs,0.0,all,0.6532803682060946,0.023719141801373255,50
E2_N16_snr-10,A,legs,0.0,end,1.95837810704833,1.6994229104671246,50
E2_N16_snr-10,A,legs,0.0,post,0.6877796129385944,0.09785002975935855,50
E2_N16_snr-10,A,legs,0.0,pre,0.6470083816234287,0.08576446126910425,50
E2_N16_snr-10,A,legs,0.01,all,0.6532803682060946,0.023719141801373255,50
E2_N16_snr-10,A,legs,0.01,end,1.95837810704833,1.6994229104671246,50
E2_N16_snr-10,A,legs,0.01,post,0.6877796129385944,0.09785002975935855,50
E2_N16_snr-10,A,legs,0.01,pre,0.6470083816234287,0.08576446126910425,50
E2_N16_snr-10,A,legs,0.03,all,0.6532803682060946,0.023719141801373255,50
E2_N16_snr-10,A,legs,0.03,end,1.95837810704833,1.6994229104671246,50
E2_N16_snr-10,A,legs,0.03,post,0.6877796129385944,0.09785002975935855,50
E2_N16_snr-10,A,legs,0.03,pre,0.6470083816234287,0.08576446126910425,50
E2_N16_snr-10,A,legs,0.1,all,0.6532803682060946,0.023719141801373255,50
E2_N16_snr-10,A,legs,0.1,end,1.95837810704833,1.6994229104671246,50
E2_N16_snr-10,A,legs,0.1,post,0.6877796129385944,0.09785002975935855,50
E2_N16_snr-10,A,legs,0.1,pre,0.6470083816234287,0.08576446126910425,50
E2_N16_snr-10,A,legs,0.3,all,0.6532803682060946,0.023719141801373255,50
E2_N16_snr-10,A,legs,0.3,end,1.95837810704833,1.6994229104671246,50
E2_N16_snr-10,A,legs,0.3,post,0.6877796129385944,0.09785002975935855,50
E2_N16_snr-10,A,legs,0.3,pre,0.6470083816234287,0.08576446126910425,50
E2_N16_snr-10,A,legs,1.0,all,0.6532803682060946,0.023719141801373255,50
E2_N16_snr-10,A,legs,1.0,end,1.95837810704833,1.6994229104671246,50
E2_N16_snr-10,A,legs,1.0,post,0.6877796129385944,0.09785002975935855,50
E2_N16_snr-10,A,legs,1.0,pre,0.6470083816234287,0.08576446126910425,50
E2_N16_snr-10,A,legs,3.0,all,0.6532803682060946,0.023719141801373255,50
E2_N16_snr-10,A,legs,3.0,end,1.95837810704833,1.6994229104671246,50
E2_N16_snr-10,A,legs,3.0,post,0.6877796129385944,0.09785002975935855,50
E2_N16_snr-10,A,legs,3.0,pre,0.6470083816234287,0.08576446126910425,50
E2_N16_snr-10,A,legs,10.0,all,0.6532803682060946,0.023719141801373255,50
E2_N16_snr-10,A,legs,10.0,end,1.95837810704833,1.6994229104671246,50
E2_N16_snr-10,A,legs,10.0,post,0.6877796129385944,0.09785002975935855,50
E2_N16_snr-10,A,legs,10.0,pre,0.6470083816234287,0.08576446126910425,50
E2_N16_snr-10,A,legs,30.0,all,0.6532803682060946,0.023719141801373255,50
E2_N16_snr-10,A,legs,30.0,end,1.95837810704833,1.6994229104671246,50
E2_N16_snr-10,A,legs,30.0,post,0.6877796129385944,0.09785002975935855,50
E2_N16_snr-10,A,legs,30.0,pre,0.6470083816234287,0.08576446126910425,50
E2_N16_snr-10,A,legs,100.0,all,0.6532803682060946,0.023719141801373255,50
E2_N16_snr-10,A,legs,100.0,end,1.95837810704833,1.6994229104671246,50
E2_N16_snr-10,A,legs,100.0,post,0.6877796129385944,0.09785002975935855,50
E2_N16_snr-10,A,legs,100.0,pre,0.6470083816234287,0.08576446126910425,50
E2_N16_snr-10,A,legs,300.0,all,0.6532803682060946,0.023719141801373255,50
E2_N16_snr-10,A,legs,300.0,end,1.95837810704833,1.6994229104671246,50
E2_N16_snr-10,A,legs,300.0,post,0.6877796129385944,0.09785002975935855,50
E2_N16_snr-10,A,legs,300.0,pre,0.6470083816234287,0.08576446126910425,50
E2_N16_snr-10,A,legs,1000.0,all,0.6532803682060946,0.023719141801373255,50
E2_N16_snr-10,A,legs,1000.0,end,1.95837810704833,1.6994229104671246,50
E2_N16_snr-10,A,legs,1000.0,post,0.6877796129385944,0.09785002975935855,50
E2_N16_snr-10,A,legs,1000.0,pre,0.6470083816234287,0.08576446126910425,50
E2_N16_snr-10,A,point,0.0,all,3.1613533453045033,0.01622146725952547,50
E2_N16_snr-10,A,point,0.0,end,4.570974739319002,3.727874038609218,50
E2_N16_snr-10,A,point,0.0,post,3.310524289366737,0.41128226788323635,50
E2_N16_snr-10,A,point,0.0,pre,3.143707125874785,0.3641046360795189,50
E2_N16_snr-10,A,point,0.01,all,3.140507202118923,0.01674432203960031,50
E2_N16_snr-10,A,point,0.01,end,4.540997213580349,3.7036822138398313,50
E2_N16_snr-10,A,point,0.01,post,3.2886707293742834,0.40850411959202065,50
E2_N16_snr-10,A,point,0.01,pre,3.1230153387369852,0.3620696209445058,50
E2_N16_snr-10,A,point,0.03,all,3.0999376023925556,0.018383317436356777,50
E2_N16_snr-10,A,point,0.03,end,4.4826260921808805,3.6565044341899093,50
E2_N16_snr-10,A,point,0.03,post,3.246141978909138,0.403142200730817,50
E2_N16_snr-10,A,point,0.03,pre,3.0827441694211615,0.3581220956383586,50
E2_N16_snr-10,A,point,0.1,all,2.968680961035079,0.02660456998363974,50
E2_N16_snr-10,A,point,0.1,end,4.29349729174127,3.502989916669941,50
E2_N16_snr-10,A,point,0.1,post,3.108559494649686,0.3861668148049775,50
E2_N16_snr-10,A,point,0.1,pre,2.9524354407785918,0.34544069252728643,50
E2_N16_snr-10,A,point,0.3,all,2.6657068553863166,0.04678221562646992,50
E2_N16_snr-10,A,point,0.3,end,3.855291610975358,3.1435271504229263,50
E2_N16_snr-10,A,point,0.3,post,2.7910541687509864,0.3486679204783798,50
E2_N16_snr-10,A,point,0.3,pre,2.651549738357648,0.31631214790321127,50
E2_N16_snr-10,A,point,1.0,all,2.05143264897554,0.06805190164936421,50
E2_N16_snr-10,A,point,1.0,end,2.959544996396348,2.39345249497043,50
E2_N16_snr-10,A,point,1.0,post,2.147578499835971,0.2750705473925151,50
E2_N16_snr-10,A,point,1.0,pre,2.0411203087354175,0.2543774681198149,50
E2_N16_snr-10,A,point,3.0,all,1.4268147432856646,0.05940700097959719,50
E2_N16_snr-10,A,point,3.0,end,2.038857541936618,1.609239311607429,50
E2_N16_snr-10,A,point,3.0,post,1.4934771017633517,0.19542783600763122,50
E2_N16_snr-10,A,point,3.0,pre,1.4200145111766458,0.18289700137690723,50
E2_N16_snr-10,A,point,10.0,all,0.9801670705097378,0.05779611152047331,50
E2_N16_snr-10,A,point,10.0,end,1.3759371761256358,1.0600912949746992,50
E2_N16_snr-10,A,point,10.0,post,1.0257353712059833,0.14037101115498407,50
E2_N16_snr-10,A,point,10.0,pre,0.9757660468225695,0.13464351327226065,50
E2_N16_snr-10,A,point,30.0,all,0.7941053280384837,0.05557379414106921,50
E2_N16_snr-10,A,point,30.0,end,1.091975115220528,0.8231126561777397,50
E2_N16_snr-10,A,point,30.0,post,0.8310147498202347,0.11654347222899233,50
E2_N16_snr-10,A,point,30.0,pre,0.790545016745794,0.11643016851752783,50
E2_N16_snr-10,A,point,100.0,all,0.7264768997518791,0.04493354531092912,50
E2_N16_snr-10,A,point,100.0,end,0.9792136032924591,0.7010319929531702,50
E2_N16_snr-10,A,point,100.0,post,0.7602832915907467,0.10075487077741066,50
E2_N16_snr-10,A,point,100.0,pre,0.7231111293661052,0.10762239237818946,50
E2_N16_snr-10,A,point,300.0,all,0.713125309098741,0.04338219366875466,50
E2_N16_snr-10,A,point,300.0,end,0.9541074156698359,0.6642835706318049,50
E2_N16_snr-10,A,point,300.0,post,0.7463047964705953,0.09716433402165547,50
E2_N16_snr-10,A,point,300.0,pre,0.7097719276046895,0.10666127462432827,50
E2_N16_snr-10,A,point,1000.0,all,0.7108784536978071,0.043427457245634286,50
E2_N16_snr-10,A,point,1000.0,end,0.949519785697162,0.6565128155490849,50
E2_N16_snr-10,A,point,1000.0,post,0.7439499427170573,0.09663744897080133,50
E2_N16_snr-10,A,point,1000.0,pre,0.707523713410246,0.10665286345766813,50
E2_N16_snr-10,B,cur,0.0,all,0.6330714131370477,0.019854434988851588,50
E2_N16_snr-10,B,cur,0.0,end,1.955425492984894,1.699381530774521,50
E2_N16_snr-10,B,cur,0.0,post,0.6646008391371535,0.09268389197718968,50
E2_N16_snr-10,B,cur,0.0,pre,0.628462558058813,0.07948084969301533,50
E2_N16_snr-10,B,cur,0.01,all,0.6288942190046767,0.0197604698998238,50
E2_N16_snr-10,B,cur,0.01,end,1.942632830556163,1.6886898105743475,50
E2_N16_snr-10,B,cur,0.01,post,0.6602024425440794,0.092017441207576,50
E2_N16_snr-10,B,cur,0.01,pre,0.6243295539641016,0.07905449094443158,50
E2_N16_snr-10,B,cur,0.03,all,0.6207644355837345,0.019604426450976147,50
E2_N16_snr-10,B,cur,0.03,end,1.9177174569511792,1.6678315531532841,50
E2_N16_snr-10,B,cur,0.03,post,0.6516419103413311,0.09073069044934656,50
E2_N16_snr-10,B,cur,0.03,pre,0.6162857544749796,0.0782254067161708,50
E2_N16_snr-10,B,cur,0.1,all,0.5944582914587946,0.01931407848191046,50
E2_N16_snr-10,B,cur,0.1,end,1.8369360174050662,1.5998940895731777,50
E2_N16_snr-10,B,cur,0.1,post,0.6239397563945414,0.08665493802779173,50
E2_N16_snr-10,B,cur,0.1,pre,0.590257676364984,0.07554465094892766,50
E2_N16_snr-10,B,cur,0.3,all,0.5337131618346056,0.019461754145488997,50
E2_N16_snr-10,B,cur,0.3,end,1.6494799799813922,1.4405093677150682,50
E2_N16_snr-10,B,cur,0.3,post,0.5599576795392855,0.0776761057445012,50
E2_N16_snr-10,B,cur,0.3,pre,0.5301536474521134,0.06930326640169404,50
E2_N16_snr-10,B,cur,1.0,all,0.41041404103281,0.01989062922582826,50
E2_N16_snr-10,B,cur,1.0,end,1.2653813005554924,1.1075895882793594,50
E2_N16_snr-10,B,cur,1.0,post,0.43004048567639336,0.06056836696443278,50
E2_N16_snr-10,B,cur,1.0,pre,0.40813331785031987,0.055868421364542765,50
E2_N16_snr-10,B,cur,3.0,all,0.28476676780406524,0.01778933517816206,50
E2_N16_snr-10,B,cur,3.0,end,0.8709231549806178,0.7627045132194867,50
E2_N16_snr-10,B,cur,3.0,post,0.2977742237437019,0.043889522103314454,50
E2_N16_snr-10,B,cur,3.0,pre,0.28353739509832404,0.04058974481386107,50
E2_N16_snr-10,B,cur,10.0,all,0.19474860606206765,0.01874165017259849,50
E2_N16_snr-10,B,cur,10.0,end,0.5900539940961811,0.5381234059521609,50
E2_N16_snr-10,B,cur,10.0,post,0.20394712246647498,0.035056962875447004,50
E2_N16_snr-10,B,cur,10.0,pre,0.193242605561122,0.031249122892069568,50
E2_N16_snr-10,B,cur,30.0,all,0.1570676583927609,0.020295711755480936,50
E2_N16_snr-10,B,cur,30.0,end,0.4696206321445905,0.46921002912218734,50
E2_N16_snr-10,B,cur,30.0,post,0.16563439860407617,0.03281797831021419,50
E2_N16_snr-10,B,cur,30.0,pre,0.15441337378019443,0.029729882697270768,50
E2_N16_snr-10,B,cur,100.0,all,0.14315541387967592,0.020030779051891285,50
E2_N16_snr-10,B,cur,100.0,end,0.41993572729541967,0.4472264591379663,50
E2_N16_snr-10,B,cur,100.0,post,0.1517586345525376,0.03087797736390244,50
E2_N16_snr-10,B,cur,100.0,pre,0.1397372586022491,0.029882152282743723,50
E2_N16_snr-10,B,cur,300.0,all,0.14035907216584922,0.019996400337628242,50
E2_N16_snr-10,B,cur,300.0,end,0.40870986056315134,0.4417659395914924,50
E2_N16_snr-10,B,cur,300.0,post,0.14896444041991136,0.030274852187609023,50
E2_N16_snr-10,B,cur,300.0,pre,0.13677254839478728,0.03016859338829009,50
E2_N16_snr-10,B,cur,1000.0,all,0.13988397078738998,0.020011108712046862,50
E2_N16_snr-10,B,cur,1000.0,end,0.4066937722870387,0.44062734103294665,50
E2_N16_snr-10,B,cur,1000.0,post,0.14848499254314138,0.03016607742643193,50
E2_N16_snr-10,B,cur,1000.0,pre,0.13627158754273586,0.030244829487467782,50
E2_N16_snr-10,B,hist,0.0,all,0.6330714131370478,0.019854434988851623,50
E2_N16_snr-10,B,hist,0.0,end,1.9554254929848944,1.69938153077452,50
E2_N16_snr-10,B,hist,0.0,post,0.6646008391371536,0.0926838919771897,50
E2_N16_snr-10,B,hist,0.0,pre,0.6284625580588132,0.07948084969301535,50
E2_N16_snr-10,B,hist,0.01,all,0.6289403933480356,0.019797722024734954,50
E2_N16_snr-10,B,hist,0.01,end,1.9426185638260896,1.6886685814161062,50
E2_N16_snr-10,B,hist,0.01,post,0.6602089952278776,0.09202317311797598,50
E2_N16_snr-10,B,hist,0.01,pre,0.624415145486619,0.07908173561555017,50
E2_N16_snr-10,B,hist,0.03,all,0.6210364664331256,0.019715221417956508,50
E2_N16_snr-10,B,hist,0.03,end,1.9176738147563748,1.667767323236445,50
E2_N16_snr-10,B,hist,0.03,post,0.6516634351082228,0.09074853471303189,50
E2_N16_snr-10,B,hist,0.03,pre,0.6167989179146924,0.07825910102655763,50
E2_N16_snr-10,B,hist,0.1,all,0.5967723031211358,0.019620461737915564,50
E2_N16_snr-10,B,hist,0.1,end,1.8367819834946806,1.5996736684732935,50
E2_N16_snr-10,B,hist,0.1,post,0.6240330235049493,0.08672136433709364,50
E2_N16_snr-10,B,hist,0.1,pre,0.5946624829512142,0.07514257762310325,50
E2_N16_snr-10,B,hist,0.3,all,0.5496282288725098,0.019826252487276465,50
E2_N16_snr-10,B,hist,0.3,end,1.6489665056698073,1.4397930024891208,50
E2_N16_snr-10,B,hist,0.3,post,0.560410772663753,0.07792187880703969,50
E2_N16_snr-10,B,hist,0.3,pre,0.5601612128397102,0.06508796858047998,50
E2_N16_snr-10,B,hist,1.0,all,0.5041053637099749,0.028511177010970196,50
E2_N16_snr-10,B,hist,1.0,end,1.263412952745773,1.1045659797695544,50
E2_N16_snr-10,B,hist,1.0,post,0.43308452899882754,0.06168528818933544,50
E2_N16_snr-10,B,hist,1.0,pre,0.5730845770124834,0.04029447750772118,50
E2_N16_snr-10,B,hist,3.0,all,0.5446065233080273,0.05477449886888485,50
E2_N16_snr-10,B,hist,3.0,end,0.8651951280905747,0.7505327909450668,50
E2_N16_snr-10,B,hist,3.0,post,0.3131605242299162,0.04865998121651577,50
E2_N16_snr-10,B,hist,3.0,pre,0.6968572165160967,0.03586496085480296,50
E2_N16_snr-10,B,hist,10.0,all,0.634287166322477,0.07136458778589723,50
E2_N16_snr-10,B,hist,10.0,end,0.5837175820637026,0.502313528064136,50
E2_N16_snr-10,B,hist,10.0,post,0.26252715909289487,0.05538272588184041,50
E2_N16_snr-10,B,hist,10.0,pre,0.8443860452210883,0.03463902306903174,50
E2_N16_snr-10,B,hist,30.0,all,0.6943154113358442,0.07435906540666491,50
E2_N16_snr-10,B,hist,30.0,end,0.4801926395586599,0.4202226233050111,50
E2_N16_snr-10,B,hist,30.0,post,0.27946594573100847,0.07457905456626851,50
E2_N16_snr-10,B,hist,30.0,pre,0.9251518097664305,0.028090053168144925,50
E2_N16_snr-10,B,hist,100.0,all,0.7297480505588249,0.07389979754282694,50
E2_N16_snr-10,B,hist,100.0,end,0.4408583077926058,0.4025462992393196,50
E2_N16_snr-10,B,hist,100.0,post,0.3088891782382297,0.0876149609197101,50
E2_N16_snr-10,B,hist,100.0,pre,0.9671953282488608,0.022612463718261318,50
E2_N16_snr-10,B,hist,300.0,all,0.7476367594665843,0.07174722554127554,50
E2_N16_snr-10,B,hist,300.0,end,0.4270341449771377,0.4225582811526183,50
E2_N16_snr-10,B,hist,300.0,post,0.34195565971100245,0.08808603113859109,50
E2_N16_snr-10,B,hist,300.0,pre,0.9828399244808338,0.02072256576732702,50
E2_N16_snr-10,B,hist,1000.0,all,0.7646912541373986,0.0671800740371558,50
E2_N16_snr-10,B,hist,1000.0,end,0.4726198587143514,0.4793256180582995,50
E2_N16_snr-10,B,hist,1000.0,post,0.3925143613202073,0.0911479540441574,50
E2_N16_snr-10,B,hist,1000.0,pre,0.9896204044987207,0.019531765798141518,50
E2_N16_snr-10,B,in,0.0,all,0.633071413136452,0.01985443498875884,50
E2_N16_snr-10,B,in,0.0,end,1.9554254929845927,1.6993815307742581,50
E2_N16_snr-10,B,in,0.0,post,0.6646008391371067,0.09268389197718302,50
E2_N16_snr-10,B,in,0.0,pre,0.6284625580576702,0.07948084969280107,50
E2_N16_snr-10,B,in,0.01,all,0.6289395737641903,0.01979932901675871,50
E2_N16_snr-10,B,in,0.01,end,1.9426078216136577,1.6886432017247721,50
E2_N16_snr-10,B,in,0.01,post,0.6602058591318134,0.092022025487239,50
E2_N16_snr-10,B,in,0.01,pre,0.6244163228201253,0.07908374362165202,50
E2_N16_snr-10,B,in,0.03,all,0.6210354997734611,0.019719823368720735,50
E2_N16_snr-10,B,in,0.03,end,1.9176445328128358,1.6676951306791563,50
E2_N16_snr-10,B,in,0.03,post,0.6516558235111307,0.09074526819637928,50
E2_N16_snr-10,B,in,0.03,pre,0.616803628147079,0.07826441791231907,50
E2_N16_snr-10,B,in,0.1,all,0.5967817787836935,0.019633121545935623,50
E2_N16_snr-10,B,in,0.1,end,1.836715287925434,1.5994760804476407,50
E2_N16_snr-10,B,in,0.1,post,0.6240248535587191,0.08671183244929132,50
E2_N16_snr-10,B,in,0.1,pre,0.5946862236050179,0.0751534658958004,50
E2_N16_snr-10,B,in,0.3,all,0.5496842922329006,0.019854988090760167,50
E2_N16_snr-10,B,in,0.3,end,1.6489667064598867,1.4395083208323862,50
E2_N16_snr-10,B,in,0.3,post,0.5604655414245845,0.07789478771870285,50
E2_N16_snr-10,B,in,0.3,pre,0.5602086012032133,0.06508909819756538,50
E2_N16_snr-10,B,in,1.0,all,0.5037218070905368,0.02864357355323938,50
E2_N16_snr-10,B,in,1.0,end,1.2645827992691645,1.1058741226965068,50
E2_N16_snr-10,B,in,1.0,post,0.433123812118731,0.06152282542543425,50
E2_N16_snr-10,B,in,1.0,pre,0.5723521483400761,0.040236900790910066,50
E2_N16_snr-10,B,in,3.0,all,0.5407763095674185,0.05525993945666678,50
E2_N16_snr-10,B,in,3.0,end,0.8707336693169028,0.761459439998805,50
E2_N16_snr-10,B,in,3.0,post,0.3085488798584196,0.04717805085891592,50
E2_N16_snr-10,B,in,3.0,pre,0.6928106343665807,0.036081630481253096,50
E2_N16_snr-10,B,in,10.0,all,0.6210151922955961,0.07355827704700907,50
E2_N16_snr-10,B,in,10.0,end,0.5918058013416403,0.5381930419885066,50
E2_N16_snr-10,B,in,10.0,post,0.22841401622209243,0.04322601821230257,50
E2_N16_snr-10,B,in,10.0,pre,0.8345299322983217,0.03604020163422309,50
E2_N16_snr-10,B,in,30.0,all,0.6698303210853634,0.07917465090735945,50
E2_N16_snr-10,B,in,30.0,end,0.4731644485507347,0.4698418600863683,50
E2_N16_snr-10,B,in,30.0,post,0.200327008996616,0.044836902661312864,50
E2_N16_snr-10,B,in,30.0,pre,0.9101247694308339,0.031597411425288054,50
E2_N16_snr-10,B,in,100.0,all,0.6960524168860189,0.08115772841296597,50
E2_N16_snr-10,B,in,100.0,end,0.42478904410752927,0.4484994292275134,50
E2_N16_snr-10,B,in,100.0,post,0.19182425521457866,0.045607901572497125,50
E2_N16_snr-10,B,in,100.0,pre,0.9488623271952646,0.028252013271157256,50
E2_N16_snr-10,B,in,300.0,all,0.7060725209169928,0.08196986228969994,50
E2_N16_snr-10,B,in,300.0,end,0.41381169499630366,0.44342246320969314,50
E2_N16_snr-10,B,in,300.0,post,0.1907009938553456,0.04595309829605088,50
E2_N16_snr-10,B,in,300.0,pre,0.9632288268422933,0.027474020409337573,50
E2_N16_snr-10,B,in,1000.0,all,0.7101438065316644,0.08238005324919928,50
E2_N16_snr-10,B,in,1000.0,end,0.41178380573172274,0.44228041274289936,50
E2_N16_snr-10,B,in,1000.0,post,0.1907694621504565,0.0461445920590622,50
E2_N16_snr-10,B,in,1000.0,pre,0.9689690506408423,0.0275131390585506,50
E2_N16_snr-10,B,legs,0.0,all,0.6330714131370477,0.019854434988851644,50
E2_N16_snr-10,B,legs,0.0,end,1.9554254929848938,1.6993815307745206,50
E2_N16_snr-10,B,legs,0.0,post,0.6646008391371535,0.09268389197718968,50
E2_N16_snr-10,B,legs,0.0,pre,0.628462558058813,0.07948084969301533,50
E2_N16_snr-10,B,legs,0.01,all,0.6330714131370477,0.019854434988851644,50
E2_N16_snr-10,B,legs,0.01,end,1.9554254929848938,1.6993815307745206,50
E2_N16_snr-10,B,legs,0.01,post,0.6646008391371535,0.09268389197718968,50
E2_N16_snr-10,B,legs,0.01,pre,0.628462558058813,0.07948084969301533,50
E2_N16_snr-10,B,legs,0.03,all,0.6330714131370477,0.019854434988851644,50
E2_N16_snr-10,B,legs,0.03,end,1.9554254929848938,1.6993815307745206,50
E2_N16_snr-10,B,legs,0.03,post,0.6646008391371535,0.09268389197718968,50
E2_N16_snr-10,B,legs,0.03,pre,0.628462558058813,0.07948084969301533,50
E2_N16_snr-10,B,legs,0.1,all,0.6330714131370477,0.019854434988851644,50
E2_N16_snr-10,B,legs,0.1,end,1.9554254929848938,1.6993815307745206,50
E2_N16_snr-10,B,legs,0.1,post,0.6646008391371535,0.09268389197718968,50
E2_N16_snr-10,B,legs,0.1,pre,0.628462558058813,0.07948084969301533,50
E2_N16_snr-10,B,legs,0.3,all,0.6330714131370477,0.019854434988851644,50
E2_N16_snr-10,B,legs,0.3,end,1.9554254929848938,1.6993815307745206,50
E2_N16_snr-10,B,legs,0.3,post,0.6646008391371535,0.09268389197718968,50
E2_N16_snr-10,B,legs,0.3,pre,0.628462558058813,0.07948084969301533,50
E2_N16_snr-10,B,legs,1.0,all,0.6330714131370477,0.019854434988851644,50
E2_N16_snr-10,B,legs,1.0,end,1.9554254929848938,1.6993815307745206,50
E2_N16_snr-10,B,legs,1.0,post,0.6646008391371535,0.09268389197718968,50
E2_N16_snr-10,B,legs,1.0,pre,0.628462558058813,0.07948084969301533,50
E2_N16_snr-10,B,legs,3.0,all,0.6330714131370477,0.019854434988851644,50
E2_N16_snr-10,B,legs,3.0,end,1.9554254929848938,1.6993815307745206,50
E2_N16_snr-10,B,legs,3.0,post,0.6646008391371535,0.09268389197718968,50
E2_N16_snr-10,B,legs,3.0,pre,0.628462558058813,0.07948084969301533,50
E2_N16_snr-10,B,legs,10.0,all,0.6330714131370477,0.019854434988851644,50
E2_N16_snr-10,B,legs,10.0,end,1.9554254929848938,1.6993815307745206,50
E2_N16_snr-10,B,legs,10.0,post,0.6646008391371535,0.09268389197718968,50
E2_N16_snr-10,B,legs,10.0,pre,0.628462558058813,0.07948084969301533,50
E2_N16_snr-10,B,legs,30.0,all,0.6330714131370477,0.019854434988851644,50
E2_N16_snr-10,B,legs,30.0,end,1.9554254929848938,1.6993815307745206,50
E2_N16_snr-10,B,legs,30.0,post,0.6646008391371535,0.09268389197718968,50
E2_N16_snr-10,B,legs,30.0,pre,0.628462558058813,0.07948084969301533,50
E2_N16_snr-10,B,legs,100.0,all,0.6330714131370477,0.019854434988851644,50
E2_N16_snr-10,B,legs,100.0,end,1.9554254929848938,1.6993815307745206,50
E2_N16_snr-10,B,legs,100.0,post,0.6646008391371535,0.09268389197718968,50
E2_N16_snr-10,B,legs,100.0,pre,0.628462558058813,0.07948084969301533,50
E2_N16_snr-10,B,legs,300.0,all,0.6330714131370477,0.019854434988851644,50
E2_N16_snr-10,B,legs,300.0,end,1.9554254929848938,1.6993815307745206,50
E2_N16_snr-10,B,legs,300.0,post,0.6646008391371535,0.09268389197718968,50
E2_N16_snr-10,B,legs,300.0,pre,0.628462558058813,0.07948084969301533,50
E2_N16_snr-10,B,legs,1000.0,all,0.6330714131370477,0.019854434988851644,50
E2_N16_snr-10,B,legs,1000.0,end,1.9554254929848938,1.6993815307745206,50
E2_N16_snr-10,B,legs,1000.0,post,0.6646008391371535,0.09268389197718968,50
E2_N16_snr-10,B,legs,1000.0,pre,0.628462558058813,0.07948084969301533,50
E2_N16_snr-10,B,point,0.0,all,3.1613531911176618,0.01622145299842397,50
E2_N16_snr-10,B,point,0.0,end,4.570974739319002,3.727874038609218,50
E2_N16_snr-10,B,point,0.0,post,3.310524289366737,0.41128226788323635,50
E2_N16_snr-10,B,point,0.0,pre,3.1437068212041117,0.3641046011044611,50
E2_N16_snr-10,B,point,0.01,all,3.140515997603527,0.01674544575266436,50
E2_N16_snr-10,B,point,0.01,end,4.540997213580349,3.7036822138398313,50
E2_N16_snr-10,B,point,0.01,post,3.2886707293742834,0.40850411959202065,50
E2_N16_snr-10,B,point,0.01,pre,3.1230332036250865,0.3620758603230321,50
E2_N16_snr-10,B,point,0.03,all,3.099992111799602,0.018382112272374157,50
E2_N16_snr-10,B,point,0.03,end,4.4826260921808805,3.6565044341899093,50
E2_N16_snr-10,B,point,0.03,post,3.246141978909138,0.403142200730817,50
E2_N16_snr-10,B,point,0.03,pre,3.0828520131408736,0.3581308278667874,50
E2_N16_snr-10,B,point,0.1,all,2.969156317884006,0.02652977082737059,50
E2_N16_snr-10,B,point,0.1,end,4.29349729174127,3.502989916669941,50
E2_N16_snr-10,B,point,0.1,post,3.108559494649686,0.3861668148049775,50
E2_N16_snr-10,B,point,0.1,pre,2.953361305508312,0.3453604171125548,50
E2_N16_snr-10,B,point,0.3,all,2.669034339334626,0.04612971819790535,50
E2_N16_snr-10,B,point,0.3,end,3.855291610975358,3.1435271504229263,50
E2_N16_snr-10,B,point,0.3,post,2.7910541687509864,0.3486679204783798,50
E2_N16_snr-10,B,point,0.3,pre,2.6579930269858534,0.3153281779006306,50
E2_N16_snr-10,B,point,1.0,all,2.0728243912343234,0.06456801083617934,50
E2_N16_snr-10,B,point,1.0,end,2.959544996396348,2.39345249497043,50
E2_N16_snr-10,B,point,1.0,post,2.147578499835971,0.2750705473925151,50
E2_N16_snr-10,B,point,1.0,pre,2.0822959614118157,0.24735582481775964,50
E2_N16_snr-10,B,point,3.0,all,1.5018872509588252,0.053920749480354246,50
E2_N16_snr-10,B,point,3.0,end,2.038857541936618,1.609239311607429,50
E2_N16_snr-10,B,point,3.0,post,1.4934771017633517,0.19542783600763122,50
E2_N16_snr-10,B,point,3.0,pre,1.561824967967764,0.16288996928184046,50
E2_N16_snr-10,B,point,10.0,all,1.1496768792237104,0.05985458961204282,50
E2_N16_snr-10,B,point,10.0,end,1.3759371761256358,1.0600912949746992,50
E2_N16_snr-10,B,point,10.0,post,1.0257353712059833,0.14037101115498407,50
E2_N16_snr-10,B,point,10.0,pre,1.2830728334643213,0.10386078881376683,50
E2_N16_snr-10,B,point,30.0,all,1.034288720566003,0.06370450001769049,50
E2_N16_snr-10,B,point,30.0,end,1.091975115220528,0.8231126561777397,50
E2_N16_snr-10,B,point,30.0,post,0.8310147498202347,0.11654347222899233,50
E2_N16_snr-10,B,point,30.0,pre,1.2123636307529364,0.08075656325853935,50
E2_N16_snr-10,B,point,100.0,all,1.0037264354543352,0.06057117364876487,50
E2_N16_snr-10,B,point,100.0,end,0.9792136032924591,0.7010319929531702,50
E2_N16_snr-10,B,point,100.0,post,0.7602832915907467,0.10075487077741066,50
E2_N16_snr-10,B,point,100.0,pre,1.2026985378922561,0.07021504131846906,50
E2_N16_snr-10,B,point,300.0,all,1.0017204804814162,0.060437749839085265,50
E2_N16_snr-10,B,point,300.0,end,0.9541074156698359,0.6642835706318049,50
E2_N16_snr-10,B,point,300.0,post,0.7463047964705953,0.09716433402165547,50
E2_N16_snr-10,B,point,300.0,pre,1.2069836401091745,0.06809573349650713,50
E2_N16_snr-10,B,point,1000.0,all,1.0031596407704058,0.06067176356463752,50
E2_N16_snr-10,B,point,1000.0,end,0.949519785697162,0.6565128155490849,50
E2_N16_snr-10,B,point,1000.0,post,0.7439499427170573,0.09663744897080133,50
E2_N16_snr-10,B,point,1000.0,pre,1.210527045675186,0.06759992439963806,50
E2_N16_snr0,A,cur,0.0,all,0.2556394125215163,0.03208489037691841,50
E2_N16_snr0,A,cur,0.0,end,0.63261511873283,0.5405532450807269,50
E2_N16_snr0,A,cur,0.0,post,0.2719104650950472,0.05479907775058419,50
E2_N16_snr0,A,cur,0.0,pre,0.2504570366182761,0.049497966352694406,50
E2_N16_snr0,A,cur,0.01,all,0.2546255656017004,0.03220054975609687,50
E2_N16_snr0,A,cur,0.01,end,0.6285705629875263,0.5371717793590747,50
E2_N16_snr0,A,cur,0.01,post,0.2704656688893281,0.05460398513103319,50
E2_N16_snr0,A,cur,0.01,pre,0.249832394203191,0.04959959743688489,50
E2_N16_snr0,A,cur,0.03,all,0.25300708979495257,0.03236270910868798,50
E2_N16_snr0,A,cur,0.03,end,0.6206952808490313,0.5305759275961699,50
E2_N16_snr0,A,cur,0.03,post,0.26765940102406505,0.05422997010235314,50
E2_N16_snr0,A,cur,0.03,pre,0.2493020938930631,0.0496384739859959,50
E2_N16_snr0,A,cur,0.1,all,0.2510572675110657,0.03232066581733347,50
E2_N16_snr0,A,cur,0.1,end,0.5951812734933175,0.5091020173988625,50
E2_N16_snr0,A,cur,0.1,post,0.2586324697386097,0.05307077270259611,50
E2_N16_snr0,A,cur,0.1,pre,0.25375987722008414,0.04841522033715686,50
E2_N16_snr0,A,cur,0.3,all,0.2653764306402029,0.030598994610854087,50
E2_N16_snr0,A,cur,0.3,end,0.536109685866883,0.4587877937525122,50
E2_N16_snr0,A,cur,0.3,post,0.23813999660078322,0.05068921793322808,50
E2_N16_snr0,A,cur,0.3,pre,0.29540167480959617,0.04153128632409421,50
E2_N16_snr0,A,cur,1.0,all,0.3552825052413748,0.039198099538570175,50
E2_N16_snr0,A,cur,1.0,end,0.4159397893992353,0.3540998473333001,50
E2_N16_snr0,A,cur,1.0,post,0.19854714454558675,0.047175697210939685,50
E2_N16_snr0,A,cur,1.0,pre,0.45681741600070247,0.03651552638550298,50
E2_N16_snr0,A,cur,3.0,all,0.493902548345902,0.058905620196359226,50
E2_N16_snr0,A,cur,3.0,end,0.29492099526818877,0.24668968865484342,50
E2_N16_snr0,A,cur,3.0,post,0.1624812004483781,0.04585524584004789,50
E2_N16_snr0,A,cur,3.0,pre,0.6680395846028366,0.03883285204131643,50
E2_N16_snr0,A,cur,10.0,all,0.613862779215913,0.07170424739093675,50
E2_N16_snr0,A,cur,10.0,end,0.21246061177322736,0.17760284524610395,50
E2_N16_snr0,A,cur,10.0,post,0.1410368937173377,0.04689765197268015,50
E2_N16_snr0,A,cur,10.0,pre,0.8415627767207425,0.03422151562992803,50
E2_N16_snr0,A,cur,30.0,all,0.6723524564014864,0.07623332567036953,50
E2_N16_snr0,A,cur,30.0,end,0.17956701416059392,0.15570554470052372,50
E2_N16_snr0,A,cur,30.0,post,0.13366680719361929,0.04780804427615838,50
E2_N16_snr0,A,cur,30.0,pre,0.9248462194453215,0.02758091703542515,50
E2_N16_snr0,A,cur,100.0,all,0.7012432660389142,0.07812622109604025,50
E2_N16_snr0,A,cur,100.0,end,0.16676069444338842,0.14813960703796852,50
E2_N16_snr0,A,cur,100.0,post,0.1312223949233034,0.04809224233512784,50
E2_N16_snr0,A,cur,100.0,pre,0.9657277487898055,0.022865263476318204,50
E2_N16_snr0,A,cur,300.0,all,0.7116938258151839,0.07898351544673658,50
E2_N16_snr0,A,cur,300.0,end,0.16384265350684693,0.14628910548932403,50
E2_N16_snr0,A,cur,300.0,post,0.13074783942329268,0.048132654333144495,50
E2_N16_snr0,A,cur,300.0,pre,0.9804404051642657,0.021703993543848447,50
E2_N16_snr0,A,cur,1000.0,all,0.7158118620236118,0.07941971586002922,50
E2_N16_snr0,A,cur,1000.0,end,0.16330318575824268,0.14591751950348436,50
E2_N16_snr0,A,cur,1000.0,post,0.13066769308694054,0.04813872949963792,50
E2_N16_snr0,A,cur,1000.0,pre,0.9862192202593366,0.02168602915880236,50
E2_N16_snr0,A,hist,0.0,all,0.2556394125215163,0.032084890376918355,50
E2_N16_snr0,A,hist,0.0,end,0.6326151187328305,0.5405532450807278,50
E2_N16_snr0,A,hist,0.0,post,0.27191046509504724,0.05479907775058412,50
E2_N16_snr0,A,hist,0.0,pre,0.2504570366182761,0.04949796635269437,50
E2_N16_snr0,A,hist,0.01,all,0.2545923134032029,0.03220110148336225,50
E2_N16_snr0,A,hist,0.01,end,0.6286541718876,0.5371707683584813,50
E2_N16_snr0,A,hist,0.01,post,0.27081595545692627,0.05479806350262959,50
E2_N16_snr0,A,hist,0.01,pre,0.2494069222482611,0.04950824483318281,50
E2_N16_snr0,A,hist,0.03,all,0.252563126656086,0.032431146983916415,50
E2_N16_snr0,A,hist,0.03,end,0.6209408953153386,0.5305704726483343,50
E2_N16_snr0,A,hist,0.03,post,0.2686944158342086,0.0548021115063853,50
E2_N16_snr0,A,hist,0.03,pre,0.24737200161185752,0.04953098732514893,50
E2_N16_snr0,A,hist,0.1,all,0.24608061483162819,0.03320952319507976,50
E2_N16_snr0,A,hist,0.1,end,0.5959429665528584,0.5090572678086526,50
E2_N16_snr0,A,hist,0.1,post,0.2619119200639101,0.05486829041609389,50
E2_N16_snr0,A,hist,0.1,pre,0.2408729172664456,0.04962937069412714,50
E2_N16_snr0,A,hist,0.3,all,0.2316775539559547,0.03519875802740163,50
E2_N16_snr0,A,hist,0.3,end,0.5379852868440749,0.4584612546614371,50
E2_N16_snr0,A,hist,0.3,post,0.24680232042674322,0.055310153337608706,50
E2_N16_snr0,A,hist,0.3,pre,0.2264571828488924,0.05000389548907419,50
E2_N16_snr0,A,hist,1.0,all,0.20606427225694118,0.04022225725322602,50
E2_N16_snr0,A,hist,1.0,end,0.4192554676574594,0.3516059612824802,50
E2_N16_snr0,A,hist,1.0,post,0.2195918493390605,0.05725403259525056,50
E2_N16_snr0,A,hist,1.0,pre,0.2011650646243528,0.05151931127062138,50
E2_N16_snr0,A,hist,3.0,all,0.1915619843454354,0.04861199030508368,50
E2_N16_snr0,A,hist,3.0,end,0.2973011869589902,0.2361457955704546,50
E2_N16_snr0,A,hist,3.0,post,0.2027006965749505,0.060748550236936226,50
E2_N16_snr0,A,hist,3.0,pre,0.1886239809430007,0.05578555485365961,50
E2_N16_snr0,A,hist,10.0,all,0.21044902991030146,0.0637644116694895,50
E2_N16_snr0,A,hist,10.0,end,0.22662814907439402,0.16410984431591402,50
E2_N16_snr0,A,hist,10.0,post,0.21753446265243429,0.06986958367508427,50
E2_N16_snr0,A,hist,10.0,pre,0.211512220050108,0.07031708877801628,50
E2_N16_snr0,A,hist,30.0,all,0.24771324351056914,0.07878702231982762,50
E2_N16_snr0,A,hist,30.0,end,0.23128742758932755,0.17178340156122537,50
E2_N16_snr0,A,hist,30.0,post,0.2508651808743071,0.08399223078572576,50
E2_N16_snr0,A,hist,30.0,pre,0.25118899950172413,0.08943957503308354,50
E2_N16_snr0,A,hist,100.0,all,0.282680910148958,0.08731587494789586,50
E2_N16_snr0,A,hist,100.0,end,0.2243447447236743,0.17938499007177516,50
E2_N16_snr0,A,hist,100.0,post,0.2835102860719109,0.0927435688315903,50
E2_N16_snr0,A,hist,100.0,pre,0.28706303269846517,0.10236223115477812,50
E2_N16_snr0,A,hist,300.0,all,0.3191187893820821,0.08657836683702629,50
E2_N16_snr0,A,hist,300.0,end,0.20657605011578778,0.17427084324046713,50
E2_N16_snr0,A,hist,300.0,post,0.3190030740095962,0.09099618327757461,50
E2_N16_snr0,A,hist,300.0,pre,0.32296569595306274,0.10617984136426725,50
E2_N16_snr0,A,hist,1000.0,all,0.3743988542711728,0.08793889212032162,50
E2_N16_snr0,A,hist,1000.0,end,0.27093980439174137,0.24141086872162018,50
E2_N16_snr0,A,hist,1000.0,post,0.37263464000024754,0.09462026505242342,50
E2_N16_snr0,A,hist,1000.0,pre,0.3762132436145456,0.11420638523769018,50
E2_N16_snr0,A,in,0.0,all,0.25563941252135053,0.03208489037694815,50
E2_N16_snr0,A,in,0.0,end,0.6326151187327393,0.5405532450806542,50
E2_N16_snr0,A,in,0.0,post,0.27191046509502464,0.05479907775058486,50
E2_N16_snr0,A,in,0.0,pre,0.25045703661796537,0.04949796635267483,50
E2_N16_snr0,A,in,0.01,all,0.254591094972418,0.03220151429500058,50
E2_N16_snr0,A,in,0.01,end,0.6286515743424893,0.5371751445904712,50
E2_N16_snr0,A,in,0.01,post,0.2708138195808195,0.05479970231529033,50
E2_N16_snr0,A,in,0.01,pre,0.24940685499141807,0.04950540836000304,50
E2_N16_snr0,A,in,0.03,all,0.2525577521900293,0.03243127848801016,50
E2_N16_snr0,A,in,0.03,end,0.6209355057211797,0.5305861048967525,50
E2_N16_snr0,A,in,0.03,post,0.26868678690790954,0.054807147964791685,50
E2_N16_snr0,A,in,0.03,pre,0.24736944326163518,0.04952241592402843,50
E2_N16_snr0,A,in,0.1,all,0.2460434515791786,0.03319793799029192,50
E2_N16_snr0,A,in,0.1,end,0.5959514652173832,0.5091370581440823,50
E2_N16_snr0,A,in,0.1,post,0.2618726397781834,0.05488647056766304,50
E2_N16_snr0,A,in,0.1,pre,0.24083800133032487,0.04960015970050739,50
E2_N16_snr0,A,in,0.3,all,0.23141927880090787,0.03507925695709279,50
E2_N16_snr0,A,in,0.3,end,0.538203363542996,0.4589046329566084,50
E2_N16_snr0,A,in,0.3,post,0.2465752672095738,0.05537591100314885,50
E2_N16_snr0,A,in,0.3,pre,0.226151286441161,0.04991177946365816,50
E2_N16_snr0,A,in,1.0,all,0.20396775547206414,0.03922441617001419,50
E2_N16_snr0,A,in,1.0,end,0.4213370990259763,0.3546130780554583,50
E2_N16_snr0,A,in,1.0,post,0.2178413497794743,0.057544503333886214,50
E2_N16_snr0,A,in,1.0,pre,0.1984758954060402,0.051133640719965116,50
E2_N16_snr0,A,in,3.0,all,0.1802529328595046,0.043740886032022315,50
E2_N16_snr0,A,in,3.0,end,0.3052839043694419,0.24852914372770704,50
E2_N16_snr0,A,in,3.0,post,0.19296311321116402,0.06110054064970809,50
E2_N16_snr0,A,in,3.0,pre,0.1743978329771776,0.053275397153241505,50
E2_N16_snr0,A,in,10.0,all,0.16703430681430018,0.047022114129546724,50
E2_N16_snr0,A,in,10.0,end,0.2286221943229689,0.18192553378338708,50
E2_N16_snr0,A,in,10.0,post,0.17904565925587385,0.06425791537432991,50
E2_N16_snr0,A,in,10.0,pre,0.1608433053337108,0.05532288194566908,50
E2_N16_snr0,A,in,30.0,all,0.16271396854115575,0.04831019951637647,50
E2_N16_snr0,A,in,30.0,end,0.19940677020297595,0.16161443162684896,50
E2_N16_snr0,A,in,30.0,post,0.174450576954187,0.0656594805045836,50
E2_N16_snr0,A,in,30.0,pre,0.15640146403111735,0.056210394135129405,50
E2_N16_snr0,A,in,100.0,all,0.16131964542813912,0.04876558086551008,50
E2_N16_snr0,A,in,100.0,end,0.18844056725172945,0.1549128358811903,50
E2_N16_snr0,A,in,100.0,post,0.17293782770058028,0.06617368383136796,50
E2_N16_snr0,A,in,100.0,pre,0.15499289658313256,0.05654538318664527,50
E2_N16_snr0,A,in,300.0,all,0.16105379194930466,0.04886186712693119,50
E2_N16_snr0,A,in,300.0,end,0.18597585940482947,0.1532436619120438,50
E2_N16_snr0,A,in,300.0,post,0.17264222155059986,0.06628284817051416,50
E2_N16_snr0,A,in,300.0,pre,0.15473338838816642,0.056616688653278825,50
E2_N16_snr0,A,in,1000.0,all,0.16100913486127205,0.04887934262797508,50
E2_N16_snr0,A,in,1000.0,end,0.18550780358021762,0.15281657405710314,50
E2_N16_snr0,A,in,1000.0,post,0.17259078768191596,0.06630685534315771,50
E2_N16_snr0,A,in,1000.0,pre,0.15469228688703224,0.056625877687421555,50
E2_N16_snr0,A,legs,0.0,all,0.25563941252151623,0.032084890376918404,50
E2_N16_snr0,A,legs,0.0,end,0.63261511873283,0.540553245080727,50
E2_N16_snr0,A,legs,0.0,post,0.2719104650950472,0.05479907775058419,50
E2_N16_snr0,A,legs,0.0,pre,0.2504570366182761,0.04949796635269444,50
E2_N16_snr0,A,legs,0.01,all,0.25563941252151623,0.032084890376918404,50
E2_N16_snr0,A,legs,0.01,end,0.63261511873283,0.540553245080727,50
E2_N16_snr0,A,legs,0.01,post,0.2719104650950472,0.05479907775058419,50
E2_N16_snr0,A,legs,0.01,pre,0.2504570366182761,0.04949796635269444,50
E2_N16_snr0,A,legs,0.03,all,0.25563941252151623,0.032084890376918404,50
E2_N16_snr0,A,legs,0.03,end,0.63261511873283,0.540553245080727,50
E2_N16_snr0,A,legs,0.03,post,0.2719104650950472,0.05479907775058419,50
E2_N16_snr0,A,legs,0.03,pre,0.2504570366182761,0.04949796635269444,50
E2_N16_snr0,A,legs,0.1,all,0.25563941252151623,0.032084890376918404,50
E2_N16_snr0,A,legs,0.1,end,0.63261511873283,0.540553245080727,50
E2_N16_snr0,A,legs,0.1,post,0.2719104650950472,0.05479907775058419,50
E2_N16_snr0,A,legs,0.1,pre,0.2504570366182761,0.04949796635269444,50
E2_N16_snr0,A,legs,0.3,all,0.25563941252151623,0.032084890376918404,50
E2_N16_snr0,A,legs,0.3,end,0.63261511873283,0.540553245080727,50
E2_N16_snr0,A,legs,0.3,post,0.2719104650950472,0.05479907775058419,50
E2_N16_snr0,A,legs,0.3,pre,0.2504570366182761,0.04949796635269444,50
E2_N16_snr0,A,legs,1.0,all,0.25563941252151623,0.032084890376918404,50
E2_N16_snr0,A,legs,1.0,end,0.63261511873283,0.540553245080727,50
E2_N16_snr0,A,legs,1.0,post,0.2719104650950472,0.05479907775058419,50
E2_N16_snr0,A,legs,1.0,pre,0.2504570366182761,0.04949796635269444,50
E2_N16_snr0,A,legs,3.0,all,0.25563941252151623,0.032084890376918404,50
E2_N16_snr0,A,legs,3.0,end,0.63261511873283,0.540553245080727,50
E2_N16_snr0,A,legs,3.0,post,0.2719104650950472,0.05479907775058419,50
E2_N16_snr0,A,legs,3.0,pre,0.2504570366182761,0.04949796635269444,50
E2_N16_snr0,A,legs,10.0,all,0.25563941252151623,0.032084890376918404,50
E2_N16_snr0,A,legs,10.0,end,0.63261511873283,0.540553245080727,50
E2_N16_snr0,A,legs,10.0,post,0.2719104650950472,0.05479907775058419,50
E2_N16_snr0,A,legs,10.0,pre,0.2504570366182761,0.04949796635269444,50
E2_N16_snr0,A,legs,30.0,all,0.25563941252151623,0.032084890376918404,50
E2_N16_snr0,A,legs,30.0,end,0.63261511873283,0.540553245080727,50
E2_N16_snr0,A,legs,30.0,post,0.2719104650950472,0.05479907775058419,50
E2_N16_snr0,A,legs,30.0,pre,0.2504570366182761,0.04949796635269444,50
E2_N16_snr0,A,legs,100.0,all,0.25563941252151623,0.032084890376918404,50
E2_N16_snr0,A,legs,100.0,end,0.63261511873283,0.540553245080727,50
E2_N16_snr0,A,legs,100.0,post,0.2719104650950472,0.05479907775058419,50
E2_N16_snr0,A,legs,100.0,pre,0.2504570366182761,0.04949796635269444,50
E2_N16_snr0,A,legs,300.0,all,0.25563941252151623,0.032084890376918404,50
E2_N16_snr0,A,legs,300.0,end,0.63261511873283,0.540553245080727,50
E2_N16_snr0,A,legs,300.0,post,0.2719104650950472,0.05479907775058419,50
E2_N16_snr0,A,legs,300.0,pre,0.2504570366182761,0.04949796635269444,50
E2_N16_snr0,A,legs,1000.0,all,0.25563941252151623,0.032084890376918404,50
E2_N16_snr0,A,legs,1000.0,end,0.63261511873283,0.540553245080727,50
E2_N16_snr0,A,legs,1000.0,post,0.2719104650950472,0.05479907775058419,50
E2_N16_snr0,A,legs,1000.0,pre,0.2504570366182761,0.04949796635269444,50
E2_N16_snr0,A,point,0.0,all,0.9997644691722516,0.005130939323761776,50
E2_N16_snr0,A,point,0.0,end,1.4455326608687684,1.1788918495093585,50
E2_N16_snr0,A,point,0.0,post,1.0469357214160455,0.13005465106712766,50
E2_N16_snr0,A,point,0.0,pre,0.9941848404985919,0.11513653770973523,50
E2_N16_snr0,A,point,0.01,all,0.9931727139021469,0.005296766032094486,50
E2_N16_snr0,A,point,0.01,end,1.4360533525893167,1.1712419506896858,50
E2_N16_snr0,A,point,0.01,post,1.0400253876879524,0.1291761236275224,50
E2_N16_snr0,A,point,0.01,pre,0.9876419014211141,0.11449300293148194,50
E2_N16_snr0,A,point,0.03,all,0.9803442225122069,0.005815804907877822,50
E2_N16_snr0,A,point,0.03,end,1.4175956125231974,1.1563234800697155,50
E2_N16_snr0,A,point,0.03,post,1.0265773479555786,0.12748053508263404,50
E2_N16_snr0,A,point,0.03,pre,0.9749077909793766,0.11324467169994809,50
E2_N16_snr0,A,point,0.1,all,0.9388397710214907,0.008416638628876726,50
E2_N16_snr0,A,point,0.1,end,1.357790674715719,1.1077794882907936,50
E2_N16_snr0,A,point,0.1,post,0.9830724536461714,0.12211243102692806,50
E2_N16_snr0,A,point,0.1,pre,0.9337031263548273,0.1092344001036965,50
E2_N16_snr0,A,point,0.3,all,0.8430377828671521,0.014797616822049726,50
E2_N16_snr0,A,point,0.3,end,1.2192255089155661,0.9941116495947055,50
E2_N16_snr0,A,point,0.3,post,0.8826751963114375,0.1102541123934989,50
E2_N16_snr0,A,point,0.3,pre,0.8385616301032077,0.10002291649689475,50
E2_N16_snr0,A,point,1.0,all,0.6488073262835589,0.021523546912994622,50
E2_N16_snr0,A,point,1.0,end,0.9359880635842983,0.7569304304885264,50
E2_N16_snr0,A,point,1.0,post,0.6792101684695478,0.08697972378605254,50
E2_N16_snr0,A,point,1.0,pre,0.6455472243866995,0.08043652450931497,50
E2_N16_snr0,A,point,3.0,all,0.4513240260628708,0.018790590599904403,50
E2_N16_snr0,A,point,3.0,end,0.6448844241526369,0.5089679892388593,50
E2_N16_snr0,A,point,3.0,post,0.4724029612334579,0.06179185737304723,50
E2_N16_snr0,A,point,3.0,pre,0.4491749225751194,0.05783073647451327,50
E2_N16_snr0,A,point,10.0,all,0.31013915061469444,0.018275757581756064,50
E2_N16_snr0,A,point,10.0,end,0.4353186429725582,0.3353543715075765,50
E2_N16_snr0,A,point,10.0,post,0.3245471809102544,0.044373739023181036,50
E2_N16_snr0,A,point,10.0,pre,0.3087491377653949,0.04256813203027917,50
E2_N16_snr0,A,point,30.0,all,0.25134476210060963,0.017563722028953916,50
E2_N16_snr0,A,point,30.0,end,0.34557916355144236,0.26044696143315466,50
E2_N16_snr0,A,point,30.0,post,0.2630144285950352,0.036829124042038544,50
E2_N16_snr0,A,point,30.0,pre,0.2502209374230788,0.036803097983451,50
E2_N16_snr0,A,point,100.0,all,0.22997997274905135,0.014194499370689374,50
E2_N16_snr0,A,point,100.0,end,0.3099532387800153,0.22186628730785718,50
E2_N16_snr0,A,point,100.0,post,0.2406680736659208,0.031832141744335206,50
E2_N16_snr0,A,point,100.0,pre,0.22891816496597475,0.03401386954537568,50
E2_N16_snr0,A,point,300.0,all,0.22576245671674006,0.013703505446229555,50
E2_N16_snr0,A,point,300.0,end,0.3020219234557488,0.21025523727645726,50
E2_N16_snr0,A,point,300.0,post,0.23625217289935935,0.03069644425615436,50
E2_N16_snr0,A,point,300.0,pre,0.22470478155143478,0.03370879123794678,50
E2_N16_snr0,A,point,1000.0,all,0.22505272902376142,0.013717945210477969,50
E2_N16_snr0,A,point,1000.0,end,0.30057264857210286,0.20780018760958605,50
E2_N16_snr0,A,point,1000.0,post,0.23550826399892902,0.03052989407718914,50
E2_N16_snr0,A,point,1000.0,pre,0.22399466921044664,0.033705957212063424,50
E2_N16_snr0,B,cur,0.0,all,0.20040135387734762,0.00624032645604691,50
E2_N16_snr0,B,cur,0.0,end,0.6186375968773661,0.5371555841537757,50
E2_N16_snr0,B,cur,0.0,post,0.21039959667223904,0.0293195825054139,50
E2_N16_snr0,B,cur,0.0,pre,0.1989320228229727,0.025185607479670254,50
E2_N16_snr0,B,cur,0.01,all,0.19908175984410395,0.006211085685678607,50
E2_N16_snr0,B,cur,0.01,end,0.6145939483247442,0.5337731663224603,50
E2_N16_snr0,B,cur,0.01,post,0.20901027325315727,0.029108818435025927,50
E2_N16_snr0,B,cur,0.01,pre,0.19762628190259396,0.02505152513723297,50
E2_N16_snr0,B,cur,0.03,all,0.1965135787274544,0.006162685001519296,50
E2_N16_snr0,B,cur,0.03,end,0.6067184835436219,0.5271744251204666,50
E2_N16_snr0,B,cur,0.03,post,0.20630631691034917,0.028701869433982428,50
E2_N16_snr0,B,cur,0.03,pre,0.1950850503776629,0.02479081135613496,50
E2_N16_snr0,B,cur,0.1,all,0.18820403821220336,0.006074026870330033,50
E2_N16_snr0,B,cur,0.1,end,0.5811850396758452,0.5056811495151199,50
E2_N16_snr0,B,cur,0.1,post,0.1975568328178071,0.027412710553680955,50
E2_N16_snr0,B,cur,0.1,pre,0.18686260998452425,0.023947994009005942,50
E2_N16_snr0,B,cur,0.3,all,0.1690195050995272,0.00612721238598664,50
E2_N16_snr0,B,cur,0.3,end,0.5219383390112956,0.4552532442830538,50
E2_N16_snr0,B,cur,0.3,post,0.1773528175499765,0.024571576124739054,50
E2_N16_snr0,B,cur,0.3,pre,0.1678785227571144,0.021986832412198554,50
E2_N16_snr0,B,cur,1.0,all,0.13010214096046122,0.006265101418438394,50
E2_N16_snr0,B,cur,1.0,end,0.4005722525146458,0.3498947951714087,50
E2_N16_snr0,B,cur,1.0,post,0.1363552063746751,0.019150675539984615,50
E2_N16_snr0,B,cur,1.0,pre,0.12935848603408004,0.017771839181205316,50
E2_N16_snr0,B,cur,3.0,all,0.09050991253495758,0.005576249107346861,50
E2_N16_snr0,B,cur,3.0,end,0.27603516160628855,0.24065961835731178,50
E2_N16_snr0,B,cur,3.0,post,0.09469368950124805,0.01385009253813287,50
E2_N16_snr0,B,cur,3.0,pre,0.09008532026095281,0.012991818739285297,50
E2_N16_snr0,B,cur,10.0,all,0.06225823510686218,0.005831753835741869,50
E2_N16_snr0,B,cur,10.0,end,0.18760737905861327,0.1693125215241392,50
E2_N16_snr0,B,cur,10.0,post,0.065259369930329,0.011077497041531662,50
E2_N16_snr0,B,cur,10.0,pre,0.061734839413142464,0.010038254577635866,50
E2_N16_snr0,B,cur,30.0,all,0.05050398935167626,0.0063110166421583595,50
E2_N16_snr0,B,cur,30.0,end,0.14997088480323378,0.14719694772090416,50
E2_N16_snr0,B,cur,30.0,post,0.05329642412319254,0.010481890722521732,50
E2_N16_snr0,B,cur,30.0,pre,0.04962596816713836,0.009487077806447503,50
E2_N16_snr0,B,cur,100.0,all,0.046179899217779236,0.006257852952445846,50
E2_N16_snr0,B,cur,100.0,end,0.13460164728492943,0.14001877295028117,50
E2_N16_snr0,B,cur,100.0,post,0.04896981004206232,0.009980705685038605,50
E2_N16_snr0,B,cur,100.0,pre,0.04507175926664433,0.009511994858789473,50
E2_N16_snr0,B,cur,300.0,all,0.04531055752217183,0.0062677326716554,50
E2_N16_snr0,B,cur,300.0,end,0.13113673803826695,0.13823950386926862,50
E2_N16_snr0,B,cur,300.0,post,0.04809728011898457,0.009828828708847551,50
E2_N16_snr0,B,cur,300.0,pre,0.044152356357918254,0.00960494930723129,50
E2_N16_snr0,B,cur,1000.0,all,0.04516267443939673,0.006277716168627916,50
E2_N16_snr0,B,cur,1000.0,end,0.1305118030026798,0.1378723833284617,50
E2_N16_snr0,B,cur,1000.0,post,0.04794733529584359,0.009802628937439058,50
E2_N16_snr0,B,cur,1000.0,pre,0.04399687352459037,0.009630338799843742,50
E2_N16_snr0,B,hist,0.0,all,0.20040135387734764,0.006240326456046906,50
E2_N16_snr0,B,hist,0.0,end,0.6186375968773661,0.5371555841537752,50
E2_N16_snr0,B,hist,0.0,post,0.21039959667223906,0.029319582505413905,50
E2_N16_snr0,B,hist,0.0,pre,0.19893202282297273,0.025185607479670226,50
E2_N16_snr0,B,hist,0.01,all,0.19917951400392117,0.00625117952903978,50
E2_N16_snr0,B,hist,0.01,end,0.6145949748950935,0.5337738937158871,50
E2_N16_snr0,B,hist,0.01,post,0.20902744253367367,0.029114987523873034,50
E2_N16_snr0,B,hist,0.01,pre,0.19780234850373724,0.02506071646688721,50
E2_N16_snr0,B,hist,0.03,all,0.1972371463903605,0.00628294993324518,50
E2_N16_snr0,B,hist,0.03,end,0.6067231921936161,0.5271762898090055,50
E2_N16_snr0,B,hist,0.03,post,0.20636922872798588,0.028723248700148564,50
E2_N16_snr0,B,hist,0.03,pre,0.1964337058052427,0.024669788168838306,50
E2_N16_snr0,B,hist,0.1,all,0.19504294940282585,0.006634851632383615,50
E2_N16_snr0,B,hist,0.1,end,0.5812174742606114,0.5056828045370703,50
E2_N16_snr0,B,hist,0.1,post,0.19789093577541678,0.027514535545149432,50
E2_N16_snr0,B,hist,0.1,pre,0.19960374937263126,0.022239739063742246,50
E2_N16_snr0,B,hist,0.3,all,0.2133081011483527,0.013807745300243543,50
E2_N16_snr0,B,hist,0.3,end,0.5221337218422886,0.45520418923352884,50
E2_N16_snr0,B,hist,0.3,post,0.17923558378401355,0.02509753500520756,50
E2_N16_snr0,B,hist,0.3,pre,0.24490347854295458,0.017696800359208228,50
E2_N16_snr0,B,hist,1.0,all,0.3190006639217892,0.04068877026296218,50
E2_N16_snr0,B,hist,1.0,end,0.40153848196170605,0.34896859035825006,50
E2_N16_snr0,B,hist,1.0,post,0.14844306311976094,0.02326204785846013,50
E2_N16_snr0,B,hist,1.0,pre,0.4198311745296515,0.03168797104158925,50
E2_N16_snr0,B,hist,3.0,all,0.4731775674120189,0.06281574492322589,50
E2_N16_snr0,B,hist,3.0,end,0.2790810301708329,0.234459615874427,50
E2_N16_snr0,B,hist,3.0,post,0.14114111239503097,0.03396298044698169,50
E2_N16_snr0,B,hist,3.0,pre,0.6422731836315515,0.03960841918886455,50
E2_N16_snr0,B,hist,10.0,all,0.6082593678756011,0.07349730006246,50
E2_N16_snr0,B,hist,10.0,end,0.21198115449762286,0.16052604272383855,50
E2_N16_snr0,B,hist,10.0,post,0.1826604928467464,0.05783034248645235,50
E2_N16_snr0,B,hist,10.0,pre,0.8248412629631328,0.03534865329139155,50
E2_N16_snr0,B,hist,30.0,all,0.6797318551948557,0.0752524224632704,50
E2_N16_snr0,B,hist,30.0,end,0.22355588392367676,0.16687469116934267,50
E2_N16_snr0,B,hist,30.0,post,0.23535152013965938,0.07919277643402324,50
E2_N16_snr0,B,hist,30.0,pre,0.9141826612492032,0.027966614488090985,50
E2_N16_snr0,B,hist,100.0,all,0.7187116714492501,0.0746925708366239,50
E2_N16_snr0,B,hist,100.0,end,0.2207353218782647,0.17622808897456552,50
E2_N16_snr0,B,hist,100.0,post,0.27789960329319063,0.09118426645600466,50
E2_N16_snr0,B,hist,100.0,pre,0.9588126432104994,0.022332489634125315,50
E2_N16_snr0,B,hist,300.0,all,0.7377283731893969,0.07250637581220501,50
E2_N16_snr0,B,hist,300.0,end,0.20441503025438965,0.1719631232967996,50
E2_N16_snr0,B,hist,300.0,post,0.3168519457070613,0.09049609314492739,50
E2_N16_snr0,B,hist,300.0,pre,0.9751889280735746,0.020377009284265325,50
E2_N16_snr0,B,hist,1000.0,all,0.7555109842468853,0.0679241403204977,50
E2_N16_snr0,B,hist,1000.0,end,0.26995057300805153,0.2404305934717736,50
E2_N16_snr0,B,hist,1000.0,post,0.3719128632191987,0.09446497112454448,50
E2_N16_snr0,B,hist,1000.0,pre,0.9823281003346807,0.01913496848433296,50
E2_N16_snr0,B,in,0.0,all,0.20040135387715946,0.006240326456010287,50
E2_N16_snr0,B,in,0.0,end,0.6186375968772654,0.5371555841536959,50
E2_N16_snr0,B,in,0.0,post,0.2103995966722239,0.02931958250541035,50
E2_N16_snr0,B,in,0.0,pre,0.19893202282261072,0.025185607479590803,50
E2_N16_snr0,B,in,0.01,all,0.1991790850495562,0.006251694364321316,50
E2_N16_snr0,B,in,0.01,end,0.6145902829678621,0.5337674004010386,50
E2_N16_snr0,B,in,0.01,post,0.2090256265868554,0.029114505643934103,50
E2_N16_snr0,B,in,0.01,pre,0.19780316270183831,0.025061368976470006,50
E2_N16_snr0,B,in,0.03,all,0.19723575951569672,0.006284413536891059,50
E2_N16_snr0,B,in,0.03,end,0.6067101927022146,0.5271584873980644,50
E2_N16_snr0,B,in,0.03,post,0.20636415290680118,0.028721848076730647,50
E2_N16_snr0,B,in,0.03,pre,0.19643552239244388,0.02467114515003938,50
E2_N16_snr0,B,in,0.1,all,0.19502940421746692,0.006638591451112857,50
E2_N16_snr0,B,in,0.1,end,0.5811859763915073,0.5056423858713616,50
E2_N16_snr0,B,in,0.1,post,0.1978736043980408,0.027509417455335822,50
E2_N16_snr0,B,in,0.1,pre,0.1995919041234801,0.022238743298719457,50
E2_N16_snr0,B,in,0.3,all,0.2131078013033246,0.013804561364577394,50
E2_N16_snr0,B,in,0.3,end,0.5221274323829493,0.45523056621212366,50
E2_N16_snr0,B,in,0.3,post,0.17909793672791316,0.025061811136312513,50
E2_N16_snr0,B,in,0.3,pre,0.2446460135762227,0.017660748404178105,50
E2_N16_snr0,B,in,1.0,all,0.3171901058155479,0.0407452331007427,50
E2_N16_snr0,B,in,1.0,end,0.4022398310510382,0.35034670482236424,50
E2_N16_snr0,B,in,1.0,post,0.14608589617241208,0.022505314335384455,50
E2_N16_snr0,B,in,1.0,pre,0.417882517062433,0.03171018721805343,50
E2_N16_snr0,B,in,3.0,all,0.46674858521209145,0.06337866149334022,50
E2_N16_snr0,B,in,3.0,end,0.2824246869415342,0.24289431715429655,50
E2_N16_snr0,B,in,3.0,post,0.12398965576047384,0.027766310500097556,50
E2_N16_snr0,B,in,3.0,pre,0.6364391993116701,0.040018146781045955,50
E2_N16_snr0,B,in,10.0,all,0.5919727956133065,0.07589010005720484,50
E2_N16_snr0,B,in,10.0,end,0.2027219479712112,0.17482629283859955,50
E2_N16_snr0,B,in,10.0,post,0.11965228197042553,0.03769786746712987,50
E2_N16_snr0,B,in,10.0,pre,0.8130810969609235,0.036962411466576466,50
E2_N16_snr0,B,in,30.0,all,0.6523009881655559,0.08021837642724983,50
E2_N16_snr0,B,in,30.0,end,0.17231028538950555,0.15473838494744063,50
E2_N16_snr0,B,in,30.0,post,0.12194172804306236,0.04280137101936884,50
E2_N16_snr0,B,in,30.0,pre,0.8973841584768206,0.03169109874999228,50
E2_N16_snr0,B,in,100.0,all,0.6820021229051764,0.08201363101548731,50
E2_N16_snr0,B,in,100.0,end,0.16111213125303575,0.14890260049609902,50
E2_N16_snr0,B,in,100.0,post,0.12434569301910878,0.045109031928509284,50
E2_N16_snr0,B,in,100.0,pre,0.9387322716193427,0.028158086734516894,50
E2_N16_snr0,B,in,300.0,all,0.6927431256428439,0.0828150980328033,50
E2_N16_snr0,B,in,300.0,end,0.15883393095207135,0.14775804025534825,50
E2_N16_snr0,B,in,300.0,post,0.1255816014325607,0.0459048279320188,50
E2_N16_snr0,B,in,300.0,pre,0.9536291037765485,0.027350706191204655,50
E2_N16_snr0,B,in,1000.0,all,0.6969767716355554,0.08322190283711485,50
E2_N16_snr0,B,in,1000.0,end,0.158550152460469,0.1475792197219388,50
E2_N16_snr0,B,in,1000.0,post,0.12615939971024295,0.04621603051083159,50
E2_N16_snr0,B,in,1000.0,pre,0.9594862346163191,0.027380851446986907,50
E2_N16_snr0,B,legs,0.0,all,0.20040135387734762,0.00624032645604693,50
E2_N16_snr0,B,legs,0.0,end,0.618637596877366,0.5371555841537757,50
E2_N16_snr0,B,legs,0.0,post,0.21039959667223904,0.02931958250541389,50
E2_N16_snr0,B,legs,0.0,pre,0.1989320228229727,0.02518560747967027,50
E2_N16_snr0,B,legs,0.01,all,0.20040135387734762,0.00624032645604693,50
E2_N16_snr0,B,legs,0.01,end,0.618637596877366,0.5371555841537757,50
E2_N16_snr0,B,legs,0.01,post,0.21039959667223904,0.02931958250541389,50
E2_N16_snr0,B,legs,0.01,pre,0.1989320228229727,0.02518560747967027,50
E2_N16_snr0,B,legs,0.03,all,0.20040135387734762,0.00624032645604693,50
E2_N16_snr0,B,legs,0.03,end,0.618637596877366,0.5371555841537757,50
E2_N16_snr0,B,legs,0.03,post,0.21039959667223904,0.02931958250541389,50
E2_N16_snr0,B,legs,0.03,pre,0.1989320228229727,0.02518560747967027,50
E2_N16_snr0,B,legs,0.1,all,0.20040135387734762,0.00624032645604693,50
E2_N16_snr0,B,legs,0.1,end,0.618637596877366,0.5371555841537757,50
E2_N16_snr0,B,legs,0.1,post,0.21039959667223904,0.02931958250541389,50
E2_N16_snr0,B,legs,0.1,pre,0.1989320228229727,0.02518560747967027,50
E2_N16_snr0,B,legs,0.3,all,0.20040135387734762,0.00624032645604693,50
E2_N16_snr0,B,legs,0.3,end,0.618637596877366,0.5371555841537757,50
E2_N16_snr0,B,legs,0.3,post,0.21039959667223904,0.02931958250541389,50
E2_N16_snr0,B,legs,0.3,pre,0.1989320228229727,0.02518560747967027,50
E2_N16_snr0,B,legs,1.0,all,0.20040135387734762,0.00624032645604693,50
E2_N16_snr0,B,legs,1.0,end,0.618637596877366,0.5371555841537757,50
E2_N16_snr0,B,legs,1.0,post,0.21039959667223904,0.02931958250541389,50
E2_N16_snr0,B,legs,1.0,pre,0.1989320228229727,0.02518560747967027,50
E2_N16_snr0,B,legs,3.0,all,0.20040135387734762,0.00624032645604693,50
E2_N16_snr0,B,legs,3.0,end,0.618637596877366,0.5371555841537757,50
E2_N16_snr0,B,legs,3.0,post,0.21039959667223904,0.02931958250541389,50
E2_N16_snr0,B,legs,3.0,pre,0.1989320228229727,0.02518560747967027,50
E2_N16_snr0,B,legs,10.0,all,0.20040135387734762,0.00624032645604693,50
E2_N16_snr0,B,legs,10.0,end,0.618637596877366,0.5371555841537757,50
E2_N16_snr0,B,legs,10.0,post,0.21039959667223904,0.02931958250541389,50
E2_N16_snr0,B,legs,10.0,pre,0.1989320228229727,0.02518560747967027,50
E2_N16_snr0,B,legs,30.0,all,0.20040135387734762,0.00624032645604693,50
E2_N16_snr0,B,legs,30.0,end,0.618637596877366,0.5371555841537757,50
E2_N16_snr0,B,legs,30.0,post,0.21039959667223904,0.02931958250541389,50
E2_N16_snr0,B,legs,30.0,pre,0.1989320228229727,0.02518560747967027,50
E2_N16_snr0,B,legs,100.0,all,0.20040135387734762,0.00624032645604693,50
E2_N16_snr0,B,legs,100.0,end,0.618637596877366,0.5371555841537757,50
E2_N16_snr0,B,legs,100.0,post,0.21039959667223904,0.02931958250541389,50
E2_N16_snr0,B,legs,100.0,pre,0.1989320228229727,0.02518560747967027,50
E2_N16_snr0,B,legs,300.0,all,0.20040135387734762,0.00624032645604693,50
E2_N16_snr0,B,legs,300.0,end,0.618637596877366,0.5371555841537757,50
E2_N16_snr0,B,legs,300.0,post,0.21039959667223904,0.02931958250541389,50
E2_N16_snr0,B,legs,300.0,pre,0.1989320228229727,0.02518560747967027,50
E2_N16_snr0,B,legs,1000.0,all,0.20040135387734762,0.00624032645604693,50
E2_N16_snr0,B,legs,1000.0,end,0.618637596877366,0.5371555841537757,50
E2_N16_snr0,B,legs,1000.0,post,0.21039959667223904,0.02931958250541389,50
E2_N16_snr0,B,legs,1000.0,pre,0.1989320228229727,0.02518560747967027,50
E2_N16_snr0,B,point,0.0,all,0.999764314997093,0.005130924482106789,50
E2_N16_snr0,B,point,0.0,end,1.4455326608687684,1.1788918495093585,50
E2_N16_snr0,B,point,0.0,post,1.0469357214160455,0.13005465106712766,50
E2_N16_snr0,B,point,0.0,pre,0.994184535849489,0.11513650269816952,50
E2_N16_snr0,B,point,0.01,all,0.9931918690562129,0.005296653170972619,50
E2_N16_snr0,B,point,0.01,end,1.4360533525893167,1.1712419506896858,50
E2_N16_snr0,B,point,0.01,post,1.0400253876879524,0.1291761236275224,50
E2_N16_snr0,B,point,0.01,pre,0.9876797623836785,0.11449574142881058,50
E2_N16_snr0,B,point,0.03,all,0.9804907275433288,0.005799722131836272,50
E2_N16_snr0,B,point,0.03,end,1.4175956125231974,1.1563234800697155,50
E2_N16_snr0,B,point,0.03,post,1.0265773479555786,0.12748053508263404,50
E2_N16_snr0,B,point,0.03,pre,0.9751931988086251,0.11322208565798118,50
E2_N16_snr0,B,point,0.1,all,0.9402630771251976,0.008143568500069098,50
E2_N16_snr0,B,point,0.1,end,1.357790674715719,1.1077794882907936,50
E2_N16_snr0,B,point,0.1,post,0.9830724536461714,0.12211243102692806,50
E2_N16_snr0,B,point,0.1,pre,0.936457091187718,0.1088259977464512,50
E2_N16_snr0,B,point,0.3,all,0.8533111386656482,0.012898037547374066,50
E2_N16_snr0,B,point,0.3,end,1.2192255089155661,0.9941116495947055,50
E2_N16_snr0,B,point,0.3,post,0.8826751963114375,0.1102541123934989,50
E2_N16_snr0,B,point,0.3,pre,0.8583000124576268,0.09668502011807943,50
E2_N16_snr0,B,point,1.0,all,0.7129902782138828,0.019280334315096362,50
E2_N16_snr0,B,point,1.0,end,0.9359880635842983,0.7569304304885264,50
E2_N16_snr0,B,point,1.0,post,0.6792101684695478,0.08697972378605254,50
E2_N16_snr0,B,point,1.0,pre,0.7644156958004451,0.06380884002955127,50
E2_N16_snr0,B,point,3.0,all,0.6488710525364055,0.04322073065137746,50
E2_N16_snr0,B,point,3.0,end,0.6448844241526369,0.5089679892388593,50
E2_N16_snr0,B,point,3.0,post,0.4724029612334579,0.06179185737304723,50
E2_N16_snr0,B,point,3.0,pre,0.7865866315727678,0.038745388610591146,50
E2_N16_snr0,B,point,10.0,all,0.6732124436712493,0.06571027639479288,50
E2_N16_snr0,B,point,10.0,end,0.4353186429725582,0.3353543715075765,50
E2_N16_snr0,B,point,10.0,post,0.3245471809102544,0.044373739023181036,50
E2_N16_snr0,B,point,10.0,pre,0.8844822269892884,0.034574514808200715,50
E2_N16_snr0,B,point,30.0,all,0.7058402243834573,0.07276746825307669,50
E2_N16_snr0,B,point,30.0,end,0.34557916355144236,0.26044696143315466,50
E2_N16_snr0,B,point,30.0,post,0.2630144285950352,0.036829124042038544,50
E2_N16_snr0,B,point,30.0,pre,0.9491214714975489,0.02862483426392614,50
E2_N16_snr0,B,point,100.0,all,0.7272049374049929,0.07512680084589089,50
E2_N16_snr0,B,point,100.0,end,0.3099532387800153,0.22186628730785718,50
E2_N16_snr0,B,point,100.0,post,0.2406680736659208,0.031832141744335206,50
E2_N16_snr0,B,point,100.0,pre,0.9848822405532032,0.02397701993073338,50
E2_N16_snr0,B,point,300.0,all,0.7362838437360922,0.07601531172422875,50
E2_N16_snr0,B,point,300.0,end,0.3020219234557488,0.21025523727645726,50
E2_N16_snr0,B,point,300.0,post,0.23625217289935935,0.03069644425615436,50
E2_N16_snr0,B,point,300.0,pre,0.9987621618908205,0.022742787316097586,50
E2_N16_snr0,B,point,1000.0,all,0.7401668700933477,0.07643781709502286,50
E2_N16_snr0,B,point,1000.0,end,0.30057264857210286,0.20780018760958605,50
E2_N16_snr0,B,point,1000.0,post,0.23550826399892902,0.03052989407718914,50
E2_N16_snr0,B,point,1000.0,pre,1.0044424202489066,0.02264850364769462,50
E2_N16_snr10,A,cur,0.0,all,0.16768586200687344,0.046785946464370634,50
E2_N16_snr10,A,cur,0.0,end,0.2388404722931324,0.18599549105166338,50
E2_N16_snr10,A,cur,0.0,post,0.17981634107611175,0.06274977879459255,50
E2_N16_snr10,A,cur,0.0,pre,0.1615882583835385,0.05546195448714766,50
E2_N16_snr10,A,cur,0.01,all,0.1676026445443828,0.046800525334874776,50
E2_N16_snr10,A,cur,0.01,end,0.237540111176857,0.1849274140739573,50
E2_N16_snr10,A,cur,0.01,post,0.1791334741335644,0.06255672487004164,50
E2_N16_snr10,A,cur,0.01,pre,0.16212602202089532,0.05552388201170499,50
E2_N16_snr10,A,cur,0.03,all,0.16801042094871094,0.04661872628573415,50
E2_N16_snr10,A,cur,0.03,end,0.23501184238661352,0.18284721143378516,50
E2_N16_snr10,A,cur,0.03,post,0.17781042647761264,0.06218411650200368,50
E2_N16_snr10,A,cur,0.03,pre,0.1642749503201244,0.05524088716843988,50
E2_N16_snr10,A,cur,0.1,all,0.17425140911979298,0.0444613122197985,50
E2_N16_snr10,A,cur,0.1,end,0.226856029273236,0.17610498101884622,50
E2_N16_snr10,A,cur,0.1,post,0.17358524745544085,0.06100691571879981,50
E2_N16_snr10,A,cur,0.1,pre,0.1800497276194752,0.05164612896116985,50
E2_N16_snr10,A,cur,0.3,all,0.21092884263330075,0.03731297450191256,50
E2_N16_snr10,A,cur,0.3,end,0.2082044634409901,0.16050871380904608,50
E2_N16_snr10,A,cur,0.3,post,0.16418343057254256,0.058459321903640206,50
E2_N16_snr10,A,cur,0.3,pre,0.24886910189029024,0.04077004645870224,50
E2_N16_snr10,A,cur,1.0,all,0.3332831446334508,0.04223534458760731,50
E2_N16_snr10,A,cur,1.0,end,0.17157192486583459,0.1292618086944157,50
E2_N16_snr10,A,cur,1.0,post,0.14692733607343839,0.05408568619622392,50
E2_N16_snr10,A,cur,1.0,pre,0.4403252675960288,0.036514627969401615,50
E2_N16_snr10,A,cur,3.0,all,0.4865384245070916,0.06005341964724959,50
E2_N16_snr10,A,cur,3.0,end,0.1374411731639217,0.10003350357577229,50
E2_N16_snr10,A,cur,3.0,post,0.13258012097817737,0.05091637232121408,50
E2_N16_snr10,A,cur,3.0,pre,0.6627980023648652,0.03872104504828589,50
E2_N16_snr10,A,cur,10.0,all,0.6110810799831762,0.07204752824903606,50
E2_N16_snr10,A,cur,10.0,end,0.1169139568792238,0.08383780458259359,50
E2_N16_snr10,A,cur,10.0,post,0.12487074418910243,0.04959482730166768,50
E2_N16_snr10,A,cur,10.0,pre,0.8396234913714228,0.0339775936693648,50
E2_N16_snr10,A,cur,30.0,all,0.6706572139071808,0.07641921971205093,50
E2_N16_snr10,A,cur,30.0,end,0.10975589339151716,0.07905386460886958,50
E2_N16_snr10,A,cur,30.0,post,0.12239864321791574,0.049243616354329695,50
E2_N16_snr10,A,cur,30.0,pre,0.9236751785924432,0.027469148832833603,50
E2_N16_snr10,A,cur,100.0,all,0.699882912145302,0.07828612963591267,50
E2_N16_snr10,A,cur,100.0,end,0.10717614835438549,0.07730104375066371,50
E2_N16_snr10,A,cur,100.0,post,0.12159990197970999,0.04908967657069307,50
E2_N16_snr10,A,cur,100.0,pre,0.9647986690994973,0.022838116155636405,50
E2_N16_snr10,A,cur,300.0,all,0.7104082147585332,0.07913435908577024,50
E2_N16_snr10,A,cur,300.0,end,0.10660185283824836,0.07685065300550212,50
E2_N16_snr10,A,cur,300.0,post,0.12144758395596718,0.04905081269554432,50
E2_N16_snr10,A,cur,300.0,pre,0.9795684600607578,0.021696492928921618,50
E2_N16_snr10,A,cur,1000.0,all,0.7145447804117078,0.07956444460490118,50
E2_N16_snr10,A,cur,1000.0,end,0.10649550853004737,0.07675891555999241,50
E2_N16_snr10,A,cur,1000.0,post,0.1214223286469205,0.04904388249534653,50
E2_N16_snr10,A,cur,1000.0,pre,0.985362779843804,0.02168493764523039,50
E2_N16_snr10,A,hist,0.0,all,0.16768586200687344,0.04678594646437062,50
E2_N16_snr10,A,hist,0.0,end,0.23884047229313285,0.18599549105166455,50
E2_N16_snr10,A,hist,0.0,post,0.17981634107611177,0.06274977879459251,50
E2_N16_snr10,A,hist,0.0,pre,0.16158825838353846,0.055461954487147684,50
E2_N16_snr10,A,hist,0.01,all,0.1675164758865353,0.046833213136178616,50
E2_N16_snr10,A,hist,0.01,end,0.2377705024543029,0.18502881786087041,50
E2_N16_snr10,A,hist,0.01,post,0.17963735493194652,0.06279459419821255,50
E2_N16_snr10,A,hist,0.01,pre,0.16141365171341746,0.0554973029585389,50
E2_N16_snr10,A,hist,0.03,all,0.16719244272545833,0.046925933893817315,50
E2_N16_snr10,A,hist,0.03,end,0.23568861058026008,0.18314352101493794,50
E2_N16_snr10,A,hist,0.03,post,0.17929436277710134,0.06288114627087117,50
E2_N16_snr10,A,hist,0.03,pre,0.16108048673351064,0.05556586571009175,50
E2_N16_snr10,A,hist,0.1,all,0.16619766774507988,0.04723314121704394,50
E2_N16_snr10,A,hist,0.1,end,0.2289549068785014,0.1770060211137473,50
E2_N16_snr10,A,hist,0.1,post,0.17823553848517776,0.06315408440118273,50
E2_N16_snr10,A,hist,0.1,pre,0.16006654987004434,0.05578528268892262,50
E2_N16_snr10,A,hist,0.3,all,0.16426326750442324,0.047996182448276616,50
E2_N16_snr10,A,hist,0.3,end,0.2133880910925474,0.1625848728740189,50
E2_N16_snr10,A,hist,0.3,post,0.17613367794487253,0.06372604840684962,50
E2_N16_snr10,A,hist,0.3,pre,0.15816696402938865,0.056274038450832405,50
E2_N16_snr10,A,hist,1.0,all,0.162741882978266,0.05001540305107604,50
E2_N16_snr10,A,hist,1.0,end,0.18121854379422367,0.131640346943069,50
E2_N16_snr10,A,hist,1.0,post,0.17411807288364742,0.06446377123716238,50
E2_N16_snr10,A,hist,1.0,pre,0.15731943683402827,0.057234441473041096,50
E2_N16_snr10,A,hist,3.0,all,0.1701624495631537,0.05455136834552828,50
E2_N16_snr10,A,hist,3.0,end,0.1477060880232858,0.09712481364356941,50
E2_N16_snr10,A,hist,3.0,post,0.18025798320355002,0.06486469655623243,50
E2_N16_snr10,A,hist,3.0,pre,0.1672613525084585,0.059811373293245415,50
E2_N16_snr10,A,hist,10.0,all,0.20192380733754622,0.06642092065088671,50
E2_N16_snr10,A,hist,10.0,end,0.14883261172449855,0.10226256355406621,50
E2_N16_snr10,A,hist,10.0,post,0.20845669456308172,0.07140602350642135,50
E2_N16_snr10,A,hist,10.0,pre,0.20304407572123806,0.0727415336446475,50
E2_N16_snr10,A,hist,30.0,all,0.2432682313346817,0.08014997917240396,50
E2_N16_snr10,A,hist,30.0,end,0.1873863467137992,0.14958512811944916,50
E2_N16_snr10,A,hist,30.0,post,0.24598684207996424,0.0847429294304077,50
E2_N16_snr10,A,hist,30.0,pre,0.2466969614918992,0.09104342871854579,50
E2_N16_snr10,A,hist,100.0,all,0.2796552624374293,0.08811953425739232,50
E2_N16_snr10,A,hist,100.0,end,0.18409654319910895,0.1607923128741476,50
E2_N16_snr10,A,hist,100.0,post,0.28010083891296583,0.09310169283794147,50
E2_N16_snr10,A,hist,100.0,pre,0.2840130798750453,0.10339058589222358,50
E2_N16_snr10,A,hist,300.0,all,0.31671410002986955,0.08714193431445688,50
E2_N16_snr10,A,hist,300.0,end,0.15736296426961924,0.13203174581005894,50
E2_N16_snr10,A,hist,300.0,post,0.31619690827025443,0.09122892910439062,50
E2_N16_snr10,A,hist,300.0,pre,0.32057887160590887,0.10687866781730139,50
E2_N16_snr10,A,hist,1000.0,all,0.37243582024438177,0.08850481699874548,50
E2_N16_snr10,A,hist,1000.0,end,0.2287876713782359,0.19088253567531324,50
E2_N16_snr10,A,hist,1000.0,post,0.37034421636697956,0.09503700620391048,50
E2_N16_snr10,A,hist,1000.0,pre,0.3742058514817827,0.11486857947743084,50
E2_N16_snr10,A,in,0.0,all,0.16768586200683977,0.04678594646438653,50
E2_N16_snr10,A,in,0.0,end,0.23884047229308503,0.18599549105170313,50
E2_N16_snr10,A,in,0.0,post,0.1798163410760912,0.06274977879459735,50
E2_N16_snr10,A,in,0.0,pre,0.1615882583834912,0.05546195448715182,50
E2_N16_snr10,A,in,0.01,all,0.16751550438318868,0.04683336350235642,50
E2_N16_snr10,A,in,0.01,end,0.2377721470189645,0.185039635686971,50
E2_N16_snr10,A,in,0.01,post,0.17963491710434468,0.06279630626408488,50
E2_N16_snr10,A,in,0.01,pre,0.1614147955777814,0.05549510833119611,50
E2_N16_snr10,A,in,0.03,all,0.1671865415588074,0.046925206872040874,50
E2_N16_snr10,A,in,0.03,end,0.23569713378420856,0.18317943282907098,50
E2_N16_snr10,A,in,0.03,post,0.17928451502872408,0.06288674230514733,50
E2_N16_snr10,A,in,0.03,pre,0.16107975499487398,0.055559372079350564,50
E2_N16_snr10,A,in,0.1,all,0.16614582708650502,0.04721818308190246,50
E2_N16_snr10,A,in,0.1,end,0.22902322702784214,0.17716469538167748,50
E2_N16_snr10,A,in,0.1,post,0.17817533811818767,0.0631780082372193,50
E2_N16_snr10,A,in,0.1,pre,0.16001909322088909,0.05576480976980331,50
E2_N16_snr10,A,in,0.3,all,0.1638850092871255,0.04786718348045539,50
E2_N16_snr10,A,in,0.3,end,0.21388609789222254,0.16335878740447746,50
E2_N16_snr10,A,in,0.3,post,0.17576207645282016,0.06383830425956517,50
E2_N16_snr10,A,in,0.3,pre,0.15771101116177794,0.056222584353619424,50
E2_N16_snr10,A,in,1.0,all,0.1599431672257504,0.04904077451500412,50
E2_N16_snr10,A,in,1.0,end,0.18480685282323908,0.13643338448918013,50
E2_N16_snr10,A,in,1.0,post,0.17153957035896955,0.06508594574461862,50
E2_N16_snr10,A,in,1.0,pre,0.15367240552761532,0.057062021398875326,50
E2_N16_snr10,A,in,3.0,all,0.15689042023380712,0.04999647002046356,50
E2_N16_snr10,A,in,3.0,end,0.15891833979588582,0.1129399184844751,50
E2_N16_snr10,A,in,3.0,post,0.16825301208962284,0.06615539813393422,50
E2_N16_snr10,A,in,3.0,pre,0.15053058963848057,0.05775800895190972,50
E2_N16_snr10,A,in,10.0,all,0.1553500687839006,0.05051498712136318,50
E2_N16_snr10,A,in,10.0,end,0.14441180268168238,0.10140176260561899,50
E2_N16_snr10,A,in,10.0,post,0.16658079106978083,0.0667637467694251,50
E2_N16_snr10,A,in,10.0,pre,0.14894838233480628,0.05813357735105655,50
E2_N16_snr10,A,in,30.0,all,0.15487331402441648,0.05069112141272126,50
E2_N16_snr10,A,in,30.0,end,0.139708114412522,0.09850030796554228,50
E2_N16_snr10,A,in,30.0,post,0.16604934774881616,0.0669832094139552,50
E2_N16_snr10,A,in,30.0,pre,0.14847249354024789,0.058255133898113716,50
E2_N16_snr10,A,in,100.0,all,0.15472160960786915,0.05075265353554842,50
E2_N16_snr10,A,in,100.0,end,0.13807570860972462,0.09755020095226177,50
E2_N16_snr10,A,in,100.0,post,0.16587290047549919,0.06706444407341836,50
E2_N16_snr10,A,in,100.0,pre,0.14833004674996786,0.058294999903549936,50
E2_N16_snr10,A,in,300.0,all,0.15469275008967667,0.05076551953883475,50
E2_N16_snr10,A,in,300.0,end,0.13771585723433707,0.09727573129389622,50
E2_N16_snr10,A,in,300.0,post,0.1658374046430181,0.0670841588170539,50
E2_N16_snr10,A,in,300.0,pre,0.14830554002179464,0.058301049717406433,50
E2_N16_snr10,A,in,1000.0,all,0.15468790426818219,0.05076781333892293,50
E2_N16_snr10,A,in,1000.0,end,0.1376472808240182,0.09718627993282697,50
E2_N16_snr10,A,in,1000.0,post,0.16583075731574307,0.06708950872115799,50
E2_N16_snr10,A,in,1000.0,pre,0.14830233718774702,0.05830057156374091,50
E2_N16_snr10,A,legs,0.0,all,0.16768586200687344,0.046785946464370634,50
E2_N16_snr10,A,legs,0.0,end,0.2388404722931324,0.18599549105166335,50
E2_N16_snr10,A,legs,0.0,post,0.17981634107611175,0.06274977879459254,50
E2_N16_snr10,A,legs,0.0,pre,0.16158825838353846,0.055461954487147684,50
E2_N16_snr10,A,legs,0.01,all,0.16768586200687344,0.046785946464370634,50
E2_N16_snr10,A,legs,0.01,end,0.2388404722931324,0.18599549105166335,50
E2_N16_snr10,A,legs,0.01,post,0.17981634107611175,0.06274977879459254,50
E2_N16_snr10,A,legs,0.01,pre,0.16158825838353846,0.055461954487147684,50
E2_N16_snr10,A,legs,0.03,all,0.16768586200687344,0.046785946464370634,50
E2_N16_snr10,A,legs,0.03,end,0.2388404722931324,0.18599549105166335,50
E2_N16_snr10,A,legs,0.03,post,0.17981634107611175,0.06274977879459254,50
E2_N16_snr10,A,legs,0.03,pre,0.16158825838353846,0.055461954487147684,50
E2_N16_snr10,A,legs,0.1,all,0.16768586200687344,0.046785946464370634,50
E2_N16_snr10,A,legs,0.1,end,0.2388404722931324,0.18599549105166335,50
E2_N16_snr10,A,legs,0.1,post,0.17981634107611175,0.06274977879459254,50
E2_N16_snr10,A,legs,0.1,pre,0.16158825838353846,0.055461954487147684,50
E2_N16_snr10,A,legs,0.3,all,0.16768586200687344,0.046785946464370634,50
E2_N16_snr10,A,legs,0.3,end,0.2388404722931324,0.18599549105166335,50
E2_N16_snr10,A,legs,0.3,post,0.17981634107611175,0.06274977879459254,50
E2_N16_snr10,A,legs,0.3,pre,0.16158825838353846,0.055461954487147684,50
E2_N16_snr10,A,legs,1.0,all,0.16768586200687344,0.046785946464370634,50
E2_N16_snr10,A,legs,1.0,end,0.2388404722931324,0.18599549105166335,50
E2_N16_snr10,A,legs,1.0,post,0.17981634107611175,0.06274977879459254,50
E2_N16_snr10,A,legs,1.0,pre,0.16158825838353846,0.055461954487147684,50
E2_N16_snr10,A,legs,3.0,all,0.16768586200687344,0.046785946464370634,50
E2_N16_snr10,A,legs,3.0,end,0.2388404722931324,0.18599549105166335,50
E2_N16_snr10,A,legs,3.0,post,0.17981634107611175,0.06274977879459254,50
E2_N16_snr10,A,legs,3.0,pre,0.16158825838353846,0.055461954487147684,50
E2_N16_snr10,A,legs,10.0,all,0.16768586200687344,0.046785946464370634,50
E2_N16_snr10,A,legs,10.0,end,0.2388404722931324,0.18599549105166335,50
E2_N16_snr10,A,legs,10.0,post,0.17981634107611175,0.06274977879459254,50
E2_N16_snr10,A,legs,10.0,pre,0.16158825838353846,0.055461954487147684,50
E2_N16_snr10,A,legs,30.0,all,0.16768586200687344,0.046785946464370634,50
E2_N16_snr10,A,legs,30.0,end,0.2388404722931324,0.18599549105166335,50
E2_N16_snr10,A,legs,30.0,post,0.17981634107611175,0.06274977879459254,50
E2_N16_snr10,A,legs,30.0,pre,0.16158825838353846,0.055461954487147684,50
E2_N16_snr10,A,legs,100.0,all,0.16768586200687344,0.046785946464370634,50
E2_N16_snr10,A,legs,100.0,end,0.2388404722931324,0.18599549105166335,50
E2_N16_snr10,A,legs,100.0,post,0.17981634107611175,0.06274977879459254,50
E2_N16_snr10,A,legs,100.0,pre,0.16158825838353846,0.055461954487147684,50
E2_N16_snr10,A,legs,300.0,all,0.16768586200687344,0.046785946464370634,50
E2_N16_snr10,A,legs,300.0,end,0.2388404722931324,0.18599549105166335,50
E2_N16_snr10,A,legs,300.0,post,0.17981634107611175,0.06274977879459254,50
E2_N16_snr10,A,legs,300.0,pre,0.16158825838353846,0.055461954487147684,50
E2_N16_snr10,A,legs,1000.0,all,0.16768586200687344,0.046785946464370634,50
E2_N16_snr10,A,legs,1000.0,end,0.2388404722931324,0.18599549105166335,50
E2_N16_snr10,A,legs,1000.0,post,0.17981634107611175,0.06274977879459254,50
E2_N16_snr10,A,legs,1000.0,pre,0.16158825838353846,0.055461954487147684,50
E2_N16_snr10,A,point,0.0,all,0.31633265773873004,0.0016285559286306828,50
E2_N16_snr10,A,point,0.0,end,0.45731856360049766,0.37290745824239013,50
E2_N16_snr10,A,point,0.0,post,0.3312473555930915,0.041114030793576437,50
E2_N16_snr10,A,point,0.0,pre,0.31456998308440765,0.036398658448465036,50
E2_N16_snr10,A,point,0.01,all,0.3142493426780122,0.00168249446727104,50
E2_N16_snr10,A,point,0.01,end,0.45432226264459097,0.3704890686939553,50
E2_N16_snr10,A,point,0.01,post,0.329063281509171,0.04083622317882748,50
E2_N16_snr10,A,point,0.01,pre,0.31250211862188526,0.036195136256560345,50
E2_N16_snr10,A,point,0.03,all,0.3101949619273644,0.0018488517049437799,50
E2_N16_snr10,A,point,0.03,end,0.4484880322340924,0.36577286779444074,50
E2_N16_snr10,A,point,0.03,post,0.32481295134005256,0.04030004113946796,50
E2_N16_snr10,A,point,0.03,pre,0.30847761061948326,0.035800338420428145,50
E2_N16_snr10,A,point,0.1,all,0.2970781308189366,0.0026741726075859232,50
E2_N16_snr10,A,point,0.1,end,0.42958502188140224,0.35042684788483225,50
E2_N16_snr10,A,point,0.1,post,0.3110634191739311,0.03860249302627064,50
E2_N16_snr10,A,point,0.1,pre,0.29545567193328015,0.034532003794894336,50
E2_N16_snr10,A,point,0.3,all,0.26680446231012206,0.004692411686276317,50
E2_N16_snr10,A,point,0.3,end,0.3857909910476867,0.3144954228014611,50
E2_N16_snr10,A,point,0.3,post,0.27933632160917626,0.034852286033586935,50
E2_N16_snr10,A,point,0.3,pre,0.26539111090082906,0.0316183954292771,50
E2_N16_snr10,A,point,1.0,all,0.20544681693793848,0.006819088971051438,50
E2_N16_snr10,A,point,1.0,end,0.29629449282466086,0.23953391447877087,50
E2_N16_snr10,A,point,1.0,post,0.21505768982470488,0.027489983299283312,50
E2_N16_snr10,A,point,1.0,pre,0.2044186847397939,0.025421886206312735,50
E2_N16_snr10,A,point,3.0,all,0.14311747863657537,0.005958832894584403,50
E2_N16_snr10,A,point,3.0,end,0.20437592465631294,0.16120833575716115,50
E2_N16_snr10,A,point,3.0,post,0.1497786897902116,0.019517661410395636,50
E2_N16_snr10,A,point,3.0,pre,0.1424417568172524,0.018268627479214563,50
E2_N16_snr10,A,point,10.0,all,0.09865126164142189,0.005781770766490923,50
E2_N16_snr10,A,point,10.0,end,0.13831894516601076,0.10644045358458572,50
E2_N16_snr10,A,point,10.0,post,0.10320188283784264,0.013988224706410604,50
E2_N16_snr10,A,point,10.0,pre,0.09821665776708911,0.013432821973304886,50
E2_N16_snr10,A,point,30.0,all,0.080194398532542,0.005530893930857383,50
E2_N16_snr10,A,point,30.0,end,0.1101186715597109,0.08285417267216111,50
E2_N16_snr10,A,point,30.0,post,0.08387854016522082,0.011575338803544829,50
E2_N16_snr10,A,point,30.0,pre,0.07984485739497313,0.01159471287444497,50
E2_N16_snr10,A,point,100.0,all,0.07350397436920389,0.004456143660713593,50
E2_N16_snr10,A,point,100.0,end,0.09895236146061916,0.07073299713431284,50
E2_N16_snr10,A,point,100.0,post,0.07687682500357357,0.009984757017693852,50
E2_N16_snr10,A,point,100.0,pre,0.07317548236779567,0.010701997908507553,50
E2_N16_snr10,A,point,300.0,all,0.07218458616236173,0.004300849555700685,50
E2_N16_snr10,A,point,300.0,end,0.0964685899686922,0.06709264262797439,50
E2_N16_snr10,A,point,300.0,post,0.07549429145932259,0.009625490605241626,50
E2_N16_snr10,A,point,300.0,pre,0.07185803028711378,0.010602431233053222,50
E2_N16_snr10,A,point,1000.0,all,0.07196259254838894,0.004305942233171797,50
E2_N16_snr10,A,point,1000.0,end,0.09601475313483519,0.06632354035095533,50
E2_N16_snr10,A,point,1000.0,post,0.07526140383604524,0.009573144491354988,50
E2_N16_snr10,A,point,1000.0,pre,0.07163604726880377,0.010601075243609958,50
E2_N16_snr10,B,cur,0.0,all,0.06401116334459134,0.0021590965414062606,50
E2_N16_snr10,B,cur,0.0,end,0.19670677897374325,0.169658342114322,50
E2_N16_snr10,B,cur,0.0,post,0.06716750682523882,0.009330829518165,50
E2_N16_snr10,B,cur,0.0,pre,0.06358288466193511,0.00817237379660524,50
E2_N16_snr10,B,cur,0.01,all,0.06359787803988479,0.00215618981645754,50
E2_N16_snr10,B,cur,0.01,end,0.19543496757611414,0.1685875919681412,50
E2_N16_snr10,B,cur,0.01,post,0.06673218963701973,0.0092656654045168,50
E2_N16_snr10,B,cur,0.01,pre,0.06317412199612633,0.008133146563120534,50
E2_N16_snr10,B,cur,0.03,all,0.06279369528376805,0.0021531550853862713,50
E2_N16_snr10,B,cur,0.03,end,0.19295822943984295,0.16649863197181985,50
E2_N16_snr10,B,cur,0.03,post,0.06588510811073515,0.00913994519920344,50
E2_N16_snr10,B,cur,0.03,pre,0.06237874123826132,0.008056999242447117,50
E2_N16_snr10,B,cur,0.1,all,0.0601931330764188,0.002164007996990053,50
E2_N16_snr10,B,cur,0.1,end,0.18493077300864003,0.15969413754812276,50
E2_N16_snr10,B,cur,0.1,post,0.06314555463709139,0.008742660275184107,50
E2_N16_snr10,B,cur,0.1,pre,0.059806661744234206,0.0078120576108045015,50
E2_N16_snr10,B,cur,0.3,all,0.05419883048643442,0.002266936481207676,50
E2_N16_snr10,B,cur,0.3,end,0.16632149246169237,0.14372666826834551,50
E2_N16_snr10,B,cur,0.3,post,0.05682923681144305,0.00787415459590916,50
E2_N16_snr10,B,cur,0.3,pre,0.05387813163454787,0.00725056989750363,50
E2_N16_snr10,B,cur,1.0,all,0.04209929573746552,0.002528127932187716,50
E2_N16_snr10,B,cur,1.0,end,0.12831368690647751,0.11034841885990128,50
E2_N16_snr10,B,cur,1.0,post,0.044072851022953455,0.006272135895844339,50
E2_N16_snr10,B,cur,1.0,pre,0.04191034369180649,0.006104061137029102,50
E2_N16_snr10,B,cur,3.0,all,0.029946379751429962,0.002780578007218026,50
E2_N16_snr10,B,cur,3.0,end,0.08963972185697613,0.07568851135626009,50
E2_N16_snr10,B,cur,3.0,post,0.03126378349821182,0.004929886135893291,50
E2_N16_snr10,B,cur,3.0,pre,0.029869311290603124,0.00500807864816104,50
E2_N16_snr10,B,cur,10.0,all,0.021490762428043483,0.003380583767502393,50
E2_N16_snr10,B,cur,10.0,end,0.06274551922209905,0.05293464934731011,50
E2_N16_snr10,B,cur,10.0,post,0.022409511186482056,0.0046807833366034,50
E2_N16_snr10,B,cur,10.0,pre,0.021411646363211218,0.004652506507607111,50
E2_N16_snr10,B,cur,30.0,all,0.018078848481345246,0.0038111966965440306,50
E2_N16_snr10,B,cur,30.0,end,0.05171411137491768,0.04576092389032056,50
E2_N16_snr10,B,cur,30.0,post,0.018888383655856777,0.004928118984997407,50
E2_N16_snr10,B,cur,30.0,pre,0.017929798662541206,0.0047695660544149875,50
E2_N16_snr10,B,cur,100.0,all,0.016844386775514412,0.003973591808391426,50
E2_N16_snr10,B,cur,100.0,end,0.047335173674812187,0.04340718672595455,50
E2_N16_snr10,B,cur,100.0,post,0.01762380580096261,0.005022545021149002,50
E2_N16_snr10,B,cur,100.0,pre,0.016652710361790536,0.004884144777092482,50
E2_N16_snr10,B,cur,300.0,all,0.01659604027494754,0.004019967611670375,50
E2_N16_snr10,B,cur,300.0,end,0.046335030368669636,0.04285224292025779,50
E2_N16_snr10,B,cur,300.0,post,0.017367238127275576,0.005044169395745647,50
E2_N16_snr10,B,cur,300.0,pre,0.016396695270368526,0.004929065684385913,50
E2_N16_snr10,B,cur,1000.0,all,0.016553537199585855,0.00403052434953696,50
E2_N16_snr10,B,cur,1000.0,end,0.04615049628070239,0.042742345361559804,50
E2_N16_snr10,B,cur,1000.0,post,0.01732283224230146,0.005049213991339725,50
E2_N16_snr10,B,cur,1000.0,pre,0.01635326011695782,0.004939384159462948,50
E2_N16_snr10,B,hist,0.0,all,0.06401116334459134,0.0021590965414062446,50
E2_N16_snr10,B,hist,0.0,end,0.19670677897374322,0.16965834211432143,50
E2_N16_snr10,B,hist,0.0,post,0.06716750682523882,0.009330829518164989,50
E2_N16_snr10,B,hist,0.0,pre,0.06358288466193512,0.00817237379660522,50
E2_N16_snr10,B,hist,0.01,all,0.0638566839784217,0.00219738905801345,50
E2_N16_snr10,B,hist,0.01,end,0.19545936373613743,0.16858699809290198,50
E2_N16_snr10,B,hist,0.01,post,0.0667804071728551,0.0092789147246952,50
E2_N16_snr10,B,hist,0.01,pre,0.06363156486797943,0.00807836967132605,50
E2_N16_snr10,B,hist,0.03,all,0.06489130704660206,0.002309662322935234,50
E2_N16_snr10,B,hist,0.03,end,0.19303821679282065,0.16649852600308088,50
E2_N16_snr10,B,hist,0.03,post,0.06606655345326334,0.009191398404232842,50
E2_N16_snr10,B,hist,0.03,pre,0.06621792285185032,0.007488949875414892,50
E2_N16_snr10,B,hist,0.1,all,0.07855767001023216,0.0059115625087299084,50
E2_N16_snr10,B,hist,0.1,end,0.18526708784024445,0.15970975882260732,50
E2_N16_snr10,B,hist,0.1,post,0.06414354810848487,0.009053624693349681,50
E2_N16_snr10,B,hist,0.1,pre,0.09126492994665819,0.0069704974634690305,50
E2_N16_snr10,B,hist,0.3,all,0.13971654274958029,0.020387131373173155,50
E2_N16_snr10,B,hist,0.3,end,0.16773687499718978,0.14384364364680807,50
E2_N16_snr10,B,hist,0.3,post,0.062331689402989554,0.010127477264887727,50
E2_N16_snr10,B,hist,0.3,pre,0.18448831691855205,0.018286872965266054,50
E2_N16_snr10,B,hist,1.0,all,0.29348097660073436,0.04486891671298611,50
E2_N16_snr10,B,hist,1.0,end,0.13431923409369248,0.11053794925069173,50
E2_N16_snr10,B,hist,1.0,post,0.07232534633491179,0.02042845113778205,50
E2_N16_snr10,B,hist,1.0,pre,0.40065884414774394,0.03493327871684,50
E2_N16_snr10,B,hist,3.0,all,0.4652510338417256,0.06393107925961064,50
E2_N16_snr10,B,hist,3.0,end,0.10588875597131885,0.07584324964907334,50
E2_N16_snr10,B,hist,3.0,post,0.10795826562522771,0.03760712788752129,50
E2_N16_snr10,B,hist,3.0,pre,0.6363603113010171,0.040522171053159674,50
E2_N16_snr10,B,hist,10.0,all,0.6055343164466532,0.07362697848711193,50
E2_N16_snr10,B,hist,10.0,end,0.12521028079593577,0.088062266449101,50
E2_N16_snr10,B,hist,10.0,post,0.17188994728507712,0.05958028311774045,50
E2_N16_snr10,B,hist,10.0,pre,0.8227947085455589,0.035465702579380844,50
E2_N16_snr10,B,hist,30.0,all,0.6782270667032168,0.07526233105773744,50
E2_N16_snr10,B,hist,30.0,end,0.17789520853879717,0.14193376129263463,50
E2_N16_snr10,B,hist,30.0,post,0.23017037528035078,0.0800073489903376,50
E2_N16_snr10,B,hist,30.0,pre,0.9130566118470115,0.02796921783352543,50
E2_N16_snr10,B,hist,100.0,all,0.7175723092402574,0.07473097209394121,50
E2_N16_snr10,B,hist,100.0,end,0.1797601157993992,0.15708606087683505,50
E2_N16_snr10,B,hist,100.0,post,0.2744266121901445,0.09156223461716384,50
E2_N16_snr10,B,hist,100.0,pre,0.957962232586672,0.022343640181157885,50
E2_N16_snr10,B,hist,300.0,all,0.7366924799692378,0.07255945435561546,50
E2_N16_snr10,B,hist,300.0,end,0.15449868051926754,0.12932567130312872,50
E2_N16_snr10,B,hist,300.0,post,0.31402921959272057,0.09073542734076626,50
E2_N16_snr10,B,hist,300.0,pre,0.9744119842573927,0.020392218577265697,50
E2_N16_snr10,B,hist,1000.0,all,0.754551914195656,0.06799907286330413,50
E2_N16_snr10,B,hist,1000.0,end,0.22761426033266685,0.18981959119299763,50
E2_N16_snr10,B,hist,1000.0,post,0.3696186392373912,0.0948833817050567,50
E2_N16_snr10,B,hist,1000.0,pre,0.9815876778956758,0.019149596037667808,50
E2_N16_snr10,B,in,0.0,all,0.06401116334453215,0.0021590965413912596,50
E2_N16_snr10,B,in,0.0,end,0.1967067789736986,0.16965834211430977,50
E2_N16_snr10,B,in,0.0,post,0.06716750682523247,0.009330829518160156,50
E2_N16_snr10,B,in,0.0,pre,0.06358288466182156,0.008172373796572608,50
E2_N16_snr10,B,in,0.01,all,0.0638562716780636,0.002197294473382493,50
E2_N16_snr10,B,in,0.01,end,0.19545393132062647,0.1685865270436405,50
E2_N16_snr10,B,in,0.01,post,0.06677778898800608,0.009278148259688049,50
E2_N16_snr10,B,in,0.01,pre,0.06363323861558139,0.008078989677512253,50
E2_N16_snr10,B,in,0.03,all,0.06488837188171265,0.0023086679924443606,50
E2_N16_snr10,B,in,0.03,end,0.19302256472625973,0.16649814630549156,50
E2_N16_snr10,B,in,0.03,post,0.06605823566662815,0.009188940997787111,50
E2_N16_snr10,B,in,0.03,pre,0.06621978386664722,0.007489758044800017,50
E2_N16_snr10,B,in,0.1,all,0.07851588294758896,0.0059066851338194434,50
E2_N16_snr10,B,in,0.1,end,0.18522327156364216,0.15972101054065044,50
E2_N16_snr10,B,in,0.1,post,0.06409831933879534,0.009040034583113487,50
E2_N16_snr10,B,in,0.1,pre,0.09122310123435533,0.006963069805684734,50
E2_N16_snr10,B,in,0.3,all,0.13936020236716667,0.02038636804877124,50
E2_N16_snr10,B,in,0.3,end,0.1676932677582028,0.14399393974846791,50
E2_N16_snr10,B,in,0.3,post,0.06187362742049997,0.009954165852808143,50
E2_N16_snr10,B,in,0.3,pre,0.1841016352520516,0.018289050149743726,50
E2_N16_snr10,B,in,1.0,all,0.29137565604235915,0.04494977184003345,50
E2_N16_snr10,B,in,1.0,end,0.13522964147707828,0.1123995103854579,50
E2_N16_snr10,B,in,1.0,post,0.0671072433239313,0.018550414341552506,50
E2_N16_snr10,B,in,1.0,pre,0.39852487828106303,0.03502744218076433,50
E2_N16_snr10,B,in,3.0,all,0.4584931920902313,0.0644923028137889,50
E2_N16_snr10,B,in,3.0,end,0.10988940728387186,0.08422300487350391,50
E2_N16_snr10,B,in,3.0,post,0.08349493957707212,0.03128126486444906,50
E2_N16_snr10,B,in,3.0,pre,0.6303319927462453,0.0409789795305851,50
E2_N16_snr10,B,in,10.0,all,0.5889041206496548,0.07598813569175682,50
E2_N16_snr10,B,in,10.0,end,0.1006322222430223,0.07296986775523759,50
E2_N16_snr10,B,in,10.0,post,0.10084226636483486,0.04067709517148055,50
E2_N16_snr10,B,in,10.0,pre,0.810830685628555,0.03711133657413141,50
E2_N16_snr10,B,in,30.0,all,0.6504730742216056,0.08014699525506573,50
E2_N16_snr10,B,in,30.0,end,0.10021850985376628,0.07248553249690247,50
E2_N16_snr10,B,in,30.0,post,0.10986787613306763,0.044707090921715376,50
E2_N16_snr10,B,in,30.0,pre,0.8960707788306079,0.03169737527772987,50
E2_N16_snr10,B,in,100.0,all,0.6805519916943293,0.08192775651401929,50
E2_N16_snr10,B,in,100.0,end,0.10116653116221222,0.07334113911763133,50
E2_N16_snr10,B,in,100.0,post,0.1144541387051682,0.0466011013552267,50
E2_N16_snr10,B,in,100.0,pre,0.9377062377416672,0.028137448181158233,50
E2_N16_snr10,B,in,300.0,all,0.6913713587865595,0.08273296235845506,50
E2_N16_snr10,B,in,300.0,end,0.10185958620902097,0.07389618909221662,50
E2_N16_snr10,B,in,300.0,post,0.11615608260539163,0.047316219793627975,50
E2_N16_snr10,B,in,300.0,pre,0.9526611341827573,0.02733261494450117,50
E2_N16_snr10,B,in,1000.0,all,0.6956222051690171,0.08314160939944051,50
E2_N16_snr10,B,in,1000.0,end,0.10224094662173558,0.07418791282926643,50
E2_N16_snr10,B,in,1000.0,post,0.11683833978245967,0.04761287247872486,50
E2_N16_snr10,B,in,1000.0,pre,0.9585302305373294,0.02736429120514486,50
E2_N16_snr10,B,legs,0.0,all,0.06401116334459132,0.002159096541406269,50
E2_N16_snr10,B,legs,0.0,end,0.19670677897374328,0.16965834211432199,50
E2_N16_snr10,B,legs,0.0,post,0.06716750682523882,0.00933082951816501,50
E2_N16_snr10,B,legs,0.0,pre,0.06358288466193511,0.008172373796605263,50
E2_N16_snr10,B,legs,0.01,all,0.06401116334459132,0.002159096541406269,50
E2_N16_snr10,B,legs,0.01,end,0.19670677897374328,0.16965834211432199,50
E2_N16_snr10,B,legs,0.01,post,0.06716750682523882,0.00933082951816501,50
E2_N16_snr10,B,legs,0.01,pre,0.06358288466193511,0.008172373796605263,50
E2_N16_snr10,B,legs,0.03,all,0.06401116334459132,0.002159096541406269,50
E2_N16_snr10,B,legs,0.03,end,0.19670677897374328,0.16965834211432199,50
E2_N16_snr10,B,legs,0.03,post,0.06716750682523882,0.00933082951816501,50
E2_N16_snr10,B,legs,0.03,pre,0.06358288466193511,0.008172373796605263,50
E2_N16_snr10,B,legs,0.1,all,0.06401116334459132,0.002159096541406269,50
E2_N16_snr10,B,legs,0.1,end,0.19670677897374328,0.16965834211432199,50
E2_N16_snr10,B,legs,0.1,post,0.06716750682523882,0.00933082951816501,50
E2_N16_snr10,B,legs,0.1,pre,0.06358288466193511,0.008172373796605263,50
E2_N16_snr10,B,legs,0.3,all,0.06401116334459132,0.002159096541406269,50
E2_N16_snr10,B,legs,0.3,end,0.19670677897374328,0.16965834211432199,50
E2_N16_snr10,B,legs,0.3,post,0.06716750682523882,0.00933082951816501,50
E2_N16_snr10,B,legs,0.3,pre,0.06358288466193511,0.008172373796605263,50
E2_N16_snr10,B,legs,1.0,all,0.06401116334459132,0.002159096541406269,50
E2_N16_snr10,B,legs,1.0,end,0.19670677897374328,0.16965834211432199,50
E2_N16_snr10,B,legs,1.0,post,0.06716750682523882,0.00933082951816501,50
E2_N16_snr10,B,legs,1.0,pre,0.06358288466193511,0.008172373796605263,50
E2_N16_snr10,B,legs,3.0,all,0.06401116334459132,0.002159096541406269,50
E2_N16_snr10,B,legs,3.0,end,0.19670677897374328,0.16965834211432199,50
E2_N16_snr10,B,legs,3.0,post,0.06716750682523882,0.00933082951816501,50
E2_N16_snr10,B,legs,3.0,pre,0.06358288466193511,0.008172373796605263,50
E2_N16_snr10,B,legs,10.0,all,0.06401116334459132,0.002159096541406269,50
E2_N16_snr10,B,legs,10.0,end,0.19670677897374328,0.16965834211432199,50
E2_N16_snr10,B,legs,10.0,post,0.06716750682523882,0.00933082951816501,50
E2_N16_snr10,B,legs,10.0,pre,0.06358288466193511,0.008172373796605263,50
E2_N16_snr10,B,legs,30.0,all,0.06401116334459132,0.002159096541406269,50
E2_N16_snr10,B,legs,30.0,end,0.19670677897374328,0.16965834211432199,50
E2_N16_snr10,B,legs,30.0,post,0.06716750682523882,0.00933082951816501,50
E2_N16_snr10,B,legs,30.0,pre,0.06358288466193511,0.008172373796605263,50
E2_N16_snr10,B,legs,100.0,all,0.06401116334459132,0.002159096541406269,50
E2_N16_snr10,B,legs,100.0,end,0.19670677897374328,0.16965834211432199,50
E2_N16_snr10,B,legs,100.0,post,0.06716750682523882,0.00933082951816501,50
E2_N16_snr10,B,legs,100.0,pre,0.06358288466193511,0.008172373796605263,50
E2_N16_snr10,B,legs,300.0,all,0.06401116334459132,0.002159096541406269,50
E2_N16_snr10,B,legs,300.0,end,0.19670677897374328,0.16965834211432199,50
E2_N16_snr10,B,legs,300.0,post,0.06716750682523882,0.00933082951816501,50
E2_N16_snr10,B,legs,300.0,pre,0.06358288466193511,0.008172373796605263,50
E2_N16_snr10,B,legs,1000.0,all,0.06401116334459132,0.002159096541406269,50
E2_N16_snr10,B,legs,1000.0,end,0.19670677897374328,0.16965834211432199,50
E2_N16_snr10,B,legs,1000.0,post,0.06716750682523882,0.00933082951816501,50
E2_N16_snr10,B,legs,1000.0,pre,0.06358288466193511,0.008172373796605263,50
E2_N16_snr10,B,point,0.0,all,0.31633250368002463,0.001628535382710957,50
E2_N16_snr10,B,point,0.0,end,0.45731856360049766,0.37290745824239013,50
E2_N16_snr10,B,point,0.0,post,0.3312473555930915,0.041114030793576437,50
E2_N16_snr10,B,point,0.0,pre,0.3145696786504193,0.03639862307563683,50
E2_N16_snr10,B,point,0.01,all,0.3143012256762766,0.0016785856565704178,50
E2_N16_snr10,B,point,0.01,end,0.45432226264459097,0.3704890686939553,50
E2_N16_snr10,B,point,0.01,post,0.329063281509171,0.04083622317882748,50
E2_N16_snr10,B,point,0.01,pre,0.3126031401389319,0.036186830179197424,50
E2_N16_snr10,B,point,0.03,all,0.31063184196753757,0.0017902359271174811,50
E2_N16_snr10,B,point,0.03,end,0.4484880322340924,0.36577286779444074,50
E2_N16_snr10,B,point,0.03,post,0.32481295134005256,0.04030004113946796,50
E2_N16_snr10,B,point,0.03,pre,0.3093229079100238,0.0356797198754343,50
E2_N16_snr10,B,point,0.1,all,0.30146471863958435,0.0021585323677941167,50
E2_N16_snr10,B,point,0.1,end,0.42958502188140224,0.35042684788483225,50
E2_N16_snr10,B,point,0.1,post,0.3110634191739311,0.03860249302627064,50
E2_N16_snr10,B,point,0.1,pre,0.30386789399993774,0.03318463847037425,50
E2_N16_snr10,B,point,0.3,all,0.29735142189208585,0.00807954444455991,50
E2_N16_snr10,B,point,0.3,end,0.3857909910476867,0.3144954228014611,50
E2_N16_snr10,B,point,0.3,post,0.27933632160917626,0.034852286033586935,50
E2_N16_snr10,B,point,0.3,pre,0.3215755248310553,0.025018319520955533,50
E2_N16_snr10,B,point,1.0,all,0.3580939843894544,0.03488164999872158,50
E2_N16_snr10,B,point,1.0,end,0.29629449282466086,0.23953391447877087,50
E2_N16_snr10,B,point,1.0,post,0.21505768982470488,0.027489983299283312,50
E2_N16_snr10,B,point,1.0,pre,0.454471896070623,0.028267393524739663,50
E2_N16_snr10,B,point,3.0,all,0.48544312874843826,0.06019582723270528,50
E2_N16_snr10,B,point,3.0,end,0.20437592465631294,0.16120833575716115,50
E2_N16_snr10,B,point,3.0,post,0.1497786897902116,0.019517661410395636,50
E2_N16_snr10,B,point,3.0,pre,0.6588597743708527,0.037566444904469164,50
E2_N16_snr10,B,point,10.0,all,0.6044005053465464,0.07348558914127044,50
E2_N16_snr10,B,point,10.0,end,0.13831894516601076,0.10644045358458572,50
E2_N16_snr10,B,point,10.0,post,0.10320188283784264,0.013988224706410604,50
E2_N16_snr10,B,point,10.0,pre,0.8335784798396813,0.03446885989352578,50
E2_N16_snr10,B,point,30.0,all,0.6636232479648347,0.07780401215226211,50
E2_N16_snr10,B,point,30.0,end,0.1101186715597109,0.08285417267216111,50
E2_N16_snr10,B,point,30.0,post,0.08387854016522082,0.011575338803544829,50
E2_N16_snr10,B,point,30.0,pre,0.9183372001490768,0.028099953972980284,50
E2_N16_snr10,B,point,100.0,all,0.6931638859190019,0.07955123480145636,50
E2_N16_snr10,B,point,100.0,end,0.09895236146061916,0.07073299713431284,50
E2_N16_snr10,B,point,100.0,post,0.07687682500357357,0.009984757017693852,50
E2_N16_snr10,B,point,100.0,pre,0.9601709133607349,0.023478762060049996,50
E2_N16_snr10,B,point,300.0,all,0.7039345333927456,0.08034660072370894,50
E2_N16_snr10,B,point,300.0,end,0.0964685899686922,0.06709264262797439,50
E2_N16_snr10,B,point,300.0,post,0.07549429145932259,0.009625490605241626,50
E2_N16_snr10,B,point,300.0,pre,0.9753001992437502,0.0223542267243038,50
E2_N16_snr10,B,point,1000.0,all,0.7081984742895492,0.08075697985217255,50
E2_N16_snr10,B,point,1000.0,end,0.09601475313483519,0.06632354035095533,50
E2_N16_snr10,B,point,1000.0,post,0.07526140383604524,0.009573144491354988,50
E2_N16_snr10,B,point,1000.0,pre,0.9812609283924475,0.022365180757796678,50
E2_N4_snr-10,A,cur,0.0,all,0.8448744533772984,0.11048757523690733,50
E2_N4_snr-10,A,cur,0.0,end,1.477876941558951,1.2801177229308858,50
E2_N4_snr-10,A,cur,0.0,post,0.8464142491090062,0.13083318136185898,50
E2_N4_snr-10,A,cur,0.0,pre,0.8510123666158748,0.13115427575939165,50
E2_N4_snr-10,A,cur,0.01,all,0.844053866391954,0.11066503200741216,50
E2_N4_snr-10,A,cur,0.01,end,1.4735778869546965,1.2776612727891654,50
E2_N4_snr-10,A,cur,0.01,post,0.845124203024732,0.13098791615538632,50
E2_N4_snr-10,A,cur,0.01,pre,0.8505038138828475,0.13118110866707297,50
E2_N4_snr-10,A,cur,0.03,all,0.8425127015522851,0.11097896702858158,50
E2_N4_snr-10,A,cur,0.03,end,1.4652511190637159,1.2729171576555107,50
E2_N4_snr-10,A,cur,0.03,post,0.8426328798143143,0.13129473677537834,50
E2_N4_snr-10,A,cur,0.03,pre,0.8496029711682047,0.13117561538806377,50
E2_N4_snr-10,A,cur,0.1,all,0.8380358258363156,0.11170627035253,50
E2_N4_snr-10,A,cur,0.1,end,1.438681074283382,1.257909982635643,50
E2_N4_snr-10,A,cur,0.1,post,0.8347492640035532,0.13233423798953217,50
E2_N4_snr-10,A,cur,0.1,pre,0.8474957717076955,0.13063492620678724,50
E2_N4_snr-10,A,cur,0.3,all,0.8307230596412309,0.11167251314729373,50
E2_N4_snr-10,A,cur,0.3,end,1.379650406410299,1.2254344032342135,50
E2_N4_snr-10,A,cur,0.3,post,0.8176119267293602,0.1349442878759156,50
E2_N4_snr-10,A,cur,0.3,pre,0.8473525807118897,0.12638168532157612,50
E2_N4_snr-10,A,cur,1.0,all,0.8291593177347006,0.10443924249602593,50
E2_N4_snr-10,A,cur,1.0,end,1.2712457564001964,1.1705964193026792,50
E2_N4_snr-10,A,cur,1.0,post,0.7876856383675235,0.14062283798983277,50
E2_N4_snr-10,A,cur,1.0,pre,0.8669401158144237,0.10607182978615601,50
E2_N4_snr-10,A,cur,3.0,all,0.8464442304642538,0.0885374429930833,50
E2_N4_snr-10,A,cur,3.0,end,1.1795315010431364,1.1333626979748013,50
E2_N4_snr-10,A,cur,3.0,post,0.7644387387005862,0.14610090720756522,50
E2_N4_snr-10,A,cur,3.0,pre,0.9134445757327542,0.07237338113363473,50
E2_N4_snr-10,A,cur,10.0,all,0.8718678930618566,0.07312053256906859,50
E2_N4_snr-10,A,cur,10.0,end,1.1271912509375082,1.11938206161571,50
E2_N4_snr-10,A,cur,10.0,post,0.7526954177395743,0.14942685807197867,50
E2_N4_snr-10,A,cur,10.0,pre,0.9645236309462578,0.04136060295105958,50
E2_N4_snr-10,A,cur,30.0,all,0.8870104991491122,0.06557954424275486,50
E2_N4_snr-10,A,cur,30.0,end,1.1089597360080865,1.1158410542631683,50
E2_N4_snr-10,A,cur,30.0,post,0.7491660720702852,0.1505504125714284,50
E2_N4_snr-10,A,cur,30.0,pre,0.9922379957086332,0.027067454595247488,50
E2_N4_snr-10,A,cur,100.0,all,0.8950008052800879,0.06195815048422529,50
E2_N4_snr-10,A,cur,100.0,end,1.1031047985419329,1.11466027861651,50
E2_N4_snr-10,A,cur,100.0,post,0.7481259731396672,0.1508582772210812,50
E2_N4_snr-10,A,cur,100.0,pre,1.0062376923220135,0.02184988614151379,50
E2_N4_snr-10,A,cur,300.0,all,0.897933114067211,0.060743131266745166,50
E2_N4_snr-10,A,cur,300.0,end,1.1020723363686893,1.114433964505297,50
E2_N4_snr-10,A,cur,300.0,post,0.7479436289424857,0.1509004070923267,50
E2_N4_snr-10,A,cur,300.0,pre,1.0112289614138679,0.020665226019613306,50
E2_N4_snr-10,A,cur,1000.0,all,0.8990903057563459,0.060298723098102185,50
E2_N4_snr-10,A,cur,1000.0,end,1.1019108518356122,1.1143951621950259,50
E2_N4_snr-10,A,cur,1000.0,post,0.7479144977096951,0.15090566307418715,50
E2_N4_snr-10,A,cur,1000.0,pre,1.0131677596006603,0.02033103238772707,50
E2_N4_snr-10,A,hist,0.0,all,0.8448744533772984,0.1104875752369073,50
E2_N4_snr-10,A,hist,0.0,end,1.4778769415589517,1.2801177229308873,50
E2_N4_snr-10,A,hist,0.0,post,0.8464142491090062,0.13083318136185898,50
E2_N4_snr-10,A,hist,0.0,pre,0.8510123666158748,0.13115427575939162,50
E2_N4_snr-10,A,hist,0.01,all,0.8440717890415564,0.11063245425711725,50
E2_N4_snr-10,A,hist,0.01,end,1.4742461960108668,1.278503398239066,50
E2_N4_snr-10,A,hist,0.01,post,0.8454719734418069,0.13090120592692547,50
E2_N4_snr-10,A,hist,0.01,pre,0.850225377341048,0.13124994178524466,50
E2_N4_snr-10,A,hist,0.03,all,0.8425250395484837,0.11091318930743123,50
E2_N4_snr-10,A,hist,0.03,end,1.467211738964515,1.275404808919334,50
E2_N4_snr-10,A,hist,0.03,post,0.8436548039204119,0.13103609072431957,50
E2_N4_snr-10,A,hist,0.03,pre,0.8487079826060185,0.13143687980533225,50
E2_N4_snr-10,A,hist,0.1,all,0.837662150614364,0.1118089633985415,50
E2_N4_snr-10,A,hist,0.1,end,1.4447429503052884,1.2657824156131494,50
E2_N4_snr-10,A,hist,0.1,post,0.8379288122729552,0.131492635416695,50
E2_N4_snr-10,A,hist,0.1,pre,0.8439298272173664,0.13204733809132305,50
E2_N4_snr-10,A,hist,0.3,all,0.8273003034137227,0.11378187605197618,50
E2_N4_snr-10,A,hist,0.3,end,1.3946347118104236,1.2461128451443373,50
E2_N4_snr-10,A,hist,0.3,post,0.8256462113985218,0.13262637406004305,50
E2_N4_snr-10,A,hist,0.3,pre,0.833706594403317,0.1334685637866095,50
E2_N4_snr-10,A,hist,1.0,all,0.810494624858223,0.11708860525056188,50
E2_N4_snr-10,A,hist,1.0,end,1.3008433058504665,1.2194133639002558,50
E2_N4_snr-10,A,hist,1.0,post,0.805285175670932,0.13478929921339047,50
E2_N4_snr-10,A,hist,1.0,pre,0.8169637433738525,0.13606663849744707,50
E2_N4_snr-10,A,hist,3.0,all,0.8020397748964974,0.1176613565016209,50
E2_N4_snr-10,A,hist,3.0,end,1.2148202699317543,1.2191142118282796,50
E2_N4_snr-10,A,hist,3.0,post,0.7938470704237678,0.13414183530685017,50
E2_N4_snr-10,A,hist,3.0,pre,0.8082886369488788,0.13605452030283186,50
E2_N4_snr-10,A,hist,10.0,all,0.8153603579577655,0.10737929660138482,50
E2_N4_snr-10,A,hist,10.0,end,1.1647988946145857,1.261034575884735,50
E2_N4_snr-10,A,hist,10.0,post,0.8061066285520715,0.12059149244347514,50
E2_N4_snr-10,A,hist,10.0,pre,0.8209764638392391,0.12454215464339849,50
E2_N4_snr-10,A,hist,30.0,all,0.8500181061529056,0.08795953158122155,50
E2_N4_snr-10,A,hist,30.0,end,1.1924415571993374,1.3175256348680136,50
E2_N4_snr-10,A,hist,30.0,post,0.841321501724754,0.09926518108442187,50
E2_N4_snr-10,A,hist,30.0,pre,0.8541593766245354,0.10745164942483265,50
E2_N4_snr-10,A,hist,100.0,all,0.8866743039714468,0.07183992886485083,50
E2_N4_snr-10,A,hist,100.0,end,1.2485158029119114,1.3668275255032518,50
E2_N4_snr-10,A,hist,100.0,post,0.8785965695863112,0.08751975402077479,50
E2_N4_snr-10,A,hist,100.0,pre,0.8888483450259408,0.09942174198641358,50
E2_N4_snr-10,A,hist,300.0,all,0.9040838584311902,0.0658776214152937,50
E2_N4_snr-10,A,hist,300.0,end,1.2653094992801348,1.3657260690770223,50
E2_N4_snr-10,A,hist,300.0,post,0.8962553390396131,0.08581681931018961,50
E2_N4_snr-10,A,hist,300.0,pre,0.905222468090514,0.09878984583083926,50
E2_N4_snr-10,A,hist,1000.0,all,0.9119467555486882,0.06339179326952221,50
E2_N4_snr-10,A,hist,1000.0,end,1.230484168831892,1.275881534316484,50
E2_N4_snr-10,A,hist,1000.0,post,0.9042927323143953,0.08511782599237941,50
E2_N4_snr-10,A,hist,1000.0,pre,0.9126644103399946,0.09845990311741985,50
E2_N4_snr-10,A,in,0.0,all,0.8448744533772893,0.11048757523690908,50
E2_N4_snr-10,A,in,0.0,end,1.4778769415588977,1.2801177229308305,50
E2_N4_snr-10,A,in,0.0,post,0.8464142491090029,0.1308331813618587,50
E2_N4_snr-10,A,in,0.0,pre,0.8510123666158594,0.13115427575939345,50
E2_N4_snr-10,A,in,0.01,all,0.8440738789339768,0.11062719859169817,50
E2_N4_snr-10,A,in,0.01,end,1.4745495119517462,1.2782285832199323,50
E2_N4_snr-10,A,in,0.01,post,0.8455218944414011,0.13095540334111788,50
E2_N4_snr-10,A,in,0.01,pre,0.8502211961518517,0.13125103446799646,50
E2_N4_snr-10,A,in,0.03,all,0.8425285136610953,0.1108976435982009,50
E2_N4_snr-10,A,in,0.03,end,1.4681117921858629,1.2745897772087125,50
E2_N4_snr-10,A,in,0.03,post,0.8437993328828474,0.13119449984632955,50
E2_N4_snr-10,A,in,0.03,pre,0.8486933659541882,0.13143863040302384,50
E2_N4_snr-10,A,in,0.1,all,0.8376444278164851,0.1117601025195061,50
E2_N4_snr-10,A,in,0.1,end,1.4476348990792927,1.2631666383644666,50
E2_N4_snr-10,A,in,0.1,post,0.83835494180271,0.13197771166545422,50
E2_N4_snr-10,A,in,0.1,pre,0.8438592851428548,0.13203851160551064,50
E2_N4_snr-10,A,in,0.3,all,0.8270604878655016,0.11366613000891541,50
E2_N4_snr-10,A,in,0.3,end,1.4025354022351744,1.2389610301943865,50
E2_N4_snr-10,A,in,0.3,post,0.82655508502971,0.1338219634181593,50
E2_N4_snr-10,A,in,0.3,pre,0.8333547182223956,0.1333734291312374,50
E2_N4_snr-10,A,in,1.0,all,0.8086943333463026,0.11708255767165052,50
E2_N4_snr-10,A,in,1.0,end,1.3215387402778789,1.2004024933020567,50
E2_N4_snr-10,A,in,1.0,post,0.8060712500367928,0.13756678676922296,50
E2_N4_snr-10,A,in,1.0,pre,0.8150269274150774,0.13579103048362665,50
E2_N4_snr-10,A,in,3.0,all,0.7945347099949306,0.11982559324522107,50
E2_N4_snr-10,A,in,3.0,end,1.2560534032347903,1.1783937898350278,50
E2_N4_snr-10,A,in,3.0,post,0.7902834943111472,0.1411832974958401,50
E2_N4_snr-10,A,in,3.0,pre,0.800795621089867,0.13771036376797663,50
E2_N4_snr-10,A,in,10.0,all,0.7873745577073056,0.12127824067277794,50
E2_N4_snr-10,A,in,10.0,end,1.2213251931249332,1.1745958774537137,50
E2_N4_snr-10,A,in,10.0,post,0.782358261834181,0.14360144944976097,50
E2_N4_snr-10,A,in,10.0,pre,0.7935372072179208,0.13867591296959061,50
E2_N4_snr-10,A,in,30.0,all,0.7851582676082438,0.12173181496627875,50
E2_N4_snr-10,A,in,30.0,end,1.2097306162817094,1.1748291765692633,50
E2_N4_snr-10,A,in,30.0,post,0.7799598378509203,0.14457058737137413,50
E2_N4_snr-10,A,in,30.0,pre,0.7912804508868045,0.13898644366728397,50
E2_N4_snr-10,A,in,100.0,all,0.7844746986952671,0.12186002520294523,50
E2_N4_snr-10,A,in,100.0,end,1.2056551798606678,1.1745934796768462,50
E2_N4_snr-10,A,in,100.0,post,0.7792467251992266,0.14495205287689844,50
E2_N4_snr-10,A,in,100.0,pre,0.7905916196132188,0.13908758994053227,50
E2_N4_snr-10,A,in,300.0,all,0.784350731501586,0.12187987223804754,50
E2_N4_snr-10,A,in,300.0,end,1.2046949126629303,1.174501087745306,50
E2_N4_snr-10,A,in,300.0,post,0.7791241059216919,0.14506774274564468,50
E2_N4_snr-10,A,in,300.0,pre,0.7904716013138436,0.13909998323022832,50
E2_N4_snr-10,A,in,1000.0,all,0.7843303954025588,0.12188274363258814,50
E2_N4_snr-10,A,in,1000.0,end,1.204434292563842,1.1744999697196734,50
E2_N4_snr-10,A,in,1000.0,post,0.7791058672499512,0.1451111816157638,50
E2_N4_snr-10,A,in,1000.0,pre,0.790454382238841,0.139098142791888,50
E2_N4_snr-10,A,legs,0.0,all,0.8448744533772984,0.11048757523690736,50
E2_N4_snr-10,A,legs,0.0,end,1.477876941558951,1.2801177229308862,50
E2_N4_snr-10,A,legs,0.0,post,0.8464142491090062,0.13083318136185904,50
E2_N4_snr-10,A,legs,0.0,pre,0.8510123666158748,0.13115427575939165,50
E2_N4_snr-10,A,legs,0.01,all,0.8448744533772984,0.11048757523690736,50
E2_N4_snr-10,A,legs,0.01,end,1.477876941558951,1.2801177229308862,50
E2_N4_snr-10,A,legs,0.01,post,0.8464142491090062,0.13083318136185904,50
E2_N4_snr-10,A,legs,0.01,pre,0.8510123666158748,0.13115427575939165,50
E2_N4_snr-10,A,legs,0.03,all,0.8448744533772984,0.11048757523690736,50
E2_N4_snr-10,A,legs,0.03,end,1.477876941558951,1.2801177229308862,50
E2_N4_snr-10,A,legs,0.03,post,0.8464142491090062,0.13083318136185904,50
E2_N4_snr-10,A,legs,0.03,pre,0.8510123666158748,0.13115427575939165,50
E2_N4_snr-10,A,legs,0.1,all,0.8448744533772984,0.11048757523690736,50
E2_N4_snr-10,A,legs,0.1,end,1.477876941558951,1.2801177229308862,50
E2_N4_snr-10,A,legs,0.1,post,0.8464142491090062,0.13083318136185904,50
E2_N4_snr-10,A,legs,0.1,pre,0.8510123666158748,0.13115427575939165,50
E2_N4_snr-10,A,legs,0.3,all,0.8448744533772984,0.11048757523690736,50
E2_N4_snr-10,A,legs,0.3,end,1.477876941558951,1.2801177229308862,50
E2_N4_snr-10,A,legs,0.3,post,0.8464142491090062,0.13083318136185904,50
E2_N4_snr-10,A,legs,0.3,pre,0.8510123666158748,0.13115427575939165,50
E2_N4_snr-10,A,legs,1.0,all,0.8448744533772984,0.11048757523690736,50
E2_N4_snr-10,A,legs,1.0,end,1.477876941558951,1.2801177229308862,50
E2_N4_snr-10,A,legs,1.0,post,0.8464142491090062,0.13083318136185904,50
E2_N4_snr-10,A,legs,1.0,pre,0.8510123666158748,0.13115427575939165,50
E2_N4_snr-10,A,legs,3.0,all,0.8448744533772984,0.11048757523690736,50
E2_N4_snr-10,A,legs,3.0,end,1.477876941558951,1.2801177229308862,50
E2_N4_snr-10,A,legs,3.0,post,0.8464142491090062,0.13083318136185904,50
E2_N4_snr-10,A,legs,3.0,pre,0.8510123666158748,0.13115427575939165,50
E2_N4_snr-10,A,legs,10.0,all,0.8448744533772984,0.11048757523690736,50
E2_N4_snr-10,A,legs,10.0,end,1.477876941558951,1.2801177229308862,50
E2_N4_snr-10,A,legs,10.0,post,0.8464142491090062,0.13083318136185904,50
E2_N4_snr-10,A,legs,10.0,pre,0.8510123666158748,0.13115427575939165,50
E2_N4_snr-10,A,legs,30.0,all,0.8448744533772984,0.11048757523690736,50
E2_N4_snr-10,A,legs,30.0,end,1.477876941558951,1.2801177229308862,50
E2_N4_snr-10,A,legs,30.0,post,0.8464142491090062,0.13083318136185904,50
E2_N4_snr-10,A,legs,30.0,pre,0.8510123666158748,0.13115427575939165,50
E2_N4_snr-10,A,legs,100.0,all,0.8448744533772984,0.11048757523690736,50
E2_N4_snr-10,A,legs,100.0,end,1.477876941558951,1.2801177229308862,50
E2_N4_snr-10,A,legs,100.0,post,0.8464142491090062,0.13083318136185904,50
E2_N4_snr-10,A,legs,100.0,pre,0.8510123666158748,0.13115427575939165,50
E2_N4_snr-10,A,legs,300.0,all,0.8448744533772984,0.11048757523690736,50
E2_N4_snr-10,A,legs,300.0,end,1.477876941558951,1.2801177229308862,50
E2_N4_snr-10,A,legs,300.0,post,0.8464142491090062,0.13083318136185904,50
E2_N4_snr-10,A,legs,300.0,pre,0.8510123666158748,0.13115427575939165,50
E2_N4_snr-10,A,legs,1000.0,all,0.8448744533772984,0.11048757523690736,50
E2_N4_snr-10,A,legs,1000.0,end,1.477876941558951,1.2801177229308862,50
E2_N4_snr-10,A,legs,1000.0,post,0.8464142491090062,0.13083318136185904,50
E2_N4_snr-10,A,legs,1000.0,pre,0.8510123666158748,0.13115427575939165,50
E2_N4_snr-10,A,point,0.0,all,3.1613533453045033,0.016221467259525404,50
E2_N4_snr-10,A,point,0.0,end,4.570974739319003,3.727874038609218,50
E2_N4_snr-10,A,point,0.0,post,3.310524289366737,0.4112822678832363,50
E2_N4_snr-10,A,point,0.0,pre,3.143707125874785,0.3641046360795188,50
E2_N4_snr-10,A,point,0.01,all,3.140507202118923,0.016744322039600384,50
E2_N4_snr-10,A,point,0.01,end,4.540997213580349,3.7036822138398326,50
E2_N4_snr-10,A,point,0.01,post,3.2886707293742834,0.40850411959202065,50
E2_N4_snr-10,A,point,0.01,pre,3.1230153387369852,0.36206962094450573,50
E2_N4_snr-10,A,point,0.03,all,3.0999376023925556,0.018383317436356825,50
E2_N4_snr-10,A,point,0.03,end,4.4826260921808805,3.6565044341899093,50
E2_N4_snr-10,A,point,0.03,post,3.246141978909138,0.403142200730817,50
E2_N4_snr-10,A,point,0.03,pre,3.0827441694211615,0.3581220956383586,50
E2_N4_snr-10,A,point,0.1,all,2.968680961035079,0.026604569983639716,50
E2_N4_snr-10,A,point,0.1,end,4.29349729174127,3.5029899166699416,50
E2_N4_snr-10,A,point,0.1,post,3.108559494649686,0.38616681480497755,50
E2_N4_snr-10,A,point,0.1,pre,2.9524354407785918,0.3454406925272864,50
E2_N4_snr-10,A,point,0.3,all,2.6657068553863166,0.04678221562646992,50
E2_N4_snr-10,A,point,0.3,end,3.8552916109753586,3.1435271504229263,50
E2_N4_snr-10,A,point,0.3,post,2.7910541687509864,0.34866792047837997,50
E2_N4_snr-10,A,point,0.3,pre,2.651549738357648,0.3163121479032112,50
E2_N4_snr-10,A,point,1.0,all,2.05143264897554,0.06805190164936421,50
E2_N4_snr-10,A,point,1.0,end,2.959544996396348,2.3934524949704303,50
E2_N4_snr-10,A,point,1.0,post,2.147578499835971,0.2750705473925151,50
E2_N4_snr-10,A,point,1.0,pre,2.0411203087354175,0.254377468119815,50
E2_N4_snr-10,A,point,3.0,all,1.4268147432856646,0.05940700097959714,50
E2_N4_snr-10,A,point,3.0,end,2.038857541936618,1.6092393116074295,50
E2_N4_snr-10,A,point,3.0,post,1.4934771017633517,0.19542783600763133,50
E2_N4_snr-10,A,point,3.0,pre,1.4200145111766458,0.18289700137690723,50
E2_N4_snr-10,A,point,10.0,all,0.9801670705097378,0.05779611152047331,50
E2_N4_snr-10,A,point,10.0,end,1.3759371761256358,1.0600912949746988,50
E2_N4_snr-10,A,point,10.0,post,1.0257353712059833,0.14037101115498407,50
E2_N4_snr-10,A,point,10.0,pre,0.9757660468225695,0.13464351327226062,50
E2_N4_snr-10,A,point,30.0,all,0.7941053280384837,0.05557379414106924,50
E2_N4_snr-10,A,point,30.0,end,1.091975115220528,0.8231126561777397,50
E2_N4_snr-10,A,point,30.0,post,0.8310147498202347,0.11654347222899233,50
E2_N4_snr-10,A,point,30.0,pre,0.790545016745794,0.11643016851752781,50
E2_N4_snr-10,A,point,100.0,all,0.7264768997518791,0.044933545310929086,50
E2_N4_snr-10,A,point,100.0,end,0.9792136032924591,0.7010319929531703,50
E2_N4_snr-10,A,point,100.0,post,0.7602832915907467,0.10075487077741065,50
E2_N4_snr-10,A,point,100.0,pre,0.7231111293661052,0.10762239237818945,50
E2_N4_snr-10,A,point,300.0,all,0.713125309098741,0.043382193668754655,50
E2_N4_snr-10,A,point,300.0,end,0.9541074156698359,0.6642835706318049,50
E2_N4_snr-10,A,point,300.0,post,0.7463047964705953,0.0971643340216555,50
E2_N4_snr-10,A,point,300.0,pre,0.7097719276046895,0.10666127462432826,50
E2_N4_snr-10,A,point,1000.0,all,0.7108784536978071,0.04342745724563429,50
E2_N4_snr-10,A,point,1000.0,end,0.949519785697162,0.6565128155490849,50
E2_N4_snr-10,A,point,1000.0,post,0.7439499427170573,0.09663744897080134,50
E2_N4_snr-10,A,point,1000.0,pre,0.707523713410246,0.10665286345766811,50
E2_N4_snr-10,B,cur,0.0,all,0.848922951961634,0.1255111186089669,50
E2_N4_snr-10,B,cur,0.0,end,1.4822869907463578,1.4387211093884793,50
E2_N4_snr-10,B,cur,0.0,post,0.8459112706686546,0.14229716180040308,50
E2_N4_snr-10,B,cur,0.0,pre,0.8571629671019056,0.15799949825798645,50
E2_N4_snr-10,B,cur,0.01,all,0.8481272441117048,0.1256760233980199,50
E2_N4_snr-10,B,cur,0.01,end,1.478812298299444,1.4367022629989599,50
E2_N4_snr-10,B,cur,0.01,post,0.8450199064956828,0.14242221727067753,50
E2_N4_snr-10,B,cur,0.01,pre,0.8563735939721607,0.15815765710900948,50
E2_N4_snr-10,B,cur,0.03,all,0.8465910847735472,0.12599503018789138,50
E2_N4_snr-10,B,cur,0.03,end,1.4720848472291583,1.4328077788291764,50
E2_N4_snr-10,B,cur,0.03,post,0.8432993242186996,0.1426658608379084,50
E2_N4_snr-10,B,cur,0.03,pre,0.8548488338754666,0.15846397643630586,50
E2_N4_snr-10,B,cur,0.1,all,0.8417344453842888,0.12700888673050154,50
E2_N4_snr-10,B,cur,0.1,end,1.4506413145919776,1.4205277836096122,50
E2_N4_snr-10,B,cur,0.1,post,0.8378617972191408,0.1434549621154116,50
E2_N4_snr-10,B,cur,0.1,pre,0.8500209527368986,0.15944091210737507,50
E2_N4_snr-10,B,cur,0.3,all,0.8312010566958467,0.12923192796867566,50
E2_N4_snr-10,B,cur,0.3,end,1.4031284890079454,1.3941659243375015,50
E2_N4_snr-10,B,cur,0.3,post,0.8260803909622554,0.1452601762017035,50
E2_N4_snr-10,B,cur,0.3,pre,0.8395108393828146,0.1616038716467489,50
E2_N4_snr-10,B,cur,1.0,all,0.8128893518988558,0.1331602059035085,50
E2_N4_snr-10,B,cur,1.0,end,1.3163895129203196,1.3503579658617484,50
E2_N4_snr-10,B,cur,1.0,post,0.8056442184182512,0.1486850793806401,50
E2_N4_snr-10,B,cur,1.0,pre,0.8211040041398592,0.16551305139161088,50
E2_N4_snr-10,B,cur,3.0,all,0.7987322619741495,0.13626744411295222,50
E2_N4_snr-10,B,cur,3.0,end,1.244061465127805,1.3213202059354554,50
E2_N4_snr-10,B,cur,3.0,post,0.7899132477941417,0.15159603424929696,50
E2_N4_snr-10,B,cur,3.0,pre,0.8067390809281363,0.1687018923215151,50
E2_N4_snr-10,B,cur,10.0,all,0.7915596294942903,0.1378961727757676,50
E2_N4_snr-10,B,cur,10.0,end,1.204951710063088,1.3113005566942946,50
E2_N4_snr-10,B,cur,10.0,post,0.7820273276165718,0.15318268077394012,50
E2_N4_snr-10,B,cur,10.0,pre,0.7993920930689186,0.17043293663410794,50
E2_N4_snr-10,B,cur,30.0,all,0.7893331258862563,0.1383937435058155,50
E2_N4_snr-10,B,cur,30.0,end,1.1928181890546243,1.3094088802812387,50
E2_N4_snr-10,B,cur,30.0,post,0.7796484613554093,0.1536341081556674,50
E2_N4_snr-10,B,cur,30.0,pre,0.7970699297673574,0.17101241314402255,50
E2_N4_snr-10,B,cur,100.0,all,0.7886339512108604,0.13852824759346033,50
E2_N4_snr-10,B,cur,100.0,end,1.1893174191996139,1.308790373886828,50
E2_N4_snr-10,B,cur,100.0,post,0.7789388003508398,0.15371213166819764,50
E2_N4_snr-10,B,cur,100.0,pre,0.7963154104698414,0.171194568173733,50
E2_N4_snr-10,B,cur,300.0,all,0.7885042172683214,0.13854667395517023,50
E2_N4_snr-10,B,cur,300.0,end,1.1887416301287193,1.3086369551641415,50
E2_N4_snr-10,B,cur,300.0,post,0.7788129948049984,0.15371067038833977,50
E2_N4_snr-10,B,cur,300.0,pre,0.7961713349933163,0.1712222373042977,50
E2_N4_snr-10,B,cur,1000.0,all,0.788482916239972,0.13854894415879523,50
E2_N4_snr-10,B,cur,1000.0,end,1.188653883520376,1.308606394116848,50
E2_N4_snr-10,B,cur,1000.0,post,0.7787927429102737,0.15370875797238004,50
E2_N4_snr-10,B,cur,1000.0,pre,0.7961473988183235,0.17122569218140724,50
E2_N4_snr-10,B,hist,0.0,all,0.848922951961634,0.12551111860896694,50
E2_N4_snr-10,B,hist,0.0,end,1.482286990746358,1.4387211093884802,50
E2_N4_snr-10,B,hist,0.0,post,0.8459112706686546,0.14229716180040308,50
E2_N4_snr-10,B,hist,0.0,pre,0.8571629671019056,0.15799949825798645,50
E2_N4_snr-10,B,hist,0.01,all,0.8481201677425669,0.12568464715657657,50
E2_N4_snr-10,B,hist,0.01,end,1.4786900467122448,1.4372247895884482,50
E2_N4_snr-10,B,hist,0.01,post,0.8449619407155078,0.14238543957771008,50
E2_N4_snr-10,B,hist,0.01,pre,0.8564038541022465,0.15799483416647728,50
E2_N4_snr-10,B,hist,0.03,all,0.8466078325202728,0.1259932422859171,50
E2_N4_snr-10,B,hist,0.03,end,1.471722657847922,1.4343503407145952,50
E2_N4_snr-10,B,hist,0.03,post,0.8431319036759604,0.14255920535127525,50
E2_N4_snr-10,B,hist,0.03,pre,0.8550072496791487,0.15793167373107753,50
E2_N4_snr-10,B,hist,0.1,all,0.8421744139386727,0.1267214260108677,50
E2_N4_snr-10,B,hist,0.1,end,1.4494825063012247,1.425397261283156,50
E2_N4_snr-10,B,hist,0.1,post,0.8373724169011861,0.1431360844155079,50
E2_N4_snr-10,B,hist,0.1,pre,0.851229590794319,0.15722764394290473,50
E2_N4_snr-10,B,hist,0.3,all,0.8347162353063693,0.12674919102953933,50
E2_N4_snr-10,B,hist,0.3,end,1.3999728390261361,1.4068503776590655,50
E2_N4_snr-10,B,hist,0.3,post,0.8250655184108682,0.14450697345994698,50
E2_N4_snr-10,B,hist,0.3,pre,0.8469459114068242,0.15259943444548232,50
E2_N4_snr-10,B,hist,1.0,all,0.8323251097610421,0.11934516636494034,50
E2_N4_snr-10,B,hist,1.0,end,1.3078201957056552,1.379359344115467,50
E2_N4_snr-10,B,hist,1.0,post,0.804957807568785,0.1468915396601155,50
E2_N4_snr-10,B,hist,1.0,pre,0.8577978183970443,0.13057489433604177,50
E2_N4_snr-10,B,hist,3.0,all,0.8498984537877159,0.10106602389188386,50
E2_N4_snr-10,B,hist,3.0,end,1.2247499499417271,1.3686140513052774,50
E2_N4_snr-10,B,hist,3.0,post,0.7945124623761249,0.14577939708450482,50
E2_N4_snr-10,B,hist,3.0,pre,0.89628221695461,0.0923812617412511,50
E2_N4_snr-10,B,hist,10.0,all,0.8827624783324677,0.07700368173402271,50
E2_N4_snr-10,B,hist,10.0,end,1.176054736083793,1.3808340759932296,50
E2_N4_snr-10,B,hist,10.0,post,0.8083545145782277,0.12972493732762325,50
E2_N4_snr-10,B,hist,10.0,pre,0.9434005972860401,0.052965062082438244,50
E2_N4_snr-10,B,hist,30.0,all,0.913832130518713,0.05650750453591971,50
E2_N4_snr-10,B,hist,30.0,end,1.2009819381506899,1.392823302323226,50
E2_N4_snr-10,B,hist,30.0,post,0.8438028384723155,0.1036771348785994,50
E2_N4_snr-10,B,hist,30.0,pre,0.9717542389492273,0.028122372411979003,50
E2_N4_snr-10,B,hist,100.0,all,0.9387375029655406,0.04390791339532987,50
E2_N4_snr-10,B,hist,100.0,end,1.2528242527430893,1.3972507052069747,50
E2_N4_snr-10,B,hist,100.0,post,0.8800033569719996,0.08839199700980596,50
E2_N4_snr-10,B,hist,100.0,pre,0.9879546916821819,0.012997135789066808,50
E2_N4_snr-10,B,hist,300.0,all,0.9497358800434607,0.040769288466522474,50
E2_N4_snr-10,B,hist,300.0,end,1.2662525117672616,1.3756256268761884,50
E2_N4_snr-10,B,hist,300.0,post,0.8968683428840265,0.08594879733264534,50
E2_N4_snr-10,B,hist,300.0,pre,0.9941373366017633,0.0075128972436613525,50
E2_N4_snr-10,B,hist,1000.0,all,0.9544920145124972,0.039794438394279694,50
E2_N4_snr-10,B,hist,1000.0,end,1.2297562187276139,1.277283764243753,50
E2_N4_snr-10,B,hist,1000.0,post,0.9044985438140032,0.08516114206311662,50
E2_N4_snr-10,B,hist,1000.0,pre,0.9965030608699134,0.0056686173524475155,50
E2_N4_snr-10,B,in,0.0,all,0.8489229519616255,0.12551111860896838,50
E2_N4_snr-10,B,in,0.0,end,1.482286990746312,1.4387211093884136,50
E2_N4_snr-10,B,in,0.0,post,0.8459112706686518,0.14229716180040206,50
E2_N4_snr-10,B,in,0.0,pre,0.8571629671018909,0.15799949825798815,50
E2_N4_snr-10,B,in,0.01,all,0.8481204578377501,0.1256884982953217,50
E2_N4_snr-10,B,in,0.01,end,1.4778541351466277,1.435044259588224,50
E2_N4_snr-10,B,in,0.01,post,0.8446352837990342,0.14234340354118571,50
E2_N4_snr-10,B,in,0.01,pre,0.8566998133820916,0.15805451869845816,50
E2_N4_snr-10,B,in,0.03,all,0.8466144769273781,0.12600244463064686,50
E2_N4_snr-10,B,in,0.03,end,1.4692676548701338,1.4279168413818546,50
E2_N4_snr-10,B,in,0.03,post,0.8421713673297322,0.14243824229520427,50
E2_N4_snr-10,B,in,0.03,pre,0.8558879031642723,0.15810285402508698,50
E2_N4_snr-10,B,in,0.1,all,0.8422508251557581,0.1267310719685012,50
E2_N4_snr-10,B,in,0.1,end,1.441865310242058,1.4051231061843723,50
E2_N4_snr-10,B,in,0.1,post,0.8343767961731687,0.14278588399350908,50
E2_N4_snr-10,B,in,0.1,pre,0.8540727576188624,0.15772754452963558,50
E2_N4_snr-10,B,in,0.3,all,0.8351902187097053,0.12670614856224385,50
E2_N4_snr-10,B,in,0.3,end,1.3809910104547816,1.3542110937907021,50
E2_N4_snr-10,B,in,0.3,post,0.8174464962708298,0.14378596640675254,50
E2_N4_snr-10,B,in,0.3,pre,0.8546124932253992,0.15381941732600693,50
E2_N4_snr-10,B,in,1.0,all,0.8340350843342571,0.11952419346477813,50
E2_N4_snr-10,B,in,1.0,end,1.269612680986757,1.2597986646666683,50
E2_N4_snr-10,B,in,1.0,post,0.7879374633742634,0.14635152919500677,50
E2_N4_snr-10,B,in,1.0,pre,0.8754045448645152,0.1344356493602054,50
E2_N4_snr-10,B,in,3.0,all,0.851433772406253,0.10382311162565613,50
E2_N4_snr-10,B,in,3.0,end,1.1771690464438098,1.1793980159657056,50
E2_N4_snr-10,B,in,3.0,post,0.7650940968507598,0.14931440555832073,50
E2_N4_snr-10,B,in,3.0,pre,0.9223710007512292,0.10372249375371555,50
E2_N4_snr-10,B,in,10.0,all,0.876621713310231,0.08874300841735377,50
E2_N4_snr-10,B,in,10.0,end,1.126620257889905,1.1338563181743764,50
E2_N4_snr-10,B,in,10.0,post,0.753617857339454,0.15164423332344387,50
E2_N4_snr-10,B,in,10.0,pre,0.9729884269434446,0.07900357907304675,50
E2_N4_snr-10,B,in,30.0,all,0.8916368099703419,0.0813393852267463,50
E2_N4_snr-10,B,in,30.0,end,1.1091444638099737,1.115499125890531,50
E2_N4_snr-10,B,in,30.0,post,0.7501658202817826,0.15273363904066337,50
E2_N4_snr-10,B,in,30.0,pre,1.0004321283897877,0.06929699843726737,50
E2_N4_snr-10,B,in,100.0,all,0.8996705774837821,0.07768575712289223,50
E2_N4_snr-10,B,in,100.0,end,1.1025589542867567,1.1051758657756066,50
E2_N4_snr-10,B,in,100.0,post,0.7491419207794056,0.15320363094720396,50
E2_N4_snr-10,B,in,100.0,pre,1.0145056885360573,0.06566497647332556,50
E2_N4_snr-10,B,in,300.0,all,0.9026576261252324,0.0764181645198127,50
E2_N4_snr-10,B,in,300.0,end,1.1007779718850577,1.1007407484562193,50
E2_N4_snr-10,B,in,300.0,post,0.748965800638236,0.15334955945823042,50
E2_N4_snr-10,B,in,300.0,pre,1.0195973470725315,0.06464886150467757,50
E2_N4_snr-10,B,in,1000.0,all,0.9038420377334326,0.07594455018590832,50
E2_N4_snr-10,B,in,1000.0,end,1.1002113945101426,1.0988353247919662,50
E2_N4_snr-10,B,in,1000.0,post,0.7489397453888276,0.15340335868163224,50
E2_N4_snr-10,B,in,1000.0,pre,1.0215869048835542,0.06430749866199505,50
E2_N4_snr-10,B,legs,0.0,all,0.848922951961634,0.12551111860896688,50
E2_N4_snr-10,B,legs,0.0,end,1.482286990746358,1.4387211093884795,50
E2_N4_snr-10,B,legs,0.0,post,0.8459112706686546,0.14229716180040305,50
E2_N4_snr-10,B,legs,0.0,pre,0.8571629671019056,0.15799949825798648,50
E2_N4_snr-10,B,legs,0.01,all,0.848922951961634,0.12551111860896688,50
E2_N4_snr-10,B,legs,0.01,end,1.482286990746358,1.4387211093884795,50
E2_N4_snr-10,B,legs,0.01,post,0.8459112706686546,0.14229716180040305,50
E2_N4_snr-10,B,legs,0.01,pre,0.8571629671019056,0.15799949825798648,50
E2_N4_snr-10,B,legs,0.03,all,0.848922951961634,0.12551111860896688,50
E2_N4_snr-10,B,legs,0.03,end,1.482286990746358,1.4387211093884795,50
E2_N4_snr-10,B,legs,0.03,post,0.8459112706686546,0.14229716180040305,50
E2_N4_snr-10,B,legs,0.03,pre,0.8571629671019056,0.15799949825798648,50
E2_N4_snr-10,B,legs,0.1,all,0.848922951961634,0.12551111860896688,50
E2_N4_snr-10,B,legs,0.1,end,1.482286990746358,1.4387211093884795,50
E2_N4_snr-10,B,legs,0.1,post,0.8459112706686546,0.14229716180040305,50
E2_N4_snr-10,B,legs,0.1,pre,0.8571629671019056,0.15799949825798648,50
E2_N4_snr-10,B,legs,0.3,all,0.848922951961634,0.12551111860896688,50
E2_N4_snr-10,B,legs,0.3,end,1.482286990746358,1.4387211093884795,50
E2_N4_snr-10,B,legs,0.3,post,0.8459112706686546,0.14229716180040305,50
E2_N4_snr-10,B,legs,0.3,pre,0.8571629671019056,0.15799949825798648,50
E2_N4_snr-10,B,legs,1.0,all,0.848922951961634,0.12551111860896688,50
E2_N4_snr-10,B,legs,1.0,end,1.482286990746358,1.4387211093884795,50
E2_N4_snr-10,B,legs,1.0,post,0.8459112706686546,0.14229716180040305,50
E2_N4_snr-10,B,legs,1.0,pre,0.8571629671019056,0.15799949825798648,50
E2_N4_snr-10,B,legs,3.0,all,0.848922951961634,0.12551111860896688,50
E2_N4_snr-10,B,legs,3.0,end,1.482286990746358,1.4387211093884795,50
E2_N4_snr-10,B,legs,3.0,post,0.8459112706686546,0.14229716180040305,50
E2_N4_snr-10,B,legs,3.0,pre,0.8571629671019056,0.15799949825798648,50
E2_N4_snr-10,B,legs,10.0,all,0.848922951961634,0.12551111860896688,50
E2_N4_snr-10,B,legs,10.0,end,1.482286990746358,1.4387211093884795,50
E2_N4_snr-10,B,legs,10.0,post,0.8459112706686546,0.14229716180040305,50
E2_N4_snr-10,B,legs,10.0,pre,0.8571629671019056,0.15799949825798648,50
E2_N4_snr-10,B,legs,30.0,all,0.848922951961634,0.12551111860896688,50
E2_N4_snr-10,B,legs,30.0,end,1.482286990746358,1.4387211093884795,50
E2_N4_snr-10,B,legs,30.0,post,0.8459112706686546,0.14229716180040305,50
E2_N4_snr-10,B,legs,30.0,pre,0.8571629671019056,0.15799949825798648,50
E2_N4_snr-10,B,legs,100.0,all,0.848922951961634,0.12551111860896688,50
E2_N4_snr-10,B,legs,100.0,end,1.482286990746358,1.4387211093884795,50
E2_N4_snr-10,B,legs,100.0,post,0.8459112706686546,0.14229716180040305,50
E2_N4_snr-10,B,legs,100.0,pre,0.8571629671019056,0.15799949825798648,50
E2_N4_snr-10,B,legs,300.0,all,0.848922951961634,0.12551111860896688,50
E2_N4_snr-10,B,legs,300.0,end,1.482286990746358,1.4387211093884795,50
E2_N4_snr-10,B,legs,300.0,post,0.8459112706686546,0.14229716180040305,50
E2_N4_snr-10,B,legs,300.0,pre,0.8571629671019056,0.15799949825798648,50
E2_N4_snr-10,B,legs,1000.0,all,0.848922951961634,0.12551111860896688,50
E2_N4_snr-10,B,legs,1000.0,end,1.482286990746358,1.4387211093884795,50
E2_N4_snr-10,B,legs,1000.0,post,0.8459112706686546,0.14229716180040305,50
E2_N4_snr-10,B,legs,1000.0,pre,0.8571629671019056,0.15799949825798648,50
E2_N4_snr-10,B,point,0.0,all,3.1613531911176618,0.016221452998423987,50
E2_N4_snr-10,B,point,0.0,end,4.570974739319003,3.727874038609218,50
E2_N4_snr-10,B,point,0.0,post,3.310524289366737,0.4112822678832363,50
E2_N4_snr-10,B,point,0.0,pre,3.1437068212041117,0.3641046011044609,50
E2_N4_snr-10,B,point,0.01,all,3.140515997603527,0.016745445752664307,50
E2_N4_snr-10,B,point,0.01,end,4.540997213580349,3.7036822138398326,50
E2_N4_snr-10,B,point,0.01,post,3.2886707293742834,0.40850411959202065,50
E2_N4_snr-10,B,point,0.01,pre,3.1230332036250865,0.36207586032303196,50
E2_N4_snr-10,B,point,0.03,all,3.099992111799602,0.01838211227237416,50
E2_N4_snr-10,B,point,0.03,end,4.4826260921808805,3.6565044341899093,50
E2_N4_snr-10,B,point,0.03,post,3.246141978909138,0.403142200730817,50
E2_N4_snr-10,B,point,0.03,pre,3.0828520131408736,0.35813082786678735,50
E2_N4_snr-10,B,point,0.1,all,2.969156317884006,0.026529770827370572,50
E2_N4_snr-10,B,point,0.1,end,4.29349729174127,3.5029899166699416,50
E2_N4_snr-10,B,point,0.1,post,3.108559494649686,0.38616681480497755,50
E2_N4_snr-10,B,point,0.1,pre,2.953361305508312,0.3453604171125549,50
E2_N4_snr-10,B,point,0.3,all,2.669034339334626,0.04612971819790524,50
E2_N4_snr-10,B,point,0.3,end,3.8552916109753586,3.1435271504229263,50
E2_N4_snr-10,B,point,0.3,post,2.7910541687509864,0.34866792047837997,50
E2_N4_snr-10,B,point,0.3,pre,2.6579930269858534,0.3153281779006307,50
E2_N4_snr-10,B,point,1.0,all,2.0728243912343234,0.06456801083617938,50
E2_N4_snr-10,B,point,1.0,end,2.959544996396348,2.3934524949704303,50
E2_N4_snr-10,B,point,1.0,post,2.147578499835971,0.2750705473925151,50
E2_N4_snr-10,B,point,1.0,pre,2.0822959614118157,0.24735582481775956,50
E2_N4_snr-10,B,point,3.0,all,1.5018872509588252,0.053920749480354205,50
E2_N4_snr-10,B,point,3.0,end,2.038857541936618,1.6092393116074295,50
E2_N4_snr-10,B,point,3.0,post,1.4934771017633517,0.19542783600763133,50
E2_N4_snr-10,B,point,3.0,pre,1.561824967967764,0.16288996928184044,50
E2_N4_snr-10,B,point,10.0,all,1.1496768792237104,0.059854589612042826,50
E2_N4_snr-10,B,point,10.0,end,1.3759371761256358,1.0600912949746988,50
E2_N4_snr-10,B,point,10.0,post,1.0257353712059833,0.14037101115498407,50
E2_N4_snr-10,B,point,10.0,pre,1.2830728334643213,0.10386078881376681,50
E2_N4_snr-10,B,point,30.0,all,1.034288720566003,0.06370450001769047,50
E2_N4_snr-10,B,point,30.0,end,1.091975115220528,0.8231126561777397,50
E2_N4_snr-10,B,point,30.0,post,0.8310147498202347,0.11654347222899233,50
E2_N4_snr-10,B,point,30.0,pre,1.2123636307529364,0.08075656325853939,50
E2_N4_snr-10,B,point,100.0,all,1.0037264354543352,0.06057117364876487,50
E2_N4_snr-10,B,point,100.0,end,0.9792136032924591,0.7010319929531703,50
E2_N4_snr-10,B,point,100.0,post,0.7602832915907467,0.10075487077741065,50
E2_N4_snr-10,B,point,100.0,pre,1.2026985378922561,0.07021504131846908,50
E2_N4_snr-10,B,point,300.0,all,1.0017204804814162,0.06043774983908524,50
E2_N4_snr-10,B,point,300.0,end,0.9541074156698359,0.6642835706318049,50
E2_N4_snr-10,B,point,300.0,post,0.7463047964705953,0.0971643340216555,50
E2_N4_snr-10,B,point,300.0,pre,1.2069836401091745,0.06809573349650712,50
E2_N4_snr-10,B,point,1000.0,all,1.0031596407704058,0.060671763564637514,50
E2_N4_snr-10,B,point,1000.0,end,0.949519785697162,0.6565128155490849,50
E2_N4_snr-10,B,point,1000.0,post,0.7439499427170573,0.09663744897080134,50
E2_N4_snr-10,B,point,1000.0,pre,1.210527045675186,0.06759992439963801,50
E2_N4_snr0,A,cur,0.0,all,0.7881297340336632,0.12079323725039305,50
E2_N4_snr0,A,cur,0.0,end,1.2267367806128042,1.1488063136724256,50
E2_N4_snr0,A,cur,0.0,post,0.7839093800692359,0.14224902067494155,50
E2_N4_snr0,A,cur,0.0,pre,0.7934902005555386,0.1381214208870264,50
E2_N4_snr0,A,cur,0.01,all,0.7880401079027031,0.12081893512317875,50
E2_N4_snr0,A,cur,0.01,end,1.2250794479058833,1.1480187822843724,50
E2_N4_snr0,A,cur,0.01,post,0.783373766108891,0.14235729638927197,50
E2_N4_snr0,A,cur,0.01,pre,0.7937477339875457,0.13800055224187663,50
E2_N4_snr0,A,cur,0.03,all,0.7879137498340013,0.1208354051582915,50
E2_N4_snr0,A,cur,0.03,end,1.2218750634094677,1.1465031077480503,50
E2_N4_snr0,A,cur,0.03,post,0.7823413748178747,0.14256824565587847,50
E2_N4_snr0,A,cur,0.03,pre,0.7943312482595195,0.1377026966053012,50
E2_N4_snr0,A,cur,0.1,all,0.7879385732550352,0.12058742520032356,50
E2_N4_snr0,A,cur,0.1,end,1.2117010374024169,1.1417549470579176,50
E2_N4_snr0,A,cur,0.1,post,0.7790919044401312,0.14325088521023266,50
E2_N4_snr0,A,cur,0.1,pre,0.7969566898757899,0.1361846491265681,50
E2_N4_snr0,A,cur,0.3,all,0.7904972465057625,0.11831216757500405,50
E2_N4_snr0,A,cur,0.3,end,1.189387551670733,1.131727354092618,50
E2_N4_snr0,A,cur,0.3,post,0.7721232538525896,0.14480261085775517,50
E2_N4_snr0,A,cur,0.3,pre,0.807188816718209,0.12966069173661432,50
E2_N4_snr0,A,cur,1.0,all,0.8060744676104616,0.10720160586957142,50
E2_N4_snr0,A,cur,1.0,end,1.1495862181709422,1.115548642330939,50
E2_N4_snr0,A,cur,1.0,post,0.7602929547374088,0.1476661550051576,50
E2_N4_snr0,A,cur,1.0,pre,0.8444254845181064,0.10573912060233476,50
E2_N4_snr0,A,cur,3.0,all,0.8359619825407967,0.08891755793781438,50
E2_N4_snr0,A,cur,3.0,end,1.1174512696197016,1.1047539968042568,50
E2_N4_snr0,A,cur,3.0,post,0.7514346121612965,0.14998646675149221,50
E2_N4_snr0,A,cur,3.0,pre,0.9032048144387906,0.07035804326675171,50
E2_N4_snr0,A,cur,10.0,all,0.8671598580246898,0.07286402287307378,50
E2_N4_snr0,A,cur,10.0,end,1.1001787071867575,1.0997940283308485,50
E2_N4_snr0,A,cur,10.0,post,0.7470777278570888,0.15129029109617753,50
E2_N4_snr0,A,cur,10.0,pre,0.9594883829126867,0.039372763391961114,50
E2_N4_snr0,A,cur,30.0,all,0.883947955414052,0.0653628144538918,50
E2_N4_snr0,A,cur,30.0,end,1.0944625971112358,1.0977624099275392,50
E2_N4_snr0,A,cur,30.0,post,0.745789400898833,0.1517602512804196,50
E2_N4_snr0,A,cur,30.0,pre,0.9886204354223157,0.02545905919228557,50
E2_N4_snr0,A,cur,100.0,all,0.8924710654353505,0.0618274074340549,50
E2_N4_snr0,A,cur,100.0,end,1.092559511174322,1.0968298398948684,50
E2_N4_snr0,A,cur,100.0,post,0.7454136277748988,0.15190440296746968,50
E2_N4_snr0,A,cur,100.0,pre,1.0031218156525903,0.020416785043876597,50
E2_N4_snr0,A,cur,300.0,all,0.8955185650069412,0.060639720116390794,50
E2_N4_snr0,A,cur,300.0,end,1.0921895391517398,1.0965891089691213,50
E2_N4_snr0,A,cur,300.0,post,0.745348117288011,0.1519271304059668,50
E2_N4_snr0,A,cur,300.0,pre,1.008241329922569,0.019283260116077453,50
E2_N4_snr0,A,cur,1000.0,all,0.8967010094422982,0.0602013860817278,50
E2_N4_snr0,A,cur,1000.0,end,1.0921277479608618,1.0965401214527104,50
E2_N4_snr0,A,cur,1000.0,post,0.7453376985582807,0.15193035612371783,50
E2_N4_snr0,A,cur,1000.0,pre,1.0102140427998259,0.018968370448316084,50
E2_N4_snr0,A,hist,0.0,all,0.7881297340336632,0.12079323725039302,50
E2_N4_snr0,A,hist,0.0,end,1.226736780612805,1.1488063136724271,50
E2_N4_snr0,A,hist,0.0,post,0.7839093800692359,0.14224902067494158,50
E2_N4_snr0,A,hist,0.0,pre,0.7934902005555385,0.1381214208870264,50
E2_N4_snr0,A,hist,0.01,all,0.788042660803405,0.12081336863203465,50
E2_N4_snr0,A,hist,0.01,end,1.2258529841475632,1.1487754198571467,50
E2_N4_snr0,A,hist,0.01,post,0.7837540113339065,0.14223460847416466,50
E2_N4_snr0,A,hist,0.01,pre,0.7934128184891166,0.1381416887431607,50
E2_N4_snr0,A,hist,0.03,all,0.787878502586419,0.12085198375076533,50
E2_N4_snr0,A,hist,0.03,end,1.2241408158481917,1.148735818112969,50
E2_N4_snr0,A,hist,0.03,post,0.7834574564170729,0.14220630294048336,50
E2_N4_snr0,A,hist,0.03,pre,0.7932672152539864,0.13818116892069637,50
E2_N4_snr0,A,hist,0.1,all,0.7873965286053842,0.12097144188639572,50
E2_N4_snr0,A,hist,0.1,end,1.2186702833969847,1.1487999574867078,50
E2_N4_snr0,A,hist,0.1,post,0.7825518392132013,0.1421115996226285,50
E2_N4_snr0,A,hist,0.1,pre,0.7928425598546903,0.13830860980931378,50
E2_N4_snr0,A,hist,0.3,all,0.7865912539204746,0.1212074116043534,50
E2_N4_snr0,A,hist,0.3,end,1.2064062910848,1.1501741011076094,50
E2_N4_snr0,A,hist,0.3,post,0.780796694978669,0.14185989677550997,50
E2_N4_snr0,A,hist,0.3,pre,0.7921543794539673,0.13858898712392048,50
E2_N4_snr0,A,hist,1.0,all,0.7866288084347428,0.12133396760191864,50
E2_N4_snr0,A,hist,1.0,end,1.1823863197502462,1.1596255995327494,50
E2_N4_snr0,A,hist,1.0,post,0.7790382124470022,0.1409195020526624,50
E2_N4_snr0,A,hist,1.0,pre,0.7923654220949834,0.13884967017801422,50
E2_N4_snr0,A,hist,3.0,all,0.791591463251856,0.11928882784162019,50
E2_N4_snr0,A,hist,3.0,end,1.1558281443380634,1.185602811955915,50
E2_N4_snr0,A,hist,3.0,post,0.7824523246014858,0.13703779842263583,50
E2_N4_snr0,A,hist,3.0,pre,0.797373498248892,0.1366322310500617,50
E2_N4_snr0,A,hist,10.0,all,0.8120724218858068,0.10762835985935156,50
E2_N4_snr0,A,hist,10.0,end,1.1405823330467169,1.2391741081812537,50
E2_N4_snr0,A,hist,10.0,post,0.8026181744555642,0.12131584693025443,50
E2_N4_snr0,A,hist,10.0,pre,0.8174038484970793,0.12413115818145914,50
E2_N4_snr0,A,hist,30.0,all,0.8487965871288986,0.08795540540458588,50
E2_N4_snr0,A,hist,30.0,end,1.1810647323428223,1.2964121469980805,50
E2_N4_snr0,A,hist,30.0,post,0.8401033284504316,0.0993150197246732,50
E2_N4_snr0,A,hist,30.0,pre,0.8526809160648373,0.10735492139771662,50
E2_N4_snr0,A,hist,100.0,all,0.8858256643003581,0.07183135243042217,50
E2_N4_snr0,A,hist,100.0,end,1.2416307449784996,1.3422530200905447,50
E2_N4_snr0,A,hist,100.0,post,0.8777284441542648,0.08751167511533618,50
E2_N4_snr0,A,hist,100.0,pre,0.887838551856396,0.09950793438082414,50
E2_N4_snr0,A,hist,300.0,all,0.9032858935235634,0.0657826133247599,50
E2_N4_snr0,A,hist,300.0,end,1.259379578550923,1.3394862457440628,50
E2_N4_snr0,A,hist,300.0,post,0.8953980156417518,0.08575873134608503,50
E2_N4_snr0,A,hist,300.0,pre,0.9043458592140268,0.09869755319185274,50
E2_N4_snr0,A,hist,1000.0,all,0.9113853605194716,0.06306916198803773,50
E2_N4_snr0,A,hist,1000.0,end,1.2255597304981258,1.250287078360114,50
E2_N4_snr0,A,hist,1000.0,post,0.9036890343125563,0.08484727999646068,50
E2_N4_snr0,A,hist,1000.0,pre,0.9120782581821751,0.09785905131795004,50
E2_N4_snr0,A,in,0.0,all,0.788129734033662,0.12079323725039337,50
E2_N4_snr0,A,in,0.0,end,1.2267367806127527,1.1488063136723667,50
E2_N4_snr0,A,in,0.0,post,0.783909380069235,0.14224902067494105,50
E2_N4_snr0,A,in,0.0,pre,0.7934902005555367,0.1381214208870257,50
E2_N4_snr0,A,in,0.01,all,0.7880431255737379,0.12081149253483375,50
E2_N4_snr0,A,in,0.01,end,1.2263198572494085,1.14873335175698,50
E2_N4_snr0,A,in,0.01,post,0.7838097841833748,0.14227616025696918,50
E2_N4_snr0,A,in,0.01,pre,0.793404838727706,0.13813311043546525,50
E2_N4_snr0,A,in,0.03,all,0.7878761756682456,0.12084666079913045,50
E2_N4_snr0,A,in,0.03,end,1.225515907917516,1.1485960364090155,50
E2_N4_snr0,A,in,0.03,post,0.7836178415495613,0.14232863278024072,50
E2_N4_snr0,A,in,0.03,pre,0.7932402206690612,0.13815551606754284,50
E2_N4_snr0,A,in,0.1,all,0.7873505458775751,0.12095719565824707,50
E2_N4_snr0,A,in,0.1,end,1.2229825411507138,1.1481944502135202,50
E2_N4_snr0,A,in,0.1,post,0.7830138910266287,0.14249529077356232,50
E2_N4_snr0,A,in,0.1,pre,0.7927213174541925,0.13822491202211828,50
E2_N4_snr0,A,in,0.3,all,0.7862219791548891,0.1211934817504257,50
E2_N4_snr0,A,in,0.3,end,1.217534203252459,1.1475216444750378,50
E2_N4_snr0,A,in,0.3,post,0.7817190700622559,0.14286211479914568,50
E2_N4_snr0,A,in,0.3,pre,0.7916040204383159,0.13836731792540063,50
E2_N4_snr0,A,in,1.0,all,0.7842977481033215,0.12159293034364542,50
E2_N4_snr0,A,in,1.0,end,1.2082404829232611,1.1473092011730606,50
E2_N4_snr0,A,in,1.0,post,0.7795174507158614,0.14353351458418995,50
E2_N4_snr0,A,in,1.0,pre,0.7896891172402891,0.1385824622152767,50
E2_N4_snr0,A,in,3.0,all,0.7828441168367898,0.12189304746191502,50
E2_N4_snr0,A,in,3.0,end,1.2012608264461333,1.1488494394382744,50
E2_N4_snr0,A,in,3.0,post,0.7778604014258279,0.14413465310654835,50
E2_N4_snr0,A,in,3.0,pre,0.7882348581284737,0.138706502644521,50
E2_N4_snr0,A,in,10.0,all,0.7821191633027912,0.12204436123098972,50
E2_N4_snr0,A,in,10.0,end,1.197690501359286,1.1510122968648249,50
E2_N4_snr0,A,in,10.0,post,0.7770399215031893,0.14454707591750615,50
E2_N4_snr0,A,in,10.0,pre,0.7875105432086766,0.13874858609292412,50
E2_N4_snr0,A,in,30.0,all,0.7818961718392123,0.1220905190271544,50
E2_N4_snr0,A,in,30.0,end,1.1963477317143052,1.1518253186899867,50
E2_N4_snr0,A,in,30.0,post,0.7767919965701608,0.14473752213404675,50
E2_N4_snr0,A,in,30.0,pre,0.7872951981059896,0.13876408690498276,50
E2_N4_snr0,A,in,100.0,all,0.7818275309534775,0.12210347527436087,50
E2_N4_snr0,A,in,100.0,end,1.1957466768435157,1.1519621272094278,50
E2_N4_snr0,A,in,100.0,post,0.7767196078743339,0.14483036502373314,50
E2_N4_snr0,A,in,100.0,pre,0.787234188435233,0.13876973425353104,50
E2_N4_snr0,A,in,300.0,all,0.7818150912009811,0.12210546926126221,50
E2_N4_snr0,A,in,300.0,end,1.1955593743137214,1.1519760324015207,50
E2_N4_snr0,A,in,300.0,post,0.7767084952137614,0.14486368354504006,50
E2_N4_snr0,A,in,300.0,pre,0.787224806385599,0.13876850569806612,50
E2_N4_snr0,A,in,1000.0,all,0.7818130508244279,0.12210575743984316,50
E2_N4_snr0,A,in,1000.0,end,1.1954953319740733,1.1519842564794338,50
E2_N4_snr0,A,in,1000.0,post,0.7767075196813539,0.14487684762573014,50
E2_N4_snr0,A,in,1000.0,pre,0.787223911816028,0.13876688894868056,50
E2_N4_snr0,A,legs,0.0,all,0.7881297340336632,0.12079323725039307,50
E2_N4_snr0,A,legs,0.0,end,1.2267367806128044,1.1488063136724258,50
E2_N4_snr0,A,legs,0.0,post,0.7839093800692359,0.14224902067494155,50
E2_N4_snr0,A,legs,0.0,pre,0.7934902005555385,0.13812142088702636,50
E2_N4_snr0,A,legs,0.01,all,0.7881297340336632,0.12079323725039307,50
E2_N4_snr0,A,legs,0.01,end,1.2267367806128044,1.1488063136724258,50
E2_N4_snr0,A,legs,0.01,post,0.7839093800692359,0.14224902067494155,50
E2_N4_snr0,A,legs,0.01,pre,0.7934902005555385,0.13812142088702636,50
E2_N4_snr0,A,legs,0.03,all,0.7881297340336632,0.12079323725039307,50
E2_N4_snr0,A,legs,0.03,end,1.2267367806128044,1.1488063136724258,50
E2_N4_snr0,A,legs,0.03,post,0.7839093800692359,0.14224902067494155,50
E2_N4_snr0,A,legs,0.03,pre,0.7934902005555385,0.13812142088702636,50
E2_N4_snr0,A,legs,0.1,all,0.7881297340336632,0.12079323725039307,50
E2_N4_snr0,A,legs,0.1,end,1.2267367806128044,1.1488063136724258,50
E2_N4_snr0,A,legs,0.1,post,0.7839093800692359,0.14224902067494155,50
E2_N4_snr0,A,legs,0.1,pre,0.7934902005555385,0.13812142088702636,50
E2_N4_snr0,A,legs,0.3,all,0.7881297340336632,0.12079323725039307,50
E2_N4_snr0,A,legs,0.3,end,1.2267367806128044,1.1488063136724258,50
E2_N4_snr0,A,legs,0.3,post,0.7839093800692359,0.14224902067494155,50
E2_N4_snr0,A,legs,0.3,pre,0.7934902005555385,0.13812142088702636,50
E2_N4_snr0,A,legs,1.0,all,0.7881297340336632,0.12079323725039307,50
E2_N4_snr0,A,legs,1.0,end,1.2267367806128044,1.1488063136724258,50
E2_N4_snr0,A,legs,1.0,post,0.7839093800692359,0.14224902067494155,50
E2_N4_snr0,A,legs,1.0,pre,0.7934902005555385,0.13812142088702636,50
E2_N4_snr0,A,legs,3.0,all,0.7881297340336632,0.12079323725039307,50
E2_N4_snr0,A,legs,3.0,end,1.2267367806128044,1.1488063136724258,50
E2_N4_snr0,A,legs,3.0,post,0.7839093800692359,0.14224902067494155,50
E2_N4_snr0,A,legs,3.0,pre,0.7934902005555385,0.13812142088702636,50
E2_N4_snr0,A,legs,10.0,all,0.7881297340336632,0.12079323725039307,50
E2_N4_snr0,A,legs,10.0,end,1.2267367806128044,1.1488063136724258,50
E2_N4_snr0,A,legs,10.0,post,0.7839093800692359,0.14224902067494155,50
E2_N4_snr0,A,legs,10.0,pre,0.7934902005555385,0.13812142088702636,50
E2_N4_snr0,A,legs,30.0,all,0.7881297340336632,0.12079323725039307,50
E2_N4_snr0,A,legs,30.0,end,1.2267367806128044,1.1488063136724258,50
E2_N4_snr0,A,legs,30.0,post,0.7839093800692359,0.14224902067494155,50
E2_N4_snr0,A,legs,30.0,pre,0.7934902005555385,0.13812142088702636,50
E2_N4_snr0,A,legs,100.0,all,0.7881297340336632,0.12079323725039307,50
E2_N4_snr0,A,legs,100.0,end,1.2267367806128044,1.1488063136724258,50
E2_N4_snr0,A,legs,100.0,post,0.7839093800692359,0.14224902067494155,50
E2_N4_snr0,A,legs,100.0,pre,0.7934902005555385,0.13812142088702636,50
E2_N4_snr0,A,legs,300.0,all,0.7881297340336632,0.12079323725039307,50
E2_N4_snr0,A,legs,300.0,end,1.2267367806128044,1.1488063136724258,50
E2_N4_snr0,A,legs,300.0,post,0.7839093800692359,0.14224902067494155,50
E2_N4_snr0,A,legs,300.0,pre,0.7934902005555385,0.13812142088702636,50
E2_N4_snr0,A,legs,1000.0,all,0.7881297340336632,0.12079323725039307,50
E2_N4_snr0,A,legs,1000.0,end,1.2267367806128044,1.1488063136724258,50
E2_N4_snr0,A,legs,1000.0,post,0.7839093800692359,0.14224902067494155,50
E2_N4_snr0,A,legs,1000.0,pre,0.7934902005555385,0.13812142088702636,50
E2_N4_snr0,A,point,0.0,all,0.9997644691722516,0.005130939323761793,50
E2_N4_snr0,A,point,0.0,end,1.4455326608687684,1.1788918495093583,50
E2_N4_snr0,A,point,0.0,post,1.0469357214160455,0.1300546510671276,50
E2_N4_snr0,A,point,0.0,pre,0.9941848404985919,0.11513653770973524,50
E2_N4_snr0,A,point,0.01,all,0.9931727139021469,0.005296766032094483,50
E2_N4_snr0,A,point,0.01,end,1.4360533525893167,1.1712419506896858,50
E2_N4_snr0,A,point,0.01,post,1.0400253876879524,0.1291761236275224,50
E2_N4_snr0,A,point,0.01,pre,0.9876419014211141,0.11449300293148192,50
E2_N4_snr0,A,point,0.03,all,0.9803442225122069,0.005815804907877828,50
E2_N4_snr0,A,point,0.03,end,1.4175956125231974,1.156323480069715,50
E2_N4_snr0,A,point,0.03,post,1.0265773479555789,0.127480535082634,50
E2_N4_snr0,A,point,0.03,pre,0.9749077909793766,0.11324467169994804,50
E2_N4_snr0,A,point,0.1,all,0.9388397710214907,0.008416638628876707,50
E2_N4_snr0,A,point,0.1,end,1.357790674715719,1.1077794882907939,50
E2_N4_snr0,A,point,0.1,post,0.9830724536461714,0.1221124310269281,50
E2_N4_snr0,A,point,0.1,pre,0.9337031263548273,0.10923440010369652,50
E2_N4_snr0,A,point,0.3,all,0.8430377828671521,0.014797616822049723,50
E2_N4_snr0,A,point,0.3,end,1.2192255089155664,0.9941116495947053,50
E2_N4_snr0,A,point,0.3,post,0.8826751963114375,0.11025411239349889,50
E2_N4_snr0,A,point,0.3,pre,0.8385616301032077,0.10002291649689472,50
E2_N4_snr0,A,point,1.0,all,0.6488073262835589,0.021523546912994632,50
E2_N4_snr0,A,point,1.0,end,0.9359880635842983,0.7569304304885264,50
E2_N4_snr0,A,point,1.0,post,0.6792101684695478,0.08697972378605254,50
E2_N4_snr0,A,point,1.0,pre,0.6455472243866995,0.08043652450931502,50
E2_N4_snr0,A,point,3.0,all,0.4513240260628708,0.018790590599904403,50
E2_N4_snr0,A,point,3.0,end,0.6448844241526369,0.5089679892388592,50
E2_N4_snr0,A,point,3.0,post,0.4724029612334579,0.061791857373047245,50
E2_N4_snr0,A,point,3.0,pre,0.4491749225751194,0.05783073647451327,50
E2_N4_snr0,A,point,10.0,all,0.31013915061469444,0.018275757581756053,50
E2_N4_snr0,A,point,10.0,end,0.43531864297255823,0.33535437150757647,50
E2_N4_snr0,A,point,10.0,post,0.3245471809102544,0.04437373902318106,50
E2_N4_snr0,A,point,10.0,pre,0.3087491377653949,0.04256813203027917,50
E2_N4_snr0,A,point,30.0,all,0.25134476210060963,0.01756372202895392,50
E2_N4_snr0,A,point,30.0,end,0.34557916355144236,0.2604469614331546,50
E2_N4_snr0,A,point,30.0,post,0.2630144285950352,0.03682912404203852,50
E2_N4_snr0,A,point,30.0,pre,0.2502209374230788,0.036803097983451,50
E2_N4_snr0,A,point,100.0,all,0.22997997274905135,0.014194499370689371,50
E2_N4_snr0,A,point,100.0,end,0.3099532387800153,0.22186628730785718,50
E2_N4_snr0,A,point,100.0,post,0.2406680736659208,0.03183214174433521,50
E2_N4_snr0,A,point,100.0,pre,0.22891816496597475,0.03401386954537568,50
E2_N4_snr0,A,point,300.0,all,0.22576245671674006,0.013703505446229563,50
E2_N4_snr0,A,point,300.0,end,0.3020219234557488,0.21025523727645726,50
E2_N4_snr0,A,point,300.0,post,0.23625217289935935,0.03069644425615436,50
E2_N4_snr0,A,point,300.0,pre,0.22470478155143478,0.03370879123794678,50
E2_N4_snr0,A,point,1000.0,all,0.22505272902376142,0.013717945210477974,50
E2_N4_snr0,A,point,1000.0,end,0.30057264857210286,0.20780018760958605,50
E2_N4_snr0,A,point,1000.0,post,0.235508263998929,0.03052989407718914,50
E2_N4_snr0,A,point,1000.0,pre,0.22399466921044664,0.03370595721206342,50
E2_N4_snr0,B,cur,0.0,all,0.7920506373541356,0.13715649770300428,50
E2_N4_snr0,B,cur,0.0,end,1.2122204597755297,1.3156135372843896,50
E2_N4_snr0,B,cur,0.0,post,0.7839045794867132,0.1536273222699299,50
E2_N4_snr0,B,cur,0.0,pre,0.7988257870446658,0.1686790342181454,50
E2_N4_snr0,B,cur,0.01,all,0.7919642552396854,0.13717827316782763,50
E2_N4_snr0,B,cur,0.01,end,1.2117334612115727,1.3154516867260655,50
E2_N4_snr0,B,cur,0.01,post,0.7838064496808202,0.15364925621590045,50
E2_N4_snr0,B,cur,0.01,pre,0.7987393172769472,0.16870256298901326,50
E2_N4_snr0,B,cur,0.03,all,0.7917977291811963,0.13722018231870192,50
E2_N4_snr0,B,cur,0.03,end,1.2107930367083022,1.3151405230071003,50
E2_N4_snr0,B,cur,0.03,post,0.7836173496860073,0.1536914804596775,50
E2_N4_snr0,B,cur,0.03,pre,0.7985725452267897,0.1687478345391045,50
E2_N4_snr0,B,cur,0.1,all,0.7912733258456498,0.13735154408639422,50
E2_N4_snr0,B,cur,0.1,end,1.2078174541234552,1.3141685912136232,50
E2_N4_snr0,B,cur,0.1,post,0.7830224960753417,0.15382391698099382,50
E2_N4_snr0,B,cur,0.1,pre,0.7980467001453948,0.16888963506005722,50
E2_N4_snr0,B,cur,0.3,all,0.7901468172334115,0.13763037334223124,50
E2_N4_snr0,B,cur,0.3,end,1.2013480074988818,1.3121308228145883,50
E2_N4_snr0,B,cur,0.3,post,0.7817480304235898,0.15410547263807248,50
E2_N4_snr0,B,cur,0.3,pre,0.7969136127944426,0.16919014426752552,50
E2_N4_snr0,B,cur,1.0,all,0.7882239119819203,0.13809468150713347,50
E2_N4_snr0,B,cur,1.0,end,1.1900264800301905,1.308900460281469,50
E2_N4_snr0,B,cur,1.0,post,0.7795843848156342,0.15457557479137354,50
E2_N4_snr0,B,cur,1.0,pre,0.794968031304395,0.16968935081563846,50
E2_N4_snr0,B,cur,3.0,all,0.7867684464394774,0.13843712701160393,50
E2_N4_snr0,B,cur,3.0,end,1.1812038720611846,1.3068713240686916,50
E2_N4_snr0,B,cur,3.0,post,0.7779602677727772,0.15492284608845527,50
E2_N4_snr0,B,cur,3.0,pre,0.7934845433895434,0.1700573033173385,50
E2_N4_snr0,B,cur,10.0,all,0.786041651396172,0.13860733984673468,50
E2_N4_snr0,B,cur,10.0,end,1.1767963836208368,1.3061800494135432,50
E2_N4_snr0,B,cur,10.0,post,0.7771600544444206,0.1550946555972835,50
E2_N4_snr0,B,cur,10.0,pre,0.7927378189724008,0.17024315340488153,50
E2_N4_snr0,B,cur,30.0,all,0.7858175347406628,0.1386580019605422,50
E2_N4_snr0,B,cur,30.0,end,1.1755128241694237,1.306033231705925,50
E2_N4_snr0,B,cur,30.0,post,0.7769205950900606,0.1551413971726499,50
E2_N4_snr0,B,cur,30.0,pre,0.7925034467409451,0.17030368695039425,50
E2_N4_snr0,B,cur,100.0,all,0.7857473096198424,0.13867156457929863,50
E2_N4_snr0,B,cur,100.0,end,1.1751519079144672,1.3059768843395527,50
E2_N4_snr0,B,cur,100.0,post,0.7768493748357606,0.15514929988397555,50
E2_N4_snr0,B,cur,100.0,pre,0.7924274268122137,0.1703227728409099,50
E2_N4_snr0,B,cur,300.0,all,0.785734289948141,0.13867340299032538,50
E2_N4_snr0,B,cur,300.0,end,1.1750930369603494,1.3059620708898272,50
E2_N4_snr0,B,cur,300.0,post,0.77683676933088,0.15514911438831813,50
E2_N4_snr0,B,cur,300.0,pre,0.7924129110129899,0.17032573802625725,50
E2_N4_snr0,B,cur,1000.0,all,0.7857321528206284,0.13867362715370593,50
E2_N4_snr0,B,cur,1000.0,end,1.1750840895048946,1.305959073903993,50
E2_N4_snr0,B,cur,1000.0,post,0.7768347417515032,0.1551489109302495,50
E2_N4_snr0,B,cur,1000.0,pre,0.7924104984303617,0.17032612162682279,50
E2_N4_snr0,B,hist,0.0,all,0.7920506373541356,0.1371564977030043,50
E2_N4_snr0,B,hist,0.0,end,1.2122204597755302,1.315613537284391,50
E2_N4_snr0,B,hist,0.0,post,0.7839045794867132,0.1536273222699299,50
E2_N4_snr0,B,hist,0.0,pre,0.7988257870446658,0.16867903421814537,50
E2_N4_snr0,B,hist,0.01,all,0.7919680086857157,0.13717868378018747,50
E2_N4_snr0,B,hist,0.01,end,1.211575931961267,1.3158326033860586,50
E2_N4_snr0,B,hist,0.01,post,0.7837422638513598,0.15363149061981726,50
E2_N4_snr0,B,hist,0.01,pre,0.7987965820052,0.1685167668284242,50
E2_N4_snr0,B,hist,0.03,all,0.7918502065211596,0.1371904092144129,50
E2_N4_snr0,B,hist,0.03,end,1.2103322184776355,1.316266016993334,50
E2_N4_snr0,B,hist,0.03,post,0.7834333239487817,0.15363875660625906,50
E2_N4_snr0,B,hist,0.03,pre,0.7988171528701966,0.1681397468264715,50
E2_N4_snr0,B,hist,0.1,all,0.7918606253446109,0.13694237281941876,50
E2_N4_snr0,B,hist,0.1,end,1.2064029824618494,1.31773182925421,50
E2_N4_snr0,B,hist,0.1,post,0.7824979846781654,0.1536535968716964,50
E2_N4_snr0,B,hist,0.1,pre,0.7995853436972274,0.16636722493890838,50
E2_N4_snr0,B,hist,0.3,all,0.7941966708731363,0.13470020766980492,50
E2_N4_snr0,B,hist,0.3,end,1.1978542276766944,1.3214793586292466,50
E2_N4_snr0,B,hist,0.3,post,0.7807361444241339,0.15361957084434083,50
E2_N4_snr0,B,hist,0.3,pre,0.8054324036372593,0.15913723283067227,50
E2_N4_snr0,B,hist,1.0,all,0.8091029072430206,0.12322619477111484,50
E2_N4_snr0,B,hist,1.0,end,1.1822027538066429,1.3306264769224765,50
E2_N4_snr0,B,hist,1.0,post,0.7792625459889997,0.15293507185620903,50
E2_N4_snr0,B,hist,1.0,pre,0.8341745699044779,0.13262442125324106,50
E2_N4_snr0,B,hist,3.0,all,0.8399680545162562,0.1022102955309814,50
E2_N4_snr0,B,hist,3.0,end,1.165694036607631,1.3431717871406263,50
E2_N4_snr0,B,hist,3.0,post,0.7835884090156856,0.14876480886779098,50
E2_N4_snr0,B,hist,3.0,pre,0.8860506960492619,0.09207956793388919,50
E2_N4_snr0,B,hist,10.0,all,0.8795098175710215,0.07704711364250393,50
E2_N4_snr0,B,hist,10.0,end,1.1548941869122624,1.3615862310048128,50
E2_N4_snr0,B,hist,10.0,post,0.8050770960675774,0.13064714142540704,50
E2_N4_snr0,B,hist,10.0,pre,0.939766026283096,0.05234633770409959,50
E2_N4_snr0,B,hist,30.0,all,0.9125214266570514,0.056369358789509966,50
E2_N4_snr0,B,hist,30.0,end,1.189825371812201,1.3729087025902793,50
E2_N4_snr0,B,hist,30.0,post,0.8426061186330088,0.10385444062712351,50
E2_N4_snr0,B,hist,30.0,pre,0.9701414937887266,0.027777584328670054,50
E2_N4_snr0,B,hist,100.0,all,0.9378498633621539,0.04385466836558522,50
E2_N4_snr0,B,hist,100.0,end,1.2457842287709235,1.3726830250729731,50
E2_N4_snr0,B,hist,100.0,post,0.8790935363651902,0.08841865584673979,50
E2_N4_snr0,B,hist,100.0,pre,0.9869383796651815,0.012865279825642697,50
E2_N4_snr0,B,hist,300.0,all,0.9489141307414954,0.040717246511515086,50
E2_N4_snr0,B,hist,300.0,end,1.260187304137536,1.3492349332614229,50
E2_N4_snr0,B,hist,300.0,post,0.895962599847296,0.08590073605458566,50
E2_N4_snr0,B,hist,300.0,pre,0.9932669160313162,0.0074335165729718655,50
E2_N4_snr0,B,hist,1000.0,all,0.9538488030637283,0.0396638014125382,50
E2_N4_snr0,B,hist,1000.0,end,1.2247142604291372,1.2515671625564622,50
E2_N4_snr0,B,hist,1000.0,post,0.9038521169753579,0.08489480105248179,50
E2_N4_snr0,B,hist,1000.0,pre,0.9957814000400157,0.005594569482197235,50
E2_N4_snr0,B,in,0.0,all,0.7920506373541347,0.13715649770300445,50
E2_N4_snr0,B,in,0.0,end,1.2122204597754886,1.31561353728432,50
E2_N4_snr0,B,in,0.0,post,0.7839045794867131,0.15362732226992878,50
E2_N4_snr0,B,in,0.0,pre,0.7988257870446638,0.16867903421814515,50
E2_N4_snr0,B,in,0.01,all,0.7919688706637402,0.13717961171499085,50
E2_N4_snr0,B,in,0.01,end,1.210668540451402,1.3134507429832478,50
E2_N4_snr0,B,in,0.01,post,0.7833872172972033,0.15360070296405476,50
E2_N4_snr0,B,in,0.01,pre,0.799116879744414,0.16855451243732056,50
E2_N4_snr0,B,in,0.03,all,0.791858073384035,0.1371909192350162,50
E2_N4_snr0,B,in,0.03,end,1.2076753709052477,1.3092466283854305,50
E2_N4_snr0,B,in,0.03,post,0.7823901406661588,0.15355041744266865,50
E2_N4_snr0,B,in,0.03,pre,0.7997674590875099,0.16824747281835759,50
E2_N4_snr0,B,in,0.1,all,0.7919355074083966,0.1369247323498447,50
E2_N4_snr0,B,in,0.1,end,1.1982407014411507,1.2956919328324215,50
E2_N4_snr0,B,in,0.1,post,0.7792528957215025,0.1534006349995997,50
E2_N4_snr0,B,in,0.1,pre,0.8026243720330387,0.16668269733380026,50
E2_N4_snr0,B,in,0.3,all,0.794626086662775,0.13459662764972943,50
E2_N4_snr0,B,in,0.3,end,1.177956231599004,1.2647215670552048,50
E2_N4_snr0,B,in,0.3,post,0.7725290547415242,0.15312037129882639,50
E2_N4_snr0,B,in,0.3,pre,0.8134506024113111,0.15999273625978264,50
E2_N4_snr0,B,in,1.0,all,0.8104771245773458,0.12335178641724621,50
E2_N4_snr0,B,in,1.0,end,1.1431577000556985,1.2040539097302834,50
E2_N4_snr0,B,in,1.0,post,0.7611123279788358,0.15278533859101023,50
E2_N4_snr0,B,in,1.0,pre,0.8518826556942791,0.13612225199671435,50
E2_N4_snr0,B,in,3.0,all,0.8405609280647846,0.104968450983315,50
E2_N4_snr0,B,in,3.0,end,1.1157091933608072,1.1471507333618736,50
E2_N4_snr0,B,in,3.0,post,0.7525265142123488,0.15281664757489963,50
E2_N4_snr0,B,in,3.0,pre,0.9114609827452017,0.10314212275236886,50
E2_N4_snr0,B,in,10.0,all,0.8717965301822008,0.08878624966739782,50
E2_N4_snr0,B,in,10.0,end,1.1003161173718197,1.1098143760477337,50
E2_N4_snr0,B,in,10.0,post,0.7482628869744254,0.15329904169441472,50
E2_N4_snr0,B,in,10.0,pre,0.9679158915454269,0.07778686897317288,50
E2_N4_snr0,B,in,30.0,all,0.8885937928792346,0.08108407858152158,50
E2_N4_snr0,B,in,30.0,end,1.094211023354601,1.0927657118530256,50
E2_N4_snr0,B,in,30.0,post,0.7469855841576098,0.15374264035354243,50
E2_N4_snr0,B,in,30.0,pre,0.9970557632155022,0.0678536727398985,50
E2_N4_snr0,B,in,100.0,all,0.8971522513890275,0.07736603656266772,50
E2_N4_snr0,B,in,100.0,end,1.091226417526592,1.082754404697719,50
E2_N4_snr0,B,in,100.0,post,0.746616415316773,0.15400248764475158,50
E2_N4_snr0,B,in,100.0,pre,1.0116054201251807,0.06404957316537678,50
E2_N4_snr0,B,in,300.0,all,0.9002243780628664,0.07608963468379853,50
E2_N4_snr0,B,in,300.0,end,1.0901317190755564,1.0783206171265092,50
E2_N4_snr0,B,in,300.0,post,0.7465579890483228,0.15409727107692786,50
E2_N4_snr0,B,in,300.0,pre,1.0167610369535616,0.06294645527583603,50
E2_N4_snr0,B,in,1000.0,all,0.901418387793815,0.07561248542348262,50
E2_N4_snr0,B,in,1000.0,end,1.089702663066538,1.0763770501399064,50
E2_N4_snr0,B,in,1000.0,post,0.7465515071096642,0.15413401253472653,50
E2_N4_snr0,B,in,1000.0,pre,1.0187510668694277,0.06256435785898681,50
E2_N4_snr0,B,legs,0.0,all,0.7920506373541356,0.13715649770300428,50
E2_N4_snr0,B,legs,0.0,end,1.2122204597755297,1.3156135372843902,50
E2_N4_snr0,B,legs,0.0,post,0.7839045794867132,0.1536273222699299,50
E2_N4_snr0,B,legs,0.0,pre,0.7988257870446658,0.1686790342181454,50
E2_N4_snr0,B,legs,0.01,all,0.7920506373541356,0.13715649770300428,50
E2_N4_snr0,B,legs,0.01,end,1.2122204597755297,1.3156135372843902,50
E2_N4_snr0,B,legs,0.01,post,0.7839045794867132,0.1536273222699299,50
E2_N4_snr0,B,legs,0.01,pre,0.7988257870446658,0.1686790342181454,50
E2_N4_snr0,B,legs,0.03,all,0.7920506373541356,0.13715649770300428,50
E2_N4_snr0,B,legs,0.03,end,1.2122204597755297,1.3156135372843902,50
E2_N4_snr0,B,legs,0.03,post,0.7839045794867132,0.1536273222699299,50
E2_N4_snr0,B,legs,0.03,pre,0.7988257870446658,0.1686790342181454,50
E2_N4_snr0,B,legs,0.1,all,0.7920506373541356,0.13715649770300428,50
E2_N4_snr0,B,legs,0.1,end,1.2122204597755297,1.3156135372843902,50
E2_N4_snr0,B,legs,0.1,post,0.7839045794867132,0.1536273222699299,50
E2_N4_snr0,B,legs,0.1,pre,0.7988257870446658,0.1686790342181454,50
E2_N4_snr0,B,legs,0.3,all,0.7920506373541356,0.13715649770300428,50
E2_N4_snr0,B,legs,0.3,end,1.2122204597755297,1.3156135372843902,50
E2_N4_snr0,B,legs,0.3,post,0.7839045794867132,0.1536273222699299,50
E2_N4_snr0,B,legs,0.3,pre,0.7988257870446658,0.1686790342181454,50
E2_N4_snr0,B,legs,1.0,all,0.7920506373541356,0.13715649770300428,50
E2_N4_snr0,B,legs,1.0,end,1.2122204597755297,1.3156135372843902,50
E2_N4_snr0,B,legs,1.0,post,0.7839045794867132,0.1536273222699299,50
E2_N4_snr0,B,legs,1.0,pre,0.7988257870446658,0.1686790342181454,50
E2_N4_snr0,B,legs,3.0,all,0.7920506373541356,0.13715649770300428,50
E2_N4_snr0,B,legs,3.0,end,1.2122204597755297,1.3156135372843902,50
E2_N4_snr0,B,legs,3.0,post,0.7839045794867132,0.1536273222699299,50
E2_N4_snr0,B,legs,3.0,pre,0.7988257870446658,0.1686790342181454,50
E2_N4_snr0,B,legs,10.0,all,0.7920506373541356,0.13715649770300428,50
E2_N4_snr0,B,legs,10.0,end,1.2122204597755297,1.3156135372843902,50
E2_N4_snr0,B,legs,10.0,post,0.7839045794867132,0.1536273222699299,50
E2_N4_snr0,B,legs,10.0,pre,0.7988257870446658,0.1686790342181454,50
E2_N4_snr0,B,legs,30.0,all,0.7920506373541356,0.13715649770300428,50
E2_N4_snr0,B,legs,30.0,end,1.2122204597755297,1.3156135372843902,50
E2_N4_snr0,B,legs,30.0,post,0.7839045794867132,0.1536273222699299,50
E2_N4_snr0,B,legs,30.0,pre,0.7988257870446658,0.1686790342181454,50
E2_N4_snr0,B,legs,100.0,all,0.7920506373541356,0.13715649770300428,50
E2_N4_snr0,B,legs,100.0,end,1.2122204597755297,1.3156135372843902,50
E2_N4_snr0,B,legs,100.0,post,0.7839045794867132,0.1536273222699299,50
E2_N4_snr0,B,legs,100.0,pre,0.7988257870446658,0.1686790342181454,50
E2_N4_snr0,B,legs,300.0,all,0.7920506373541356,0.13715649770300428,50
E2_N4_snr0,B,legs,300.0,end,1.2122204597755297,1.3156135372843902,50
E2_N4_snr0,B,legs,300.0,post,0.7839045794867132,0.1536273222699299,50
E2_N4_snr0,B,legs,300.0,pre,0.7988257870446658,0.1686790342181454,50
E2_N4_snr0,B,legs,1000.0,all,0.7920506373541356,0.13715649770300428,50
E2_N4_snr0,B,legs,1000.0,end,1.2122204597755297,1.3156135372843902,50
E2_N4_snr0,B,legs,1000.0,post,0.7839045794867132,0.1536273222699299,50
E2_N4_snr0,B,legs,1000.0,pre,0.7988257870446658,0.1686790342181454,50
E2_N4_snr0,B,point,0.0,all,0.999764314997093,0.0051309244821067905,50
E2_N4_snr0,B,point,0.0,end,1.4455326608687684,1.1788918495093583,50
E2_N4_snr0,B,point,0.0,post,1.0469357214160455,0.1300546510671276,50
E2_N4_snr0,B,point,0.0,pre,0.9941845358494891,0.11513650269816952,50
E2_N4_snr0,B,point,0.01,all,0.9931918690562129,0.005296653170972612,50
E2_N4_snr0,B,point,0.01,end,1.4360533525893167,1.1712419506896858,50
E2_N4_snr0,B,point,0.01,post,1.0400253876879524,0.1291761236275224,50
E2_N4_snr0,B,point,0.01,pre,0.9876797623836785,0.11449574142881062,50
E2_N4_snr0,B,point,0.03,all,0.9804907275433288,0.00579972213183626,50
E2_N4_snr0,B,point,0.03,end,1.4175956125231974,1.156323480069715,50
E2_N4_snr0,B,point,0.03,post,1.0265773479555789,0.127480535082634,50
E2_N4_snr0,B,point,0.03,pre,0.9751931988086251,0.11322208565798117,50
E2_N4_snr0,B,point,0.1,all,0.9402630771251976,0.008143568500069094,50
E2_N4_snr0,B,point,0.1,end,1.357790674715719,1.1077794882907939,50
E2_N4_snr0,B,point,0.1,post,0.9830724536461714,0.1221124310269281,50
E2_N4_snr0,B,point,0.1,pre,0.936457091187718,0.10882599774645121,50
E2_N4_snr0,B,point,0.3,all,0.8533111386656482,0.012898037547374069,50
E2_N4_snr0,B,point,0.3,end,1.2192255089155664,0.9941116495947053,50
E2_N4_snr0,B,point,0.3,post,0.8826751963114375,0.11025411239349889,50
E2_N4_snr0,B,point,0.3,pre,0.8583000124576268,0.09668502011807945,50
E2_N4_snr0,B,point,1.0,all,0.7129902782138828,0.019280334315096345,50
E2_N4_snr0,B,point,1.0,end,0.9359880635842983,0.7569304304885264,50
E2_N4_snr0,B,point,1.0,post,0.6792101684695478,0.08697972378605254,50
E2_N4_snr0,B,point,1.0,pre,0.7644156958004451,0.06380884002955128,50
E2_N4_snr0,B,point,3.0,all,0.6488710525364055,0.043220730651377465,50
E2_N4_snr0,B,point,3.0,end,0.6448844241526369,0.5089679892388592,50
E2_N4_snr0,B,point,3.0,post,0.4724029612334579,0.061791857373047245,50
E2_N4_snr0,B,point,3.0,pre,0.7865866315727678,0.038745388610591146,50
E2_N4_snr0,B,point,10.0,all,0.6732124436712493,0.06571027639479289,50
E2_N4_snr0,B,point,10.0,end,0.43531864297255823,0.33535437150757647,50
E2_N4_snr0,B,point,10.0,post,0.3245471809102544,0.04437373902318106,50
E2_N4_snr0,B,point,10.0,pre,0.8844822269892884,0.03457451480820072,50
E2_N4_snr0,B,point,30.0,all,0.7058402243834573,0.07276746825307669,50
E2_N4_snr0,B,point,30.0,end,0.34557916355144236,0.2604469614331546,50
E2_N4_snr0,B,point,30.0,post,0.2630144285950352,0.03682912404203852,50
E2_N4_snr0,B,point,30.0,pre,0.9491214714975489,0.02862483426392614,50
E2_N4_snr0,B,point,100.0,all,0.7272049374049929,0.07512680084589088,50
E2_N4_snr0,B,point,100.0,end,0.3099532387800153,0.22186628730785718,50
E2_N4_snr0,B,point,100.0,post,0.2406680736659208,0.03183214174433521,50
E2_N4_snr0,B,point,100.0,pre,0.9848822405532032,0.02397701993073336,50
E2_N4_snr0,B,point,300.0,all,0.7362838437360922,0.07601531172422875,50
E2_N4_snr0,B,point,300.0,end,0.3020219234557488,0.21025523727645726,50
E2_N4_snr0,B,point,300.0,post,0.23625217289935935,0.03069644425615436,50
E2_N4_snr0,B,point,300.0,pre,0.9987621618908205,0.022742787316097572,50
E2_N4_snr0,B,point,1000.0,all,0.7401668700933477,0.07643781709502286,50
E2_N4_snr0,B,point,1000.0,end,0.30057264857210286,0.20780018760958605,50
E2_N4_snr0,B,point,1000.0,post,0.235508263998929,0.03052989407718914,50
E2_N4_snr0,B,point,1000.0,pre,1.0044424202489066,0.022648503647694582,50
E2_N4_snr10,A,cur,0.0,all,0.7821953199027256,0.12199567556205011,50
E2_N4_snr10,A,cur,0.0,end,1.1973705426068622,1.141478538758333,50
E2_N4_snr10,A,cur,0.0,post,0.7772897538707144,0.14424399813195296,50
E2_N4_snr10,A,cur,0.0,pre,0.7873747274368665,0.1386883458876947,50
E2_N4_snr10,A,cur,0.01,all,0.7821910129078,0.12199577597934913,50
E2_N4_snr10,A,cur,0.01,end,1.1960326175185667,1.1407500823017451,50
E2_N4_snr10,A,cur,0.01,post,0.7768392790250104,0.1443356044438286,50
E2_N4_snr10,A,cur,0.01,pre,0.78772608022889,0.13853864097338925,50
E2_N4_snr10,A,cur,0.03,all,0.7822293858701529,0.12196265335722356,50
E2_N4_snr10,A,cur,0.03,end,1.1934463230061605,1.1393480415872577,50
E2_N4_snr10,A,cur,0.03,post,0.7759712626371695,0.14451387324191736,50
E2_N4_snr10,A,cur,0.03,pre,0.7884907084986642,0.13818482605706636,50
E2_N4_snr10,A,cur,0.1,all,0.7827746131166652,0.1215570454657688,50
E2_N4_snr10,A,cur,0.1,end,1.1852396531845586,1.1349547438518812,50
E2_N4_snr10,A,cur,0.1,post,0.7732415424410316,0.14508889445799306,50
E2_N4_snr10,A,cur,0.1,pre,0.791687383904075,0.13648912249431225,50
E2_N4_snr10,A,cur,0.3,all,0.786452328978978,0.11894453732162458,50
E2_N4_snr10,A,cur,0.3,end,1.1672712328923847,1.1256610987211657,50
E2_N4_snr10,A,cur,0.3,post,0.7674004371647253,0.14638508522536467,50
E2_N4_snr10,A,cur,0.3,pre,0.8031347561310881,0.1295976959179806,50
E2_N4_snr10,A,cur,1.0,all,0.8038838637708886,0.1073269661347118,50
E2_N4_snr10,A,cur,1.0,end,1.1353693680806125,1.1105046799295404,50
E2_N4_snr10,A,cur,1.0,post,0.7575303659852313,0.1487332808974568,50
E2_N4_snr10,A,cur,1.0,pre,0.8422950634850744,0.10521749306949468,50
E2_N4_snr10,A,cur,3.0,all,0.8350275495352588,0.08880746392553948,50
E2_N4_snr10,A,cur,3.0,end,1.1099079242987535,1.099976389092065,50
E2_N4_snr10,A,cur,3.0,post,0.7501852568972888,0.15059000397119596,50
E2_N4_snr10,A,cur,3.0,pre,0.9022460247399703,0.06975452553217582,50
E2_N4_snr10,A,cur,10.0,all,0.866730225953092,0.07275838870389628,50
E2_N4_snr10,A,cur,10.0,end,1.0966197247654668,1.0948946654252243,50
E2_N4_snr10,A,cur,10.0,post,0.746586865868651,0.1516314214518546,50
E2_N4_snr10,A,cur,10.0,pre,0.9589112363749169,0.03894511765592889,50
E2_N4_snr10,A,cur,30.0,all,0.8836449932313777,0.06531228034032166,50
E2_N4_snr10,A,cur,30.0,end,1.0923957509280446,1.0928953529860281,50
E2_N4_snr10,A,cur,30.0,post,0.7455225841897761,0.15201931932019452,50
E2_N4_snr10,A,cur,30.0,pre,0.9881204044174156,0.02517243274459572,50
E2_N4_snr10,A,cur,100.0,all,0.8922141975784956,0.06180922439447792,50
E2_N4_snr10,A,cur,100.0,end,1.0909787213640205,1.0919406428198355,50
E2_N4_snr10,A,cur,100.0,post,0.745210931086648,0.15214191711040137,50
E2_N4_snr10,A,cur,100.0,pre,1.0026624494442595,0.020171538100240492,50
E2_N4_snr10,A,cur,300.0,all,0.8952747736816358,0.060629415532542225,50
E2_N4_snr10,A,cur,300.0,end,1.090690796482742,1.0916679345309077,50
E2_N4_snr10,A,cur,300.0,post,0.7451562839883745,0.15216174078671799,50
E2_N4_snr10,A,cur,300.0,pre,1.0077991501205104,0.01904536091021748,50
E2_N4_snr10,A,cur,1000.0,all,0.8964610018850366,0.0601925717008119,50
E2_N4_snr10,A,cur,1000.0,end,1.0906410860955773,1.0916098394062745,50
E2_N4_snr10,A,cur,1000.0,post,0.7451475635309661,0.15216460965488363,50
E2_N4_snr10,A,cur,1000.0,pre,1.009778210048632,0.0187333565144463,50
E2_N4_snr10,A,hist,0.0,all,0.7821953199027256,0.12199567556205011,50
E2_N4_snr10,A,hist,0.0,end,1.1973705426068626,1.1414785387583342,50
E2_N4_snr10,A,hist,0.0,post,0.7772897538707144,0.14424399813195293,50
E2_N4_snr10,A,hist,0.0,pre,0.7873747274368665,0.1386883458876947,50
E2_N4_snr10,A,hist,0.01,all,0.7821868729509462,0.12199812304136412,50
E2_N4_snr10,A,hist,0.01,end,1.1968221007473627,1.1414712789204098,50
E2_N4_snr10,A,hist,0.01,post,0.7772230359442976,0.14420801154732388,50
E2_N4_snr10,A,hist,0.01,pre,0.7873760303669038,0.138696984465828,50
E2_N4_snr10,A,hist,0.03,all,0.782174420026474,0.1220026192899181,50
E2_N4_snr10,A,hist,0.03,end,1.1957577679223967,1.1414767853318761,50
E2_N4_snr10,A,hist,0.03,post,0.777097485145297,0.1441378460396454,50
E2_N4_snr10,A,hist,0.03,pre,0.7873823790121025,0.13871397547383796,50
E2_N4_snr10,A,hist,0.1,all,0.7821713470993555,0.12201440988445457,50
E2_N4_snr10,A,hist,0.1,end,1.1923394177693067,1.141678832891328,50
E2_N4_snr10,A,hist,0.1,post,0.7767313124910703,0.1439089631314017,50
E2_N4_snr10,A,hist,0.1,pre,0.7874385782916835,0.1387699600453614,50
E2_N4_snr10,A,hist,0.3,all,0.7824015623560382,0.12201815114565075,50
E2_N4_snr10,A,hist,0.3,end,1.1845541559318504,1.1433242781419999,50
E2_N4_snr10,A,hist,0.3,post,0.7761404838283322,0.14335628710149573,50
E2_N4_snr10,A,hist,0.3,pre,0.787796527716488,0.13889311974436214,50
E2_N4_snr10,A,hist,1.0,all,0.7842376000742365,0.12174654501416711,50
E2_N4_snr10,A,hist,1.0,end,1.1684976265444569,1.153128067558543,50
E2_N4_snr10,A,hist,1.0,post,0.7763957960460961,0.14185607092684066,50
E2_N4_snr10,A,hist,1.0,pre,0.7898480920336101,0.1388686872431212,50
E2_N4_snr10,A,hist,3.0,all,0.7906254866610106,0.11939816412428822,50
E2_N4_snr10,A,hist,3.0,end,1.1485992646372545,1.1792853381036523,50
E2_N4_snr10,A,hist,3.0,post,0.7813925694781304,0.1374938790760025,50
E2_N4_snr10,A,hist,3.0,pre,0.7963389323921868,0.13641248406010434,50
E2_N4_snr10,A,hist,10.0,all,0.8118779801303682,0.10759752492583151,50
E2_N4_snr10,A,hist,10.0,end,1.1374176804143243,1.2331868227774183,50
E2_N4_snr10,A,hist,10.0,post,0.8024192694701218,0.12146104276489185,50
E2_N4_snr10,A,hist,10.0,pre,0.8171578015965254,0.12387707863950567,50
E2_N4_snr10,A,hist,30.0,all,0.8487889532332986,0.08793200747773687,50
E2_N4_snr10,A,hist,30.0,end,1.1790560348151642,1.290432622682219,50
E2_N4_snr10,A,hist,30.0,post,0.8401271980220051,0.09933494949926697,50
E2_N4_snr10,A,hist,30.0,pre,0.8526084778477024,0.10727835965465361,50
E2_N4_snr10,A,hist,100.0,all,0.8858004448614385,0.07182512046637568,50
E2_N4_snr10,A,hist,100.0,end,1.2402022047884211,1.3350944020185962,50
E2_N4_snr10,A,hist,100.0,post,0.8777234776352735,0.08750829809812267,50
E2_N4_snr10,A,hist,100.0,pre,0.887770805983068,0.09950560314016672,50
E2_N4_snr10,A,hist,300.0,all,0.9032443058223392,0.06575256399627917,50
E2_N4_snr10,A,hist,300.0,end,1.2580901455584579,1.3317631779137356,50
E2_N4_snr10,A,hist,300.0,post,0.8953627091010995,0.08573368379865388,50
E2_N4_snr10,A,hist,300.0,pre,0.904286060218494,0.09864268440787398,50
E2_N4_snr10,A,hist,1000.0,all,0.9113854156352248,0.0629685338401648,50
E2_N4_snr10,A,hist,1000.0,end,1.2244993851952568,1.242722269886292,50
E2_N4_snr10,A,hist,1000.0,post,0.9036972855004975,0.0847556433092462,50
E2_N4_snr10,A,hist,1000.0,pre,0.9120756220978196,0.09764915766568458,50
E2_N4_snr10,A,in,0.0,all,0.7821953199027254,0.1219956755620502,50
E2_N4_snr10,A,in,0.0,end,1.1973705426068106,1.1414785387582729,50
E2_N4_snr10,A,in,0.0,post,0.7772897538707139,0.14424399813195224,50
E2_N4_snr10,A,in,0.0,pre,0.7873747274368662,0.1386883458876934,50
E2_N4_snr10,A,in,0.01,all,0.7821865826307527,0.12199755589308255,50
E2_N4_snr10,A,in,0.01,end,1.1973307723027269,1.1415060756637303,50
E2_N4_snr10,A,in,0.01,post,0.7772792935405686,0.144248153019074,50
E2_N4_snr10,A,in,0.01,pre,0.7873662853589769,0.1386883655043742,50
E2_N4_snr10,A,in,0.03,all,0.7821697432116372,0.12200117603685684,50
E2_N4_snr10,A,in,0.03,end,1.1972542424134078,1.1415601879491777,50
E2_N4_snr10,A,in,0.03,post,0.7772591386280865,0.1442562066901392,50
E2_N4_snr10,A,in,0.03,pre,0.7873500061897325,0.13868836558864595,50
E2_N4_snr10,A,in,0.1,all,0.7821167503302107,0.12201253523091425,50
E2_N4_snr10,A,in,0.1,end,1.1970144995018837,1.1417400083604046,50
E2_N4_snr10,A,in,0.1,post,0.7771957575404795,0.1442819783822436,50
E2_N4_snr10,A,in,0.1,pre,0.7872987021251532,0.13868802594470936,50
E2_N4_snr10,A,in,0.3,all,0.7820030972463573,0.12203672410457984,50
E2_N4_snr10,A,in,0.3,end,1.1965068577613693,1.1421833518628388,50
E2_N4_snr10,A,in,0.3,post,0.777060045605662,0.14433992768041248,50
E2_N4_snr10,A,in,0.3,pre,0.787188299274246,0.13868532902217445,50
E2_N4_snr10,A,in,1.0,all,0.7818097114149524,0.12207734216440164,50
E2_N4_snr10,A,in,1.0,end,1.195672364648448,1.1432129305290424,50
E2_N4_snr10,A,in,1.0,post,0.7768296608996327,0.14445227359481097,50
E2_N4_snr10,A,in,1.0,pre,0.7869994278104955,0.1386723485720306,50
E2_N4_snr10,A,in,3.0,all,0.7816639496845105,0.1221076351384637,50
E2_N4_snr10,A,in,3.0,end,1.1950790525683403,1.1444713917311091,50
E2_N4_snr10,A,in,3.0,post,0.776656057282162,0.14456466296700218,50
E2_N4_snr10,A,in,3.0,pre,0.7868569095910309,0.1386507020449963,50
E2_N4_snr10,A,in,10.0,all,0.781591361734846,0.12212282910668251,50
E2_N4_snr10,A,in,10.0,end,1.1947504726630687,1.1454726071352859,50
E2_N4_snr10,A,in,10.0,post,0.7765691585458246,0.14465399498355547,50
E2_N4_snr10,A,in,10.0,pre,0.7867882257852927,0.13863403141763497,50
E2_N4_snr10,A,in,30.0,all,0.7815690484955927,0.12212745286486314,50
E2_N4_snr10,A,in,30.0,end,1.1945630042902546,1.1458057088128328,50
E2_N4_snr10,A,in,30.0,post,0.7765423651104428,0.14470188366014358,50
E2_N4_snr10,A,in,30.0,pre,0.786770514261491,0.13862997989507134,50
E2_N4_snr10,A,in,100.0,all,0.7815621815016749,0.12212874984690103,50
E2_N4_snr10,A,in,100.0,end,1.1944413599934682,1.1458721312733737,50
E2_N4_snr10,A,in,100.0,post,0.7765348842346167,0.14472837966869523,50
E2_N4_snr10,A,in,100.0,pre,0.7867670274364782,0.13862898029406265,50
E2_N4_snr10,A,in,300.0,all,0.78156093710652,0.12212894937411187,50
E2_N4_snr10,A,in,300.0,end,1.1943936597776286,1.1458812624516876,50
E2_N4_snr10,A,in,300.0,post,0.7765341490251223,0.14473859070837097,50
E2_N4_snr10,A,in,300.0,pre,0.786766938146696,0.13862804853262073,50
E2_N4_snr10,A,in,1000.0,all,0.7815607330110604,0.12212897822495983,50
E2_N4_snr10,A,in,1000.0,end,1.19437523995531,1.1458847930579417,50
E2_N4_snr10,A,in,1000.0,post,0.7765343213183019,0.14474269925265915,50
E2_N4_snr10,A,in,1000.0,pre,0.7867671140041813,0.13862742552158844,50
E2_N4_snr10,A,legs,0.0,all,0.7821953199027256,0.1219956755620501,50
E2_N4_snr10,A,legs,0.0,end,1.1973705426068622,1.1414785387583337,50
E2_N4_snr10,A,legs,0.0,post,0.7772897538707144,0.1442439981319529,50
E2_N4_snr10,A,legs,0.0,pre,0.7873747274368665,0.13868834588769466,50
E2_N4_snr10,A,legs,0.01,all,0.7821953199027256,0.1219956755620501,50
E2_N4_snr10,A,legs,0.01,end,1.1973705426068622,1.1414785387583337,50
E2_N4_snr10,A,legs,0.01,post,0.7772897538707144,0.1442439981319529,50
E2_N4_snr10,A,legs,0.01,pre,0.7873747274368665,0.13868834588769466,50
E2_N4_snr10,A,legs,0.03,all,0.7821953199027256,0.1219956755620501,50
E2_N4_snr10,A,legs,0.03,end,1.1973705426068622,1.1414785387583337,50
E2_N4_snr10,A,legs,0.03,post,0.7772897538707144,0.1442439981319529,50
E2_N4_snr10,A,legs,0.03,pre,0.7873747274368665,0.13868834588769466,50
E2_N4_snr10,A,legs,0.1,all,0.7821953199027256,0.1219956755620501,50
E2_N4_snr10,A,legs,0.1,end,1.1973705426068622,1.1414785387583337,50
E2_N4_snr10,A,legs,0.1,post,0.7772897538707144,0.1442439981319529,50
E2_N4_snr10,A,legs,0.1,pre,0.7873747274368665,0.13868834588769466,50
E2_N4_snr10,A,legs,0.3,all,0.7821953199027256,0.1219956755620501,50
E2_N4_snr10,A,legs,0.3,end,1.1973705426068622,1.1414785387583337,50
E2_N4_snr10,A,legs,0.3,post,0.7772897538707144,0.1442439981319529,50
E2_N4_snr10,A,legs,0.3,pre,0.7873747274368665,0.13868834588769466,50
E2_N4_snr10,A,legs,1.0,all,0.7821953199027256,0.1219956755620501,50
E2_N4_snr10,A,legs,1.0,end,1.1973705426068622,1.1414785387583337,50
E2_N4_snr10,A,legs,1.0,post,0.7772897538707144,0.1442439981319529,50
E2_N4_snr10,A,legs,1.0,pre,0.7873747274368665,0.13868834588769466,50
E2_N4_snr10,A,legs,3.0,all,0.7821953199027256,0.1219956755620501,50
E2_N4_snr10,A,legs,3.0,end,1.1973705426068622,1.1414785387583337,50
E2_N4_snr10,A,legs,3.0,post,0.7772897538707144,0.1442439981319529,50
E2_N4_snr10,A,legs,3.0,pre,0.7873747274368665,0.13868834588769466,50
E2_N4_snr10,A,legs,10.0,all,0.7821953199027256,0.1219956755620501,50
E2_N4_snr10,A,legs,10.0,end,1.1973705426068622,1.1414785387583337,50
E2_N4_snr10,A,legs,10.0,post,0.7772897538707144,0.1442439981319529,50
E2_N4_snr10,A,legs,10.0,pre,0.7873747274368665,0.13868834588769466,50
E2_N4_snr10,A,legs,30.0,all,0.7821953199027256,0.1219956755620501,50
E2_N4_snr10,A,legs,30.0,end,1.1973705426068622,1.1414785387583337,50
E2_N4_snr10,A,legs,30.0,post,0.7772897538707144,0.1442439981319529,50
E2_N4_snr10,A,legs,30.0,pre,0.7873747274368665,0.13868834588769466,50
E2_N4_snr10,A,legs,100.0,all,0.7821953199027256,0.1219956755620501,50
E2_N4_snr10,A,legs,100.0,end,1.1973705426068622,1.1414785387583337,50
E2_N4_snr10,A,legs,100.0,post,0.7772897538707144,0.1442439981319529,50
E2_N4_snr10,A,legs,100.0,pre,0.7873747274368665,0.13868834588769466,50
E2_N4_snr10,A,legs,300.0,all,0.7821953199027256,0.1219956755620501,50
E2_N4_snr10,A,legs,300.0,end,1.1973705426068622,1.1414785387583337,50
E2_N4_snr10,A,legs,300.0,post,0.7772897538707144,0.1442439981319529,50
E2_N4_snr10,A,legs,300.0,pre,0.7873747274368665,0.13868834588769466,50
E2_N4_snr10,A,legs,1000.0,all,0.7821953199027256,0.1219956755620501,50
E2_N4_snr10,A,legs,1000.0,end,1.1973705426068622,1.1414785387583337,50
E2_N4_snr10,A,legs,1000.0,post,0.7772897538707144,0.1442439981319529,50
E2_N4_snr10,A,legs,1000.0,pre,0.7873747274368665,0.13868834588769466,50
E2_N4_snr10,A,point,0.0,all,0.31633265773873004,0.00162855592863069,50
E2_N4_snr10,A,point,0.0,end,0.4573185636004976,0.37290745824239013,50
E2_N4_snr10,A,point,0.0,post,0.3312473555930915,0.04111403079357643,50
E2_N4_snr10,A,point,0.0,pre,0.31456998308440765,0.03639865844846504,50
E2_N4_snr10,A,point,0.01,all,0.3142493426780122,0.0016824944672710431,50
E2_N4_snr10,A,point,0.01,end,0.45432226264459097,0.3704890686939553,50
E2_N4_snr10,A,point,0.01,post,0.329063281509171,0.04083622317882744,50
E2_N4_snr10,A,point,0.01,pre,0.31250211862188526,0.03619513625656033,50
E2_N4_snr10,A,point,0.03,all,0.3101949619273644,0.0018488517049437747,50
E2_N4_snr10,A,point,0.03,end,0.4484880322340924,0.3657728677944406,50
E2_N4_snr10,A,point,0.03,post,0.32481295134005256,0.040300041139467946,50
E2_N4_snr10,A,point,0.03,pre,0.30847761061948326,0.03580033842042815,50
E2_N4_snr10,A,point,0.1,all,0.2970781308189366,0.0026741726075859306,50
E2_N4_snr10,A,point,0.1,end,0.42958502188140224,0.3504268478848322,50
E2_N4_snr10,A,point,0.1,post,0.3110634191739311,0.038602493026270654,50
E2_N4_snr10,A,point,0.1,pre,0.29545567193328015,0.03453200379489433,50
E2_N4_snr10,A,point,0.3,all,0.26680446231012206,0.004692411686276321,50
E2_N4_snr10,A,point,0.3,end,0.3857909910476867,0.314495422801461,50
E2_N4_snr10,A,point,0.3,post,0.27933632160917626,0.03485228603358693,50
E2_N4_snr10,A,point,0.3,pre,0.26539111090082906,0.03161839542927711,50
E2_N4_snr10,A,point,1.0,all,0.20544681693793848,0.006819088971051438,50
E2_N4_snr10,A,point,1.0,end,0.29629449282466086,0.23953391447877087,50
E2_N4_snr10,A,point,1.0,post,0.21505768982470488,0.027489983299283302,50
E2_N4_snr10,A,point,1.0,pre,0.2044186847397939,0.025421886206312735,50
E2_N4_snr10,A,point,3.0,all,0.14311747863657537,0.005958832894584394,50
E2_N4_snr10,A,point,3.0,end,0.2043759246563129,0.1612083357571611,50
E2_N4_snr10,A,point,3.0,post,0.1497786897902116,0.019517661410395626,50
E2_N4_snr10,A,point,3.0,pre,0.1424417568172524,0.018268627479214553,50
E2_N4_snr10,A,point,10.0,all,0.09865126164142189,0.005781770766490925,50
E2_N4_snr10,A,point,10.0,end,0.13831894516601076,0.10644045358458572,50
E2_N4_snr10,A,point,10.0,post,0.10320188283784264,0.013988224706410608,50
E2_N4_snr10,A,point,10.0,pre,0.09821665776708911,0.013432821973304884,50
E2_N4_snr10,A,point,30.0,all,0.080194398532542,0.005530893930857387,50
E2_N4_snr10,A,point,30.0,end,0.1101186715597109,0.08285417267216111,50
E2_N4_snr10,A,point,30.0,post,0.08387854016522082,0.011575338803544827,50
E2_N4_snr10,A,point,30.0,pre,0.07984485739497313,0.01159471287444497,50
E2_N4_snr10,A,point,100.0,all,0.07350397436920389,0.004456143660713592,50
E2_N4_snr10,A,point,100.0,end,0.09895236146061916,0.07073299713431284,50
E2_N4_snr10,A,point,100.0,post,0.07687682500357357,0.009984757017693852,50
E2_N4_snr10,A,point,100.0,pre,0.07317548236779567,0.01070199790850755,50
E2_N4_snr10,A,point,300.0,all,0.07218458616236173,0.0043008495557006875,50
E2_N4_snr10,A,point,300.0,end,0.0964685899686922,0.06709264262797436,50
E2_N4_snr10,A,point,300.0,post,0.07549429145932259,0.009625490605241621,50
E2_N4_snr10,A,point,300.0,pre,0.07185803028711378,0.01060243123305322,50
E2_N4_snr10,A,point,1000.0,all,0.07196259254838894,0.004305942233171801,50
E2_N4_snr10,A,point,1000.0,end,0.09601475313483519,0.06632354035095535,50
E2_N4_snr10,A,point,1000.0,post,0.07526140383604524,0.00957314449135499,50
E2_N4_snr10,A,point,1000.0,pre,0.07163604726880377,0.010601075243609958,50
E2_N4_snr10,B,cur,0.0,all,0.7860913828403084,0.13853253292726664,50
E2_N4_snr10,B,cur,0.0,end,1.176361089432045,1.3064508528316354,50
E2_N4_snr10,B,cur,0.0,post,0.7775195119569936,0.15539428117267642,50
E2_N4_snr10,B,cur,0.0,pre,0.7924952418133888,0.1699567600579599,50
E2_N4_snr10,B,cur,0.01,all,0.7860826637571248,0.13853478055722518,50
E2_N4_snr10,B,cur,0.01,end,1.176306526278128,1.3064385865217107,50
E2_N4_snr10,B,cur,0.01,post,0.7775095887536473,0.15539660392120053,50
E2_N4_snr10,B,cur,0.01,pre,0.7924864993300116,0.16995922317939524,50
E2_N4_snr10,B,cur,0.03,all,0.7860658583253981,0.13853910361978913,50
E2_N4_snr10,B,cur,0.03,end,1.176201289315249,1.3064149721231615,50
E2_N4_snr10,B,cur,0.03,post,0.7774904706878992,0.15540107030446415,50
E2_N4_snr10,B,cur,0.03,pre,0.7924696413810404,0.1699639587895199,50
E2_N4_snr10,B,cur,0.1,all,0.7860129631316891,0.13855263087906014,50
E2_N4_snr10,B,cur,0.1,end,1.1758694438836346,1.3063409266499344,50
E2_N4_snr10,B,cur,0.1,post,0.7774303679563532,0.15541503626071682,50
E2_N4_snr10,B,cur,0.1,pre,0.7924165166985404,0.16997876049932853,50
E2_N4_snr10,B,cur,0.3,all,0.7858994697975173,0.138581229731943,50
E2_N4_snr10,B,cur,0.3,end,1.1751542227225007,1.306184080079779,50
E2_N4_snr10,B,cur,0.3,post,0.777301787420558,0.15544451407964424,50
E2_N4_snr10,B,cur,0.3,pre,0.7923021963601365,0.17000997119892247,50
E2_N4_snr10,B,cur,1.0,all,0.7857061609547062,0.13862851443956994,50
E2_N4_snr10,B,cur,1.0,end,1.173926146825706,1.3059292599901344,50
E2_N4_snr10,B,cur,1.0,post,0.7770840819883409,0.15549309060972927,50
E2_N4_snr10,B,cur,1.0,pre,0.7921063805049096,0.170061333533371,50
E2_N4_snr10,B,cur,3.0,all,0.7855601922468235,0.1386631104560236,50
E2_N4_snr10,B,cur,3.0,end,1.1729951063538027,1.3057623788957606,50
E2_N4_snr10,B,cur,3.0,post,0.7769211435561408,0.1555284471923472,50
E2_N4_snr10,B,cur,3.0,pre,0.7919574742369336,0.17009878006141438,50
E2_N4_snr10,B,cur,10.0,all,0.7854874147229782,0.13868020867670341,50
E2_N4_snr10,B,cur,10.0,end,1.1725413582924213,1.3057029767121986,50
E2_N4_snr10,B,cur,10.0,post,0.7768410129707506,0.1555457701068068,50
E2_N4_snr10,B,cur,10.0,pre,0.7918826514080708,0.17011755052834826,50
E2_N4_snr10,B,cur,30.0,all,0.7854649882013035,0.13868528415347903,50
E2_N4_snr10,B,cur,30.0,end,1.1724109649125127,1.3056897882339542,50
E2_N4_snr10,B,cur,30.0,post,0.7768170540926029,0.15555046410597853,50
E2_N4_snr10,B,cur,30.0,pre,0.7918591835251151,0.17012364955241005,50
E2_N4_snr10,B,cur,100.0,all,0.7854579625855059,0.13868664156201913,50
E2_N4_snr10,B,cur,100.0,end,1.1723744398063973,1.305684466380217,50
E2_N4_snr10,B,cur,100.0,post,0.7768099308621855,0.1555512551172369,50
E2_N4_snr10,B,cur,100.0,pre,0.7918515717506591,0.17012557889889762,50
E2_N4_snr10,B,cur,300.0,all,0.7854566601522056,0.13868682536240054,50
E2_N4_snr10,B,cur,300.0,end,1.1723684919127066,1.3056830277588776,50
E2_N4_snr10,B,cur,300.0,post,0.7768086704755881,0.1555512355011944,50
E2_N4_snr10,B,cur,300.0,pre,0.7918501179406712,0.17012588139829607,50
E2_N4_snr10,B,cur,1000.0,all,0.785456446368733,0.1386868477502522,50
E2_N4_snr10,B,cur,1000.0,end,1.1723675887504248,1.3056827338056742,50
E2_N4_snr10,B,cur,1000.0,post,0.7768084677829437,0.1555512148391086,50
E2_N4_snr10,B,cur,1000.0,pre,0.7918498762590986,0.17012592100113472,50
E2_N4_snr10,B,hist,0.0,all,0.7860913828403084,0.13853253292726664,50
E2_N4_snr10,B,hist,0.0,end,1.1763610894320455,1.306450852831637,50
E2_N4_snr10,B,hist,0.0,post,0.7775195119569936,0.1553942811726764,50
E2_N4_snr10,B,hist,0.0,pre,0.7924952418133888,0.16995676005795993,50
E2_N4_snr10,B,hist,0.01,all,0.7860889523891949,0.13853133707608287,50
E2_N4_snr10,B,hist,0.01,end,1.1761409265717204,1.3067838022496685,50
E2_N4_snr10,B,hist,0.01,post,0.7774452268891708,0.15537928726108566,50
E2_N4_snr10,B,hist,0.01,pre,0.7925498732954399,0.16976579283847,50
E2_N4_snr10,B,hist,0.03,all,0.7861261599119537,0.13849773863963566,50
E2_N4_snr10,B,hist,0.03,end,1.1757184940962029,1.307434770407471,50
E2_N4_snr10,B,hist,0.03,post,0.7773061333531526,0.1553493858898779,50
E2_N4_snr10,B,hist,0.03,pre,0.7927328977419783,0.16933257426274595,50
E2_N4_snr10,B,hist,0.1,all,0.7866279126276042,0.1381053132848565,50
E2_N4_snr10,B,hist,0.1,end,1.1744050004364102,1.309566685396783,50
E2_N4_snr10,B,hist,0.1,post,0.7769068785306549,0.1552452641325953,50
E2_N4_snr10,B,hist,0.1,pre,0.7940190354988291,0.16737705387243215,50
E2_N4_snr10,B,hist,0.3,all,0.7900318879293979,0.13555095719639537,50
E2_N4_snr10,B,hist,0.3,end,1.1716550397007384,1.314619814864161,50
E2_N4_snr10,B,hist,0.3,post,0.7763029570114958,0.15494622663246574,50
E2_N4_snr10,B,hist,0.3,pre,0.8009999336969841,0.1597441302888854,50
E2_N4_snr10,B,hist,1.0,all,0.8067716039439843,0.12358542029599605,50
E2_N4_snr10,B,hist,1.0,end,1.166674082857254,1.3253850791577653,50
E2_N4_snr10,B,hist,1.0,post,0.7768269400836887,0.15378165219118542,50
E2_N4_snr10,B,hist,1.0,pre,0.8316673866289535,0.13265409822199198,50
E2_N4_snr10,B,hist,3.0,all,0.8390114094467899,0.1022839086486,50
E2_N4_snr10,B,hist,3.0,end,1.1589702156422117,1.3384173752790103,50
E2_N4_snr10,B,hist,3.0,post,0.7826888224832979,0.14921665950442656,50
E2_N4_snr10,B,hist,3.0,pre,0.8849414480284229,0.09189262360097901,50
E2_N4_snr10,B,hist,10.0,all,0.8792528770271395,0.07701113828870283,50
E2_N4_snr10,B,hist,10.0,end,1.1528499807117614,1.3561939658608184,50
E2_N4_snr10,B,hist,10.0,post,0.8049465628279934,0.13083463988827126,50
E2_N4_snr10,B,hist,10.0,pre,0.9393665880835314,0.052197003744346014,50
E2_N4_snr10,B,hist,30.0,all,0.91245671330894,0.05633067035336468,50
E2_N4_snr10,B,hist,30.0,end,1.1879121297915896,1.3672440130299781,50
E2_N4_snr10,B,hist,30.0,post,0.8426362786736812,0.1039085468141179,50
E2_N4_snr10,B,hist,30.0,pre,0.969972392489509,0.027714191149581804,50
E2_N4_snr10,B,hist,100.0,all,0.9377981496105852,0.043846486414685054,50
E2_N4_snr10,B,hist,100.0,end,1.2442913569396088,1.3655245852018285,50
E2_N4_snr10,B,hist,100.0,post,0.8790750356058317,0.08842542861376194,50
E2_N4_snr10,B,hist,100.0,pre,0.9868399761093402,0.01285529089761991,50
E2_N4_snr10,B,hist,300.0,all,0.9488546313354926,0.04070674036086922,50
E2_N4_snr10,B,hist,300.0,end,1.2588466658576198,1.3414662368499426,50
E2_N4_snr10,B,hist,300.0,post,0.8959118193403138,0.08587885110061796,50
E2_N4_snr10,B,hist,300.0,pre,0.9931869241109691,0.007434000772096314,50
E2_N4_snr10,B,hist,1000.0,all,0.953815000268286,0.03962670665530463,50
E2_N4_snr10,B,hist,1000.0,end,1.2236108571099178,1.2439682285203153,50
E2_N4_snr10,B,hist,1000.0,post,0.903846805602575,0.08480456034558727,50
E2_N4_snr10,B,hist,1000.0,pre,0.9957185836729506,0.005589506947963859,50
E2_N4_snr10,B,in,0.0,all,0.7860913828403084,0.13853253292726664,50
E2_N4_snr10,B,in,0.0,end,1.1763610894320053,1.3064508528315641,50
E2_N4_snr10,B,in,0.0,post,0.7775195119569936,0.15539428117267515,50
E2_N4_snr10,B,in,0.0,pre,0.7924952418133884,0.16995676005795934,50
E2_N4_snr10,B,in,0.01,all,0.7860898741296376,0.13853136204576583,50
E2_N4_snr10,B,in,0.01,end,1.17523490613569,1.3043845066319015,50
E2_N4_snr10,B,in,0.01,post,0.777086521327947,0.15534931876399957,50
E2_N4_snr10,B,in,0.01,pre,0.7928730379457679,0.16980009243733943,50
E2_N4_snr10,B,in,0.03,all,0.7861340972455801,0.13849563977239235,50
E2_N4_snr10,B,in,0.03,end,1.1730685527038311,1.3003623867771408,50
E2_N4_snr10,B,in,0.03,post,0.7762522936832202,0.15526335484333448,50
E2_N4_snr10,B,in,0.03,pre,0.7936912991070638,0.1694304554383814,50
E2_N4_snr10,B,in,0.1,all,0.786701875534151,0.13808008100788124,50
E2_N4_snr10,B,in,0.1,end,1.1662904976483641,1.2873457270564013,50
E2_N4_snr10,B,in,0.1,post,0.7736295593599578,0.1549985617645374,50
E2_N4_snr10,B,in,0.1,pre,0.7970797269995964,0.16766499659825732,50
E2_N4_snr10,B,in,0.3,all,0.7904513582368047,0.13543210816037476,50
E2_N4_snr10,B,in,0.3,end,1.1519634253059317,1.2573580271893885,50
E2_N4_snr10,B,in,0.3,post,0.7680192566295821,0.15445849538548745,50
E2_N4_snr10,B,in,0.3,pre,0.809050745594101,0.16054956007795312,50
E2_N4_snr10,B,in,1.0,all,0.8080854089591064,0.12369631171926973,50
E2_N4_snr10,B,in,1.0,end,1.1278156130158659,1.1979587587527916,50
E2_N4_snr10,B,in,1.0,post,0.7585251103028965,0.1536456469933809,50
E2_N4_snr10,B,in,1.0,pre,0.8493555390990489,0.136109853885694,50
E2_N4_snr10,B,in,3.0,all,0.8394440971415423,0.1050377852761356,50
E2_N4_snr10,B,in,3.0,end,1.1085750670010712,1.1414828294552057,50
E2_N4_snr10,B,in,3.0,post,0.7513988695320974,0.15328827094469621,50
E2_N4_snr10,B,in,3.0,pre,0.9102095181588229,0.10292706636297033,50
E2_N4_snr10,B,in,10.0,all,0.8712715559606171,0.08874963603756483,50
E2_N4_snr10,B,in,10.0,end,1.0972087937041624,1.1038971986033947,50
E2_N4_snr10,B,in,10.0,post,0.7478441209211484,0.15355415833203498,50
E2_N4_snr10,B,in,10.0,pre,0.9672461725335992,0.07753829857193574,50
E2_N4_snr10,B,in,30.0,all,0.8882398353148326,0.08101980342766359,50
E2_N4_snr10,B,in,30.0,end,1.0923495530494547,1.0867052186340178,50
E2_N4_snr10,B,in,30.0,post,0.7467744137730662,0.15391600666553257,50
E2_N4_snr10,B,in,30.0,pre,0.9965492241965411,0.06756708382882781,50
E2_N4_snr10,B,in,100.0,all,0.8968445659663644,0.07729782005052405,50
E2_N4_snr10,B,in,100.0,end,1.0897887759980935,1.0766486164327917,50
E2_N4_snr10,B,in,100.0,post,0.7464678906315924,0.15414076426676432,50
E2_N4_snr10,B,in,100.0,pre,1.0111346675825112,0.06371434300705302,50
E2_N4_snr10,B,in,300.0,all,0.8999213878001495,0.07602047632932374,50
E2_N4_snr10,B,in,300.0,end,1.0887892027767843,1.0721865343457324,50
E2_N4_snr10,B,in,300.0,post,0.7464205828358054,0.15422360764073348,50
E2_N4_snr10,B,in,300.0,pre,1.0162890813960868,0.06258297645964322,50
E2_N4_snr10,B,in,1000.0,all,0.9011144474066185,0.07554249333193681,50
E2_N4_snr10,B,in,1000.0,end,1.0883840820056867,1.0702261269467805,50
E2_N4_snr10,B,in,1000.0,post,0.7464157882169812,0.15425563196462933,50
E2_N4_snr10,B,in,1000.0,pre,1.0182754444762265,0.062187443890901216,50
E2_N4_snr10,B,legs,0.0,all,0.7860913828403084,0.13853253292726664,50
E2_N4_snr10,B,legs,0.0,end,1.1763610894320453,1.306450852831636,50
E2_N4_snr10,B,legs,0.0,post,0.7775195119569936,0.15539428117267642,50
E2_N4_snr10,B,legs,0.0,pre,0.7924952418133888,0.16995676005795993,50
E2_N4_snr10,B,legs,0.01,all,0.7860913828403084,0.13853253292726664,50
E2_N4_snr10,B,legs,0.01,end,1.1763610894320453,1.306450852831636,50
E2_N4_snr10,B,legs,0.01,post,0.7775195119569936,0.15539428117267642,50
E2_N4_snr10,B,legs,0.01,pre,0.7924952418133888,0.16995676005795993,50
E2_N4_snr10,B,legs,0.03,all,0.7860913828403084,0.13853253292726664,50
E2_N4_snr10,B,legs,0.03,end,1.1763610894320453,1.306450852831636,50
E2_N4_snr10,B,legs,0.03,post,0.7775195119569936,0.15539428117267642,50
E2_N4_snr10,B,legs,0.03,pre,0.7924952418133888,0.16995676005795993,50
E2_N4_snr10,B,legs,0.1,all,0.7860913828403084,0.13853253292726664,50
E2_N4_snr10,B,legs,0.1,end,1.1763610894320453,1.306450852831636,50
E2_N4_snr10,B,legs,0.1,post,0.7775195119569936,0.15539428117267642,50
E2_N4_snr10,B,legs,0.1,pre,0.7924952418133888,0.16995676005795993,50
E2_N4_snr10,B,legs,0.3,all,0.7860913828403084,0.13853253292726664,50
E2_N4_snr10,B,legs,0.3,end,1.1763610894320453,1.306450852831636,50
E2_N4_snr10,B,legs,0.3,post,0.7775195119569936,0.15539428117267642,50
E2_N4_snr10,B,legs,0.3,pre,0.7924952418133888,0.16995676005795993,50
E2_N4_snr10,B,legs,1.0,all,0.7860913828403084,0.13853253292726664,50
E2_N4_snr10,B,legs,1.0,end,1.1763610894320453,1.306450852831636,50
E2_N4_snr10,B,legs,1.0,post,0.7775195119569936,0.15539428117267642,50
E2_N4_snr10,B,legs,1.0,pre,0.7924952418133888,0.16995676005795993,50
E2_N4_snr10,B,legs,3.0,all,0.7860913828403084,0.13853253292726664,50
E2_N4_snr10,B,legs,3.0,end,1.1763610894320453,1.306450852831636,50
E2_N4_snr10,B,legs,3.0,post,0.7775195119569936,0.15539428117267642,50
E2_N4_snr10,B,legs,3.0,pre,0.7924952418133888,0.16995676005795993,50
E2_N4_snr10,B,legs,10.0,all,0.7860913828403084,0.13853253292726664,50
E2_N4_snr10,B,legs,10.0,end,1.1763610894320453,1.306450852831636,50
E2_N4_snr10,B,legs,10.0,post,0.7775195119569936,0.15539428117267642,50
E2_N4_snr10,B,legs,10.0,pre,0.7924952418133888,0.16995676005795993,50
E2_N4_snr10,B,legs,30.0,all,0.7860913828403084,0.13853253292726664,50
E2_N4_snr10,B,legs,30.0,end,1.1763610894320453,1.306450852831636,50
E2_N4_snr10,B,legs,30.0,post,0.7775195119569936,0.15539428117267642,50
E2_N4_snr10,B,legs,30.0,pre,0.7924952418133888,0.16995676005795993,50
E2_N4_snr10,B,legs,100.0,all,0.7860913828403084,0.13853253292726664,50
E2_N4_snr10,B,legs,100.0,end,1.1763610894320453,1.306450852831636,50
E2_N4_snr10,B,legs,100.0,post,0.7775195119569936,0.15539428117267642,50
E2_N4_snr10,B,legs,100.0,pre,0.7924952418133888,0.16995676005795993,50
E2_N4_snr10,B,legs,300.0,all,0.7860913828403084,0.13853253292726664,50
E2_N4_snr10,B,legs,300.0,end,1.1763610894320453,1.306450852831636,50
E2_N4_snr10,B,legs,300.0,post,0.7775195119569936,0.15539428117267642,50
E2_N4_snr10,B,legs,300.0,pre,0.7924952418133888,0.16995676005795993,50
E2_N4_snr10,B,legs,1000.0,all,0.7860913828403084,0.13853253292726664,50
E2_N4_snr10,B,legs,1000.0,end,1.1763610894320453,1.306450852831636,50
E2_N4_snr10,B,legs,1000.0,post,0.7775195119569936,0.15539428117267642,50
E2_N4_snr10,B,legs,1000.0,pre,0.7924952418133888,0.16995676005795993,50
E2_N4_snr10,B,point,0.0,all,0.31633250368002463,0.001628535382710968,50
E2_N4_snr10,B,point,0.0,end,0.4573185636004976,0.37290745824239013,50
E2_N4_snr10,B,point,0.0,post,0.3312473555930915,0.04111403079357643,50
E2_N4_snr10,B,point,0.0,pre,0.3145696786504193,0.03639862307563683,50
E2_N4_snr10,B,point,0.01,all,0.3143012256762766,0.0016785856565704122,50
E2_N4_snr10,B,point,0.01,end,0.45432226264459097,0.3704890686939553,50
E2_N4_snr10,B,point,0.01,post,0.329063281509171,0.04083622317882744,50
E2_N4_snr10,B,point,0.01,pre,0.3126031401389319,0.03618683017919743,50
E2_N4_snr10,B,point,0.03,all,0.31063184196753757,0.001790235927117482,50
E2_N4_snr10,B,point,0.03,end,0.4484880322340924,0.3657728677944406,50
E2_N4_snr10,B,point,0.03,post,0.32481295134005256,0.040300041139467946,50
E2_N4_snr10,B,point,0.03,pre,0.3093229079100238,0.0356797198754343,50
E2_N4_snr10,B,point,0.1,all,0.30146471863958435,0.0021585323677941115,50
E2_N4_snr10,B,point,0.1,end,0.42958502188140224,0.3504268478848322,50
E2_N4_snr10,B,point,0.1,post,0.3110634191739311,0.038602493026270654,50
E2_N4_snr10,B,point,0.1,pre,0.30386789399993774,0.03318463847037425,50
E2_N4_snr10,B,point,0.3,all,0.29735142189208585,0.008079544444559909,50
E2_N4_snr10,B,point,0.3,end,0.3857909910476867,0.314495422801461,50
E2_N4_snr10,B,point,0.3,post,0.27933632160917626,0.03485228603358693,50
E2_N4_snr10,B,point,0.3,pre,0.3215755248310553,0.025018319520955536,50
E2_N4_snr10,B,point,1.0,all,0.3580939843894544,0.03488164999872156,50
E2_N4_snr10,B,point,1.0,end,0.29629449282466086,0.23953391447877087,50
E2_N4_snr10,B,point,1.0,post,0.21505768982470488,0.027489983299283302,50
E2_N4_snr10,B,point,1.0,pre,0.454471896070623,0.028267393524739674,50
E2_N4_snr10,B,point,3.0,all,0.48544312874843826,0.06019582723270527,50
E2_N4_snr10,B,point,3.0,end,0.2043759246563129,0.1612083357571611,50
E2_N4_snr10,B,point,3.0,post,0.1497786897902116,0.019517661410395626,50
E2_N4_snr10,B,point,3.0,pre,0.6588597743708527,0.03756644490446917,50
E2_N4_snr10,B,point,10.0,all,0.6044005053465464,0.07348558914127043,50
E2_N4_snr10,B,point,10.0,end,0.13831894516601076,0.10644045358458572,50
E2_N4_snr10,B,point,10.0,post,0.10320188283784264,0.013988224706410608,50
E2_N4_snr10,B,point,10.0,pre,0.8335784798396813,0.03446885989352581,50
E2_N4_snr10,B,point,30.0,all,0.6636232479648347,0.07780401215226213,50
E2_N4_snr10,B,point,30.0,end,0.1101186715597109,0.08285417267216111,50
E2_N4_snr10,B,point,30.0,post,0.08387854016522082,0.011575338803544827,50
E2_N4_snr10,B,point,30.0,pre,0.9183372001490768,0.028099953972980263,50
E2_N4_snr10,B,point,100.0,all,0.6931638859190019,0.0795512348014563,50
E2_N4_snr10,B,point,100.0,end,0.09895236146061916,0.07073299713431284,50
E2_N4_snr10,B,point,100.0,post,0.07687682500357357,0.009984757017693852,50
E2_N4_snr10,B,point,100.0,pre,0.9601709133607349,0.02347876206005,50
E2_N4_snr10,B,point,300.0,all,0.7039345333927456,0.08034660072370896,50
E2_N4_snr10,B,point,300.0,end,0.0964685899686922,0.06709264262797436,50
E2_N4_snr10,B,point,300.0,post,0.07549429145932259,0.009625490605241621,50
E2_N4_snr10,B,point,300.0,pre,0.9753001992437502,0.0223542267243038,50
E2_N4_snr10,B,point,1000.0,all,0.7081984742895492,0.0807569798521726,50
E2_N4_snr10,B,point,1000.0,end,0.09601475313483519,0.06632354035095535,50
E2_N4_snr10,B,point,1000.0,post,0.07526140383604524,0.00957314449135499,50
E2_N4_snr10,B,point,1000.0,pre,0.9812609283924475,0.022365180757796674,50
E2_N8_snr-10,A,cur,0.0,all,0.6672674545798394,0.1030305761561161,50
E2_N8_snr-10,A,cur,0.0,end,1.5686834194128847,1.3205373363111401,50
E2_N8_snr-10,A,cur,0.0,post,0.7028941695250002,0.14816105747403965,50
E2_N8_snr-10,A,cur,0.0,pre,0.6550818378234348,0.1224143141260384,50
E2_N8_snr-10,A,cur,0.01,all,0.6652523571762855,0.1033527132950068,50
E2_N8_snr-10,A,cur,0.01,end,1.5598827658303094,1.3129480399722524,50
E2_N8_snr-10,A,cur,0.01,post,0.7002355473927317,0.1480590659404107,50
E2_N8_snr-10,A,cur,0.01,pre,0.6535513530729651,0.12249495611260086,50
E2_N8_snr-10,A,cur,0.03,all,0.6614565306139611,0.10394310382176832,50
E2_N8_snr-10,A,cur,0.03,end,1.5427683123856257,1.2981536211493339,50
E2_N8_snr-10,A,cur,0.03,post,0.695081686569238,0.147878205000188,50
E2_N8_snr-10,A,cur,0.03,pre,0.6507953919482339,0.12258085376562869,50
E2_N8_snr-10,A,cur,0.1,all,0.6503478430787678,0.10550410818481783,50
E2_N8_snr-10,A,cur,0.1,end,1.4875222653597135,1.2500771383743083,50
E2_N8_snr-10,A,cur,0.1,post,0.6785961666917772,0.1474505325419081,50
E2_N8_snr-10,A,cur,0.1,pre,0.6439341698280256,0.1221951266902566,50
E2_N8_snr-10,A,cur,0.3,all,0.6319733885368867,0.1069022750997314,50
E2_N8_snr-10,A,cur,0.3,end,1.3608628351341585,1.1380530231076407,50
E2_N8_snr-10,A,cur,0.3,post,0.6417409438122799,0.14735077089108553,50
E2_N8_snr-10,A,cur,0.3,pre,0.640439591662075,0.11738291957394377,50
E2_N8_snr-10,A,cur,1.0,all,0.628546773423184,0.1007549257118828,50
E2_N8_snr-10,A,cur,1.0,end,1.1093391831206239,0.9090157489063913,50
E2_N8_snr-10,A,cur,1.0,post,0.5732111588047456,0.1506232440398929,50
E2_N8_snr-10,A,cur,1.0,pre,0.6850433560792902,0.09420934242321398,50
E2_N8_snr-10,A,cur,3.0,all,0.672840169469554,0.08817087462490297,50
E2_N8_snr-10,A,cur,3.0,end,0.8661342093401464,0.6854413356461413,50
E2_N8_snr-10,A,cur,3.0,post,0.5148400788603213,0.1578687731189614,50
E2_N8_snr-10,A,cur,3.0,pre,0.7920723953989015,0.06260683440377685,50
E2_N8_snr-10,A,cur,10.0,all,0.7343761890763569,0.08095570191905163,50
E2_N8_snr-10,A,cur,10.0,end,0.7099589431036374,0.5585285130528092,50
E2_N8_snr-10,A,cur,10.0,post,0.48275547565981713,0.16451796837377783,50
E2_N8_snr-10,A,cur,10.0,pre,0.903129490541991,0.03938352064973548,50
E2_N8_snr-10,A,cur,30.0,all,0.7696604463082246,0.07894726965392773,50
E2_N8_snr-10,A,cur,30.0,end,0.654760080726365,0.5265868681534623,50
E2_N8_snr-10,A,cur,30.0,post,0.4723454615895649,0.1674195441419907,50
E2_N8_snr-10,A,cur,30.0,pre,0.9612552203351784,0.029146752297156388,50
E2_N8_snr-10,A,cur,100.0,all,0.7881751590244517,0.07814321611228091,50
E2_N8_snr-10,A,cur,100.0,end,0.6357493765112642,0.5171300230023871,50
E2_N8_snr-10,A,cur,100.0,post,0.46890502071171924,0.16864747040308586,50
E2_N8_snr-10,A,cur,100.0,pre,0.9906176864524915,0.02470546155817739,50
E2_N8_snr-10,A,cur,300.0,all,0.7950839458269967,0.07790987548198086,50
E2_N8_snr-10,A,cur,300.0,end,0.6315790811457802,0.5146768701459923,50
E2_N8_snr-10,A,cur,300.0,post,0.46821819695367006,0.1689584431487389,50
E2_N8_snr-10,A,cur,300.0,pre,1.0012974959146845,0.02348618366064139,50
E2_N8_snr-10,A,cur,1000.0,all,0.7978512831870783,0.07784401132393522,50
E2_N8_snr-10,A,cur,1000.0,end,0.6308031333539517,0.5141554339158445,50
E2_N8_snr-10,A,cur,1000.0,post,0.4680998925500422,0.16901920000452134,50
E2_N8_snr-10,A,cur,1000.0,pre,1.0055116299879345,0.02317535460326562,50
E2_N8_snr-10,A,hist,0.0,all,0.6672674545798394,0.10303057615611613,50
E2_N8_snr-10,A,hist,0.0,end,1.568683419412885,1.3205373363111406,50
E2_N8_snr-10,A,hist,0.0,post,0.7028941695250002,0.14816105747403968,50
E2_N8_snr-10,A,hist,0.0,pre,0.6550818378234347,0.1224143141260385,50
E2_N8_snr-10,A,hist,0.01,all,0.6652624327324022,0.10333232440708195,50
E2_N8_snr-10,A,hist,0.01,end,1.5603270711293653,1.3135950438366382,50
E2_N8_snr-10,A,hist,0.01,post,0.7006860947412605,0.14817174694092858,50
E2_N8_snr-10,A,hist,0.01,pre,0.6531373758347727,0.12254903870174892,50
E2_N8_snr-10,A,hist,0.03,all,0.6613824219605151,0.10392379513828569,50
E2_N8_snr-10,A,hist,0.03,end,1.5440753509029295,1.3000547750155533,50
E2_N8_snr-10,A,hist,0.03,post,0.6964095214932869,0.1482043446827298,50
E2_N8_snr-10,A,hist,0.03,pre,0.6493755484259793,0.12281815241277884,50
E2_N8_snr-10,A,hist,0.1,all,0.6490366389897821,0.10587264125182248,50
E2_N8_snr-10,A,hist,0.1,end,1.491597542319538,1.2559842131412964,50
E2_N8_snr-10,A,hist,0.1,post,0.6827673230625855,0.14841335902984026,50
E2_N8_snr-10,A,hist,0.1,pre,0.637415662450997,0.12375060346830825,50
E2_N8_snr-10,A,hist,0.3,all,0.6218735625118943,0.11053663948451214,50
E2_N8_snr-10,A,hist,0.3,end,1.3710946605601078,1.1527941921994145,50
E2_N8_snr-10,A,hist,0.3,post,0.6525203665593482,0.14944856446576282,50
E2_N8_snr-10,A,hist,0.3,pre,0.611174273942001,0.1262491029343397,50
E2_N8_snr-10,A,hist,1.0,all,0.5741129304876949,0.12031752087098882,50
E2_N8_snr-10,A,hist,1.0,end,1.1293369413996124,0.9381117070417608,50
E2_N8_snr-10,A,hist,1.0,post,0.5979236599510476,0.15322938121608684,50
E2_N8_snr-10,A,hist,1.0,pre,0.5655761315681449,0.13255607900027724,50
E2_N8_snr-10,A,hist,3.0,all,0.542798173753066,0.12901452537739128,50
E2_N8_snr-10,A,hist,3.0,end,0.8833403406785996,0.715636700458344,50
E2_N8_snr-10,A,hist,3.0,post,0.5577911856614187,0.15616181362747827,50
E2_N8_snr-10,A,hist,3.0,pre,0.5376486746308135,0.1391645616277921,50
E2_N8_snr-10,A,hist,10.0,all,0.5556445666648471,0.1292751140883849,50
E2_N8_snr-10,A,hist,10.0,end,0.7083303516544273,0.5795955960989936,50
E2_N8_snr-10,A,hist,10.0,post,0.559352364087229,0.15043785349778738,50
E2_N8_snr-10,A,hist,10.0,pre,0.5549585479477421,0.14200347575051048,50
E2_N8_snr-10,A,hist,30.0,all,0.5999660128378693,0.12669822315695445,50
E2_N8_snr-10,A,hist,30.0,end,0.6703322971506809,0.5810874339083774,50
E2_N8_snr-10,A,hist,30.0,post,0.5936193126889766,0.14637860173335285,50
E2_N8_snr-10,A,hist,30.0,pre,0.6016198560718039,0.14850872431004133,50
E2_N8_snr-10,A,hist,100.0,all,0.6411720572207821,0.12778842327635828,50
E2_N8_snr-10,A,hist,100.0,end,0.6810112858758057,0.6143599540545044,50
E2_N8_snr-10,A,hist,100.0,post,0.6281070278616991,0.14892807574041553,50
E2_N8_snr-10,A,hist,100.0,pre,0.6435692408354751,0.15833226200653475,50
E2_N8_snr-10,A,hist,300.0,all,0.663428586016548,0.12612424595986815,50
E2_N8_snr-10,A,hist,300.0,end,0.6631128949068021,0.6058428388275615,50
E2_N8_snr-10,A,hist,300.0,post,0.6480934902479659,0.14765850599112787,50
E2_N8_snr-10,A,hist,300.0,pre,0.666143347348405,0.16005462433564302,50
E2_N8_snr-10,A,hist,1000.0,all,0.6946500289086829,0.11274975485835849,50
E2_N8_snr-10,A,hist,1000.0,end,0.639432097595773,0.5867317313696971,50
E2_N8_snr-10,A,hist,1000.0,post,0.6797934243612171,0.13262196477679142,50
E2_N8_snr-10,A,hist,1000.0,pre,0.6980686495102139,0.14568111848686413,50
E2_N8_snr-10,A,in,0.0,all,0.6672674545798081,0.10303057615612206,50
E2_N8_snr-10,A,in,0.0,end,1.5686834194128614,1.320537336311127,50
E2_N8_snr-10,A,in,0.0,post,0.7028941695249948,0.14816105747404165,50
E2_N8_snr-10,A,in,0.0,pre,0.6550818378233778,0.12241431412603941,50
E2_N8_snr-10,A,in,0.01,all,0.6652641321079341,0.10333420330089972,50
E2_N8_snr-10,A,in,0.01,end,1.5605939150753785,1.313578649616973,50
E2_N8_snr-10,A,in,0.01,post,0.7007598054810268,0.14823799741605587,50
E2_N8_snr-10,A,in,0.01,pre,0.6530944495826971,0.12252300406960742,50
E2_N8_snr-10,A,in,0.03,all,0.6613843465088077,0.10392777807733902,50
E2_N8_snr-10,A,in,0.03,end,1.544872915901882,1.3000155875301924,50
E2_N8_snr-10,A,in,0.03,post,0.6966256584225238,0.14839712476093073,50
E2_N8_snr-10,A,in,0.03,pre,0.649245157618938,0.12273946431936604,50
E2_N8_snr-10,A,in,0.1,all,0.6490086126852911,0.1058693615657541,50
E2_N8_snr-10,A,in,0.1,end,1.4942239594033315,1.2559611819138474,50
E2_N8_snr-10,A,in,0.1,post,0.6834330737204114,0.14899384715296762,50
E2_N8_snr-10,A,in,0.1,pre,0.636963540780951,0.12348338734532066,50
E2_N8_snr-10,A,in,0.3,all,0.6215491647066042,0.11043518171395822,50
E2_N8_snr-10,A,in,0.3,end,1.378745907811424,1.1534610278126152,50
E2_N8_snr-10,A,in,0.3,post,0.6541255052398577,0.15080461104180684,50
E2_N8_snr-10,A,in,0.3,pre,0.6096966425376283,0.12544052039971862,50
E2_N8_snr-10,A,in,1.0,all,0.5714284482690715,0.11973655005610015,50
E2_N8_snr-10,A,in,1.0,end,1.1529802310452293,0.9448743696811859,50
E2_N8_snr-10,A,in,1.0,post,0.6004552954751086,0.1559081258708583,50
E2_N8_snr-10,A,in,1.0,pre,0.5598702736740696,0.13030088426253017,50
E2_N8_snr-10,A,in,3.0,all,0.530051629417064,0.12862698633369857,50
E2_N8_snr-10,A,in,3.0,end,0.9419802681561247,0.742348318241235,50
E2_N8_snr-10,A,in,3.0,post,0.5559237755809947,0.16209339082656238,50
E2_N8_snr-10,A,in,3.0,pre,0.5186350993206384,0.13607041148989343,50
E2_N8_snr-10,A,in,10.0,all,0.508018736977875,0.13402719284785763,50
E2_N8_snr-10,A,in,10.0,end,0.8127648224526643,0.6225578547070479,50
E2_N8_snr-10,A,in,10.0,post,0.5321429039075875,0.1662957560234082,50
E2_N8_snr-10,A,in,10.0,pre,0.49657235483297074,0.14004204856650423,50
E2_N8_snr-10,A,in,30.0,all,0.5010037166184544,0.13591902133941258,50
E2_N8_snr-10,A,in,30.0,end,0.7682205608107938,0.5866347399388185,50
E2_N8_snr-10,A,in,30.0,post,0.5244928571656089,0.16789297383408433,50
E2_N8_snr-10,A,in,30.0,pre,0.48961781425335876,0.14130339646754922,50
E2_N8_snr-10,A,in,100.0,all,0.49874213417813623,0.1366617227887888,50
E2_N8_snr-10,A,in,100.0,end,0.7530024430183592,0.5745606863565252,50
E2_N8_snr-10,A,in,100.0,post,0.5219330762206075,0.1685592409425359,50
E2_N8_snr-10,A,in,100.0,pre,0.48748207480451605,0.14169167577532035,50
E2_N8_snr-10,A,in,300.0,all,0.49830656820477975,0.13685339000959781,50
E2_N8_snr-10,A,in,300.0,end,0.7497592827450186,0.571478640436112,50
E2_N8_snr-10,A,in,300.0,post,0.5214070396979548,0.1687416520923581,50
E2_N8_snr-10,A,in,300.0,pre,0.4871065144632656,0.14176404473643342,50
E2_N8_snr-10,A,in,1000.0,all,0.4982341032109872,0.13689223171523754,50
E2_N8_snr-10,A,in,1000.0,end,0.7491791724071202,0.5707474014354108,50
E2_N8_snr-10,A,in,1000.0,post,0.5213088059155075,0.1687856836565835,50
E2_N8_snr-10,A,in,1000.0,pre,0.487055688101798,0.1417623984766365,50
E2_N8_snr-10,A,legs,0.0,all,0.6672674545798393,0.1030305761561161,50
E2_N8_snr-10,A,legs,0.0,end,1.5686834194128847,1.3205373363111403,50
E2_N8_snr-10,A,legs,0.0,post,0.7028941695250002,0.14816105747403963,50
E2_N8_snr-10,A,legs,0.0,pre,0.6550818378234347,0.12241431412603844,50
E2_N8_snr-10,A,legs,0.01,all,0.6672674545798393,0.1030305761561161,50
E2_N8_snr-10,A,legs,0.01,end,1.5686834194128847,1.3205373363111403,50
E2_N8_snr-10,A,legs,0.01,post,0.7028941695250002,0.14816105747403963,50
E2_N8_snr-10,A,legs,0.01,pre,0.6550818378234347,0.12241431412603844,50
E2_N8_snr-10,A,legs,0.03,all,0.6672674545798393,0.1030305761561161,50
E2_N8_snr-10,A,legs,0.03,end,1.5686834194128847,1.3205373363111403,50
E2_N8_snr-10,A,legs,0.03,post,0.7028941695250002,0.14816105747403963,50
E2_N8_snr-10,A,legs,0.03,pre,0.6550818378234347,0.12241431412603844,50
E2_N8_snr-10,A,legs,0.1,all,0.6672674545798393,0.1030305761561161,50
E2_N8_snr-10,A,legs,0.1,end,1.5686834194128847,1.3205373363111403,50
E2_N8_snr-10,A,legs,0.1,post,0.7028941695250002,0.14816105747403963,50
E2_N8_snr-10,A,legs,0.1,pre,0.6550818378234347,0.12241431412603844,50
E2_N8_snr-10,A,legs,0.3,all,0.6672674545798393,0.1030305761561161,50
E2_N8_snr-10,A,legs,0.3,end,1.5686834194128847,1.3205373363111403,50
E2_N8_snr-10,A,legs,0.3,post,0.7028941695250002,0.14816105747403963,50
E2_N8_snr-10,A,legs,0.3,pre,0.6550818378234347,0.12241431412603844,50
E2_N8_snr-10,A,legs,1.0,all,0.6672674545798393,0.1030305761561161,50
E2_N8_snr-10,A,legs,1.0,end,1.5686834194128847,1.3205373363111403,50
E2_N8_snr-10,A,legs,1.0,post,0.7028941695250002,0.14816105747403963,50
E2_N8_snr-10,A,legs,1.0,pre,0.6550818378234347,0.12241431412603844,50
E2_N8_snr-10,A,legs,3.0,all,0.6672674545798393,0.1030305761561161,50
E2_N8_snr-10,A,legs,3.0,end,1.5686834194128847,1.3205373363111403,50
E2_N8_snr-10,A,legs,3.0,post,0.7028941695250002,0.14816105747403963,50
E2_N8_snr-10,A,legs,3.0,pre,0.6550818378234347,0.12241431412603844,50
E2_N8_snr-10,A,legs,10.0,all,0.6672674545798393,0.1030305761561161,50
E2_N8_snr-10,A,legs,10.0,end,1.5686834194128847,1.3205373363111403,50
E2_N8_snr-10,A,legs,10.0,post,0.7028941695250002,0.14816105747403963,50
E2_N8_snr-10,A,legs,10.0,pre,0.6550818378234347,0.12241431412603844,50
E2_N8_snr-10,A,legs,30.0,all,0.6672674545798393,0.1030305761561161,50
E2_N8_snr-10,A,legs,30.0,end,1.5686834194128847,1.3205373363111403,50
E2_N8_snr-10,A,legs,30.0,post,0.7028941695250002,0.14816105747403963,50
E2_N8_snr-10,A,legs,30.0,pre,0.6550818378234347,0.12241431412603844,50
E2_N8_snr-10,A,legs,100.0,all,0.6672674545798393,0.1030305761561161,50
E2_N8_snr-10,A,legs,100.0,end,1.5686834194128847,1.3205373363111403,50
E2_N8_snr-10,A,legs,100.0,post,0.7028941695250002,0.14816105747403963,50
E2_N8_snr-10,A,legs,100.0,pre,0.6550818378234347,0.12241431412603844,50
E2_N8_snr-10,A,legs,300.0,all,0.6672674545798393,0.1030305761561161,50
E2_N8_snr-10,A,legs,300.0,end,1.5686834194128847,1.3205373363111403,50
E2_N8_snr-10,A,legs,300.0,post,0.7028941695250002,0.14816105747403963,50
E2_N8_snr-10,A,legs,300.0,pre,0.6550818378234347,0.12241431412603844,50
E2_N8_snr-10,A,legs,1000.0,all,0.6672674545798393,0.1030305761561161,50
E2_N8_snr-10,A,legs,1000.0,end,1.5686834194128847,1.3205373363111403,50
E2_N8_snr-10,A,legs,1000.0,post,0.7028941695250002,0.14816105747403963,50
E2_N8_snr-10,A,legs,1000.0,pre,0.6550818378234347,0.12241431412603844,50
E2_N8_snr-10,A,point,0.0,all,3.1613533453045033,0.016221467259525328,50
E2_N8_snr-10,A,point,0.0,end,4.570974739319003,3.7278740386092175,50
E2_N8_snr-10,A,point,0.0,post,3.310524289366737,0.4112822678832363,50
E2_N8_snr-10,A,point,0.0,pre,3.143707125874785,0.36410463607951876,50
E2_N8_snr-10,A,point,0.01,all,3.140507202118923,0.01674432203960027,50
E2_N8_snr-10,A,point,0.01,end,4.540997213580349,3.703682213839831,50
E2_N8_snr-10,A,point,0.01,post,3.2886707293742834,0.40850411959202065,50
E2_N8_snr-10,A,point,0.01,pre,3.1230153387369852,0.3620696209445057,50
E2_N8_snr-10,A,point,0.03,all,3.0999376023925556,0.01838331743635687,50
E2_N8_snr-10,A,point,0.03,end,4.4826260921808805,3.6565044341899102,50
E2_N8_snr-10,A,point,0.03,post,3.246141978909138,0.403142200730817,50
E2_N8_snr-10,A,point,0.03,pre,3.0827441694211615,0.3581220956383587,50
E2_N8_snr-10,A,point,0.1,all,2.968680961035079,0.02660456998363981,50
E2_N8_snr-10,A,point,0.1,end,4.29349729174127,3.5029899166699425,50
E2_N8_snr-10,A,point,0.1,post,3.108559494649686,0.3861668148049774,50
E2_N8_snr-10,A,point,0.1,pre,2.9524354407785918,0.3454406925272865,50
E2_N8_snr-10,A,point,0.3,all,2.6657068553863166,0.04678221562646989,50
E2_N8_snr-10,A,point,0.3,end,3.8552916109753586,3.1435271504229267,50
E2_N8_snr-10,A,point,0.3,post,2.7910541687509864,0.3486679204783799,50
E2_N8_snr-10,A,point,0.3,pre,2.651549738357648,0.3163121479032111,50
E2_N8_snr-10,A,point,1.0,all,2.05143264897554,0.06805190164936427,50
E2_N8_snr-10,A,point,1.0,end,2.959544996396348,2.39345249497043,50
E2_N8_snr-10,A,point,1.0,post,2.147578499835971,0.2750705473925151,50
E2_N8_snr-10,A,point,1.0,pre,2.0411203087354175,0.2543774681198149,50
E2_N8_snr-10,A,point,3.0,all,1.4268147432856646,0.05940700097959714,50
E2_N8_snr-10,A,point,3.0,end,2.038857541936618,1.609239311607429,50
E2_N8_snr-10,A,point,3.0,post,1.4934771017633517,0.19542783600763117,50
E2_N8_snr-10,A,point,3.0,pre,1.4200145111766458,0.18289700137690718,50
E2_N8_snr-10,A,point,10.0,all,0.9801670705097378,0.05779611152047329,50
E2_N8_snr-10,A,point,10.0,end,1.3759371761256358,1.0600912949746988,50
E2_N8_snr-10,A,point,10.0,post,1.0257353712059831,0.14037101115498407,50
E2_N8_snr-10,A,point,10.0,pre,0.9757660468225695,0.13464351327226062,50
E2_N8_snr-10,A,point,30.0,all,0.7941053280384837,0.055573794141069215,50
E2_N8_snr-10,A,point,30.0,end,1.091975115220528,0.8231126561777399,50
E2_N8_snr-10,A,point,30.0,post,0.8310147498202347,0.1165434722289923,50
E2_N8_snr-10,A,point,30.0,pre,0.790545016745794,0.11643016851752781,50
E2_N8_snr-10,A,point,100.0,all,0.7264768997518791,0.04493354531092912,50
E2_N8_snr-10,A,point,100.0,end,0.9792136032924591,0.7010319929531703,50
E2_N8_snr-10,A,point,100.0,post,0.7602832915907467,0.10075487077741066,50
E2_N8_snr-10,A,point,100.0,pre,0.7231111293661052,0.10762239237818946,50
E2_N8_snr-10,A,point,300.0,all,0.713125309098741,0.043382193668754634,50
E2_N8_snr-10,A,point,300.0,end,0.9541074156698359,0.6642835706318047,50
E2_N8_snr-10,A,point,300.0,post,0.7463047964705953,0.09716433402165546,50
E2_N8_snr-10,A,point,300.0,pre,0.7097719276046895,0.10666127462432826,50
E2_N8_snr-10,A,point,1000.0,all,0.7108784536978071,0.0434274572456343,50
E2_N8_snr-10,A,point,1000.0,end,0.949519785697162,0.6565128155490849,50
E2_N8_snr-10,A,point,1000.0,post,0.7439499427170573,0.0966374489708013,50
E2_N8_snr-10,A,point,1000.0,pre,0.707523713410246,0.10665286345766813,50
E2_N8_snr-10,B,cur,0.0,all,0.6581146525045583,0.13161569610767165,50
E2_N8_snr-10,B,cur,0.0,end,1.548179647826425,1.2751842550002712,50
E2_N8_snr-10,B,cur,0.0,post,0.6840444457673501,0.1587801027291109,50
E2_N8_snr-10,B,cur,0.0,pre,0.6526776410767785,0.15147743023557755,50
E2_N8_snr-10,B,cur,0.01,all,0.6560511914602897,0.132032935173023,50
E2_N8_snr-10,B,cur,0.01,end,1.5399418039178263,1.2682362021172622,50
E2_N8_snr-10,B,cur,0.01,post,0.6818263528340244,0.15901833806677124,50
E2_N8_snr-10,B,cur,0.01,pre,0.6506415653806813,0.15174517525167472,50
E2_N8_snr-10,B,cur,0.03,all,0.6520526075998585,0.13284844706785384,50
E2_N8_snr-10,B,cur,0.03,end,1.5239267165048347,1.2546986965343156,50
E2_N8_snr-10,B,cur,0.03,post,0.6775279694726831,0.15949277975264012,50
E2_N8_snr-10,B,cur,0.03,pre,0.6466949710006318,0.15227283632416141,50
E2_N8_snr-10,B,cur,0.1,all,0.6392762750586474,0.13551625609995918,50
E2_N8_snr-10,B,cur,0.1,end,1.4722756567331239,1.2107760476513916,50
E2_N8_snr-10,B,cur,0.1,post,0.6637921270060427,0.16112219580164214,50
E2_N8_snr-10,B,cur,0.1,pre,0.6340749724129222,0.15403843153932043,50
E2_N8_snr-10,B,cur,0.3,all,0.6107934382920428,0.14181364624390044,50
E2_N8_snr-10,B,cur,0.3,end,1.354161450910401,1.1089531759025275,50
E2_N8_snr-10,B,cur,0.3,post,0.6331581005080579,0.16538742907952025,50
E2_N8_snr-10,B,cur,0.3,pre,0.6058831138173744,0.15843642916014603,50
E2_N8_snr-10,B,cur,1.0,all,0.55815851608256,0.15489472748387004,50
E2_N8_snr-10,B,cur,1.0,end,1.1213542753105046,0.904591972419031,50
E2_N8_snr-10,B,cur,1.0,post,0.5764736601357774,0.17575958338049433,50
E2_N8_snr-10,B,cur,1.0,pre,0.5535314551207761,0.16852548740196982,50
E2_N8_snr-10,B,cur,3.0,all,0.5137209249682939,0.16790684667243183,50
E2_N8_snr-10,B,cur,3.0,end,0.9001838977743585,0.7152784692951052,50
E2_N8_snr-10,B,cur,3.0,post,0.5285148344676113,0.1876706051998679,50
E2_N8_snr-10,B,cur,3.0,pre,0.5089266730506153,0.17970065609536795,50
E2_N8_snr-10,B,cur,10.0,all,0.48946632141286256,0.17617148580008216,50
E2_N8_snr-10,B,cur,10.0,end,0.7623074779512947,0.6162765409401838,50
E2_N8_snr-10,B,cur,10.0,post,0.502378978745231,0.19598686781519795,50
E2_N8_snr-10,B,cur,10.0,pre,0.48420145006506693,0.18738197445476298,50
E2_N8_snr-10,B,cur,30.0,all,0.4815729712172261,0.17923472388559028,50
E2_N8_snr-10,B,cur,30.0,end,0.7143666356346883,0.5917510673794955,50
E2_N8_snr-10,B,cur,30.0,post,0.49395362644805957,0.199137115586596,50
E2_N8_snr-10,B,cur,30.0,pre,0.47601441250698995,0.1904108446158465,50
E2_N8_snr-10,B,cur,100.0,all,0.47895259720394745,0.18047189631862268,50
E2_N8_snr-10,B,cur,100.0,end,0.6973599509789498,0.5842839554745827,50
E2_N8_snr-10,B,cur,100.0,post,0.4911695312929884,0.20033579037444413,50
E2_N8_snr-10,B,cur,100.0,pre,0.473287487803417,0.19168221364339205,50
E2_N8_snr-10,B,cur,300.0,all,0.47842943111573283,0.18078160427184886,50
E2_N8_snr-10,B,cur,300.0,end,0.6934953530201128,0.582409752454783,50
E2_N8_snr-10,B,cur,300.0,post,0.4906084647641171,0.20062364490396484,50
E2_N8_snr-10,B,cur,300.0,pre,0.47274708795503756,0.1920016659375048,50
E2_N8_snr-10,B,cur,1000.0,all,0.4783390893674839,0.18084227573050624,50
E2_N8_snr-10,B,cur,1000.0,end,0.6927656161731206,0.5820192140333613,50
E2_N8_snr-10,B,cur,1000.0,post,0.4905105766457655,0.20067969834484178,50
E2_N8_snr-10,B,cur,1000.0,pre,0.4726544423467065,0.19206347419646327,50
E2_N8_snr-10,B,hist,0.0,all,0.6581146525045583,0.13161569610767163,50
E2_N8_snr-10,B,hist,0.0,end,1.5481796478264256,1.2751842550002723,50
E2_N8_snr-10,B,hist,0.0,post,0.6840444457673501,0.1587801027291109,50
E2_N8_snr-10,B,hist,0.0,pre,0.6526776410767785,0.1514774302355776,50
E2_N8_snr-10,B,hist,0.01,all,0.6560766831508055,0.13202769636356615,50
E2_N8_snr-10,B,hist,0.01,end,1.5397049091188832,1.2682832587386452,50
E2_N8_snr-10,B,hist,0.01,post,0.6817587193785165,0.1589013210625146,50
E2_N8_snr-10,B,hist,0.01,pre,0.6507569533026956,0.15172243211782305,50
E2_N8_snr-10,B,hist,0.03,all,0.6522319651039231,0.1327866370046485,50
E2_N8_snr-10,B,hist,0.03,end,1.5232215521254662,1.2548319479746535,50
E2_N8_snr-10,B,hist,0.03,post,0.6773333855404455,0.15914571825308255,50
E2_N8_snr-10,B,hist,0.03,pre,0.6472305266569456,0.15211942408735066,50
E2_N8_snr-10,B,hist,0.1,all,0.6409330089693178,0.13482883838612764,50
E2_N8_snr-10,B,hist,0.1,end,1.4699846327011454,1.2111323383723416,50
E2_N8_snr-10,B,hist,0.1,post,0.6632333214471247,0.16000923884611032,50
E2_N8_snr-10,B,hist,0.1,pre,0.6377997096592076,0.15264061576878152,50
E2_N8_snr-10,B,hist,0.3,all,0.6220491507732825,0.13686346663639898,50
E2_N8_snr-10,B,hist,0.3,end,1.3477005211661535,1.1093753125774302,50
E2_N8_snr-10,B,hist,0.3,post,0.632099953960568,0.16236910087739698,50
E2_N8_snr-10,B,hist,0.3,pre,0.6282685854417817,0.14908738431667773,50
E2_N8_snr-10,B,hist,1.0,all,0.6184266382254403,0.1291728425227084,50
E2_N8_snr-10,B,hist,1.0,end,1.1026644027451034,0.901340174426725,50
E2_N8_snr-10,B,hist,1.0,post,0.5768835550921557,0.1680806113272017,50
E2_N8_snr-10,B,hist,1.0,pre,0.6627186751619685,0.12383802795067424,50
E2_N8_snr-10,B,hist,3.0,all,0.6665048375270487,0.10967794543854362,50
E2_N8_snr-10,B,hist,3.0,end,0.8559594284947672,0.6948762566497051,50
E2_N8_snr-10,B,hist,3.0,post,0.5396243580832072,0.17190978925111633,50
E2_N8_snr-10,B,hist,3.0,pre,0.764735509219203,0.08382109557797388,50
E2_N8_snr-10,B,hist,10.0,all,0.7413849244496054,0.0905201647302677,50
E2_N8_snr-10,B,hist,10.0,end,0.6900731147781588,0.5710431853268505,50
E2_N8_snr-10,B,hist,10.0,post,0.5493314963757653,0.16334997164398785,50
E2_N8_snr-10,B,hist,10.0,pre,0.8775956811315447,0.04871020391948709,50
E2_N8_snr-10,B,hist,30.0,all,0.7958552853307914,0.07749640205906358,50
E2_N8_snr-10,B,hist,30.0,end,0.6620056408390371,0.5731066579236044,50
E2_N8_snr-10,B,hist,30.0,post,0.5897714996866593,0.15378077001838314,50
E2_N8_snr-10,B,hist,30.0,pre,0.9406928406725972,0.028344617435151216,50
E2_N8_snr-10,B,hist,100.0,all,0.8307701931482634,0.07026116657848268,50
E2_N8_snr-10,B,hist,100.0,end,0.6762460783431898,0.6114460017980894,50
E2_N8_snr-10,B,hist,100.0,post,0.6268888361365794,0.15175001534776306,50
E2_N8_snr-10,B,hist,100.0,pre,0.9743562320336925,0.017770168885278083,50
E2_N8_snr-10,B,hist,300.0,all,0.8459027729615798,0.06749909207516443,50
E2_N8_snr-10,B,hist,300.0,end,0.6602898827900298,0.604792059471556,50
E2_N8_snr-10,B,hist,300.0,post,0.6475569475133185,0.14863443728921902,50
E2_N8_snr-10,B,hist,300.0,pre,0.9866591513501006,0.01512774472068811,50
E2_N8_snr-10,B,hist,1000.0,all,0.859783310191047,0.06270685300148673,50
E2_N8_snr-10,B,hist,1000.0,end,0.638183110916925,0.5851899412388221,50
E2_N8_snr-10,B,hist,1000.0,post,0.6795288130599285,0.1328433726268448,50
E2_N8_snr-10,B,hist,1000.0,pre,0.9915634109373126,0.014008820741908026,50
E2_N8_snr-10,B,in,0.0,all,0.6581146525045274,0.13161569610767845,50
E2_N8_snr-10,B,in,0.0,end,1.5481796478263978,1.2751842550002521,50
E2_N8_snr-10,B,in,0.0,post,0.6840444457673452,0.15878010272911583,50
E2_N8_snr-10,B,in,0.0,pre,0.6526776410767221,0.1514774302355868,50
E2_N8_snr-10,B,in,0.01,all,0.6560806675178062,0.13201895466930946,50
E2_N8_snr-10,B,in,0.01,end,1.5394832208185212,1.268076971095482,50
E2_N8_snr-10,B,in,0.01,post,0.6814286565381026,0.15873329286333387,50
E2_N8_snr-10,B,in,0.01,pre,0.651072871101439,0.15185453271036078,50
E2_N8_snr-10,B,in,0.03,all,0.6522502373425952,0.13276290951103414,50
E2_N8_snr-10,B,in,0.03,end,1.5225739741214934,1.254219687947454,50
E2_N8_snr-10,B,in,0.03,post,0.676359790227773,0.15865118080477222,50
E2_N8_snr-10,B,in,0.03,pre,0.6481738472516809,0.15251183623907763,50
E2_N8_snr-10,B,in,0.1,all,0.6410523995797673,0.134778254789165,50
E2_N8_snr-10,B,in,0.1,end,1.4680148781908369,1.2091649140837761,50
E2_N8_snr-10,B,in,0.1,post,0.6601649921507948,0.1584635516354927,50
E2_N8_snr-10,B,in,0.1,pre,0.6408723197396634,0.1539132575928068,50
E2_N8_snr-10,B,in,0.3,all,0.6226464168863677,0.136930248247205,50
E2_N8_snr-10,B,in,0.3,end,1.3431040455933607,1.1040303081466871,50
E2_N8_snr-10,B,in,0.3,post,0.6240873427143667,0.15844046319177293,50
E2_N8_snr-10,B,in,0.3,pre,0.636594983940898,0.15274943206657382,50
E2_N8_snr-10,B,in,1.0,all,0.6200410646650089,0.13077136917025187,50
E2_N8_snr-10,B,in,1.0,end,1.0962409443696712,0.8883826867481884,50
E2_N8_snr-10,B,in,1.0,post,0.5577594298038491,0.15976233908365098,50
E2_N8_snr-10,B,in,1.0,pre,0.6807916123022163,0.13488377473033614,50
E2_N8_snr-10,B,in,3.0,all,0.6658930320182691,0.11567627155127598,50
E2_N8_snr-10,B,in,3.0,end,0.8607869560920072,0.6772907848019694,50
E2_N8_snr-10,B,in,3.0,post,0.5029348701231838,0.1621378755985482,50
E2_N8_snr-10,B,in,3.0,pre,0.788028552500047,0.10708726697696948,50
E2_N8_snr-10,B,in,10.0,all,0.7284096866422821,0.10471050237463732,50
E2_N8_snr-10,B,in,10.0,end,0.7126414025796312,0.5577725097412567,50
E2_N8_snr-10,B,in,10.0,post,0.474540960251926,0.163340160485381,50
E2_N8_snr-10,B,in,10.0,pre,0.8989528692311065,0.08713548318566472,50
E2_N8_snr-10,B,in,30.0,all,0.764009991345269,0.10060180270482853,50
E2_N8_snr-10,B,in,30.0,end,0.6595347544394115,0.5288177338115098,50
E2_N8_snr-10,B,in,30.0,post,0.4658652145827296,0.16328141711929645,50
E2_N8_snr-10,B,in,30.0,pre,0.9570081586291902,0.07907962762081905,50
E2_N8_snr-10,B,in,100.0,all,0.7826904807747277,0.09888275203805262,50
E2_N8_snr-10,B,in,100.0,end,0.6407160900913327,0.5221283720194362,50
E2_N8_snr-10,B,in,100.0,post,0.4630580654106683,0.16304821669578573,50
E2_N8_snr-10,B,in,100.0,pre,0.9864671710211368,0.07594648989944303,50
E2_N8_snr-10,B,in,300.0,all,0.7896849858126858,0.09836476368022468,50
E2_N8_snr-10,B,in,300.0,end,0.6369464738325448,0.5212917853575352,50
E2_N8_snr-10,B,in,300.0,post,0.4625481186215555,0.16283821658255726,50
E2_N8_snr-10,B,in,300.0,pre,0.9972431131468167,0.07518015140524627,50
E2_N8_snr-10,B,in,1000.0,all,0.7924961590583603,0.09818223710464699,50
E2_N8_snr-10,B,in,1000.0,end,0.6364658102781737,0.5215535636868945,50
E2_N8_snr-10,B,in,1000.0,post,0.4624978979825475,0.16269082521094785,50
E2_N8_snr-10,B,in,1000.0,pre,1.0015126906450922,0.07497702860375191,50
E2_N8_snr-10,B,legs,0.0,all,0.6581146525045581,0.13161569610767165,50
E2_N8_snr-10,B,legs,0.0,end,1.548179647826425,1.2751842550002708,50
E2_N8_snr-10,B,legs,0.0,post,0.6840444457673501,0.1587801027291109,50
E2_N8_snr-10,B,legs,0.0,pre,0.6526776410767785,0.15147743023557758,50
E2_N8_snr-10,B,legs,0.01,all,0.6581146525045581,0.13161569610767165,50
E2_N8_snr-10,B,legs,0.01,end,1.548179647826425,1.2751842550002708,50
E2_N8_snr-10,B,legs,0.01,post,0.6840444457673501,0.1587801027291109,50
E2_N8_snr-10,B,legs,0.01,pre,0.6526776410767785,0.15147743023557758,50
E2_N8_snr-10,B,legs,0.03,all,0.6581146525045581,0.13161569610767165,50
E2_N8_snr-10,B,legs,0.03,end,1.548179647826425,1.2751842550002708,50
E2_N8_snr-10,B,legs,0.03,post,0.6840444457673501,0.1587801027291109,50
E2_N8_snr-10,B,legs,0.03,pre,0.6526776410767785,0.15147743023557758,50
E2_N8_snr-10,B,legs,0.1,all,0.6581146525045581,0.13161569610767165,50
E2_N8_snr-10,B,legs,0.1,end,1.548179647826425,1.2751842550002708,50
E2_N8_snr-10,B,legs,0.1,post,0.6840444457673501,0.1587801027291109,50
E2_N8_snr-10,B,legs,0.1,pre,0.6526776410767785,0.15147743023557758,50
E2_N8_snr-10,B,legs,0.3,all,0.6581146525045581,0.13161569610767165,50
E2_N8_snr-10,B,legs,0.3,end,1.548179647826425,1.2751842550002708,50
E2_N8_snr-10,B,legs,0.3,post,0.6840444457673501,0.1587801027291109,50
E2_N8_snr-10,B,legs,0.3,pre,0.6526776410767785,0.15147743023557758,50
E2_N8_snr-10,B,legs,1.0,all,0.6581146525045581,0.13161569610767165,50
E2_N8_snr-10,B,legs,1.0,end,1.548179647826425,1.2751842550002708,50
E2_N8_snr-10,B,legs,1.0,post,0.6840444457673501,0.1587801027291109,50
E2_N8_snr-10,B,legs,1.0,pre,0.6526776410767785,0.15147743023557758,50
E2_N8_snr-10,B,legs,3.0,all,0.6581146525045581,0.13161569610767165,50
E2_N8_snr-10,B,legs,3.0,end,1.548179647826425,1.2751842550002708,50
E2_N8_snr-10,B,legs,3.0,post,0.6840444457673501,0.1587801027291109,50
E2_N8_snr-10,B,legs,3.0,pre,0.6526776410767785,0.15147743023557758,50
E2_N8_snr-10,B,legs,10.0,all,0.6581146525045581,0.13161569610767165,50
E2_N8_snr-10,B,legs,10.0,end,1.548179647826425,1.2751842550002708,50
E2_N8_snr-10,B,legs,10.0,post,0.6840444457673501,0.1587801027291109,50
E2_N8_snr-10,B,legs,10.0,pre,0.6526776410767785,0.15147743023557758,50
E2_N8_snr-10,B,legs,30.0,all,0.6581146525045581,0.13161569610767165,50
E2_N8_snr-10,B,legs,30.0,end,1.548179647826425,1.2751842550002708,50
E2_N8_snr-10,B,legs,30.0,post,0.6840444457673501,0.1587801027291109,50
E2_N8_snr-10,B,legs,30.0,pre,0.6526776410767785,0.15147743023557758,50
E2_N8_snr-10,B,legs,100.0,all,0.6581146525045581,0.13161569610767165,50
E2_N8_snr-10,B,legs,100.0,end,1.548179647826425,1.2751842550002708,50
E2_N8_snr-10,B,legs,100.0,post,0.6840444457673501,0.1587801027291109,50
E2_N8_snr-10,B,legs,100.0,pre,0.6526776410767785,0.15147743023557758,50
E2_N8_snr-10,B,legs,300.0,all,0.6581146525045581,0.13161569610767165,50
E2_N8_snr-10,B,legs,300.0,end,1.548179647826425,1.2751842550002708,50
E2_N8_snr-10,B,legs,300.0,post,0.6840444457673501,0.1587801027291109,50
E2_N8_snr-10,B,legs,300.0,pre,0.6526776410767785,0.15147743023557758,50
E2_N8_snr-10,B,legs,1000.0,all,0.6581146525045581,0.13161569610767165,50
E2_N8_snr-10,B,legs,1000.0,end,1.548179647826425,1.2751842550002708,50
E2_N8_snr-10,B,legs,1000.0,post,0.6840444457673501,0.1587801027291109,50
E2_N8_snr-10,B,legs,1000.0,pre,0.6526776410767785,0.15147743023557758,50
E2_N8_snr-10,B,point,0.0,all,3.1613531911176618,0.016221452998423962,50
E2_N8_snr-10,B,point,0.0,end,4.570974739319003,3.7278740386092175,50
E2_N8_snr-10,B,point,0.0,post,3.310524289366737,0.4112822678832363,50
E2_N8_snr-10,B,point,0.0,pre,3.1437068212041117,0.36410460110446113,50
E2_N8_snr-10,B,point,0.01,all,3.140515997603527,0.016745445752664335,50
E2_N8_snr-10,B,point,0.01,end,4.540997213580349,3.703682213839831,50
E2_N8_snr-10,B,point,0.01,post,3.2886707293742834,0.40850411959202065,50
E2_N8_snr-10,B,point,0.01,pre,3.1230332036250865,0.3620758603230321,50
E2_N8_snr-10,B,point,0.03,all,3.099992111799602,0.0183821122723741,50
E2_N8_snr-10,B,point,0.03,end,4.4826260921808805,3.6565044341899102,50
E2_N8_snr-10,B,point,0.03,post,3.246141978909138,0.403142200730817,50
E2_N8_snr-10,B,point,0.03,pre,3.0828520131408736,0.35813082786678735,50
E2_N8_snr-10,B,point,0.1,all,2.969156317884006,0.026529770827370576,50
E2_N8_snr-10,B,point,0.1,end,4.29349729174127,3.5029899166699425,50
E2_N8_snr-10,B,point,0.1,post,3.108559494649686,0.3861668148049774,50
E2_N8_snr-10,B,point,0.1,pre,2.953361305508312,0.34536041711255483,50
E2_N8_snr-10,B,point,0.3,all,2.669034339334626,0.046129718197905324,50
E2_N8_snr-10,B,point,0.3,end,3.8552916109753586,3.1435271504229267,50
E2_N8_snr-10,B,point,0.3,post,2.7910541687509864,0.3486679204783799,50
E2_N8_snr-10,B,point,0.3,pre,2.6579930269858534,0.31532817790063045,50
E2_N8_snr-10,B,point,1.0,all,2.0728243912343234,0.0645680108361793,50
E2_N8_snr-10,B,point,1.0,end,2.959544996396348,2.39345249497043,50
E2_N8_snr-10,B,point,1.0,post,2.147578499835971,0.2750705473925151,50
E2_N8_snr-10,B,point,1.0,pre,2.0822959614118157,0.24735582481775958,50
E2_N8_snr-10,B,point,3.0,all,1.5018872509588252,0.053920749480354246,50
E2_N8_snr-10,B,point,3.0,end,2.038857541936618,1.609239311607429,50
E2_N8_snr-10,B,point,3.0,post,1.4934771017633517,0.19542783600763117,50
E2_N8_snr-10,B,point,3.0,pre,1.561824967967764,0.16288996928184044,50
E2_N8_snr-10,B,point,10.0,all,1.1496768792237104,0.059854589612042784,50
E2_N8_snr-10,B,point,10.0,end,1.3759371761256358,1.0600912949746988,50
E2_N8_snr-10,B,point,10.0,post,1.0257353712059831,0.14037101115498407,50
E2_N8_snr-10,B,point,10.0,pre,1.2830728334643213,0.1038607888137668,50
E2_N8_snr-10,B,point,30.0,all,1.034288720566003,0.06370450001769043,50
E2_N8_snr-10,B,point,30.0,end,1.091975115220528,0.8231126561777399,50
E2_N8_snr-10,B,point,30.0,post,0.8310147498202347,0.1165434722289923,50
E2_N8_snr-10,B,point,30.0,pre,1.2123636307529364,0.08075656325853932,50
E2_N8_snr-10,B,point,100.0,all,1.0037264354543352,0.060571173648764895,50
E2_N8_snr-10,B,point,100.0,end,0.9792136032924591,0.7010319929531703,50
E2_N8_snr-10,B,point,100.0,post,0.7602832915907467,0.10075487077741066,50
E2_N8_snr-10,B,point,100.0,pre,1.2026985378922561,0.07021504131846901,50
E2_N8_snr-10,B,point,300.0,all,1.001720480481416,0.06043774983908529,50
E2_N8_snr-10,B,point,300.0,end,0.9541074156698359,0.6642835706318047,50
E2_N8_snr-10,B,point,300.0,post,0.7463047964705953,0.09716433402165546,50
E2_N8_snr-10,B,point,300.0,pre,1.2069836401091745,0.06809573349650713,50
E2_N8_snr-10,B,point,1000.0,all,1.0031596407704058,0.06067176356463754,50
E2_N8_snr-10,B,point,1000.0,end,0.949519785697162,0.6565128155490849,50
E2_N8_snr-10,B,point,1000.0,post,0.7439499427170573,0.0966374489708013,50
E2_N8_snr-10,B,point,1000.0,pre,1.210527045675186,0.06759992439963808,50
E2_N8_snr0,A,cur,0.0,all,0.5090351248528878,0.13404152380572446,50
E2_N8_snr0,A,cur,0.0,end,0.835024204233446,0.6436222217564556,50
E2_N8_snr0,A,cur,0.0,post,0.5333135821447627,0.16503392941245315,50
E2_N8_snr0,A,cur,0.0,pre,0.49754269256683814,0.13950982321222433,50
E2_N8_snr0,A,cur,0.01,all,0.5087722368940821,0.13411035078735836,50
E2_N8_snr0,A,cur,0.01,end,0.8321699597400364,0.6413712117150333,50
E2_N8_snr0,A,cur,0.01,post,0.5323194658430568,0.16500481378149814,50
E2_N8_snr0,A,cur,0.01,pre,0.4979204941392542,0.13948012469153165,50
E2_N8_snr0,A,cur,0.03,all,0.5084151638279223,0.1341694364792104,50
E2_N8_snr0,A,cur,0.03,end,0.826631330262351,0.6370072611398335,50
E2_N8_snr0,A,cur,0.03,post,0.5303981529639448,0.16495382180273907,50
E2_N8_snr0,A,cur,0.03,pre,0.49893591677346477,0.13928300451624454,50
E2_N8_snr0,A,cur,0.1,all,0.5086567291347699,0.1336929871781958,50
E2_N8_snr0,A,cur,0.1,end,0.8088639151087055,0.6230515368808967,50
E2_N8_snr0,A,cur,0.1,post,0.5243053454966379,0.1648385168169678,50
E2_N8_snr0,A,cur,0.1,pre,0.5047052726129023,0.13744163065000609,50
E2_N8_snr0,A,cur,0.3,all,0.5171448342315461,0.1291150048994526,50
E2_N8_snr0,A,cur,0.3,end,0.7688277347030291,0.5919504126803046,50
E2_N8_snr0,A,cur,0.3,post,0.510992611017313,0.16483803055934873,50
E2_N8_snr0,A,cur,0.3,pre,0.5313139564515804,0.12750011458775318,50
E2_N8_snr0,A,cur,1.0,all,0.5642657581379386,0.11093885286513996,50
E2_N8_snr0,A,cur,1.0,end,0.6928079544576078,0.5352923111066195,50
E2_N8_snr0,A,cur,1.0,post,0.4875199981540607,0.1657436107844653,50
E2_N8_snr0,A,cur,1.0,pre,0.6289626515349974,0.09543374747798872,50
E2_N8_snr0,A,cur,3.0,all,0.6454798780735592,0.09111406785290539,50
E2_N8_snr0,A,cur,3.0,end,0.6252106502395179,0.490231993793764,50
E2_N8_snr0,A,cur,3.0,post,0.4690615402033561,0.1674505563449088,50
E2_N8_snr0,A,cur,3.0,pre,0.7700515335163967,0.06028116234347209,50
E2_N8_snr0,A,cur,10.0,all,0.7229021955035126,0.08157440947435624,50
E2_N8_snr0,A,cur,10.0,end,0.5860586531177212,0.4699078427116961,50
E2_N8_snr0,A,cur,10.0,post,0.45954935254145957,0.16887678101719034,50
E2_N8_snr0,A,cur,10.0,pre,0.8943963998918355,0.036649674768598796,50
E2_N8_snr0,A,cur,30.0,all,0.7625014326580548,0.07919496861665318,50
E2_N8_snr0,A,cur,30.0,end,0.5733121042621612,0.46597780741209427,50
E2_N8_snr0,A,cur,30.0,post,0.45655156926819346,0.1694569977625193,50
E2_N8_snr0,A,cur,30.0,pre,0.9559790790149941,0.026858449697095346,50
E2_N8_snr0,A,cur,100.0,all,0.7823706906549384,0.07834871548439283,50
E2_N8_snr0,A,cur,100.0,end,0.5690197618375339,0.46524132611041585,50
E2_N8_snr0,A,cur,100.0,post,0.4555778337244408,0.1696745606292879,50
E2_N8_snr0,A,cur,100.0,pre,0.986439031712075,0.0226821900967027,50
E2_N8_snr0,A,cur,300.0,all,0.7895729652686932,0.0781056354751216,50
E2_N8_snr0,A,cur,300.0,end,0.5680680383786858,0.4650929456238615,50
E2_N8_snr0,A,cur,300.0,post,0.45538782611107437,0.1697261274537335,50
E2_N8_snr0,A,cur,300.0,pre,0.9973719127174776,0.021592862666439238,50
E2_N8_snr0,A,cur,1000.0,all,0.7924095781218745,0.07803236833457086,50
E2_N8_snr0,A,cur,1000.0,end,0.5678924954807556,0.4650578216778887,50
E2_N8_snr0,A,cur,1000.0,post,0.45535575455660426,0.1697362088909506,50
E2_N8_snr0,A,cur,1000.0,pre,1.0016529472757092,0.021360580009362893,50
E2_N8_snr0,A,hist,0.0,all,0.5090351248528878,0.13404152380572446,50
E2_N8_snr0,A,hist,0.0,end,0.8350242042334461,0.6436222217564563,50
E2_N8_snr0,A,hist,0.0,post,0.5333135821447627,0.16503392941245315,50
E2_N8_snr0,A,hist,0.0,pre,0.49754269256683803,0.13950982321222435,50
E2_N8_snr0,A,hist,0.01,all,0.5087595420688248,0.13411821195289939,50
E2_N8_snr0,A,hist,0.01,end,0.8329234150506076,0.6422178310563361,50
E2_N8_snr0,A,hist,0.01,post,0.5329205947864188,0.16506673269347397,50
E2_N8_snr0,A,hist,0.01,pre,0.4973156903005445,0.13961087346289322,50
E2_N8_snr0,A,hist,0.03,all,0.5082332918657106,0.13426727466629731,50
E2_N8_snr0,A,hist,0.03,end,0.8288398671888441,0.6394867418214589,50
E2_N8_snr0,A,hist,0.03,post,0.5321649248456847,0.1651306102561132,50
E2_N8_snr0,A,hist,0.03,pre,0.4968845579677096,0.1398076346992877,50
E2_N8_snr0,A,hist,0.1,all,0.5066247327826436,0.1347474343055589,50
E2_N8_snr0,A,hist,0.1,end,0.8156672282266407,0.6306689627322244,50
E2_N8_snr0,A,hist,0.1,post,0.5298052310189192,0.16533583126175494,50
E2_N8_snr0,A,hist,0.1,pre,0.495589477326629,0.14044455096577993,50
E2_N8_snr0,A,hist,0.3,all,0.5035098274454985,0.1358350737717808,50
E2_N8_snr0,A,hist,0.3,end,0.785390372780411,0.6104065961147841,50
E2_N8_snr0,A,hist,0.3,post,0.5248962929872376,0.16577024193524142,50
E2_N8_snr0,A,hist,0.3,pre,0.4932414520694388,0.14190525465341516,50
E2_N8_snr0,A,hist,1.0,all,0.5005641793741589,0.13778224984745754,50
E2_N8_snr0,A,hist,1.0,end,0.7228641205398516,0.5693162616407875,50
E2_N8_snr0,A,hist,1.0,post,0.5178914184440067,0.16600030693316342,50
E2_N8_snr0,A,hist,1.0,pre,0.4921907234473262,0.14461984319317678,50
E2_N8_snr0,A,hist,3.0,all,0.5075827493115195,0.13803989021793694,50
E2_N8_snr0,A,hist,3.0,end,0.6502067871528783,0.5267322287943491,50
E2_N8_snr0,A,hist,3.0,post,0.5190556358085431,0.1627289411881525,50
E2_N8_snr0,A,hist,3.0,pre,0.5023316970386689,0.14586264455370496,50
E2_N8_snr0,A,hist,10.0,all,0.5417606503897874,0.1326259671768016,50
E2_N8_snr0,A,hist,10.0,end,0.5981726127861942,0.5119969259058255,50
E2_N8_snr0,A,hist,10.0,post,0.543818688543734,0.15243303743084904,50
E2_N8_snr0,A,hist,10.0,pre,0.5406456846205231,0.14499314812284778,50
E2_N8_snr0,A,hist,30.0,all,0.5927370910707065,0.12840153338792978,50
E2_N8_snr0,A,hist,30.0,end,0.6178736322607248,0.5625713549611635,50
E2_N8_snr0,A,hist,30.0,post,0.585424605173371,0.14743804346964254,50
E2_N8_snr0,A,hist,30.0,pre,0.5938240105273934,0.15069282602012896,50
E2_N8_snr0,A,hist,100.0,all,0.6360396214970929,0.12901262014853987,50
E2_N8_snr0,A,hist,100.0,end,0.6461424808331363,0.6281207709296899,50
E2_N8_snr0,A,hist,100.0,post,0.6224022363778736,0.1496782642937821,50
E2_N8_snr0,A,hist,100.0,pre,0.6379026788812999,0.16008871886518367,50
E2_N8_snr0,A,hist,300.0,all,0.6591678208177904,0.1271836818677231,50
E2_N8_snr0,A,hist,300.0,end,0.6269832007590026,0.6409524303765519,50
E2_N8_snr0,A,hist,300.0,post,0.6435731304145361,0.1478772440101114,50
E2_N8_snr0,A,hist,300.0,pre,0.6614793946722801,0.16107218541069063,50
E2_N8_snr0,A,hist,1000.0,all,0.6914210437308758,0.1135610585332547,50
E2_N8_snr0,A,hist,1000.0,end,0.6076380761290262,0.6303108067500299,50
E2_N8_snr0,A,hist,1000.0,post,0.6766008854849868,0.13220705250298675,50
E2_N8_snr0,A,hist,1000.0,pre,0.69451353199516,0.1459894239656408,50
E2_N8_snr0,A,in,0.0,all,0.509035124852883,0.13404152380572626,50
E2_N8_snr0,A,in,0.0,end,0.8350242042334406,0.6436222217564647,50
E2_N8_snr0,A,in,0.0,post,0.5333135821447643,0.16503392941245473,50
E2_N8_snr0,A,in,0.0,pre,0.49754269256682726,0.13950982321222435,50
E2_N8_snr0,A,in,0.01,all,0.5087588305891071,0.1341191574380484,50
E2_N8_snr0,A,in,0.01,end,0.8333815665041073,0.6422371082415893,50
E2_N8_snr0,A,in,0.01,post,0.5330103367632607,0.1650971523901292,50
E2_N8_snr0,A,in,0.01,pre,0.4972698590980006,0.13956950536276427,50
E2_N8_snr0,A,in,0.03,all,0.5082257869965822,0.13426911607980926,50
E2_N8_snr0,A,in,0.03,end,0.8302012033381615,0.6395504036241908,50
E2_N8_snr0,A,in,0.03,post,0.5324252185335957,0.16521933429404695,50
E2_N8_snr0,A,in,0.03,pre,0.4967434754338619,0.13968479566273995,50
E2_N8_snr0,A,in,0.1,all,0.5065436814239423,0.13474386870638172,50
E2_N8_snr0,A,in,0.1,end,0.8200636402878959,0.6309440436066108,50
E2_N8_snr0,A,in,0.1,post,0.5305780715448758,0.165606512432772,50
E2_N8_snr0,A,in,0.1,pre,0.49508225529137556,0.14004992899290453,50
E2_N8_snr0,A,in,0.3,all,0.502912265725125,0.1357761090938417,50
E2_N8_snr0,A,in,0.3,end,0.7975969466266709,0.6116573062572055,50
E2_N8_snr0,A,in,0.3,post,0.526586260065404,0.16644805142849547,50
E2_N8_snr0,A,in,0.3,pre,0.4914954474130877,0.14084563274844566,50
E2_N8_snr0,A,in,1.0,all,0.49665886510488527,0.13757256611700927,50
E2_N8_snr0,A,in,1.0,end,0.7565239459210105,0.5757642224782787,50
E2_N8_snr0,A,in,1.0,post,0.5196956622532247,0.16788945252638646,50
E2_N8_snr0,A,in,1.0,pre,0.48531897451002803,0.14224683851450892,50
E2_N8_snr0,A,in,3.0,all,0.49188883858111965,0.1389534606235238,50
E2_N8_snr0,A,in,3.0,end,0.7220659099653715,0.5450392627490411,50
E2_N8_snr0,A,in,3.0,post,0.5144177159752913,0.16892120367386082,50
E2_N8_snr0,A,in,3.0,pre,0.4806127773406985,0.1433592214436072,50
E2_N8_snr0,A,in,10.0,all,0.4895071738494296,0.13964639658349165,50
E2_N8_snr0,A,in,10.0,end,0.7031437297185987,0.5276078748989628,50
E2_N8_snr0,A,in,10.0,post,0.5117530493975438,0.16936361424991564,50
E2_N8_snr0,A,in,10.0,pre,0.4782902745365743,0.14392043789181508,50
E2_N8_snr0,A,in,30.0,all,0.4887726265247769,0.13986838840823043,50
E2_N8_snr0,A,in,30.0,end,0.6970713813844275,0.5217763677140248,50
E2_N8_snr0,A,in,30.0,post,0.5108941251227194,0.16949579215981928,50
E2_N8_snr0,A,in,30.0,pre,0.47761848349811037,0.14405837667718496,50
E2_N8_snr0,A,in,100.0,all,0.48853768662105707,0.13995352645603573,50
E2_N8_snr0,A,in,100.0,end,0.6950917680431193,0.5196384814032822,50
E2_N8_snr0,A,in,100.0,post,0.5105934432102849,0.16955992509472434,50
E2_N8_snr0,A,in,100.0,pre,0.47743370309534605,0.14408024857620685,50
E2_N8_snr0,A,in,300.0,all,0.4884924727960665,0.1399749753267013,50
E2_N8_snr0,A,in,300.0,end,0.6946862284339754,0.519054302171861,50
E2_N8_snr0,A,in,300.0,post,0.5105262025517352,0.16958237911773977,50
E2_N8_snr0,A,in,300.0,pre,0.47740831113609183,0.14407472210795502,50
E2_N8_snr0,A,in,1000.0,all,0.48848494323217084,0.13997926339910077,50
E2_N8_snr0,A,in,1000.0,end,0.6946159116637238,0.5188836026483085,50
E2_N8_snr0,A,in,1000.0,post,0.5105112522771045,0.16958935860546473,50
E2_N8_snr0,A,in,1000.0,pre,0.4774080922142522,0.1440681000227984,50
E2_N8_snr0,A,legs,0.0,all,0.5090351248528878,0.13404152380572446,50
E2_N8_snr0,A,legs,0.0,end,0.835024204233446,0.6436222217564557,50
E2_N8_snr0,A,legs,0.0,post,0.5333135821447627,0.1650339294124531,50
E2_N8_snr0,A,legs,0.0,pre,0.49754269256683803,0.1395098232122243,50
E2_N8_snr0,A,legs,0.01,all,0.5090351248528878,0.13404152380572446,50
E2_N8_snr0,A,legs,0.01,end,0.835024204233446,0.6436222217564557,50
E2_N8_snr0,A,legs,0.01,post,0.5333135821447627,0.1650339294124531,50
E2_N8_snr0,A,legs,0.01,pre,0.49754269256683803,0.1395098232122243,50
E2_N8_snr0,A,legs,0.03,all,0.5090351248528878,0.13404152380572446,50
E2_N8_snr0,A,legs,0.03,end,0.835024204233446,0.6436222217564557,50
E2_N8_snr0,A,legs,0.03,post,0.5333135821447627,0.1650339294124531,50
E2_N8_snr0,A,legs,0.03,pre,0.49754269256683803,0.1395098232122243,50
E2_N8_snr0,A,legs,0.1,all,0.5090351248528878,0.13404152380572446,50
E2_N8_snr0,A,legs,0.1,end,0.835024204233446,0.6436222217564557,50
E2_N8_snr0,A,legs,0.1,post,0.5333135821447627,0.1650339294124531,50
E2_N8_snr0,A,legs,0.1,pre,0.49754269256683803,0.1395098232122243,50
E2_N8_snr0,A,legs,0.3,all,0.5090351248528878,0.13404152380572446,50
E2_N8_snr0,A,legs,0.3,end,0.835024204233446,0.6436222217564557,50
E2_N8_snr0,A,legs,0.3,post,0.5333135821447627,0.1650339294124531,50
E2_N8_snr0,A,legs,0.3,pre,0.49754269256683803,0.1395098232122243,50
E2_N8_snr0,A,legs,1.0,all,0.5090351248528878,0.13404152380572446,50
E2_N8_snr0,A,legs,1.0,end,0.835024204233446,0.6436222217564557,50
E2_N8_snr0,A,legs,1.0,post,0.5333135821447627,0.1650339294124531,50
E2_N8_snr0,A,legs,1.0,pre,0.49754269256683803,0.1395098232122243,50
E2_N8_snr0,A,legs,3.0,all,0.5090351248528878,0.13404152380572446,50
E2_N8_snr0,A,legs,3.0,end,0.835024204233446,0.6436222217564557,50
E2_N8_snr0,A,legs,3.0,post,0.5333135821447627,0.1650339294124531,50
E2_N8_snr0,A,legs,3.0,pre,0.49754269256683803,0.1395098232122243,50
E2_N8_snr0,A,legs,10.0,all,0.5090351248528878,0.13404152380572446,50
E2_N8_snr0,A,legs,10.0,end,0.835024204233446,0.6436222217564557,50
E2_N8_snr0,A,legs,10.0,post,0.5333135821447627,0.1650339294124531,50
E2_N8_snr0,A,legs,10.0,pre,0.49754269256683803,0.1395098232122243,50
E2_N8_snr0,A,legs,30.0,all,0.5090351248528878,0.13404152380572446,50
E2_N8_snr0,A,legs,30.0,end,0.835024204233446,0.6436222217564557,50
E2_N8_snr0,A,legs,30.0,post,0.5333135821447627,0.1650339294124531,50
E2_N8_snr0,A,legs,30.0,pre,0.49754269256683803,0.1395098232122243,50
E2_N8_snr0,A,legs,100.0,all,0.5090351248528878,0.13404152380572446,50
E2_N8_snr0,A,legs,100.0,end,0.835024204233446,0.6436222217564557,50
E2_N8_snr0,A,legs,100.0,post,0.5333135821447627,0.1650339294124531,50
E2_N8_snr0,A,legs,100.0,pre,0.49754269256683803,0.1395098232122243,50
E2_N8_snr0,A,legs,300.0,all,0.5090351248528878,0.13404152380572446,50
E2_N8_snr0,A,legs,300.0,end,0.835024204233446,0.6436222217564557,50
E2_N8_snr0,A,legs,300.0,post,0.5333135821447627,0.1650339294124531,50
E2_N8_snr0,A,legs,300.0,pre,0.49754269256683803,0.1395098232122243,50
E2_N8_snr0,A,legs,1000.0,all,0.5090351248528878,0.13404152380572446,50
E2_N8_snr0,A,legs,1000.0,end,0.835024204233446,0.6436222217564557,50
E2_N8_snr0,A,legs,1000.0,post,0.5333135821447627,0.1650339294124531,50
E2_N8_snr0,A,legs,1000.0,pre,0.49754269256683803,0.1395098232122243,50
E2_N8_snr0,A,point,0.0,all,0.9997644691722516,0.0051309393237617944,50
E2_N8_snr0,A,point,0.0,end,1.4455326608687684,1.1788918495093583,50
E2_N8_snr0,A,point,0.0,post,1.0469357214160455,0.1300546510671277,50
E2_N8_snr0,A,point,0.0,pre,0.9941848404985919,0.11513653770973525,50
E2_N8_snr0,A,point,0.01,all,0.9931727139021469,0.005296766032094485,50
E2_N8_snr0,A,point,0.01,end,1.4360533525893167,1.1712419506896858,50
E2_N8_snr0,A,point,0.01,post,1.0400253876879524,0.12917612362752237,50
E2_N8_snr0,A,point,0.01,pre,0.9876419014211141,0.11449300293148192,50
E2_N8_snr0,A,point,0.03,all,0.9803442225122069,0.005815804907877821,50
E2_N8_snr0,A,point,0.03,end,1.4175956125231974,1.156323480069715,50
E2_N8_snr0,A,point,0.03,post,1.0265773479555789,0.12748053508263404,50
E2_N8_snr0,A,point,0.03,pre,0.9749077909793766,0.11324467169994806,50
E2_N8_snr0,A,point,0.1,all,0.9388397710214907,0.008416638628876724,50
E2_N8_snr0,A,point,0.1,end,1.357790674715719,1.1077794882907939,50
E2_N8_snr0,A,point,0.1,post,0.9830724536461714,0.12211243102692809,50
E2_N8_snr0,A,point,0.1,pre,0.9337031263548273,0.1092344001036965,50
E2_N8_snr0,A,point,0.3,all,0.8430377828671521,0.01479761682204973,50
E2_N8_snr0,A,point,0.3,end,1.2192255089155661,0.9941116495947057,50
E2_N8_snr0,A,point,0.3,post,0.8826751963114375,0.11025411239349893,50
E2_N8_snr0,A,point,0.3,pre,0.8385616301032077,0.10002291649689475,50
E2_N8_snr0,A,point,1.0,all,0.6488073262835589,0.02152354691299462,50
E2_N8_snr0,A,point,1.0,end,0.9359880635842983,0.7569304304885263,50
E2_N8_snr0,A,point,1.0,post,0.6792101684695478,0.08697972378605255,50
E2_N8_snr0,A,point,1.0,pre,0.6455472243866995,0.08043652450931496,50
E2_N8_snr0,A,point,3.0,all,0.4513240260628708,0.018790590599904407,50
E2_N8_snr0,A,point,3.0,end,0.6448844241526369,0.5089679892388592,50
E2_N8_snr0,A,point,3.0,post,0.4724029612334579,0.061791857373047224,50
E2_N8_snr0,A,point,3.0,pre,0.4491749225751194,0.05783073647451327,50
E2_N8_snr0,A,point,10.0,all,0.31013915061469444,0.01827575758175605,50
E2_N8_snr0,A,point,10.0,end,0.4353186429725582,0.3353543715075764,50
E2_N8_snr0,A,point,10.0,post,0.3245471809102544,0.04437373902318106,50
E2_N8_snr0,A,point,10.0,pre,0.3087491377653949,0.042568132030279156,50
E2_N8_snr0,A,point,30.0,all,0.25134476210060963,0.01756372202895393,50
E2_N8_snr0,A,point,30.0,end,0.34557916355144236,0.2604469614331546,50
E2_N8_snr0,A,point,30.0,post,0.2630144285950352,0.03682912404203854,50
E2_N8_snr0,A,point,30.0,pre,0.2502209374230788,0.03680309798345101,50
E2_N8_snr0,A,point,100.0,all,0.22997997274905135,0.014194499370689376,50
E2_N8_snr0,A,point,100.0,end,0.3099532387800153,0.2218662873078572,50
E2_N8_snr0,A,point,100.0,post,0.2406680736659208,0.03183214174433522,50
E2_N8_snr0,A,point,100.0,pre,0.22891816496597475,0.03401386954537568,50
E2_N8_snr0,A,point,300.0,all,0.22576245671674006,0.01370350544622956,50
E2_N8_snr0,A,point,300.0,end,0.3020219234557488,0.21025523727645729,50
E2_N8_snr0,A,point,300.0,post,0.23625217289935935,0.03069644425615436,50
E2_N8_snr0,A,point,300.0,pre,0.22470478155143478,0.03370879123794678,50
E2_N8_snr0,A,point,1000.0,all,0.22505272902376142,0.013717945210477972,50
E2_N8_snr0,A,point,1000.0,end,0.30057264857210286,0.20780018760958602,50
E2_N8_snr0,A,point,1000.0,post,0.235508263998929,0.03052989407718914,50
E2_N8_snr0,A,point,1000.0,pre,0.22399466921044664,0.033705957212063424,50
E2_N8_snr0,B,cur,0.0,all,0.4913044948337397,0.174340954411384,50
E2_N8_snr0,B,cur,0.0,end,0.7840111111158486,0.6264274020264781,50
E2_N8_snr0,B,cur,0.0,post,0.5051010256782472,0.19157902462096685,50
E2_N8_snr0,B,cur,0.0,pre,0.4863042523426496,0.18573811427384254,50
E2_N8_snr0,B,cur,0.01,all,0.49099715311036585,0.17446238919303317,50
E2_N8_snr0,B,cur,0.01,end,0.7821857764810731,0.6252722778672662,50
E2_N8_snr0,B,cur,0.01,post,0.5047641066913845,0.19169802938880084,50
E2_N8_snr0,B,cur,0.01,pre,0.48599734725197974,0.18585068910533253,50
E2_N8_snr0,B,cur,0.03,all,0.4904038047433476,0.1746974308068504,50
E2_N8_snr0,B,cur,0.03,end,0.7786470802980537,0.6230401910397754,50
E2_N8_snr0,B,cur,0.03,post,0.5041137636189414,0.191928438995026,50
E2_N8_snr0,B,cur,0.03,pre,0.4854045767994981,0.18606889860600492,50
E2_N8_snr0,B,cur,0.1,all,0.4885278010583829,0.17544580460832024,50
E2_N8_snr0,B,cur,0.1,end,0.7673250883969959,0.615970150561781,50
E2_N8_snr0,B,cur,0.1,post,0.5020584979068335,0.1926626719636128,50
E2_N8_snr0,B,cur,0.1,pre,0.48352804212173695,0.18676654375118334,50
E2_N8_snr0,B,cur,0.3,all,0.4844580559530262,0.17709679576168127,50
E2_N8_snr0,B,cur,0.3,end,0.7419799702827227,0.6006394324611197,50
E2_N8_snr0,B,cur,0.3,post,0.4976049502108926,0.19428564558711223,50
E2_N8_snr0,B,cur,0.3,pre,0.47944399108017555,0.18832218241436657,50
E2_N8_snr0,B,cur,1.0,all,0.47737995098828145,0.1800555314647165,50
E2_N8_snr0,B,cur,1.0,end,0.6945121993519584,0.574795085161136,50
E2_N8_snr0,B,cur,1.0,post,0.48987704308817676,0.19720800971706154,50
E2_N8_snr0,B,cur,1.0,pre,0.4722909044166252,0.1911760872671283,50
E2_N8_snr0,B,cur,3.0,all,0.47191996035556616,0.1823968025377591,50
E2_N8_snr0,B,cur,3.0,end,0.6532370934663596,0.5575517297349176,50
E2_N8_snr0,B,cur,3.0,post,0.4839355856431158,0.1995501962084391,50
E2_N8_snr0,B,cur,3.0,pre,0.46671448249141306,0.1935066178657731,50
E2_N8_snr0,B,cur,10.0,all,0.46918201566812856,0.18357392139285536,50
E2_N8_snr0,B,cur,10.0,end,0.6304297668035415,0.5515126026647407,50
E2_N8_snr0,B,cur,10.0,post,0.48097691030469514,0.20075644508131943,50
E2_N8_snr0,B,cur,10.0,pre,0.46388130153217166,0.19470872609938622,50
E2_N8_snr0,B,cur,30.0,all,0.46833214446099397,0.18395424201228386,50
E2_N8_snr0,B,cur,30.0,end,0.6233921462351126,0.5504394910698698,50
E2_N8_snr0,B,cur,30.0,post,0.4800715638309257,0.20114394310675138,50
E2_N8_snr0,B,cur,30.0,pre,0.46299075033609954,0.1951051336395752,50
E2_N8_snr0,B,cur,100.0,all,0.4680536315439583,0.1841003876397833,50
E2_N8_snr0,B,cur,100.0,end,0.6209998315109602,0.5501757267363248,50
E2_N8_snr0,B,cur,100.0,post,0.4797777098494319,0.20128267800377397,50
E2_N8_snr0,B,cur,100.0,pre,0.46269890868079494,0.19525908167379766,50
E2_N8_snr0,B,cur,300.0,all,0.46799819558173605,0.1841357700322334,50
E2_N8_snr0,B,cur,300.0,end,0.6204494110702264,0.550112218812505,50
E2_N8_snr0,B,cur,300.0,post,0.4797191031048575,0.20131425785010504,50
E2_N8_snr0,B,cur,300.0,pre,0.4626413053208042,0.1952961579924187,50
E2_N8_snr0,B,cur,1000.0,all,0.4679886210406537,0.18414260873233618,50
E2_N8_snr0,B,cur,1000.0,end,0.6203436626433472,0.550098757042076,50
E2_N8_snr0,B,cur,1000.0,post,0.4797089358922781,0.20132022663434507,50
E2_N8_snr0,B,cur,1000.0,pre,0.4626314156448912,0.1953032592713981,50
E2_N8_snr0,B,hist,0.0,all,0.4913044948337397,0.17434095441138403,50
E2_N8_snr0,B,hist,0.0,end,0.7840111111158491,0.6264274020264791,50
E2_N8_snr0,B,hist,0.0,post,0.5051010256782472,0.19157902462096688,50
E2_N8_snr0,B,hist,0.0,pre,0.4863042523426496,0.18573811427384257,50
E2_N8_snr0,B,hist,0.01,all,0.4910291768271794,0.17444868492677634,50
E2_N8_snr0,B,hist,0.01,end,0.7817253014318243,0.6249669787099081,50
E2_N8_snr0,B,hist,0.01,post,0.5046810838009673,0.19158373264244893,50
E2_N8_snr0,B,hist,0.01,pre,0.4861484337901685,0.1857768903238537,50
E2_N8_snr0,B,hist,0.03,all,0.490659463258675,0.1745597412641942,50
E2_N8_snr0,B,hist,0.03,end,0.7772876815908673,0.6221375339624019,50
E2_N8_snr0,B,hist,0.03,post,0.5038792205603941,0.19158816720922,50
E2_N8_snr0,B,hist,0.03,pre,0.4861503348366831,0.1856726214191355,50
E2_N8_snr0,B,hist,0.1,all,0.4909721581332808,0.17403109164276176,50
E2_N8_snr0,B,hist,0.1,end,0.763027564205219,0.6131035547243642,50
E2_N8_snr0,B,hist,0.1,post,0.5014281553068192,0.19155904236384233,50
E2_N8_snr0,B,hist,0.1,pre,0.4888938888895705,0.18375942283598584,50
E2_N8_snr0,B,hist,0.3,all,0.5002552926711201,0.16816759622957833,50
E2_N8_snr0,B,hist,0.3,end,0.7306346582414568,0.5930179226854153,50
E2_N8_snr0,B,hist,0.3,post,0.49666880227457777,0.1912251961347028,50
E2_N8_snr0,B,hist,0.3,pre,0.5099744843266265,0.17193871363226942,50
E2_N8_snr0,B,hist,1.0,all,0.5508607199199078,0.14405838663818324,50
E2_N8_snr0,B,hist,1.0,end,0.6660755049984404,0.5560349853984462,50
E2_N8_snr0,B,hist,1.0,post,0.4918199928660967,0.18905354434967475,50
E2_N8_snr0,B,hist,1.0,pre,0.6010818437544636,0.1323112819517805,50
E2_N8_snr0,B,hist,3.0,all,0.6388591178037352,0.11429053305894304,50
E2_N8_snr0,B,hist,3.0,end,0.5969675284903451,0.523073643711478,50
E2_N8_snr0,B,hist,3.0,post,0.4992493982131066,0.18178273101301165,50
E2_N8_snr0,B,hist,3.0,pre,0.7405474736325718,0.08611671439944177,50
E2_N8_snr0,B,hist,10.0,all,0.7312134999152505,0.09142806512159134,50
E2_N8_snr0,B,hist,10.0,end,0.5688365154092808,0.5008671394784561,50
E2_N8_snr0,B,hist,10.0,post,0.5338398482381509,0.16576034963560526,50
E2_N8_snr0,B,hist,10.0,pre,0.8686202500377493,0.04935237848668569,50
E2_N8_snr0,B,hist,30.0,all,0.7904434254540047,0.07777836853671406,50
E2_N8_snr0,B,hist,30.0,end,0.6058860715794687,0.548925309018971,50
E2_N8_snr0,B,hist,30.0,post,0.5816608027648242,0.15489259307375586,50
E2_N8_snr0,B,hist,30.0,pre,0.9357851122988697,0.028696845300298413,50
E2_N8_snr0,B,hist,100.0,all,0.8268652834910912,0.07054808636024154,50
E2_N8_snr0,B,hist,100.0,end,0.6403069212990308,0.6222561361560932,50
E2_N8_snr0,B,hist,100.0,post,0.6212193770994144,0.15251030300685112,50
E2_N8_snr0,B,hist,100.0,pre,0.9707271892956871,0.0180011333221445,50
E2_N8_snr0,B,hist,300.0,all,0.8426384092961294,0.06768066712006444,50
E2_N8_snr0,B,hist,300.0,end,0.6238030486244192,0.6383922241620447,50
E2_N8_snr0,B,hist,300.0,post,0.6430612531322092,0.14884998605751953,50
E2_N8_snr0,B,hist,300.0,pre,0.9835000915004745,0.01515978978014866,50
E2_N8_snr0,B,hist,1000.0,all,0.857223316127687,0.06271863762297405,50
E2_N8_snr0,B,hist,1000.0,end,0.6062692991192761,0.6282753984251896,50
E2_N8_snr0,B,hist,1000.0,post,0.6763481499742842,0.13242763609527824,50
E2_N8_snr0,B,hist,1000.0,pre,0.9888894231152104,0.013862110970361666,50
E2_N8_snr0,B,in,0.0,all,0.49130449483373506,0.1743409544113859,50
E2_N8_snr0,B,in,0.0,end,0.7840111111158354,0.6264274020264919,50
E2_N8_snr0,B,in,0.0,post,0.5051010256782497,0.19157902462097148,50
E2_N8_snr0,B,in,0.0,pre,0.4863042523426375,0.1857381142738466,50
E2_N8_snr0,B,in,0.01,all,0.49103145888127764,0.17444574233613513,50
E2_N8_snr0,B,in,0.01,end,0.78136908776301,0.6244902659073833,50
E2_N8_snr0,B,in,0.01,post,0.5042292307612506,0.19142650576537573,50
E2_N8_snr0,B,in,0.01,pre,0.4865678864156812,0.18591611306146988,50
E2_N8_snr0,B,in,0.03,all,0.49067296706140395,0.17455337418263794,50
E2_N8_snr0,B,in,0.03,end,0.7762515667914188,0.620727530779973,50
E2_N8_snr0,B,in,0.03,post,0.5025501019056934,0.19112666371545303,50
E2_N8_snr0,B,in,0.03,pre,0.4873942910547563,0.18608555436888094,50
E2_N8_snr0,B,in,0.1,all,0.4910752738889979,0.17404000543952983,50
E2_N8_snr0,B,in,0.1,end,0.7599212006530617,0.6086265696723967,50
E2_N8_snr0,B,in,0.1,post,0.49727810592245125,0.19012910877585082,50
E2_N8_snr0,B,in,0.1,pre,0.4928448585962708,0.18510420123097007,50
E2_N8_snr0,B,in,0.3,all,0.5007520048516617,0.16844235996700074,50
E2_N8_snr0,B,in,0.3,end,0.7236531819547909,0.5812373883929443,50
E2_N8_snr0,B,in,0.3,post,0.48607423176563275,0.18766663609696654,50
E2_N8_snr0,B,in,0.3,pre,0.5199780218345087,0.1759226699886238,50
E2_N8_snr0,B,in,1.0,all,0.5517957914292984,0.14631984008516843,50
E2_N8_snr0,B,in,1.0,end,0.6573100923287447,0.5293245455116655,50
E2_N8_snr0,B,in,1.0,post,0.4677427094880151,0.1820128913068162,50
E2_N8_snr0,B,in,1.0,pre,0.6203735518758001,0.14426818058174953,50
E2_N8_snr0,B,in,3.0,all,0.6366655995414053,0.12129849213360928,50
E2_N8_snr0,B,in,3.0,end,0.6025597309864883,0.4845485910741399,50
E2_N8_snr0,B,in,3.0,post,0.4555708934738271,0.1753780507465186,50
E2_N8_snr0,B,in,3.0,pre,0.7637093193232606,0.1103439933446462,50
E2_N8_snr0,B,in,10.0,all,0.7160484179645219,0.10672610027523828,50
E2_N8_snr0,B,in,10.0,end,0.5737223474033875,0.4617871231569918,50
E2_N8_snr0,B,in,10.0,post,0.4510949433745627,0.17006009370084463,50
E2_N8_snr0,B,in,10.0,pre,0.8890574697726276,0.08875316408027781,50
E2_N8_snr0,B,in,30.0,all,0.756341060771856,0.10169795578802045,50
E2_N8_snr0,B,in,30.0,end,0.5646785123577959,0.45736177201158756,50
E2_N8_snr0,B,in,30.0,post,0.45025511511354843,0.16756310720061374,50
E2_N8_snr0,B,in,30.0,pre,0.9510011136636567,0.08032229118433123,50
E2_N8_snr0,B,in,100.0,all,0.7765039978366581,0.09968653840900825,50
E2_N8_snr0,B,in,100.0,end,0.5621597093409442,0.45734568179695434,50
E2_N8_snr0,B,in,100.0,post,0.45012326712999867,0.16632869282528984,50
E2_N8_snr0,B,in,100.0,pre,0.9816625761464536,0.07698955955700475,50
E2_N8_snr0,B,in,300.0,all,0.7838075191851429,0.09909730887560131,50
E2_N8_snr0,B,in,300.0,end,0.562203556145324,0.4577424716155089,50
E2_N8_snr0,B,in,300.0,post,0.45017344332246734,0.16586180882611715,50
E2_N8_snr0,B,in,300.0,pre,0.9926832258736756,0.07614156305371862,50
E2_N8_snr0,B,in,1000.0,all,0.7866848511996187,0.09889807642499299,50
E2_N8_snr0,B,in,1000.0,end,0.5625337421280381,0.4579963735707883,50
E2_N8_snr0,B,in,1000.0,post,0.4502262629894996,0.16566585376126283,50
E2_N8_snr0,B,in,1000.0,pre,0.9970036995008007,0.07590814987474398,50
E2_N8_snr0,B,legs,0.0,all,0.4913044948337397,0.174340954411384,50
E2_N8_snr0,B,legs,0.0,end,0.7840111111158486,0.6264274020264782,50
E2_N8_snr0,B,legs,0.0,post,0.5051010256782472,0.19157902462096685,50
E2_N8_snr0,B,legs,0.0,pre,0.4863042523426496,0.18573811427384254,50
E2_N8_snr0,B,legs,0.01,all,0.4913044948337397,0.174340954411384,50
E2_N8_snr0,B,legs,0.01,end,0.7840111111158486,0.6264274020264782,50
E2_N8_snr0,B,legs,0.01,post,0.5051010256782472,0.19157902462096685,50
E2_N8_snr0,B,legs,0.01,pre,0.4863042523426496,0.18573811427384254,50
E2_N8_snr0,B,legs,0.03,all,0.4913044948337397,0.174340954411384,50
E2_N8_snr0,B,legs,0.03,end,0.7840111111158486,0.6264274020264782,50
E2_N8_snr0,B,legs,0.03,post,0.5051010256782472,0.19157902462096685,50
E2_N8_snr0,B,legs,0.03,pre,0.4863042523426496,0.18573811427384254,50
E2_N8_snr0,B,legs,0.1,all,0.4913044948337397,0.174340954411384,50
E2_N8_snr0,B,legs,0.1,end,0.7840111111158486,0.6264274020264782,50
E2_N8_snr0,B,legs,0.1,post,0.5051010256782472,0.19157902462096685,50
E2_N8_snr0,B,legs,0.1,pre,0.4863042523426496,0.18573811427384254,50
E2_N8_snr0,B,legs,0.3,all,0.4913044948337397,0.174340954411384,50
E2_N8_snr0,B,legs,0.3,end,0.7840111111158486,0.6264274020264782,50
E2_N8_snr0,B,legs,0.3,post,0.5051010256782472,0.19157902462096685,50
E2_N8_snr0,B,legs,0.3,pre,0.4863042523426496,0.18573811427384254,50
E2_N8_snr0,B,legs,1.0,all,0.4913044948337397,0.174340954411384,50
E2_N8_snr0,B,legs,1.0,end,0.7840111111158486,0.6264274020264782,50
E2_N8_snr0,B,legs,1.0,post,0.5051010256782472,0.19157902462096685,50
E2_N8_snr0,B,legs,1.0,pre,0.4863042523426496,0.18573811427384254,50
E2_N8_snr0,B,legs,3.0,all,0.4913044948337397,0.174340954411384,50
E2_N8_snr0,B,legs,3.0,end,0.7840111111158486,0.6264274020264782,50
E2_N8_snr0,B,legs,3.0,post,0.5051010256782472,0.19157902462096685,50
E2_N8_snr0,B,legs,3.0,pre,0.4863042523426496,0.18573811427384254,50
E2_N8_snr0,B,legs,10.0,all,0.4913044948337397,0.174340954411384,50
E2_N8_snr0,B,legs,10.0,end,0.7840111111158486,0.6264274020264782,50
E2_N8_snr0,B,legs,10.0,post,0.5051010256782472,0.19157902462096685,50
E2_N8_snr0,B,legs,10.0,pre,0.4863042523426496,0.18573811427384254,50
E2_N8_snr0,B,legs,30.0,all,0.4913044948337397,0.174340954411384,50
E2_N8_snr0,B,legs,30.0,end,0.7840111111158486,0.6264274020264782,50
E2_N8_snr0,B,legs,30.0,post,0.5051010256782472,0.19157902462096685,50
E2_N8_snr0,B,legs,30.0,pre,0.4863042523426496,0.18573811427384254,50
E2_N8_snr0,B,legs,100.0,all,0.4913044948337397,0.174340954411384,50
E2_N8_snr0,B,legs,100.0,end,0.7840111111158486,0.6264274020264782,50
E2_N8_snr0,B,legs,100.0,post,0.5051010256782472,0.19157902462096685,50
E2_N8_snr0,B,legs,100.0,pre,0.4863042523426496,0.18573811427384254,50
E2_N8_snr0,B,legs,300.0,all,0.4913044948337397,0.174340954411384,50
E2_N8_snr0,B,legs,300.0,end,0.7840111111158486,0.6264274020264782,50
E2_N8_snr0,B,legs,300.0,post,0.5051010256782472,0.19157902462096685,50
E2_N8_snr0,B,legs,300.0,pre,0.4863042523426496,0.18573811427384254,50
E2_N8_snr0,B,legs,1000.0,all,0.4913044948337397,0.174340954411384,50
E2_N8_snr0,B,legs,1000.0,end,0.7840111111158486,0.6264274020264782,50
E2_N8_snr0,B,legs,1000.0,post,0.5051010256782472,0.19157902462096685,50
E2_N8_snr0,B,legs,1000.0,pre,0.4863042523426496,0.18573811427384254,50
E2_N8_snr0,B,point,0.0,all,0.9997643149970931,0.005130924482106806,50
E2_N8_snr0,B,point,0.0,end,1.4455326608687684,1.1788918495093583,50
E2_N8_snr0,B,point,0.0,post,1.0469357214160455,0.1300546510671277,50
E2_N8_snr0,B,point,0.0,pre,0.994184535849489,0.11513650269816952,50
E2_N8_snr0,B,point,0.01,all,0.9931918690562129,0.005296653170972613,50
E2_N8_snr0,B,point,0.01,end,1.4360533525893167,1.1712419506896858,50
E2_N8_snr0,B,point,0.01,post,1.0400253876879524,0.12917612362752237,50
E2_N8_snr0,B,point,0.01,pre,0.9876797623836785,0.1144957414288106,50
E2_N8_snr0,B,point,0.03,all,0.9804907275433288,0.00579972213183627,50
E2_N8_snr0,B,point,0.03,end,1.4175956125231974,1.156323480069715,50
E2_N8_snr0,B,point,0.03,post,1.0265773479555789,0.12748053508263404,50
E2_N8_snr0,B,point,0.03,pre,0.9751931988086251,0.11322208565798114,50
E2_N8_snr0,B,point,0.1,all,0.9402630771251976,0.008143568500069106,50
E2_N8_snr0,B,point,0.1,end,1.357790674715719,1.1077794882907939,50
E2_N8_snr0,B,point,0.1,post,0.9830724536461714,0.12211243102692809,50
E2_N8_snr0,B,point,0.1,pre,0.936457091187718,0.1088259977464512,50
E2_N8_snr0,B,point,0.3,all,0.8533111386656482,0.012898037547374074,50
E2_N8_snr0,B,point,0.3,end,1.2192255089155661,0.9941116495947057,50
E2_N8_snr0,B,point,0.3,post,0.8826751963114375,0.11025411239349893,50
E2_N8_snr0,B,point,0.3,pre,0.8583000124576268,0.09668502011807943,50
E2_N8_snr0,B,point,1.0,all,0.7129902782138828,0.019280334315096334,50
E2_N8_snr0,B,point,1.0,end,0.9359880635842983,0.7569304304885263,50
E2_N8_snr0,B,point,1.0,post,0.6792101684695478,0.08697972378605255,50
E2_N8_snr0,B,point,1.0,pre,0.7644156958004451,0.06380884002955127,50
E2_N8_snr0,B,point,3.0,all,0.6488710525364055,0.04322073065137743,50
E2_N8_snr0,B,point,3.0,end,0.6448844241526369,0.5089679892388592,50
E2_N8_snr0,B,point,3.0,post,0.4724029612334579,0.061791857373047224,50
E2_N8_snr0,B,point,3.0,pre,0.7865866315727678,0.03874538861059113,50
E2_N8_snr0,B,point,10.0,all,0.6732124436712493,0.06571027639479286,50
E2_N8_snr0,B,point,10.0,end,0.4353186429725582,0.3353543715075764,50
E2_N8_snr0,B,point,10.0,post,0.3245471809102544,0.04437373902318106,50
E2_N8_snr0,B,point,10.0,pre,0.8844822269892884,0.034574514808200715,50
E2_N8_snr0,B,point,30.0,all,0.7058402243834573,0.0727674682530767,50
E2_N8_snr0,B,point,30.0,end,0.34557916355144236,0.2604469614331546,50
E2_N8_snr0,B,point,30.0,post,0.2630144285950352,0.03682912404203854,50
E2_N8_snr0,B,point,30.0,pre,0.9491214714975489,0.028624834263926122,50
E2_N8_snr0,B,point,100.0,all,0.7272049374049929,0.07512680084589088,50
E2_N8_snr0,B,point,100.0,end,0.3099532387800153,0.2218662873078572,50
E2_N8_snr0,B,point,100.0,post,0.2406680736659208,0.03183214174433522,50
E2_N8_snr0,B,point,100.0,pre,0.9848822405532032,0.023977019930733385,50
E2_N8_snr0,B,point,300.0,all,0.7362838437360922,0.07601531172422878,50
E2_N8_snr0,B,point,300.0,end,0.3020219234557488,0.21025523727645729,50
E2_N8_snr0,B,point,300.0,post,0.23625217289935935,0.03069644425615436,50
E2_N8_snr0,B,point,300.0,pre,0.9987621618908206,0.022742787316097583,50
E2_N8_snr0,B,point,1000.0,all,0.7401668700933477,0.07643781709502288,50
E2_N8_snr0,B,point,1000.0,end,0.30057264857210286,0.20780018760958602,50
E2_N8_snr0,B,point,1000.0,post,0.235508263998929,0.03052989407718914,50
E2_N8_snr0,B,point,1000.0,pre,1.0044424202489066,0.02264850364769461,50
E2_N8_snr10,A,cur,0.0,all,0.48961006252516603,0.1396570592444908,50
E2_N8_snr10,A,cur,0.0,end,0.7075882674250669,0.5305779006654991,50
E2_N8_snr10,A,cur,0.0,post,0.511773013173008,0.16915990227066952,50
E2_N8_snr10,A,cur,0.0,pre,0.47846614498844564,0.14381852799421296,50
E2_N8_snr10,A,cur,0.01,all,0.4896047555821427,0.13965195148809464,50
E2_N8_snr10,A,cur,0.01,end,0.7059537138298703,0.5295150466205419,50
E2_N8_snr10,A,cur,0.01,post,0.5110162253246944,0.16910304103326848,50
E2_N8_snr10,A,cur,0.01,pre,0.47913390006221507,0.14371628481989254,50
E2_N8_snr10,A,cur,0.03,all,0.4897539464844819,0.13955748967841944,50
E2_N8_snr10,A,cur,0.03,end,0.7027853857412037,0.5274636751517779,50
E2_N8_snr10,A,cur,0.03,post,0.5095546959705844,0.16899681883583142,50
E2_N8_snr10,A,cur,0.03,pre,0.48072322242772647,0.14336210877022812,50
E2_N8_snr10,A,cur,0.1,all,0.49166514168904185,0.1385146739390491,50
E2_N8_snr10,A,cur,0.1,end,0.6926544158484933,0.5209858220704155,50
E2_N8_snr10,A,cur,0.1,post,0.5049298317223923,0.1686920836601247,50
E2_N8_snr10,A,cur,0.1,pre,0.4884038330431358,0.14090973066990597,50
E2_N8_snr10,A,cur,0.3,all,0.5039872518236612,0.1325019697919296,50
E2_N8_snr10,A,cur,0.3,end,0.6700305600414108,0.5070178174525849,50
E2_N8_snr10,A,cur,0.3,post,0.4948806794544279,0.1681980513078214,50
E2_N8_snr10,A,cur,0.3,pre,0.5193169654181362,0.1294796729950517,50
E2_N8_snr10,A,cur,1.0,all,0.5575294062567716,0.11221689741187807,50
E2_N8_snr10,A,cur,1.0,end,0.6280442307646398,0.48333411973190593,50
E2_N8_snr10,A,cur,1.0,post,0.47737877723690825,0.16792951274861406,50
E2_N8_snr10,A,cur,1.0,pre,0.6234590147047884,0.09565193456434659,50
E2_N8_snr10,A,cur,3.0,all,0.6427871345537755,0.09144593578569622,50
E2_N8_snr10,A,cur,3.0,end,0.591958578718318,0.4662042123374505,50
E2_N8_snr10,A,cur,3.0,post,0.4638351706340265,0.16836715768670416,50
E2_N8_snr10,A,cur,3.0,pre,0.7680860743268978,0.059900923200454446,50
E2_N8_snr10,A,cur,10.0,all,0.7217769138597286,0.08163417192435443,50
E2_N8_snr10,A,cur,10.0,end,0.5711099721321345,0.4592283925850608,50
E2_N8_snr10,A,cur,10.0,post,0.456903985679293,0.16896209517513813,50
E2_N8_snr10,A,cur,10.0,pre,0.8936467140494362,0.036226018460152415,50
E2_N8_snr10,A,cur,30.0,all,0.7617773269402448,0.07921805898494118,50
E2_N8_snr10,A,cur,30.0,end,0.5638998387912244,0.45825426543384523,50
E2_N8_snr10,A,cur,30.0,post,0.4547137576738686,0.16921731314468397,50
E2_N8_snr10,A,cur,30.0,pre,0.9555205818059151,0.026554017724517404,50
E2_N8_snr10,A,cur,100.0,all,0.7817790856299054,0.07837431877344431,50
E2_N8_snr10,A,cur,100.0,end,0.5612775148758603,0.4583456709881231,50
E2_N8_snr10,A,cur,100.0,post,0.4540015955611965,0.16929878646650645,50
E2_N8_snr10,A,cur,100.0,pre,0.9860857741689506,0.02244870079819681,50
E2_N8_snr10,A,cur,300.0,all,0.789014989915291,0.07813123960643817,50
E2_N8_snr10,A,cur,300.0,end,0.5606770858913941,0.4584167599500612,50
E2_N8_snr10,A,cur,300.0,post,0.4538632093260933,0.1693174728765769,50
E2_N8_snr10,A,cur,300.0,pre,0.9970509755221729,0.02139080173839084,50
E2_N8_snr10,A,cur,1000.0,all,0.7918613964757769,0.0780561916043792,50
E2_N8_snr10,A,cur,1000.0,end,0.560567491312441,0.4584286610418764,50
E2_N8_snr10,A,cur,1000.0,post,0.45384001089198356,0.16932136362073208,50
E2_N8_snr10,A,cur,1000.0,pre,1.00134337056596,0.02117556062874095,50
E2_N8_snr10,A,hist,0.0,all,0.48961006252516603,0.1396570592444908,50
E2_N8_snr10,A,hist,0.0,end,0.707588267425067,0.5305779006654998,50
E2_N8_snr10,A,hist,0.0,post,0.511773013173008,0.1691599022706695,50
E2_N8_snr10,A,hist,0.0,pre,0.4784661449884456,0.14381852799421296,50
E2_N8_snr10,A,hist,0.01,all,0.4895818631195806,0.13966605708907226,50
E2_N8_snr10,A,hist,0.01,end,0.7068372454112308,0.5303768961557341,50
E2_N8_snr10,A,hist,0.01,post,0.5116470620129691,0.16914612280614574,50
E2_N8_snr10,A,hist,0.01,pre,0.47848339034119314,0.14386742178023373,50
E2_N8_snr10,A,hist,0.03,all,0.4895333297489256,0.1396840702454544,50
E2_N8_snr10,A,hist,0.03,end,0.7053698637206758,0.5299821648928984,50
E2_N8_snr10,A,hist,0.03,post,0.511407368241292,0.16911915191826968,50
E2_N8_snr10,A,hist,0.03,pre,0.47852390936932815,0.14396318250085566,50
E2_N8_snr10,A,hist,0.1,all,0.48943621305417406,0.13974669983123744,50
E2_N8_snr10,A,hist,0.1,end,0.7005622478157072,0.5286682608164474,50
E2_N8_snr10,A,hist,0.1,post,0.5106829443489326,0.16902915281322448,50
E2_N8_snr10,A,hist,0.1,pre,0.47872098322932616,0.14427797407965043,50
E2_N8_snr10,A,hist,0.3,all,0.4896053990798766,0.1399116347467076,50
E2_N8_snr10,A,hist,0.3,end,0.6889788523732606,0.5253439094305944,50
E2_N8_snr10,A,hist,0.3,post,0.5093430916569629,0.16878090029001233,50
E2_N8_snr10,A,hist,0.3,pre,0.4796144171361896,0.14502346262931579,50
E2_N8_snr10,A,hist,1.0,all,0.49239409020988817,0.14018954122092206,50
E2_N8_snr10,A,hist,1.0,end,0.6614046132097735,0.5164086450931036,50
E2_N8_snr10,A,hist,1.0,post,0.5086326537932899,0.16768165801782253,50
E2_N8_snr10,A,hist,1.0,pre,0.48421675572775136,0.14642127511650627,50
E2_N8_snr10,A,hist,3.0,all,0.5039013641881723,0.1390635295742651,50
E2_N8_snr10,A,hist,3.0,end,0.6203148938330206,0.502526146605499,50
E2_N8_snr10,A,hist,3.0,post,0.5147887460925726,0.1632744577768484,50
E2_N8_snr10,A,hist,3.0,pre,0.49875042938363007,0.14655262646283523,50
E2_N8_snr10,A,hist,10.0,all,0.5404020215787316,0.1329412098266795,50
E2_N8_snr10,A,hist,10.0,end,0.5902748507239973,0.5062950193864793,50
E2_N8_snr10,A,hist,10.0,post,0.5421649253263687,0.15251923189057331,50
E2_N8_snr10,A,hist,10.0,pre,0.5392794430418858,0.14517123555247727,50
E2_N8_snr10,A,hist,30.0,all,0.5920618231326285,0.12858452643785612,50
E2_N8_snr10,A,hist,30.0,end,0.6165348711316642,0.5691988884195189,50
E2_N8_snr10,A,hist,30.0,post,0.584594304588165,0.14750924715368402,50
E2_N8_snr10,A,hist,30.0,pre,0.593098369559991,0.15082773929915114,50
E2_N8_snr10,A,hist,100.0,all,0.6355619261892848,0.12917644100480863,50
E2_N8_snr10,A,hist,100.0,end,0.6458492391007069,0.6420358934458811,50
E2_N8_snr10,A,hist,100.0,post,0.6218702265731337,0.14970963433065654,50
E2_N8_snr10,A,hist,100.0,pre,0.637382106378034,0.1601736015549131,50
E2_N8_snr10,A,hist,300.0,all,0.6587835248587788,0.1273563581408624,50
E2_N8_snr10,A,hist,300.0,end,0.62561601651386,0.6594617864900627,50
E2_N8_snr10,A,hist,300.0,post,0.6432155340859985,0.14779543605324716,50
E2_N8_snr10,A,hist,300.0,pre,0.6610743272910046,0.16102462137179757,50
E2_N8_snr10,A,hist,1000.0,all,0.691163545703683,0.11372534384698303,50
E2_N8_snr10,A,hist,1000.0,end,0.6059387052787486,0.6508967394454003,50
E2_N8_snr10,A,hist,1000.0,post,0.6764396768303661,0.13201070282885935,50
E2_N8_snr10,A,hist,1000.0,pre,0.6942111250666003,0.1459181781653284,50
E2_N8_snr10,A,in,0.0,all,0.4896100625251654,0.13965705924449115,50
E2_N8_snr10,A,in,0.0,end,0.7075882674250653,0.5305779006655152,50
E2_N8_snr10,A,in,0.0,post,0.5117730131730107,0.1691599022706708,50
E2_N8_snr10,A,in,0.0,pre,0.478466144988442,0.14381852799421133,50
E2_N8_snr10,A,in,0.01,all,0.4895808498514558,0.13966627929926062,50
E2_N8_snr10,A,in,0.01,end,0.7073629580662497,0.530404932280022,50
E2_N8_snr10,A,in,0.01,post,0.5117396743483041,0.16916617002025852,50
E2_N8_snr10,A,in,0.01,pre,0.47843801495303695,0.14382608269746014,50
E2_N8_snr10,A,in,0.03,all,0.4895245471233662,0.13968403451597483,50
E2_N8_snr10,A,in,0.03,end,0.7069275871289881,0.5300693545358847,50
E2_N8_snr10,A,in,0.03,post,0.5116754041486496,0.16917817506247707,50
E2_N8_snr10,A,in,0.03,pre,0.4783838045695878,0.14384062908050693,50
E2_N8_snr10,A,in,0.1,all,0.48934736005488305,0.13973977709756075,50
E2_N8_snr10,A,in,0.1,end,0.7055473691308751,0.5289933149113161,50
E2_N8_snr10,A,in,0.1,post,0.5114730064020508,0.16921526386012523,50
E2_N8_snr10,A,in,0.1,pre,0.4782132561877897,0.14388629072969175,50
E2_N8_snr10,A,in,0.3,all,0.48896735995583573,0.13985856818283057,50
E2_N8_snr10,A,in,0.3,end,0.7025293331778509,0.5265685026854181,50
E2_N8_snr10,A,in,0.3,post,0.5110381212868559,0.16929057846841722,50
E2_N8_snr10,A,in,0.3,pre,0.4778478419104301,0.14398369661152685,50
E2_N8_snr10,A,in,1.0,all,0.48832111540413387,0.14005767656583862,50
E2_N8_snr10,A,in,1.0,end,0.697150604368796,0.5219102398891766,50
E2_N8_snr10,A,in,1.0,post,0.5102947319176413,0.169398411314141,50
E2_N8_snr10,A,in,1.0,pre,0.4772283398825346,0.1441486095706695,50
E2_N8_snr10,A,in,3.0,all,0.4878351525727027,0.140204252084703,50
E2_N8_snr10,A,in,3.0,end,0.6927332727783536,0.5174473839638338,50
E2_N8_snr10,A,in,3.0,post,0.5097282725871435,0.16944433650099142,50
E2_N8_snr10,A,in,3.0,pre,0.4767678733760896,0.14427410745471705,50
E2_N8_snr10,A,in,10.0,all,0.4875948010649011,0.14027566802146155,50
E2_N8_snr10,A,in,10.0,end,0.690262187004417,0.5142854081585744,50
E2_N8_snr10,A,in,10.0,post,0.5094346567652507,0.16943720893722486,50
E2_N8_snr10,A,in,10.0,pre,0.4765542702961638,0.1443333141314984,50
E2_N8_snr10,A,in,30.0,all,0.48752096938800704,0.14029827456469643,50
E2_N8_snr10,A,in,30.0,end,0.6894437385256922,0.5129614766938091,50
E2_N8_snr10,A,in,30.0,post,0.509330862517199,0.16942962731283803,50
E2_N8_snr10,A,in,30.0,pre,0.4765045609855179,0.1443410093001609,50
E2_N8_snr10,A,in,100.0,all,0.4874973771580578,0.1403069158192212,50
E2_N8_snr10,A,in,100.0,end,0.6891875450683347,0.5124285742663959,50
E2_N8_snr10,A,in,100.0,post,0.5092897383626348,0.16943166496707007,50
E2_N8_snr10,A,in,100.0,pre,0.4764977709164164,0.14433455470388598,50
E2_N8_snr10,A,in,300.0,all,0.48749283731870335,0.14030908654958285,50
E2_N8_snr10,A,in,300.0,end,0.6891396653520734,0.5122766911805225,50
E2_N8_snr10,A,in,300.0,post,0.5092789674771463,0.16943451821614364,50
E2_N8_snr10,A,in,300.0,pre,0.4764995562665829,0.14432923875733886,50
E2_N8_snr10,A,in,1000.0,all,0.48749208116756393,0.14030951982518722,50
E2_N8_snr10,A,in,1000.0,end,0.6891321783009713,0.5122276568832621,50
E2_N8_snr10,A,in,1000.0,post,0.5092759596031204,0.1694358859263092,50
E2_N8_snr10,A,in,1000.0,pre,0.4765011451321779,0.14432641316919878,50
E2_N8_snr10,A,legs,0.0,all,0.48961006252516603,0.1396570592444908,50
E2_N8_snr10,A,legs,0.0,end,0.707588267425067,0.5305779006654991,50
E2_N8_snr10,A,legs,0.0,post,0.511773013173008,0.1691599022706695,50
E2_N8_snr10,A,legs,0.0,pre,0.4784661449884456,0.14381852799421294,50
E2_N8_snr10,A,legs,0.01,all,0.48961006252516603,0.1396570592444908,50
E2_N8_snr10,A,legs,0.01,end,0.707588267425067,0.5305779006654991,50
E2_N8_snr10,A,legs,0.01,post,0.511773013173008,0.1691599022706695,50
E2_N8_snr10,A,legs,0.01,pre,0.4784661449884456,0.14381852799421294,50
E2_N8_snr10,A,legs,0.03,all,0.48961006252516603,0.1396570592444908,50
E2_N8_snr10,A,legs,0.03,end,0.707588267425067,0.5305779006654991,50
E2_N8_snr10,A,legs,0.03,post,0.511773013173008,0.1691599022706695,50
E2_N8_snr10,A,legs,0.03,pre,0.4784661449884456,0.14381852799421294,50
E2_N8_snr10,A,legs,0.1,all,0.48961006252516603,0.1396570592444908,50
E2_N8_snr10,A,legs,0.1,end,0.707588267425067,0.5305779006654991,50
E2_N8_snr10,A,legs,0.1,post,0.511773013173008,0.1691599022706695,50
E2_N8_snr10,A,legs,0.1,pre,0.4784661449884456,0.14381852799421294,50
E2_N8_snr10,A,legs,0.3,all,0.48961006252516603,0.1396570592444908,50
E2_N8_snr10,A,legs,0.3,end,0.707588267425067,0.5305779006654991,50
E2_N8_snr10,A,legs,0.3,post,0.511773013173008,0.1691599022706695,50
E2_N8_snr10,A,legs,0.3,pre,0.4784661449884456,0.14381852799421294,50
E2_N8_snr10,A,legs,1.0,all,0.48961006252516603,0.1396570592444908,50
E2_N8_snr10,A,legs,1.0,end,0.707588267425067,0.5305779006654991,50
E2_N8_snr10,A,legs,1.0,post,0.511773013173008,0.1691599022706695,50
E2_N8_snr10,A,legs,1.0,pre,0.4784661449884456,0.14381852799421294,50
E2_N8_snr10,A,legs,3.0,all,0.48961006252516603,0.1396570592444908,50
E2_N8_snr10,A,legs,3.0,end,0.707588267425067,0.5305779006654991,50
E2_N8_snr10,A,legs,3.0,post,0.511773013173008,0.1691599022706695,50
E2_N8_snr10,A,legs,3.0,pre,0.4784661449884456,0.14381852799421294,50
E2_N8_snr10,A,legs,10.0,all,0.48961006252516603,0.1396570592444908,50
E2_N8_snr10,A,legs,10.0,end,0.707588267425067,0.5305779006654991,50
E2_N8_snr10,A,legs,10.0,post,0.511773013173008,0.1691599022706695,50
E2_N8_snr10,A,legs,10.0,pre,0.4784661449884456,0.14381852799421294,50
E2_N8_snr10,A,legs,30.0,all,0.48961006252516603,0.1396570592444908,50
E2_N8_snr10,A,legs,30.0,end,0.707588267425067,0.5305779006654991,50
E2_N8_snr10,A,legs,30.0,post,0.511773013173008,0.1691599022706695,50
E2_N8_snr10,A,legs,30.0,pre,0.4784661449884456,0.14381852799421294,50
E2_N8_snr10,A,legs,100.0,all,0.48961006252516603,0.1396570592444908,50
E2_N8_snr10,A,legs,100.0,end,0.707588267425067,0.5305779006654991,50
E2_N8_snr10,A,legs,100.0,post,0.511773013173008,0.1691599022706695,50
E2_N8_snr10,A,legs,100.0,pre,0.4784661449884456,0.14381852799421294,50
E2_N8_snr10,A,legs,300.0,all,0.48961006252516603,0.1396570592444908,50
E2_N8_snr10,A,legs,300.0,end,0.707588267425067,0.5305779006654991,50
E2_N8_snr10,A,legs,300.0,post,0.511773013173008,0.1691599022706695,50
E2_N8_snr10,A,legs,300.0,pre,0.4784661449884456,0.14381852799421294,50
E2_N8_snr10,A,legs,1000.0,all,0.48961006252516603,0.1396570592444908,50
E2_N8_snr10,A,legs,1000.0,end,0.707588267425067,0.5305779006654991,50
E2_N8_snr10,A,legs,1000.0,post,0.511773013173008,0.1691599022706695,50
E2_N8_snr10,A,legs,1000.0,pre,0.4784661449884456,0.14381852799421294,50
E2_N8_snr10,A,point,0.0,all,0.31633265773873004,0.0016285559286306843,50
E2_N8_snr10,A,point,0.0,end,0.4573185636004976,0.3729074582423901,50
E2_N8_snr10,A,point,0.0,post,0.3312473555930915,0.04111403079357642,50
E2_N8_snr10,A,point,0.0,pre,0.31456998308440765,0.03639865844846504,50
E2_N8_snr10,A,point,0.01,all,0.3142493426780122,0.0016824944672710416,50
E2_N8_snr10,A,point,0.01,end,0.45432226264459097,0.3704890686939553,50
E2_N8_snr10,A,point,0.01,post,0.329063281509171,0.040836223178827444,50
E2_N8_snr10,A,point,0.01,pre,0.31250211862188526,0.03619513625656034,50
E2_N8_snr10,A,point,0.03,all,0.3101949619273644,0.0018488517049437755,50
E2_N8_snr10,A,point,0.03,end,0.4484880322340924,0.3657728677944407,50
E2_N8_snr10,A,point,0.03,post,0.32481295134005256,0.04030004113946795,50
E2_N8_snr10,A,point,0.03,pre,0.30847761061948326,0.03580033842042816,50
E2_N8_snr10,A,point,0.1,all,0.2970781308189366,0.0026741726075859276,50
E2_N8_snr10,A,point,0.1,end,0.42958502188140224,0.35042684788483225,50
E2_N8_snr10,A,point,0.1,post,0.3110634191739311,0.03860249302627065,50
E2_N8_snr10,A,point,0.1,pre,0.29545567193328015,0.03453200379489434,50
E2_N8_snr10,A,point,0.3,all,0.26680446231012206,0.004692411686276316,50
E2_N8_snr10,A,point,0.3,end,0.3857909910476867,0.31449542280146103,50
E2_N8_snr10,A,point,0.3,post,0.27933632160917626,0.03485228603358692,50
E2_N8_snr10,A,point,0.3,pre,0.26539111090082906,0.031618395429277114,50
E2_N8_snr10,A,point,1.0,all,0.20544681693793848,0.006819088971051438,50
E2_N8_snr10,A,point,1.0,end,0.29629449282466086,0.23953391447877084,50
E2_N8_snr10,A,point,1.0,post,0.21505768982470488,0.02748998329928331,50
E2_N8_snr10,A,point,1.0,pre,0.2044186847397939,0.025421886206312732,50
E2_N8_snr10,A,point,3.0,all,0.14311747863657537,0.0059588328945843995,50
E2_N8_snr10,A,point,3.0,end,0.2043759246563129,0.16120833575716112,50
E2_N8_snr10,A,point,3.0,post,0.1497786897902116,0.01951766141039562,50
E2_N8_snr10,A,point,3.0,pre,0.1424417568172524,0.01826862747921456,50
E2_N8_snr10,A,point,10.0,all,0.09865126164142189,0.005781770766490923,50
E2_N8_snr10,A,point,10.0,end,0.13831894516601076,0.10644045358458572,50
E2_N8_snr10,A,point,10.0,post,0.10320188283784264,0.013988224706410602,50
E2_N8_snr10,A,point,10.0,pre,0.09821665776708914,0.013432821973304879,50
E2_N8_snr10,A,point,30.0,all,0.080194398532542,0.005530893930857384,50
E2_N8_snr10,A,point,30.0,end,0.11011867155971089,0.08285417267216111,50
E2_N8_snr10,A,point,30.0,post,0.08387854016522082,0.011575338803544829,50
E2_N8_snr10,A,point,30.0,pre,0.07984485739497313,0.011594712874444966,50
E2_N8_snr10,A,point,100.0,all,0.07350397436920389,0.004456143660713595,50
E2_N8_snr10,A,point,100.0,end,0.09895236146061916,0.07073299713431284,50
E2_N8_snr10,A,point,100.0,post,0.07687682500357357,0.009984757017693854,50
E2_N8_snr10,A,point,100.0,pre,0.07317548236779567,0.01070199790850755,50
E2_N8_snr10,A,point,300.0,all,0.07218458616236173,0.00430084955570069,50
E2_N8_snr10,A,point,300.0,end,0.0964685899686922,0.06709264262797437,50
E2_N8_snr10,A,point,300.0,post,0.07549429145932259,0.009625490605241616,50
E2_N8_snr10,A,point,300.0,pre,0.07185803028711378,0.010602431233053222,50
E2_N8_snr10,A,point,1000.0,all,0.07196259254838894,0.004305942233171797,50
E2_N8_snr10,A,point,1000.0,end,0.09601475313483519,0.06632354035095535,50
E2_N8_snr10,A,point,1000.0,post,0.07526140383604524,0.009573144491354988,50
E2_N8_snr10,A,point,1000.0,pre,0.07163604726880377,0.010601075243609958,50
E2_N8_snr10,B,cur,0.0,all,0.46939185912551484,0.18335253614482952,50
E2_N8_snr10,B,cur,0.0,end,0.6337527795057221,0.5484062483081918,50
E2_N8_snr10,B,cur,0.0,post,0.48148151028203123,0.19958402875754716,50
E2_N8_snr10,B,cur,0.0,pre,0.4640801700439677,0.19482607919866973,50
E2_N8_snr10,B,cur,0.01,all,0.4693579515559813,0.18336865100771835,50
E2_N8_snr10,B,cur,0.01,end,0.6334543083486618,0.5483603306874453,50
E2_N8_snr10,B,cur,0.01,post,0.48144432692191413,0.19960000650516568,50
E2_N8_snr10,B,cur,0.01,pre,0.46404563730743503,0.1948426023526519,50
E2_N8_snr10,B,cur,0.03,all,0.4692925890364218,0.1833997106864344,50
E2_N8_snr10,B,cur,0.03,end,0.6328767458902158,0.5482728574365764,50
E2_N8_snr10,B,cur,0.03,post,0.48137266653975336,0.19963079658214752,50
E2_N8_snr10,B,cur,0.03,pre,0.4639790453708077,0.19487446861796462,50
E2_N8_snr10,B,cur,0.1,all,0.4690867958714338,0.18349745219338742,50
E2_N8_snr10,B,cur,0.1,end,0.6310386121884979,0.5480070525353145,50
E2_N8_snr10,B,cur,0.1,post,0.4811471888316824,0.19972764790141884,50
E2_N8_snr10,B,cur,0.1,pre,0.4637691721290043,0.1949749166983865,50
E2_N8_snr10,B,cur,0.3,all,0.4686449840665991,0.18370686935562494,50
E2_N8_snr10,B,cur,0.3,end,0.6269823312422139,0.5474944628011769,50
E2_N8_snr10,B,cur,0.3,post,0.48066385487803,0.19993500575774176,50
E2_N8_snr10,B,cur,0.3,pre,0.4633175270489642,0.1951909804682996,50
E2_N8_snr10,B,cur,1.0,all,0.4678924895822454,0.1840606275257812,50
E2_N8_snr10,B,cur,1.0,end,0.6196617078557987,0.5468701384199653,50
E2_N8_snr10,B,cur,1.0,post,0.47984297865206316,0.20028547797997434,50
E2_N8_snr10,B,cur,1.0,pre,0.46254490134192106,0.19555840628937213,50
E2_N8_snr10,B,cur,3.0,all,0.46732683004254133,0.18432062210566302,50
E2_N8_snr10,B,cur,3.0,end,0.6137776166687706,0.5466660869134048,50
E2_N8_snr10,B,cur,3.0,post,0.4792283485665394,0.20054503363676532,50
E2_N8_snr10,B,cur,3.0,pre,0.4619608684183265,0.19582999629978112,50
E2_N8_snr10,B,cur,10.0,all,0.46704832127783413,0.18444453448188528,50
E2_N8_snr10,B,cur,10.0,end,0.6109099964860697,0.5465987502163958,50
E2_N8_snr10,B,cur,10.0,post,0.4789280492387576,0.2006711009777797,50
E2_N8_snr10,B,cur,10.0,pre,0.46167092725600084,0.19595990397081958,50
E2_N8_snr10,B,cur,30.0,all,0.46696254751749255,0.1844836308936556,50
E2_N8_snr10,B,cur,30.0,end,0.6101151706376073,0.5465728224327313,50
E2_N8_snr10,B,cur,30.0,post,0.4788369227454649,0.20071058618941814,50
E2_N8_snr10,B,cur,30.0,pre,0.4615807534640578,0.19600117698916952,50
E2_N8_snr10,B,cur,100.0,all,0.4669344958403272,0.18449853455989706,50
E2_N8_snr10,B,cur,100.0,end,0.6098471705877945,0.546573571576426,50
E2_N8_snr10,B,cur,100.0,post,0.4788074290234387,0.20072459293291423,50
E2_N8_snr10,B,cur,100.0,pre,0.46155128766486664,0.19601698928185407,50
E2_N8_snr10,B,cur,300.0,all,0.4669289156877572,0.18450212632497928,50
E2_N8_snr10,B,cur,300.0,end,0.6097835405079889,0.5465758355360966,50
E2_N8_snr10,B,cur,300.0,post,0.47880156042519545,0.20072775108601895,50
E2_N8_snr10,B,cur,300.0,pre,0.4615454709466105,0.19602078472404014,50
E2_N8_snr10,B,cur,1000.0,all,0.4669279519643914,0.1845028193987847,50
E2_N8_snr10,B,cur,1000.0,end,0.609771096578435,0.5465763987856972,50
E2_N8_snr10,B,cur,1000.0,post,0.4788005438384198,0.20072834467041292,50
E2_N8_snr10,B,cur,1000.0,pre,0.4615444712933072,0.1960215122934159,50
E2_N8_snr10,B,hist,0.0,all,0.46939185912551484,0.18335253614482952,50
E2_N8_snr10,B,hist,0.0,end,0.6337527795057227,0.5484062483081921,50
E2_N8_snr10,B,hist,0.0,post,0.4814815102820313,0.19958402875754716,50
E2_N8_snr10,B,hist,0.0,pre,0.4640801700439676,0.1948260791986698,50
E2_N8_snr10,B,hist,0.01,all,0.4693908657809901,0.1833487256340353,50
E2_N8_snr10,B,hist,0.01,end,0.6328883748197509,0.5479187470396851,50
E2_N8_snr10,B,hist,0.01,post,0.48135780795646527,0.19949090076118908,50
E2_N8_snr10,B,hist,0.01,pre,0.4642080658449874,0.19473711623337436,50
E2_N8_snr10,B,hist,0.03,all,0.4695697493521421,0.18321835012989152,50
E2_N8_snr10,B,hist,0.03,end,0.6312133505777169,0.5469738178791195,50
E2_N8_snr10,B,hist,0.03,post,0.4811289552731725,0.1993052339500121,50
E2_N8_snr10,B,hist,0.03,pre,0.4647994235905113,0.1943259320891422,50
E2_N8_snr10,B,hist,0.1,all,0.47176038792838976,0.1817371436547659,50
E2_N8_snr10,B,hist,0.1,end,0.625854805758369,0.5439509284687016,50
E2_N8_snr10,B,hist,0.1,post,0.4804988802460894,0.1986647313316948,50
E2_N8_snr10,B,hist,0.1,pre,0.46966905683748655,0.19111084159509745,50
E2_N8_snr10,B,hist,0.3,all,0.48549999085137935,0.17343545577422773,50
E2_N8_snr10,B,hist,0.3,end,0.6137410842926334,0.5371681473502957,50
E2_N8_snr10,B,hist,0.3,post,0.4797367354475553,0.19695097802302655,50
E2_N8_snr10,B,hist,0.3,pre,0.49575007781906216,0.1763517360961737,50
E2_N8_snr10,B,hist,1.0,all,0.5434360430329235,0.14596981661698302,50
E2_N8_snr10,B,hist,1.0,end,0.5884936173424897,0.5240790032674179,50
E2_N8_snr10,B,hist,1.0,post,0.4820019173219372,0.19214870057870073,50
E2_N8_snr10,B,hist,1.0,pre,0.5943312855616963,0.13364655102254958,50
E2_N8_snr10,B,hist,3.0,all,0.6359703530217959,0.11471564488035628,50
E2_N8_snr10,B,hist,3.0,end,0.5575549096276321,0.5082881835456502,50
E2_N8_snr10,B,hist,3.0,post,0.49506164044350925,0.18258551365902914,50
E2_N8_snr10,B,hist,3.0,pre,0.7379634260614885,0.086490876000794,50
E2_N8_snr10,B,hist,10.0,all,0.7301765689691372,0.09136059296392843,50
E2_N8_snr10,B,hist,10.0,end,0.5597152243758035,0.4926726019009133,50
E2_N8_snr10,B,hist,10.0,post,0.5323378959598977,0.16576760240076804,50
E2_N8_snr10,B,hist,10.0,pre,0.8676539643815205,0.04944678626662818,50
E2_N8_snr10,B,hist,30.0,all,0.7899058696970449,0.07768784508741655,50
E2_N8_snr10,B,hist,30.0,end,0.6039258828937976,0.5536388589819271,50
E2_N8_snr10,B,hist,30.0,post,0.5808848782035269,0.15493177182168066,50
E2_N8_snr10,B,hist,30.0,pre,0.9352583001602979,0.02874743387211641,50
E2_N8_snr10,B,hist,100.0,all,0.8264897954090903,0.07051875311818498,50
E2_N8_snr10,B,hist,100.0,end,0.6398642331860838,0.6352511127095848,50
E2_N8_snr10,B,hist,100.0,post,0.6207044987076786,0.15253446167346252,50
E2_N8_snr10,B,hist,100.0,pre,0.9703430454725411,0.018050995227907332,50
E2_N8_snr10,B,hist,300.0,all,0.8423444873007405,0.06764494363568951,50
E2_N8_snr10,B,hist,300.0,end,0.6225226410281683,0.6563412710840844,50
E2_N8_snr10,B,hist,300.0,post,0.6427132296206548,0.14876436533975043,50
E2_N8_snr10,B,hist,300.0,pre,0.9831634339755204,0.015170152938125632,50
E2_N8_snr10,B,hist,1000.0,all,0.8570233630109386,0.06265539197224128,50
E2_N8_snr10,B,hist,1000.0,end,0.6045687105799666,0.6487230714003491,50
E2_N8_snr10,B,hist,1000.0,post,0.6761911526696871,0.1322305058814914,50
E2_N8_snr10,B,hist,1000.0,pre,0.9885973397880877,0.013826868954658334,50
E2_N8_snr10,B,in,0.0,all,0.4693918591255144,0.1833525361448297,50
E2_N8_snr10,B,in,0.0,end,0.633752779505711,0.548406248308217,50
E2_N8_snr10,B,in,0.0,post,0.481481510282035,0.19958402875755124,50
E2_N8_snr10,B,in,0.0,pre,0.4640801700439623,0.1948260791986711,50
E2_N8_snr10,B,in,0.01,all,0.4693924237165183,0.18334804325457413,50
E2_N8_snr10,B,in,0.01,end,0.6324680225718499,0.5473546998095746,50
E2_N8_snr10,B,in,0.01,post,0.4808789057275114,0.19934567058766678,50
E2_N8_snr10,B,in,0.01,pre,0.4646496800712919,0.19487124467561573,50
E2_N8_snr10,B,in,0.03,all,0.4695812780737091,0.18321840276475226,50
E2_N8_snr10,B,in,0.03,end,0.6299917965097296,0.545312422618663,50
E2_N8_snr10,B,in,0.03,post,0.47972161822374354,0.1988782957469263,50
E2_N8_snr10,B,in,0.03,pre,0.46610693968596784,0.19472463680378665,50
E2_N8_snr10,B,in,0.1,all,0.4718577194185049,0.1817652546448802,50
E2_N8_snr10,B,in,0.1,end,0.6222028400003023,0.5387454634243775,50
E2_N8_snr10,B,in,0.1,post,0.4761180525820846,0.19733569749425012,50
E2_N8_snr10,B,in,0.1,pre,0.47379410924915133,0.1924281169087573,50
E2_N8_snr10,B,in,0.3,all,0.4859729707151876,0.1737655621170121,50
E2_N8_snr10,B,in,0.3,end,0.6055934816607005,0.5238461429495442,50
E2_N8_snr10,B,in,0.3,post,0.46862884740165145,0.19361450354003082,50
E2_N8_snr10,B,in,0.3,pre,0.5060378774713946,0.18035615218232315,50
E2_N8_snr10,B,in,1.0,all,0.5442712172950323,0.14835801460724457,50
E2_N8_snr10,B,in,1.0,end,0.5785308995804912,0.4947555060028499,50
E2_N8_snr10,B,in,1.0,post,0.4570546811210127,0.1855381235150378,50
E2_N8_snr10,B,in,1.0,pre,0.6138214075454589,0.14573286798373697,50
E2_N8_snr10,B,in,3.0,all,0.6335780804300244,0.1218991398054073,50
E2_N8_snr10,B,in,3.0,end,0.5605408502093184,0.4676072756212655,50
E2_N8_snr10,B,in,3.0,post,0.4503030104637854,0.17688325214983772,50
E2_N8_snr10,B,in,3.0,pre,0.7611714283487379,0.11088023377656606,50
E2_N8_snr10,B,in,10.0,all,0.7147414087765226,0.1068342042222652,50
E2_N8_snr10,B,in,10.0,end,0.552545258019246,0.45269773091252036,50
E2_N8_snr10,B,in,10.0,post,0.44855857387591364,0.17060498540589794,50
E2_N8_snr10,B,in,10.0,pre,0.8880433452276235,0.08903456166465924,50
E2_N8_snr10,B,in,30.0,all,0.7555300665692429,0.1016706816737467,50
E2_N8_snr10,B,in,30.0,end,0.550516580101735,0.44944621128666523,50
E2_N8_snr10,B,in,30.0,post,0.44858104008312516,0.16783527841754736,50
E2_N8_snr10,B,in,30.0,pre,0.9503964006388387,0.08051495620928259,50
E2_N8_snr10,B,in,100.0,all,0.7758584697802265,0.09961805160761156,50
E2_N8_snr10,B,in,100.0,end,0.5506981911352793,0.44934016550049577,50
E2_N8_snr10,B,in,100.0,post,0.4487533877375464,0.1665017128510771,50
E2_N8_snr10,B,in,100.0,pre,0.9811896461963739,0.07712910682131809,50
E2_N8_snr10,B,in,300.0,all,0.7831987956995156,0.09902027006681875,50
E2_N8_snr10,B,in,300.0,end,0.5514204177486897,0.4495683652471685,50
E2_N8_snr10,B,in,300.0,post,0.4488700179099198,0.16601445955338529,50
E2_N8_snr10,B,in,300.0,pre,0.9922380540862398,0.07626015411212807,50
E2_N8_snr10,B,in,1000.0,all,0.7860844343809015,0.09881973146975655,50
E2_N8_snr10,B,in,1000.0,end,0.5519163540197333,0.44969800377189634,50
E2_N8_snr10,B,in,1000.0,post,0.4489358383441633,0.1658173773733652,50
E2_N8_snr10,B,in,1000.0,pre,0.9965640329510143,0.07601875625613536,50
E2_N8_snr10,B,legs,0.0,all,0.46939185912551484,0.1833525361448295,50
E2_N8_snr10,B,legs,0.0,end,0.6337527795057223,0.548406248308192,50
E2_N8_snr10,B,legs,0.0,post,0.48148151028203123,0.19958402875754716,50
E2_N8_snr10,B,legs,0.0,pre,0.4640801700439676,0.1948260791986698,50
E2_N8_snr10,B,legs,0.01,all,0.46939185912551484,0.1833525361448295,50
E2_N8_snr10,B,legs,0.01,end,0.6337527795057223,0.548406248308192,50
E2_N8_snr10,B,legs,0.01,post,0.48148151028203123,0.19958402875754716,50
E2_N8_snr10,B,legs,0.01,pre,0.4640801700439676,0.1948260791986698,50
E2_N8_snr10,B,legs,0.03,all,0.46939185912551484,0.1833525361448295,50
E2_N8_snr10,B,legs,0.03,end,0.6337527795057223,0.548406248308192,50
E2_N8_snr10,B,legs,0.03,post,0.48148151028203123,0.19958402875754716,50
E2_N8_snr10,B,legs,0.03,pre,0.4640801700439676,0.1948260791986698,50
E2_N8_snr10,B,legs,0.1,all,0.46939185912551484,0.1833525361448295,50
E2_N8_snr10,B,legs,0.1,end,0.6337527795057223,0.548406248308192,50
E2_N8_snr10,B,legs,0.1,post,0.48148151028203123,0.19958402875754716,50
E2_N8_snr10,B,legs,0.1,pre,0.4640801700439676,0.1948260791986698,50
E2_N8_snr10,B,legs,0.3,all,0.46939185912551484,0.1833525361448295,50
E2_N8_snr10,B,legs,0.3,end,0.6337527795057223,0.548406248308192,50
E2_N8_snr10,B,legs,0.3,post,0.48148151028203123,0.19958402875754716,50
E2_N8_snr10,B,legs,0.3,pre,0.4640801700439676,0.1948260791986698,50
E2_N8_snr10,B,legs,1.0,all,0.46939185912551484,0.1833525361448295,50
E2_N8_snr10,B,legs,1.0,end,0.6337527795057223,0.548406248308192,50
E2_N8_snr10,B,legs,1.0,post,0.48148151028203123,0.19958402875754716,50
E2_N8_snr10,B,legs,1.0,pre,0.4640801700439676,0.1948260791986698,50
E2_N8_snr10,B,legs,3.0,all,0.46939185912551484,0.1833525361448295,50
E2_N8_snr10,B,legs,3.0,end,0.6337527795057223,0.548406248308192,50
E2_N8_snr10,B,legs,3.0,post,0.48148151028203123,0.19958402875754716,50
E2_N8_snr10,B,legs,3.0,pre,0.4640801700439676,0.1948260791986698,50
E2_N8_snr10,B,legs,10.0,all,0.46939185912551484,0.1833525361448295,50
E2_N8_snr10,B,legs,10.0,end,0.6337527795057223,0.548406248308192,50
E2_N8_snr10,B,legs,10.0,post,0.48148151028203123,0.19958402875754716,50
E2_N8_snr10,B,legs,10.0,pre,0.4640801700439676,0.1948260791986698,50
E2_N8_snr10,B,legs,30.0,all,0.46939185912551484,0.1833525361448295,50
E2_N8_snr10,B,legs,30.0,end,0.6337527795057223,0.548406248308192,50
E2_N8_snr10,B,legs,30.0,post,0.48148151028203123,0.19958402875754716,50
E2_N8_snr10,B,legs,30.0,pre,0.4640801700439676,0.1948260791986698,50
E2_N8_snr10,B,legs,100.0,all,0.46939185912551484,0.1833525361448295,50
E2_N8_snr10,B,legs,100.0,end,0.6337527795057223,0.548406248308192,50
E2_N8_snr10,B,legs,100.0,post,0.48148151028203123,0.19958402875754716,50
E2_N8_snr10,B,legs,100.0,pre,0.4640801700439676,0.1948260791986698,50
E2_N8_snr10,B,legs,300.0,all,0.46939185912551484,0.1833525361448295,50
E2_N8_snr10,B,legs,300.0,end,0.6337527795057223,0.548406248308192,50
E2_N8_snr10,B,legs,300.0,post,0.48148151028203123,0.19958402875754716,50
E2_N8_snr10,B,legs,300.0,pre,0.4640801700439676,0.1948260791986698,50
E2_N8_snr10,B,legs,1000.0,all,0.46939185912551484,0.1833525361448295,50
E2_N8_snr10,B,legs,1000.0,end,0.6337527795057223,0.548406248308192,50
E2_N8_snr10,B,legs,1000.0,post,0.48148151028203123,0.19958402875754716,50
E2_N8_snr10,B,legs,1000.0,pre,0.4640801700439676,0.1948260791986698,50
E2_N8_snr10,B,point,0.0,all,0.31633250368002463,0.0016285353827109753,50
E2_N8_snr10,B,point,0.0,end,0.4573185636004976,0.3729074582423901,50
E2_N8_snr10,B,point,0.0,post,0.3312473555930915,0.04111403079357642,50
E2_N8_snr10,B,point,0.0,pre,0.3145696786504193,0.03639862307563684,50
E2_N8_snr10,B,point,0.01,all,0.3143012256762766,0.001678585656570423,50
E2_N8_snr10,B,point,0.01,end,0.45432226264459097,0.3704890686939553,50
E2_N8_snr10,B,point,0.01,post,0.329063281509171,0.040836223178827444,50
E2_N8_snr10,B,point,0.01,pre,0.3126031401389319,0.03618683017919743,50
E2_N8_snr10,B,point,0.03,all,0.31063184196753757,0.0017902359271174766,50
E2_N8_snr10,B,point,0.03,end,0.4484880322340924,0.3657728677944407,50
E2_N8_snr10,B,point,0.03,post,0.32481295134005256,0.04030004113946795,50
E2_N8_snr10,B,point,0.03,pre,0.3093229079100238,0.03567971987543431,50
E2_N8_snr10,B,point,0.1,all,0.30146471863958435,0.0021585323677941175,50
E2_N8_snr10,B,point,0.1,end,0.42958502188140224,0.35042684788483225,50
E2_N8_snr10,B,point,0.1,post,0.3110634191739311,0.03860249302627065,50
E2_N8_snr10,B,point,0.1,pre,0.30386789399993774,0.033184638470374256,50
E2_N8_snr10,B,point,0.3,all,0.29735142189208585,0.008079544444559906,50
E2_N8_snr10,B,point,0.3,end,0.3857909910476867,0.31449542280146103,50
E2_N8_snr10,B,point,0.3,post,0.27933632160917626,0.03485228603358692,50
E2_N8_snr10,B,point,0.3,pre,0.3215755248310553,0.025018319520955526,50
E2_N8_snr10,B,point,1.0,all,0.3580939843894544,0.03488164999872155,50
E2_N8_snr10,B,point,1.0,end,0.29629449282466086,0.23953391447877084,50
E2_N8_snr10,B,point,1.0,post,0.21505768982470488,0.02748998329928331,50
E2_N8_snr10,B,point,1.0,pre,0.454471896070623,0.028267393524739674,50
E2_N8_snr10,B,point,3.0,all,0.48544312874843826,0.06019582723270528,50
E2_N8_snr10,B,point,3.0,end,0.2043759246563129,0.16120833575716112,50
E2_N8_snr10,B,point,3.0,post,0.1497786897902116,0.01951766141039562,50
E2_N8_snr10,B,point,3.0,pre,0.6588597743708527,0.037566444904469164,50
E2_N8_snr10,B,point,10.0,all,0.6044005053465464,0.0734855891412704,50
E2_N8_snr10,B,point,10.0,end,0.13831894516601076,0.10644045358458572,50
E2_N8_snr10,B,point,10.0,post,0.10320188283784264,0.013988224706410602,50
E2_N8_snr10,B,point,10.0,pre,0.8335784798396813,0.034468859893525806,50
E2_N8_snr10,B,point,30.0,all,0.6636232479648347,0.07780401215226211,50
E2_N8_snr10,B,point,30.0,end,0.11011867155971089,0.08285417267216111,50
E2_N8_snr10,B,point,30.0,post,0.08387854016522082,0.011575338803544829,50
E2_N8_snr10,B,point,30.0,pre,0.9183372001490768,0.028099953972980273,50
E2_N8_snr10,B,point,100.0,all,0.6931638859190019,0.07955123480145634,50
E2_N8_snr10,B,point,100.0,end,0.09895236146061916,0.07073299713431284,50
E2_N8_snr10,B,point,100.0,post,0.07687682500357357,0.009984757017693854,50
E2_N8_snr10,B,point,100.0,pre,0.9601709133607349,0.023478762060049996,50
E2_N8_snr10,B,point,300.0,all,0.7039345333927456,0.08034660072370894,50
E2_N8_snr10,B,point,300.0,end,0.0964685899686922,0.06709264262797437,50
E2_N8_snr10,B,point,300.0,post,0.07549429145932259,0.009625490605241616,50
E2_N8_snr10,B,point,300.0,pre,0.9753001992437502,0.02235422672430382,50
E2_N8_snr10,B,point,1000.0,all,0.7081984742895492,0.08075697985217259,50
E2_N8_snr10,B,point,1000.0,end,0.09601475313483519,0.06632354035095535,50
E2_N8_snr10,B,point,1000.0,post,0.07526140383604524,0.009573144491354988,50
E2_N8_snr10,B,point,1000.0,pre,0.9812609283924475,0.02236518075779669,50
