snapshots: train=24 val=4 test=3 nodes=255 output_dim=255
reserved 6976 MiB of GPU memory on cuda:0 in the caching allocator (requested 6976; now reserved 6982 MiB)
[epoch 1] {'epoch': 1, 'train_loss': 5.586986064910889} (best epoch -1, best val -inf)
[epoch 2] {'epoch': 2, 'train_loss': 4.217687129974365, 'val_ndcg': 0.42930707975850496, 'val_loss': 4.301219940185547, 'test_ndcg': 0.3930382539341836, 'test_loss': 4.4382476806640625} (best epoch 2, best val 0.4293)
[epoch 3] {'epoch': 3, 'train_loss': 4.114984035491943} (best epoch 2, best val 0.4293)
[epoch 4] {'epoch': 4, 'train_loss': 3.754343271255493, 'val_ndcg': 0.5776199768468457, 'val_loss': 3.9023730754852295, 'test_ndcg': 0.5184947579516997, 'test_loss': 4.1821160316467285} (best epoch 4, best val 0.5776)
[epoch 5] {'epoch': 5, 'train_loss': 3.5308919747670493} (best epoch 4, best val 0.5776)
[epoch 6] {'epoch': 6, 'train_loss': 3.3474435011545816, 'val_ndcg': 0.6386563292225518, 'val_loss': 3.7318267822265625, 'test_ndcg': 0.5776804857163249, 'test_loss': 4.040307521820068} (best epoch 6, best val 0.6387)
[epoch 7] {'epoch': 7, 'train_loss': 3.243766943613688} (best epoch 6, best val 0.6387)
[epoch 8] {'epoch': 8, 'train_loss': 3.172508637110392, 'val_ndcg': 0.6586404403975593, 'val_loss': 3.693887233734131, 'test_ndcg': 0.589816477212095, 'test_loss': 4.041877269744873} (best epoch 8, best val 0.6586)
[epoch 9] {'epoch': 9, 'train_loss': 3.1138198375701904} (best epoch 8, best val 0.6586)
[epoch 10] {'epoch': 10, 'train_loss': 3.0749000708262124, 'val_ndcg': 0.6830736870466426, 'val_loss': 3.630736827850342, 'test_ndcg': 0.618194895500714, 'test_loss': 4.0420379638671875} (best epoch 10, best val 0.6831)
[epoch 11] {'epoch': 11, 'train_loss': 3.0504206816355386} (best epoch 10, best val 0.6831)
[epoch 12] {'epoch': 12, 'train_loss': 3.1260581811269126, 'val_ndcg': 0.6772022118169313, 'val_loss': 3.663271427154541, 'test_ndcg': 0.6026472321275412, 'test_loss': 4.0854811668396} (best epoch 10, best val 0.6831)
[epoch 13] {'epoch': 13, 'train_loss': 3.0689634482065835} (best epoch 10, best val 0.6831)
[epoch 14] {'epoch': 14, 'train_loss': 3.112570365269979, 'val_ndcg': 0.6841133253153489, 'val_loss': 3.66691255569458, 'test_ndcg': 0.6087815708344451, 'test_loss': 4.104209899902344} (best epoch 14, best val 0.6841)
[epoch 15] {'epoch': 15, 'train_loss': 3.0522762139638266} (best epoch 14, best val 0.6841)
[epoch 16] {'epoch': 16, 'train_loss': 3.084564208984375, 'val_ndcg': 0.7031904694382477, 'val_loss': 3.6135385036468506, 'test_ndcg': 0.6326568758884868, 'test_loss': 4.037954330444336} (best epoch 16, best val 0.7032)
[epoch 17] {'epoch': 17, 'train_loss': 3.0149908860524497} (best epoch 16, best val 0.7032)
[epoch 18] {'epoch': 18, 'train_loss': 3.0170408884684243, 'val_ndcg': 0.6960092070773457, 'val_loss': 3.608870029449463, 'test_ndcg': 0.6232818364332285, 'test_loss': 4.045834064483643} (best epoch 16, best val 0.7032)
[epoch 19] {'epoch': 19, 'train_loss': 2.983201742172241} (best epoch 16, best val 0.7032)
[epoch 20] {'epoch': 20, 'train_loss': 2.9849538803100586, 'val_ndcg': 0.7133295790229571, 'val_loss': 3.5798373222351074, 'test_ndcg': 0.6299930576151604, 'test_loss': 4.042369365692139} (best epoch 20, best val 0.7133)
[epoch 21] {'epoch': 21, 'train_loss': 2.9511609077453613} (best epoch 20, best val 0.7133)
[epoch 22] {'epoch': 22, 'train_loss': 2.9448073705037436, 'val_ndcg': 0.7150068052655859, 'val_loss': 3.5549306869506836, 'test_ndcg': 0.6355232695457089, 'test_loss': 3.9954993724823} (best epoch 22, best val 0.7150)
[epoch 23] {'epoch': 23, 'train_loss': 2.943632205327352} (best epoch 22, best val 0.7150)
[epoch 24] {'epoch': 24, 'train_loss': 2.9287418524424234, 'val_ndcg': 0.7144708267640865, 'val_loss': 3.5516018867492676, 'test_ndcg': 0.6348173812765423, 'test_loss': 4.021941184997559} (best epoch 22, best val 0.7150)
[epoch 25] {'epoch': 25, 'train_loss': 2.8986786206563315} (best epoch 22, best val 0.7150)
[epoch 26] {'epoch': 26, 'train_loss': 2.9823381900787354, 'val_ndcg': 0.6984543557866988, 'val_loss': 3.6139190196990967, 'test_ndcg': 0.6186366021246262, 'test_loss': 4.0720438957214355} (best epoch 22, best val 0.7150)
[epoch 27] {'epoch': 27, 'train_loss': 2.9709108670552573} (best epoch 22, best val 0.7150)
[epoch 28] {'epoch': 28, 'train_loss': 2.9486664136250815, 'val_ndcg': 0.7072136367749801, 'val_loss': 3.568875312805176, 'test_ndcg': 0.6267377480547965, 'test_loss': 4.0277814865112305} (best epoch 22, best val 0.7150)
[epoch 29] {'epoch': 29, 'train_loss': 2.9132819175720215} (best epoch 22, best val 0.7150)
[epoch 30] {'epoch': 30, 'train_loss': 2.921078681945801, 'val_ndcg': 0.708283348691455, 'val_loss': 3.5620906352996826, 'test_ndcg': 0.620378674726775, 'test_loss': 4.045219421386719} (best epoch 22, best val 0.7150)
[epoch 31] {'epoch': 31, 'train_loss': 2.897588094075521} (best epoch 22, best val 0.7150)
[epoch 32] {'epoch': 32, 'train_loss': 2.8980486392974854, 'val_ndcg': 0.7256670736622917, 'val_loss': 3.534228801727295, 'test_ndcg': 0.6432426593598435, 'test_loss': 3.9643948078155518} (best epoch 32, best val 0.7257)
[epoch 33] {'epoch': 33, 'train_loss': 2.865765651067098} (best epoch 32, best val 0.7257)
[epoch 34] {'epoch': 34, 'train_loss': 2.844173034032186, 'val_ndcg': 0.7003345147534683, 'val_loss': 3.5694239139556885, 'test_ndcg': 0.6214062887720824, 'test_loss': 4.0215301513671875} (best epoch 32, best val 0.7257)
[epoch 35] {'epoch': 35, 'train_loss': 2.9363671938578286} (best epoch 32, best val 0.7257)
[epoch 36] {'epoch': 36, 'train_loss': 2.985651969909668, 'val_ndcg': 0.7179008574499687, 'val_loss': 3.5477004051208496, 'test_ndcg': 0.6414994699153292, 'test_loss': 3.993180513381958} (best epoch 32, best val 0.7257)
[epoch 37] {'epoch': 37, 'train_loss': 2.9624106884002686} (best epoch 32, best val 0.7257)
[epoch 38] {'epoch': 38, 'train_loss': 2.9120636781056723, 'val_ndcg': 0.7148795704552666, 'val_loss': 3.5408811569213867, 'test_ndcg': 0.6334336913689876, 'test_loss': 3.9865148067474365} (best epoch 32, best val 0.7257)
[epoch 39] {'epoch': 39, 'train_loss': 2.8719984690348306} (best epoch 32, best val 0.7257)
[epoch 40] {'epoch': 40, 'train_loss': 2.8350626627604165, 'val_ndcg': 0.7092337598815467, 'val_loss': 3.5215086936950684, 'test_ndcg': 0.6266298921677887, 'test_loss': 4.002295970916748} (best epoch 32, best val 0.7257)
[epoch 41] {'epoch': 41, 'train_loss': 2.7956043084462485} (best epoch 32, best val 0.7257)
[epoch 42] {'epoch': 42, 'train_loss': 2.786663850148519, 'val_ndcg': 0.732226969666133, 'val_loss': 3.50710129737854, 'test_ndcg': 0.6387435361092036, 'test_loss': 4.010852813720703} (best epoch 42, best val 0.7322)
[epoch 43] {'epoch': 43, 'train_loss': 2.7655818462371826} (best epoch 42, best val 0.7322)
[epoch 44] {'epoch': 44, 'train_loss': 2.8550287882486978, 'val_ndcg': 0.7162374530741795, 'val_loss': 3.5400142669677734, 'test_ndcg': 0.6322113713046128, 'test_loss': 4.032825469970703} (best epoch 42, best val 0.7322)
[epoch 45] {'epoch': 45, 'train_loss': 2.8169453144073486} (best epoch 42, best val 0.7322)
[epoch 46] {'epoch': 46, 'train_loss': 2.823890447616577, 'val_ndcg': 0.7297541353630093, 'val_loss': 3.5074687004089355, 'test_ndcg': 0.6424525187147317, 'test_loss': 4.005920886993408} (best epoch 42, best val 0.7322)
[epoch 47] {'epoch': 47, 'train_loss': 2.8864006201426187} (best epoch 42, best val 0.7322)
[epoch 48] {'epoch': 48, 'train_loss': 2.8539408842722573, 'val_ndcg': 0.7159172885390118, 'val_loss': 3.514234781265259, 'test_ndcg': 0.6321378853334005, 'test_loss': 3.958153009414673} (best epoch 42, best val 0.7322)
[epoch 49] {'epoch': 49, 'train_loss': 2.831711451212565} (best epoch 42, best val 0.7322)
[epoch 50] {'epoch': 50, 'train_loss': 2.810745636622111, 'val_ndcg': 0.7228478485212348, 'val_loss': 3.4922420978546143, 'test_ndcg': 0.6433842675472249, 'test_loss': 3.921765089035034} (best epoch 42, best val 0.7322)
[epoch 51] {'epoch': 51, 'train_loss': 2.7906293074289956} (best epoch 42, best val 0.7322)
[epoch 52] {'epoch': 52, 'train_loss': 2.783097585042318, 'val_ndcg': 0.7302197483552691, 'val_loss': 3.4869790077209473, 'test_ndcg': 0.6493146954226809, 'test_loss': 3.9140312671661377} (best epoch 42, best val 0.7322)
[epoch 53] {'epoch': 53, 'train_loss': 2.7615391413370767} (best epoch 42, best val 0.7322)
[epoch 54] {'epoch': 54, 'train_loss': 2.7430376211802163, 'val_ndcg': 0.7270469129880149, 'val_loss': 3.4826502799987793, 'test_ndcg': 0.6499406085278018, 'test_loss': 3.893273115158081} (best epoch 42, best val 0.7322)
[epoch 55] {'epoch': 55, 'train_loss': 2.729345957438151} (best epoch 42, best val 0.7322)
[epoch 56] {'epoch': 56, 'train_loss': 2.735113779703776, 'val_ndcg': 0.7318223307595152, 'val_loss': 3.474860429763794, 'test_ndcg': 0.6560681418784803, 'test_loss': 3.8889195919036865} (best epoch 42, best val 0.7322)
[epoch 57] {'epoch': 57, 'train_loss': 2.7240475018819175} (best epoch 42, best val 0.7322)
[epoch 58] {'epoch': 58, 'train_loss': 2.687689463297526, 'val_ndcg': 0.7460948584794045, 'val_loss': 3.462991714477539, 'test_ndcg': 0.6623143700362528, 'test_loss': 3.889633893966675} (best epoch 58, best val 0.7461)
[epoch 59] {'epoch': 59, 'train_loss': 2.67840043703715} (best epoch 58, best val 0.7461)
[epoch 60] {'epoch': 60, 'train_loss': 2.668379465738932, 'val_ndcg': 0.7380273273582497, 'val_loss': 3.4707555770874023, 'test_ndcg': 0.6550317630721075, 'test_loss': 3.889585494995117} (best epoch 58, best val 0.7461)
[epoch 61] {'epoch': 61, 'train_loss': 2.6712098121643066} (best epoch 58, best val 0.7461)
[epoch 62] {'epoch': 62, 'train_loss': 2.651998519897461, 'val_ndcg': 0.7327044086950032, 'val_loss': 3.481121778488159, 'test_ndcg': 0.6392693415557247, 'test_loss': 3.9169352054595947} (best epoch 58, best val 0.7461)
[epoch 63] {'epoch': 63, 'train_loss': 2.6985252698262534} (best epoch 58, best val 0.7461)
[epoch 64] {'epoch': 64, 'train_loss': 2.66998020807902, 'val_ndcg': 0.7374124356215366, 'val_loss': 3.4805328845977783, 'test_ndcg': 0.6498174462070114, 'test_loss': 3.9104526042938232} (best epoch 58, best val 0.7461)
[epoch 65] {'epoch': 65, 'train_loss': 2.6825574239095054} (best epoch 58, best val 0.7461)
[epoch 66] {'epoch': 66, 'train_loss': 2.692864179611206, 'val_ndcg': 0.725960134851128, 'val_loss': 3.507166862487793, 'test_ndcg': 0.6438805470477366, 'test_loss': 3.9308109283447266} (best epoch 58, best val 0.7461)
[epoch 67] {'epoch': 67, 'train_loss': 2.701845328013102} (best epoch 58, best val 0.7461)
[epoch 68] {'epoch': 68, 'train_loss': 2.770578702290853, 'val_ndcg': 0.7336150917353603, 'val_loss': 3.4908132553100586, 'test_ndcg': 0.6468974626619366, 'test_loss': 3.9368629455566406} (best epoch 58, best val 0.7461)
[epoch 69] {'epoch': 69, 'train_loss': 2.721689780553182} (best epoch 58, best val 0.7461)
[epoch 70] {'epoch': 70, 'train_loss': 2.7383956909179688, 'val_ndcg': 0.7295304244712588, 'val_loss': 3.495798349380493, 'test_ndcg': 0.6505992472248626, 'test_loss': 3.9174277782440186} (best epoch 58, best val 0.7461)
[epoch 71] {'epoch': 71, 'train_loss': 2.7257254918416343} (best epoch 58, best val 0.7461)
[epoch 72] {'epoch': 72, 'train_loss': 2.735421816507975, 'val_ndcg': 0.7304116895214497, 'val_loss': 3.4878928661346436, 'test_ndcg': 0.648783074644799, 'test_loss': 3.910547971725464} (best epoch 58, best val 0.7461)
[epoch 73] {'epoch': 73, 'train_loss': 2.714463949203491} (best epoch 58, best val 0.7461)
[epoch 74] {'epoch': 74, 'train_loss': 2.725201447804769, 'val_ndcg': 0.7065128721230182, 'val_loss': 3.5718908309936523, 'test_ndcg': 0.625338569021356, 'test_loss': 4.004879474639893} (best epoch 58, best val 0.7461)
[epoch 75] {'epoch': 75, 'train_loss': 2.6938103834788003} (best epoch 58, best val 0.7461)
[epoch 76] {'epoch': 76, 'train_loss': 2.6969550450642905, 'val_ndcg': 0.7087729883728145, 'val_loss': 3.5512607097625732, 'test_ndcg': 0.6243309610749289, 'test_loss': 3.992494583129883} (best epoch 58, best val 0.7461)
[epoch 77] {'epoch': 77, 'train_loss': 2.683100938796997} (best epoch 58, best val 0.7461)
[epoch 78] {'epoch': 78, 'train_loss': 2.68718687693278, 'val_ndcg': 0.7204591710758181, 'val_loss': 3.5274267196655273, 'test_ndcg': 0.6300019982827054, 'test_loss': 3.9725379943847656} (best epoch 58, best val 0.7461)
[epoch 79] {'epoch': 79, 'train_loss': 2.655627965927124} (best epoch 58, best val 0.7461)
[epoch 80] {'epoch': 80, 'train_loss': 2.676156918207804, 'val_ndcg': 0.7270053902871093, 'val_loss': 3.49202036857605, 'test_ndcg': 0.6493351023147175, 'test_loss': 3.8995578289031982} (best epoch 58, best val 0.7461)
[epoch 81] {'epoch': 81, 'train_loss': 2.6811256408691406} (best epoch 58, best val 0.7461)
[epoch 82] {'epoch': 82, 'train_loss': 2.6500538984934487, 'val_ndcg': 0.7250350778607996, 'val_loss': 3.4763267040252686, 'test_ndcg': 0.6461695788275365, 'test_loss': 3.8715240955352783} (best epoch 58, best val 0.7461)
[epoch 83] {'epoch': 83, 'train_loss': 2.662347396214803} (best epoch 58, best val 0.7461)
[epoch 84] {'epoch': 84, 'train_loss': 2.6531506379445395, 'val_ndcg': 0.7290484433346949, 'val_loss': 3.4737050533294678, 'test_ndcg': 0.6535392123604122, 'test_loss': 3.8663177490234375} (best epoch 58, best val 0.7461)
[epoch 85] {'epoch': 85, 'train_loss': 2.6263903776804605} (best epoch 58, best val 0.7461)
[epoch 86] {'epoch': 86, 'train_loss': 2.634742021560669, 'val_ndcg': 0.7373892563791898, 'val_loss': 3.4489524364471436, 'test_ndcg': 0.6442087641752892, 'test_loss': 3.8474483489990234} (best epoch 58, best val 0.7461)
[epoch 87] {'epoch': 87, 'train_loss': 2.618617375691732} (best epoch 58, best val 0.7461)
[epoch 88] {'epoch': 88, 'train_loss': 2.6280062198638916, 'val_ndcg': 0.7322866488902916, 'val_loss': 3.485264778137207, 'test_ndcg': 0.654635575252367, 'test_loss': 3.8442935943603516} (best epoch 58, best val 0.7461)
[epoch 89] {'epoch': 89, 'train_loss': 2.5951438744862876} (best epoch 58, best val 0.7461)
[epoch 90] {'epoch': 90, 'train_loss': 2.638394037882487, 'val_ndcg': 0.7176140766428283, 'val_loss': 3.5302047729492188, 'test_ndcg': 0.6206770813660892, 'test_loss': 3.9386072158813477} (best epoch 58, best val 0.7461)
[epoch 91] {'epoch': 91, 'train_loss': 2.645020325978597} (best epoch 58, best val 0.7461)
[epoch 92] {'epoch': 92, 'train_loss': 2.6350954373677573, 'val_ndcg': 0.7216823132969135, 'val_loss': 3.497727870941162, 'test_ndcg': 0.6398221099795894, 'test_loss': 3.904282331466675} (best epoch 58, best val 0.7461)
[epoch 93] {'epoch': 93, 'train_loss': 2.6016972859700522} (best epoch 58, best val 0.7461)
[epoch 94] {'epoch': 94, 'train_loss': 2.595755656560262, 'val_ndcg': 0.7238445013951937, 'val_loss': 3.4909539222717285, 'test_ndcg': 0.6386363397200286, 'test_loss': 3.867759943008423} (best epoch 58, best val 0.7461)
[epoch 95] {'epoch': 95, 'train_loss': 2.5672695636749268} (best epoch 58, best val 0.7461)
[epoch 96] {'epoch': 96, 'train_loss': 2.5750702222188315, 'val_ndcg': 0.7389825603182224, 'val_loss': 3.465496778488159, 'test_ndcg': 0.6556801389778378, 'test_loss': 3.8592822551727295} (best epoch 58, best val 0.7461)
[epoch 97] {'epoch': 97, 'train_loss': 2.5715229511260986} (best epoch 58, best val 0.7461)
[epoch 98] {'epoch': 98, 'train_loss': 2.55963134765625, 'val_ndcg': 0.7395109852250864, 'val_loss': 3.467442274093628, 'test_ndcg': 0.6596592703494505, 'test_loss': 3.873450517654419} (best epoch 58, best val 0.7461)
[epoch 99] {'epoch': 99, 'train_loss': 2.5599615573883057} (best epoch 58, best val 0.7461)
[epoch 100] {'epoch': 100, 'train_loss': 2.5523077646891275, 'val_ndcg': 0.7408934124547908, 'val_loss': 3.4552905559539795, 'test_ndcg': 0.6534401704720011, 'test_loss': 3.8478152751922607} (best epoch 58, best val 0.7461)
[epoch 101] {'epoch': 101, 'train_loss': 2.5371967951456704} (best epoch 58, best val 0.7461)
[epoch 102] {'epoch': 102, 'train_loss': 2.5209503173828125, 'val_ndcg': 0.7314152325411936, 'val_loss': 3.482905387878418, 'test_ndcg': 0.6508325779925571, 'test_loss': 3.8839242458343506} (best epoch 58, best val 0.7461)
[epoch 103] {'epoch': 103, 'train_loss': 2.5563882986704507} (best epoch 58, best val 0.7461)
[epoch 104] {'epoch': 104, 'train_loss': 2.577395518620809, 'val_ndcg': 0.7333653776694243, 'val_loss': 3.473682165145874, 'test_ndcg': 0.6547744883908827, 'test_loss': 3.8753535747528076} (best epoch 58, best val 0.7461)
[epoch 105] {'epoch': 105, 'train_loss': 2.54360294342041} (best epoch 58, best val 0.7461)
[epoch 106] {'epoch': 106, 'train_loss': 2.5642847220102944, 'val_ndcg': 0.7334991497496209, 'val_loss': 3.504542589187622, 'test_ndcg': 0.6492827457512106, 'test_loss': 3.929579496383667} (best epoch 58, best val 0.7461)
[epoch 107] {'epoch': 107, 'train_loss': 2.5650696754455566} (best epoch 58, best val 0.7461)
[epoch 108] {'epoch': 108, 'train_loss': 2.548004468282064, 'val_ndcg': 0.7267740838398891, 'val_loss': 3.496788501739502, 'test_ndcg': 0.6398460173986878, 'test_loss': 3.9010841846466064} (best epoch 58, best val 0.7461)
[epoch 109] {'epoch': 109, 'train_loss': 2.534031788508097} (best epoch 58, best val 0.7461)
[epoch 110] {'epoch': 110, 'train_loss': 2.51991605758667, 'val_ndcg': 0.7326727864000832, 'val_loss': 3.479159116744995, 'test_ndcg': 0.6463381998251542, 'test_loss': 3.863009214401245} (best epoch 58, best val 0.7461)
[epoch 111] {'epoch': 111, 'train_loss': 2.49590531984965} (best epoch 58, best val 0.7461)
[epoch 112] {'epoch': 112, 'train_loss': 2.524585564931234, 'val_ndcg': 0.7348212679198911, 'val_loss': 3.4650723934173584, 'test_ndcg': 0.6475757034262152, 'test_loss': 3.840777635574341} (best epoch 58, best val 0.7461)
[epoch 113] {'epoch': 113, 'train_loss': 2.5099807580312095} (best epoch 58, best val 0.7461)
[epoch 114] {'epoch': 114, 'train_loss': 2.5910980701446533, 'val_ndcg': 0.7342355552331066, 'val_loss': 3.483428478240967, 'test_ndcg': 0.645017859333849, 'test_loss': 3.848801612854004} (best epoch 58, best val 0.7461)
[epoch 115] {'epoch': 115, 'train_loss': 2.6038190523783364} (best epoch 58, best val 0.7461)
[epoch 116] {'epoch': 116, 'train_loss': 2.648813247680664, 'val_ndcg': 0.7274157565105344, 'val_loss': 3.492636203765869, 'test_ndcg': 0.6478739751599656, 'test_loss': 3.860445976257324} (best epoch 58, best val 0.7461)
[epoch 117] {'epoch': 117, 'train_loss': 2.5957001050313315} (best epoch 58, best val 0.7461)
[epoch 118] {'epoch': 118, 'train_loss': 2.624462683995565, 'val_ndcg': 0.7277713734267082, 'val_loss': 3.518648862838745, 'test_ndcg': 0.6491664029350731, 'test_loss': 3.8962786197662354, 'early_stopped': True} (early stop; best epoch 58)
seed 43: val=0.7414 test=0.6561 best_epoch=58 (315.4 min)
[epoch 1] {'epoch': 1, 'train_loss': 6.136576175689697} (best epoch -1, best val -inf)
[epoch 2] {'epoch': 2, 'train_loss': 4.694021701812744, 'val_ndcg': 0.42507009036290233, 'val_loss': 4.489043235778809, 'test_ndcg': 0.3874394640791532, 'test_loss': 4.70466423034668} (best epoch 2, best val 0.4251)
[epoch 3] {'epoch': 3, 'train_loss': 4.199721813201904} (best epoch 2, best val 0.4251)
[epoch 4] {'epoch': 4, 'train_loss': 3.7854533195495605, 'val_ndcg': 0.5601636330505368, 'val_loss': 3.947556257247925, 'test_ndcg': 0.4934939516160801, 'test_loss': 4.203001022338867} (best epoch 4, best val 0.5602)
[epoch 5] {'epoch': 5, 'train_loss': 3.635326306025187} (best epoch 4, best val 0.5602)
[epoch 6] {'epoch': 6, 'train_loss': 3.42337703704834, 'val_ndcg': 0.6218346422580834, 'val_loss': 3.7811496257781982, 'test_ndcg': 0.5493955608547845, 'test_loss': 4.118009567260742} (best epoch 6, best val 0.6218)
[epoch 7] {'epoch': 7, 'train_loss': 3.3084917068481445} (best epoch 6, best val 0.6218)
[epoch 8] {'epoch': 8, 'train_loss': 3.2675923506418862, 'val_ndcg': 0.6545322681193678, 'val_loss': 3.725698232650757, 'test_ndcg': 0.590845627660047, 'test_loss': 4.097815036773682} (best epoch 8, best val 0.6545)
[epoch 9] {'epoch': 9, 'train_loss': 3.198823849360148} (best epoch 8, best val 0.6545)
[epoch 10] {'epoch': 10, 'train_loss': 3.1653037071228027, 'val_ndcg': 0.6678513641316821, 'val_loss': 3.686903476715088, 'test_ndcg': 0.5970609038645496, 'test_loss': 4.105655670166016} (best epoch 10, best val 0.6679)
[epoch 11] {'epoch': 11, 'train_loss': 3.095184008280436} (best epoch 10, best val 0.6679)
[epoch 12] {'epoch': 12, 'train_loss': 3.0639354387919107, 'val_ndcg': 0.686983224794882, 'val_loss': 3.635383129119873, 'test_ndcg': 0.6150695617187728, 'test_loss': 4.06710958480835} (best epoch 12, best val 0.6870)
[epoch 13] {'epoch': 13, 'train_loss': 3.0222973028818765} (best epoch 12, best val 0.6870)
[epoch 14] {'epoch': 14, 'train_loss': 2.9926253954569497, 'val_ndcg': 0.6891493489965187, 'val_loss': 3.623006582260132, 'test_ndcg': 0.617275910252467, 'test_loss': 4.065256595611572} (best epoch 14, best val 0.6891)
[epoch 15] {'epoch': 15, 'train_loss': 2.961477359135946} (best epoch 14, best val 0.6891)
[epoch 16] {'epoch': 16, 'train_loss': 2.9613215923309326, 'val_ndcg': 0.6929203443417378, 'val_loss': 3.622887134552002, 'test_ndcg': 0.6198855973130132, 'test_loss': 4.069643497467041} (best epoch 16, best val 0.6929)
[epoch 17] {'epoch': 17, 'train_loss': 2.960273822148641} (best epoch 16, best val 0.6929)
[epoch 18] {'epoch': 18, 'train_loss': 2.9439432621002197, 'val_ndcg': 0.6912835721235451, 'val_loss': 3.6170520782470703, 'test_ndcg': 0.617702215335358, 'test_loss': 4.05230188369751} (best epoch 16, best val 0.6929)
[epoch 19] {'epoch': 19, 'train_loss': 2.97727378209432} (best epoch 16, best val 0.6929)
[epoch 20] {'epoch': 20, 'train_loss': 2.941893974939982, 'val_ndcg': 0.6737099031399401, 'val_loss': 3.6775972843170166, 'test_ndcg': 0.6028931801334673, 'test_loss': 4.113343715667725} (best epoch 16, best val 0.6929)
[epoch 21] {'epoch': 21, 'train_loss': 3.0756277243296304} (best epoch 16, best val 0.6929)
[epoch 22] {'epoch': 22, 'train_loss': 3.0165536403656006, 'val_ndcg': 0.6586091165117187, 'val_loss': 3.766700506210327, 'test_ndcg': 0.5890279283764704, 'test_loss': 4.208033084869385} (best epoch 16, best val 0.6929)
[epoch 23] {'epoch': 23, 'train_loss': 2.973174492518107} (best epoch 16, best val 0.6929)
[epoch 24] {'epoch': 24, 'train_loss': 2.995611588160197, 'val_ndcg': 0.6944270291997727, 'val_loss': 3.6150777339935303, 'test_ndcg': 0.6230808332902159, 'test_loss': 4.0387959480285645} (best epoch 24, best val 0.6944)
[epoch 25] {'epoch': 25, 'train_loss': 2.963998715082804} (best epoch 24, best val 0.6944)
[epoch 26] {'epoch': 26, 'train_loss': 2.905259609222412, 'val_ndcg': 0.7094853306563033, 'val_loss': 3.5807971954345703, 'test_ndcg': 0.6345270212443581, 'test_loss': 4.028025150299072} (best epoch 26, best val 0.7095)
[epoch 27] {'epoch': 27, 'train_loss': 2.8874959150950112} (best epoch 26, best val 0.7095)
[epoch 28] {'epoch': 28, 'train_loss': 2.8878955841064453, 'val_ndcg': 0.7101434883987356, 'val_loss': 3.5473568439483643, 'test_ndcg': 0.627580600535031, 'test_loss': 3.9890851974487305} (best epoch 28, best val 0.7101)
[epoch 29] {'epoch': 29, 'train_loss': 2.960868755976359} (best epoch 28, best val 0.7101)
[epoch 30] {'epoch': 30, 'train_loss': 2.9565290609995523, 'val_ndcg': 0.6978986062336451, 'val_loss': 3.5913918018341064, 'test_ndcg': 0.6228217895871594, 'test_loss': 4.031792163848877} (best epoch 28, best val 0.7101)
[epoch 31] {'epoch': 31, 'train_loss': 2.9496266841888428} (best epoch 28, best val 0.7101)
[epoch 32] {'epoch': 32, 'train_loss': 2.908022085825602, 'val_ndcg': 0.6973217471559046, 'val_loss': 3.5978968143463135, 'test_ndcg': 0.6188402360077009, 'test_loss': 4.07614803314209} (best epoch 28, best val 0.7101)
[epoch 33] {'epoch': 33, 'train_loss': 2.959322532018026} (best epoch 28, best val 0.7101)
[epoch 34] {'epoch': 34, 'train_loss': 2.9112934271494546, 'val_ndcg': 0.6994089316127692, 'val_loss': 3.5962324142456055, 'test_ndcg': 0.6264944347500062, 'test_loss': 4.025108814239502} (best epoch 28, best val 0.7101)
[epoch 35] {'epoch': 35, 'train_loss': 2.843008359273275} (best epoch 28, best val 0.7101)
[epoch 36] {'epoch': 36, 'train_loss': 2.8306976159413657, 'val_ndcg': 0.7254127573285634, 'val_loss': 3.521512508392334, 'test_ndcg': 0.6374394918554899, 'test_loss': 3.978496551513672} (best epoch 36, best val 0.7254)
[epoch 37] {'epoch': 37, 'train_loss': 2.8185743490854898} (best epoch 36, best val 0.7254)
[epoch 38] {'epoch': 38, 'train_loss': 2.802245855331421, 'val_ndcg': 0.7200644352313781, 'val_loss': 3.5276565551757812, 'test_ndcg': 0.6364525576881768, 'test_loss': 3.9861974716186523} (best epoch 36, best val 0.7254)
[epoch 39] {'epoch': 39, 'train_loss': 2.7801257769266763} (best epoch 36, best val 0.7254)
[epoch 40] {'epoch': 40, 'train_loss': 2.7917798360188804, 'val_ndcg': 0.7110757308675214, 'val_loss': 3.5292294025421143, 'test_ndcg': 0.6309144290963039, 'test_loss': 3.9870450496673584} (best epoch 36, best val 0.7254)
[epoch 41] {'epoch': 41, 'train_loss': 2.7675342559814453} (best epoch 36, best val 0.7254)
[epoch 42] {'epoch': 42, 'train_loss': 2.8104169368743896, 'val_ndcg': 0.7039192103456844, 'val_loss': 3.5556721687316895, 'test_ndcg': 0.6275307183820956, 'test_loss': 4.005083084106445} (best epoch 36, best val 0.7254)
[epoch 43] {'epoch': 43, 'train_loss': 2.7717419465382895} (best epoch 36, best val 0.7254)
[epoch 44] {'epoch': 44, 'train_loss': 2.760186274846395, 'val_ndcg': 0.6782846966502925, 'val_loss': 3.604307174682617, 'test_ndcg': 0.6042932678546663, 'test_loss': 4.041878700256348} (best epoch 36, best val 0.7254)
[epoch 45] {'epoch': 45, 'train_loss': 2.8436082204182944} (best epoch 36, best val 0.7254)
[epoch 46] {'epoch': 46, 'train_loss': 2.862497091293335, 'val_ndcg': 0.7213673875295383, 'val_loss': 3.5012667179107666, 'test_ndcg': 0.6464980472372016, 'test_loss': 3.951984405517578} (best epoch 36, best val 0.7254)
[epoch 47] {'epoch': 47, 'train_loss': 2.8452202479044595} (best epoch 36, best val 0.7254)
[epoch 48] {'epoch': 48, 'train_loss': 2.8047863642374673, 'val_ndcg': 0.6874528941021042, 'val_loss': 3.622514247894287, 'test_ndcg': 0.6056264806614737, 'test_loss': 4.071647644042969} (best epoch 36, best val 0.7254)
[epoch 49] {'epoch': 49, 'train_loss': 2.9075170358022056} (best epoch 36, best val 0.7254)
[epoch 50] {'epoch': 50, 'train_loss': 2.8361663023630777, 'val_ndcg': 0.7102404911751239, 'val_loss': 3.577592611312866, 'test_ndcg': 0.6248420535365525, 'test_loss': 4.043029308319092} (best epoch 36, best val 0.7254)
[epoch 51] {'epoch': 51, 'train_loss': 2.787411371866862} (best epoch 36, best val 0.7254)
[epoch 52] {'epoch': 52, 'train_loss': 2.81742270787557, 'val_ndcg': 0.7115373213082201, 'val_loss': 3.53039288520813, 'test_ndcg': 0.6335885385210438, 'test_loss': 3.9697043895721436} (best epoch 36, best val 0.7254)
[epoch 53] {'epoch': 53, 'train_loss': 2.7777175903320312} (best epoch 36, best val 0.7254)
[epoch 54] {'epoch': 54, 'train_loss': 2.8101344108581543, 'val_ndcg': 0.7092683627565262, 'val_loss': 3.5530033111572266, 'test_ndcg': 0.63167048537449, 'test_loss': 4.007211208343506} (best epoch 36, best val 0.7254)
[epoch 55] {'epoch': 55, 'train_loss': 2.8053456942240396} (best epoch 36, best val 0.7254)
[epoch 56] {'epoch': 56, 'train_loss': 2.7762332757314048, 'val_ndcg': 0.6920048757601923, 'val_loss': 3.5726494789123535, 'test_ndcg': 0.6155533268011544, 'test_loss': 4.009488105773926} (best epoch 36, best val 0.7254)
[epoch 57] {'epoch': 57, 'train_loss': 2.8355699380238852} (best epoch 36, best val 0.7254)
[epoch 58] {'epoch': 58, 'train_loss': 2.833287159601847, 'val_ndcg': 0.7049826099579544, 'val_loss': 3.5805938243865967, 'test_ndcg': 0.6214688428784032, 'test_loss': 4.036584377288818} (best epoch 36, best val 0.7254)
[epoch 59] {'epoch': 59, 'train_loss': 2.7606008052825928} (best epoch 36, best val 0.7254)
[epoch 60] {'epoch': 60, 'train_loss': 2.739481767018636, 'val_ndcg': 0.7262809605761443, 'val_loss': 3.499891519546509, 'test_ndcg': 0.64477345903708, 'test_loss': 3.9488131999969482} (best epoch 60, best val 0.7263)
[epoch 61] {'epoch': 61, 'train_loss': 2.719491799672445} (best epoch 60, best val 0.7263)
[epoch 62] {'epoch': 62, 'train_loss': 2.6824713548024497, 'val_ndcg': 0.7285929990844104, 'val_loss': 3.4803786277770996, 'test_ndcg': 0.6490165622653313, 'test_loss': 3.926558256149292} (best epoch 62, best val 0.7286)
[epoch 63] {'epoch': 63, 'train_loss': 2.6674468517303467} (best epoch 62, best val 0.7286)
[epoch 64] {'epoch': 64, 'train_loss': 2.679286162058512, 'val_ndcg': 0.7325305088530425, 'val_loss': 3.4692440032958984, 'test_ndcg': 0.6487257599930287, 'test_loss': 3.9146738052368164} (best epoch 64, best val 0.7325)
[epoch 65] {'epoch': 65, 'train_loss': 2.6661158402760825} (best epoch 64, best val 0.7325)
[epoch 66] {'epoch': 66, 'train_loss': 2.6603314876556396, 'val_ndcg': 0.7331116140653459, 'val_loss': 3.4682061672210693, 'test_ndcg': 0.6492293946666966, 'test_loss': 3.9270620346069336} (best epoch 66, best val 0.7331)
[epoch 67] {'epoch': 67, 'train_loss': 2.6538093090057373} (best epoch 66, best val 0.7331)
[epoch 68] {'epoch': 68, 'train_loss': 2.707537810007731, 'val_ndcg': 0.7019137069537003, 'val_loss': 3.546386241912842, 'test_ndcg': 0.6316390628235459, 'test_loss': 3.9246394634246826} (best epoch 66, best val 0.7331)
[epoch 69] {'epoch': 69, 'train_loss': 2.688304583231608} (best epoch 66, best val 0.7331)
[epoch 70] {'epoch': 70, 'train_loss': 2.7143747011820474, 'val_ndcg': 0.6788826208002916, 'val_loss': 3.5998024940490723, 'test_ndcg': 0.6056212193708718, 'test_loss': 4.0214691162109375} (best epoch 66, best val 0.7331)
[epoch 71] {'epoch': 71, 'train_loss': 2.836461861928304} (best epoch 66, best val 0.7331)
[epoch 72] {'epoch': 72, 'train_loss': 2.7781294186909995, 'val_ndcg': 0.7123830239232315, 'val_loss': 3.571368455886841, 'test_ndcg': 0.6306925048088095, 'test_loss': 4.040711879730225} (best epoch 66, best val 0.7331)
[epoch 73] {'epoch': 73, 'train_loss': 2.710377852121989} (best epoch 66, best val 0.7331)
[epoch 74] {'epoch': 74, 'train_loss': 2.688088575998942, 'val_ndcg': 0.7073111432304987, 'val_loss': 3.547133684158325, 'test_ndcg': 0.6277644066749487, 'test_loss': 3.999567747116089} (best epoch 66, best val 0.7331)
[epoch 75] {'epoch': 75, 'train_loss': 2.7078231970469155} (best epoch 66, best val 0.7331)
[epoch 76] {'epoch': 76, 'train_loss': 2.7030595938364663, 'val_ndcg': 0.7080339276799089, 'val_loss': 3.567199468612671, 'test_ndcg': 0.6267290625561174, 'test_loss': 4.025674819946289} (best epoch 66, best val 0.7331)
[epoch 77] {'epoch': 77, 'train_loss': 2.714541514714559} (best epoch 66, best val 0.7331)
[epoch 78] {'epoch': 78, 'train_loss': 2.7025863329569497, 'val_ndcg': 0.7215491783418186, 'val_loss': 3.5016770362854004, 'test_ndcg': 0.6389196250330855, 'test_loss': 3.9248335361480713} (best epoch 66, best val 0.7331)
[epoch 79] {'epoch': 79, 'train_loss': 2.7011638482411704} (best epoch 66, best val 0.7331)
[epoch 80] {'epoch': 80, 'train_loss': 2.640488306681315, 'val_ndcg': 0.722372764927562, 'val_loss': 3.5042190551757812, 'test_ndcg': 0.6375006600916192, 'test_loss': 3.9537365436553955} (best epoch 66, best val 0.7331)
[epoch 81] {'epoch': 81, 'train_loss': 2.6630194187164307} (best epoch 66, best val 0.7331)
[epoch 82] {'epoch': 82, 'train_loss': 2.6485726833343506, 'val_ndcg': 0.7283250591094499, 'val_loss': 3.4835429191589355, 'test_ndcg': 0.6393729123115697, 'test_loss': 3.916769027709961} (best epoch 66, best val 0.7331)
[epoch 83] {'epoch': 83, 'train_loss': 2.648183504740397} (best epoch 66, best val 0.7331)
[epoch 84] {'epoch': 84, 'train_loss': 2.6053714752197266, 'val_ndcg': 0.742690351136265, 'val_loss': 3.4584193229675293, 'test_ndcg': 0.6553187373615389, 'test_loss': 3.8775501251220703} (best epoch 84, best val 0.7427)
[epoch 85] {'epoch': 85, 'train_loss': 2.598374287287394} (best epoch 84, best val 0.7427)
[epoch 86] {'epoch': 86, 'train_loss': 2.576857646306356, 'val_ndcg': 0.7419156739120566, 'val_loss': 3.437589168548584, 'test_ndcg': 0.6545390280055874, 'test_loss': 3.8505351543426514} (best epoch 84, best val 0.7427)
[epoch 87] {'epoch': 87, 'train_loss': 2.575928290685018} (best epoch 84, best val 0.7427)
[epoch 88] {'epoch': 88, 'train_loss': 2.703293244043986, 'val_ndcg': 0.7247199319533678, 'val_loss': 3.508582830429077, 'test_ndcg': 0.6377848616809877, 'test_loss': 3.9388885498046875} (best epoch 84, best val 0.7427)
[epoch 89] {'epoch': 89, 'train_loss': 2.6658833821614585} (best epoch 84, best val 0.7427)
[epoch 90] {'epoch': 90, 'train_loss': 2.6255269050598145, 'val_ndcg': 0.7183575083345144, 'val_loss': 3.503816604614258, 'test_ndcg': 0.633285328253531, 'test_loss': 3.9736006259918213} (best epoch 84, best val 0.7427)
[epoch 91] {'epoch': 91, 'train_loss': 2.6317547957102456} (best epoch 84, best val 0.7427)
[epoch 92] {'epoch': 92, 'train_loss': 2.6389373143514, 'val_ndcg': 0.7359925253142955, 'val_loss': 3.4536490440368652, 'test_ndcg': 0.6439396227248141, 'test_loss': 3.914041519165039} (best epoch 84, best val 0.7427)
[epoch 93] {'epoch': 93, 'train_loss': 2.622951110204061} (best epoch 84, best val 0.7427)
[epoch 94] {'epoch': 94, 'train_loss': 2.6340537865956626, 'val_ndcg': 0.7254116576285748, 'val_loss': 3.4842684268951416, 'test_ndcg': 0.6407942867787323, 'test_loss': 3.9096717834472656} (best epoch 84, best val 0.7427)
[epoch 95] {'epoch': 95, 'train_loss': 2.6322219371795654} (best epoch 84, best val 0.7427)
[epoch 96] {'epoch': 96, 'train_loss': 2.702138344446818, 'val_ndcg': 0.7203209438158499, 'val_loss': 3.508410930633545, 'test_ndcg': 0.6414054676639568, 'test_loss': 3.939894437789917} (best epoch 84, best val 0.7427)
[epoch 97] {'epoch': 97, 'train_loss': 2.6454524199167886} (best epoch 84, best val 0.7427)
[epoch 98] {'epoch': 98, 'train_loss': 2.594285170237223, 'val_ndcg': 0.7352971537570571, 'val_loss': 3.475081205368042, 'test_ndcg': 0.6461461355433865, 'test_loss': 3.875542640686035} (best epoch 84, best val 0.7427)
[epoch 99] {'epoch': 99, 'train_loss': 2.574108839035034} (best epoch 84, best val 0.7427)
[epoch 100] {'epoch': 100, 'train_loss': 2.554426113764445, 'val_ndcg': 0.7401633223067783, 'val_loss': 3.4637763500213623, 'test_ndcg': 0.6517603296783215, 'test_loss': 3.8691537380218506} (best epoch 84, best val 0.7427)
[epoch 101] {'epoch': 101, 'train_loss': 2.5465633074442544} (best epoch 84, best val 0.7427)
[epoch 102] {'epoch': 102, 'train_loss': 2.540179411570231, 'val_ndcg': 0.7403776414244974, 'val_loss': 3.450968027114868, 'test_ndcg': 0.6492478412707393, 'test_loss': 3.88873291015625} (best epoch 84, best val 0.7427)
[epoch 103] {'epoch': 103, 'train_loss': 2.543022553126017} (best epoch 84, best val 0.7427)
[epoch 104] {'epoch': 104, 'train_loss': 2.5438071886698403, 'val_ndcg': 0.731089420784826, 'val_loss': 3.472165822982788, 'test_ndcg': 0.6537652441222429, 'test_loss': 3.8813130855560303} (best epoch 84, best val 0.7427)
[epoch 105] {'epoch': 105, 'train_loss': 2.5439774990081787} (best epoch 84, best val 0.7427)
[epoch 106] {'epoch': 106, 'train_loss': 2.540929635365804, 'val_ndcg': 0.7439692535846978, 'val_loss': 3.44985294342041, 'test_ndcg': 0.6549016626767433, 'test_loss': 3.876356363296509} (best epoch 106, best val 0.7440)
[epoch 107] {'epoch': 107, 'train_loss': 2.517352898915609} (best epoch 106, best val 0.7440)
[epoch 108] {'epoch': 108, 'train_loss': 2.5233030319213867, 'val_ndcg': 0.7362028666875442, 'val_loss': 3.4682703018188477, 'test_ndcg': 0.6458309432574162, 'test_loss': 3.916503667831421} (best epoch 106, best val 0.7440)
[epoch 109] {'epoch': 109, 'train_loss': 2.563336133956909} (best epoch 106, best val 0.7440)
[epoch 110] {'epoch': 110, 'train_loss': 2.5693541367848716, 'val_ndcg': 0.7251651379656509, 'val_loss': 3.500369071960449, 'test_ndcg': 0.6413683781155763, 'test_loss': 3.9148571491241455} (best epoch 106, best val 0.7440)
[epoch 111] {'epoch': 111, 'train_loss': 2.592820088068644} (best epoch 106, best val 0.7440)
[epoch 112] {'epoch': 112, 'train_loss': 2.579038222630819, 'val_ndcg': 0.7344922337433367, 'val_loss': 3.4627866744995117, 'test_ndcg': 0.6466302189040722, 'test_loss': 3.887537717819214} (best epoch 106, best val 0.7440)
[epoch 113] {'epoch': 113, 'train_loss': 2.5649561087290444} (best epoch 106, best val 0.7440)
[epoch 114] {'epoch': 114, 'train_loss': 2.551385243733724, 'val_ndcg': 0.7360914408747701, 'val_loss': 3.45890736579895, 'test_ndcg': 0.6595586072874301, 'test_loss': 3.8584587574005127} (best epoch 106, best val 0.7440)
[epoch 115] {'epoch': 115, 'train_loss': 2.5302921136220298} (best epoch 106, best val 0.7440)
[epoch 116] {'epoch': 116, 'train_loss': 2.5580756664276123, 'val_ndcg': 0.7325115316678191, 'val_loss': 3.4837534427642822, 'test_ndcg': 0.6443439110704047, 'test_loss': 3.925781488418579} (best epoch 106, best val 0.7440)
[epoch 117] {'epoch': 117, 'train_loss': 2.559301773707072} (best epoch 106, best val 0.7440)
[epoch 118] {'epoch': 118, 'train_loss': 2.571481466293335, 'val_ndcg': 0.7327579025727499, 'val_loss': 3.493055820465088, 'test_ndcg': 0.6497298405858778, 'test_loss': 3.9180214405059814} (best epoch 106, best val 0.7440)
[epoch 119] {'epoch': 119, 'train_loss': 2.5594871044158936} (best epoch 106, best val 0.7440)
[epoch 120] {'epoch': 120, 'train_loss': 2.5715805689493814, 'val_ndcg': 0.7226863981434907, 'val_loss': 3.5099470615386963, 'test_ndcg': 0.6423313507280793, 'test_loss': 3.9139020442962646} (best epoch 106, best val 0.7440)
[epoch 121] {'epoch': 121, 'train_loss': 2.6023497581481934} (best epoch 106, best val 0.7440)
[epoch 122] {'epoch': 122, 'train_loss': 2.5832387606302896, 'val_ndcg': 0.7264468551911691, 'val_loss': 3.4809136390686035, 'test_ndcg': 0.6481529298309303, 'test_loss': 3.869138479232788} (best epoch 106, best val 0.7440)
[epoch 123] {'epoch': 123, 'train_loss': 2.542130708694458} (best epoch 106, best val 0.7440)
[epoch 124] {'epoch': 124, 'train_loss': 2.558690309524536, 'val_ndcg': 0.723378060787348, 'val_loss': 3.4746577739715576, 'test_ndcg': 0.6415013375663223, 'test_loss': 3.872105836868286} (best epoch 106, best val 0.7440)
[epoch 125] {'epoch': 125, 'train_loss': 2.5302260716756186} (best epoch 106, best val 0.7440)
[epoch 126] {'epoch': 126, 'train_loss': 2.5468197663625083, 'val_ndcg': 0.7297167689307134, 'val_loss': 3.4733524322509766, 'test_ndcg': 0.6444565395144467, 'test_loss': 3.889299154281616} (best epoch 106, best val 0.7440)
[epoch 127] {'epoch': 127, 'train_loss': 2.505528767903646} (best epoch 106, best val 0.7440)
[epoch 128] {'epoch': 128, 'train_loss': 2.6048426628112793, 'val_ndcg': 0.7003838181726948, 'val_loss': 3.5461888313293457, 'test_ndcg': 0.6244959093262801, 'test_loss': 3.9343957901000977} (best epoch 106, best val 0.7440)
[epoch 129] {'epoch': 129, 'train_loss': 2.763994296391805} (best epoch 106, best val 0.7440)
[epoch 130] {'epoch': 130, 'train_loss': 2.6902314027150473, 'val_ndcg': 0.7194553381084463, 'val_loss': 3.520683765411377, 'test_ndcg': 0.6383443356910065, 'test_loss': 3.945963144302368} (best epoch 106, best val 0.7440)
[epoch 131] {'epoch': 131, 'train_loss': 2.6379662354787192} (best epoch 106, best val 0.7440)
[epoch 132] {'epoch': 132, 'train_loss': 2.5946408112843833, 'val_ndcg': 0.7246912863083794, 'val_loss': 3.471097946166992, 'test_ndcg': 0.6414791372543426, 'test_loss': 3.919137954711914} (best epoch 106, best val 0.7440)
[epoch 133] {'epoch': 133, 'train_loss': 2.549254576365153} (best epoch 106, best val 0.7440)
[epoch 134] {'epoch': 134, 'train_loss': 2.5265702406565347, 'val_ndcg': 0.7299437567606928, 'val_loss': 3.4689228534698486, 'test_ndcg': 0.6494079670914199, 'test_loss': 3.8937292098999023} (best epoch 106, best val 0.7440)
[epoch 135] {'epoch': 135, 'train_loss': 2.5289320945739746} (best epoch 106, best val 0.7440)
[epoch 136] {'epoch': 136, 'train_loss': 2.510845343271891, 'val_ndcg': 0.7345715018801917, 'val_loss': 3.4594573974609375, 'test_ndcg': 0.6431114651658185, 'test_loss': 3.9217684268951416} (best epoch 106, best val 0.7440)
[epoch 137] {'epoch': 137, 'train_loss': 2.4978827635447183} (best epoch 106, best val 0.7440)
[epoch 138] {'epoch': 138, 'train_loss': 2.4928463300069175, 'val_ndcg': 0.738333018066551, 'val_loss': 3.449434518814087, 'test_ndcg': 0.6501856354249077, 'test_loss': 3.872431516647339} (best epoch 106, best val 0.7440)
[epoch 139] {'epoch': 139, 'train_loss': 2.5167556603749595} (best epoch 106, best val 0.7440)
[epoch 140] {'epoch': 140, 'train_loss': 2.506249268849691, 'val_ndcg': 0.7305211834555677, 'val_loss': 3.4707367420196533, 'test_ndcg': 0.6443777787803173, 'test_loss': 3.914994239807129} (best epoch 106, best val 0.7440)
[epoch 141] {'epoch': 141, 'train_loss': 2.494086265563965} (best epoch 106, best val 0.7440)
[epoch 142] {'epoch': 142, 'train_loss': 2.4942142963409424, 'val_ndcg': 0.7433690793178449, 'val_loss': 3.4611053466796875, 'test_ndcg': 0.6526115317052242, 'test_loss': 3.905266761779785} (best epoch 106, best val 0.7440)
[epoch 143] {'epoch': 143, 'train_loss': 2.4595964749654136} (best epoch 106, best val 0.7440)
[epoch 144] {'epoch': 144, 'train_loss': 2.4818668365478516, 'val_ndcg': 0.7403051848649436, 'val_loss': 3.4469635486602783, 'test_ndcg': 0.6531447948533614, 'test_loss': 3.861370801925659} (best epoch 106, best val 0.7440)
[epoch 145] {'epoch': 145, 'train_loss': 2.5151724020640054} (best epoch 106, best val 0.7440)
[epoch 146] {'epoch': 146, 'train_loss': 2.493915319442749, 'val_ndcg': 0.742393126975027, 'val_loss': 3.4558963775634766, 'test_ndcg': 0.6635155717282338, 'test_loss': 3.8610382080078125} (best epoch 106, best val 0.7440)
[epoch 147] {'epoch': 147, 'train_loss': 2.4550181229909263} (best epoch 106, best val 0.7440)
[epoch 148] {'epoch': 148, 'train_loss': 2.4873550732930503, 'val_ndcg': 0.7389827609019697, 'val_loss': 3.4533896446228027, 'test_ndcg': 0.655710647469614, 'test_loss': 3.8848154544830322} (best epoch 106, best val 0.7440)
[epoch 149] {'epoch': 149, 'train_loss': 2.5166821479797363} (best epoch 106, best val 0.7440)
[epoch 150] {'epoch': 150, 'train_loss': 2.530320405960083, 'val_ndcg': 0.7342367884082732, 'val_loss': 3.467101812362671, 'test_ndcg': 0.6478274326470568, 'test_loss': 3.8854990005493164} (best epoch 106, best val 0.7440)
[epoch 151] {'epoch': 151, 'train_loss': 2.4944165547688804} (best epoch 106, best val 0.7440)
[epoch 152] {'epoch': 152, 'train_loss': 2.470492680867513, 'val_ndcg': 0.7401761443889581, 'val_loss': 3.464052438735962, 'test_ndcg': 0.6459479846629886, 'test_loss': 3.8848066329956055} (best epoch 106, best val 0.7440)
[epoch 153] {'epoch': 153, 'train_loss': 2.456696112950643} (best epoch 106, best val 0.7440)
[epoch 154] {'epoch': 154, 'train_loss': 2.458679755528768, 'val_ndcg': 0.7441044163889576, 'val_loss': 3.449108600616455, 'test_ndcg': 0.65271471791208, 'test_loss': 3.868756055831909} (best epoch 154, best val 0.7441)
[epoch 155] {'epoch': 155, 'train_loss': 2.447408119837443} (best epoch 154, best val 0.7441)
[epoch 156] {'epoch': 156, 'train_loss': 2.468084176381429, 'val_ndcg': 0.7519218347946883, 'val_loss': 3.4229559898376465, 'test_ndcg': 0.6574209278580531, 'test_loss': 3.843686819076538} (best epoch 156, best val 0.7519)
[epoch 157] {'epoch': 157, 'train_loss': 2.46221931775411} (best epoch 156, best val 0.7519)
[epoch 158] {'epoch': 158, 'train_loss': 2.4304473400115967, 'val_ndcg': 0.7409933834832343, 'val_loss': 3.4532976150512695, 'test_ndcg': 0.6525069897294467, 'test_loss': 3.890216827392578} (best epoch 156, best val 0.7519)
[epoch 159] {'epoch': 159, 'train_loss': 2.4413984616597495} (best epoch 156, best val 0.7519)
[epoch 160] {'epoch': 160, 'train_loss': 2.4825249512990317, 'val_ndcg': 0.7505792483359961, 'val_loss': 3.418635845184326, 'test_ndcg': 0.6568104752714725, 'test_loss': 3.860011339187622} (best epoch 156, best val 0.7519)
[epoch 161] {'epoch': 161, 'train_loss': 2.465618133544922} (best epoch 156, best val 0.7519)
[epoch 162] {'epoch': 162, 'train_loss': 2.4544005393981934, 'val_ndcg': 0.7416709409856724, 'val_loss': 3.450514078140259, 'test_ndcg': 0.6542002958997971, 'test_loss': 3.8863799571990967} (best epoch 156, best val 0.7519)
[epoch 163] {'epoch': 163, 'train_loss': 2.5031322638193765} (best epoch 156, best val 0.7519)
[epoch 164] {'epoch': 164, 'train_loss': 2.4693822860717773, 'val_ndcg': 0.7414088194097977, 'val_loss': 3.439530372619629, 'test_ndcg': 0.6512109201508905, 'test_loss': 3.8653924465179443} (best epoch 156, best val 0.7519)
[epoch 165] {'epoch': 165, 'train_loss': 2.4706501166025796} (best epoch 156, best val 0.7519)
[epoch 166] {'epoch': 166, 'train_loss': 2.48293137550354, 'val_ndcg': 0.7422529034485026, 'val_loss': 3.432974100112915, 'test_ndcg': 0.6498476509371081, 'test_loss': 3.8643343448638916} (best epoch 156, best val 0.7519)
[epoch 167] {'epoch': 167, 'train_loss': 2.4795850912729898} (best epoch 156, best val 0.7519)
[epoch 168] {'epoch': 168, 'train_loss': 2.4775922298431396, 'val_ndcg': 0.7357858132365706, 'val_loss': 3.445373296737671, 'test_ndcg': 0.6444992120745979, 'test_loss': 3.875800848007202} (best epoch 156, best val 0.7519)
[epoch 169] {'epoch': 169, 'train_loss': 2.4476776123046875} (best epoch 156, best val 0.7519)
[epoch 170] {'epoch': 170, 'train_loss': 2.442843755086263, 'val_ndcg': 0.7350164472959618, 'val_loss': 3.4261250495910645, 'test_ndcg': 0.6462472530187539, 'test_loss': 3.8381223678588867} (best epoch 156, best val 0.7519)
[epoch 171] {'epoch': 171, 'train_loss': 2.425517479578654} (best epoch 156, best val 0.7519)
[epoch 172] {'epoch': 172, 'train_loss': 2.4204042752583823, 'val_ndcg': 0.7456119295269286, 'val_loss': 3.420191764831543, 'test_ndcg': 0.6516570107759728, 'test_loss': 3.8512866497039795} (best epoch 156, best val 0.7519)
[epoch 173] {'epoch': 173, 'train_loss': 2.3973515828450522} (best epoch 156, best val 0.7519)
[epoch 174] {'epoch': 174, 'train_loss': 2.3868370056152344, 'val_ndcg': 0.7496993959073052, 'val_loss': 3.406883478164673, 'test_ndcg': 0.6609933447867987, 'test_loss': 3.8332931995391846} (best epoch 156, best val 0.7519)
[epoch 175] {'epoch': 175, 'train_loss': 2.392120440800985} (best epoch 156, best val 0.7519)
[epoch 176] {'epoch': 176, 'train_loss': 2.3917017777760825, 'val_ndcg': 0.7545530963956476, 'val_loss': 3.396479606628418, 'test_ndcg': 0.6612290240862145, 'test_loss': 3.8512542247772217} (best epoch 176, best val 0.7546)
[epoch 177] {'epoch': 177, 'train_loss': 2.416588068008423} (best epoch 176, best val 0.7546)
[epoch 178] {'epoch': 178, 'train_loss': 2.401979366938273, 'val_ndcg': 0.7508871040056484, 'val_loss': 3.4082326889038086, 'test_ndcg': 0.6626741713302845, 'test_loss': 3.8440067768096924} (best epoch 176, best val 0.7546)
[epoch 179] {'epoch': 179, 'train_loss': 2.4065473079681396} (best epoch 176, best val 0.7546)
[epoch 180] {'epoch': 180, 'train_loss': 2.3952085177103677, 'val_ndcg': 0.7456042905596308, 'val_loss': 3.4175212383270264, 'test_ndcg': 0.6600974598902302, 'test_loss': 3.858255386352539} (best epoch 176, best val 0.7546)
[epoch 181] {'epoch': 181, 'train_loss': 2.4005867640177407} (best epoch 176, best val 0.7546)
[epoch 182] {'epoch': 182, 'train_loss': 2.3752140204111734, 'val_ndcg': 0.7488675402606735, 'val_loss': 3.394171953201294, 'test_ndcg': 0.6634021263446191, 'test_loss': 3.831930160522461} (best epoch 176, best val 0.7546)
[epoch 183] {'epoch': 183, 'train_loss': 2.381807724634806} (best epoch 176, best val 0.7546)
[epoch 184] {'epoch': 184, 'train_loss': 2.399192492167155, 'val_ndcg': 0.7479086711011934, 'val_loss': 3.417332172393799, 'test_ndcg': 0.6614035268755869, 'test_loss': 3.8801803588867188} (best epoch 176, best val 0.7546)
[epoch 185] {'epoch': 185, 'train_loss': 2.38534943262736} (best epoch 176, best val 0.7546)
[epoch 186] {'epoch': 186, 'train_loss': 2.4001947244008384, 'val_ndcg': 0.7394329930413198, 'val_loss': 3.4504384994506836, 'test_ndcg': 0.6493992385278958, 'test_loss': 3.9110794067382812} (best epoch 176, best val 0.7546)
[epoch 187] {'epoch': 187, 'train_loss': 2.3899995485941568} (best epoch 176, best val 0.7546)
[epoch 188] {'epoch': 188, 'train_loss': 2.42913556098938, 'val_ndcg': 0.7288255413347603, 'val_loss': 3.4812698364257812, 'test_ndcg': 0.6443303454603572, 'test_loss': 3.936441421508789} (best epoch 176, best val 0.7546)
[epoch 189] {'epoch': 189, 'train_loss': 2.4481728076934814} (best epoch 176, best val 0.7546)
[epoch 190] {'epoch': 190, 'train_loss': 2.4147382577260337, 'val_ndcg': 0.752308099771174, 'val_loss': 3.4090943336486816, 'test_ndcg': 0.6728078102590609, 'test_loss': 3.8124008178710938} (best epoch 176, best val 0.7546)
[epoch 191] {'epoch': 191, 'train_loss': 2.4285590648651123} (best epoch 176, best val 0.7546)
[epoch 192] {'epoch': 192, 'train_loss': 2.446331183115641, 'val_ndcg': 0.7285504895382984, 'val_loss': 3.477916955947876, 'test_ndcg': 0.6423151774900235, 'test_loss': 3.8792734146118164} (best epoch 176, best val 0.7546)
[epoch 193] {'epoch': 193, 'train_loss': 2.5323266983032227} (best epoch 176, best val 0.7546)
[epoch 194] {'epoch': 194, 'train_loss': 2.5298664569854736, 'val_ndcg': 0.7427274543233665, 'val_loss': 3.4291749000549316, 'test_ndcg': 0.6512501231877191, 'test_loss': 3.840380907058716} (best epoch 176, best val 0.7546)
[epoch 195] {'epoch': 195, 'train_loss': 2.5024582544962564} (best epoch 176, best val 0.7546)
[epoch 196] {'epoch': 196, 'train_loss': 2.475482145945231, 'val_ndcg': 0.7274478409077425, 'val_loss': 3.4667561054229736, 'test_ndcg': 0.647114339207589, 'test_loss': 3.8889236450195312} (best epoch 176, best val 0.7546)
[epoch 197] {'epoch': 197, 'train_loss': 2.4603360493977866} (best epoch 176, best val 0.7546)
[epoch 198] {'epoch': 198, 'train_loss': 2.425001939137777, 'val_ndcg': 0.7332147829430518, 'val_loss': 3.4606094360351562, 'test_ndcg': 0.6413830385041375, 'test_loss': 3.906466484069824} (best epoch 176, best val 0.7546)
[epoch 199] {'epoch': 199, 'train_loss': 2.446838855743408} (best epoch 176, best val 0.7546)
[epoch 200] {'epoch': 200, 'train_loss': 2.4299877484639487, 'val_ndcg': 0.7470562473685135, 'val_loss': 3.3923897743225098, 'test_ndcg': 0.6575501195041408, 'test_loss': 3.84127140045166} (best epoch 176, best val 0.7546)
seed 44: val=0.7592 test=0.6648 best_epoch=176 (482.6 min)
[epoch 1] {'epoch': 1, 'train_loss': 5.955746173858643} (best epoch -1, best val -inf)
[epoch 2] {'epoch': 2, 'train_loss': 4.740281581878662, 'val_ndcg': 0.39421067034706603, 'val_loss': 4.44451904296875, 'test_ndcg': 0.3582118759208464, 'test_loss': 4.60632848739624} (best epoch 2, best val 0.3942)
[epoch 3] {'epoch': 3, 'train_loss': 4.223039150238037} (best epoch 2, best val 0.3942)
[epoch 4] {'epoch': 4, 'train_loss': 3.8724499543507895, 'val_ndcg': 0.5546526894560848, 'val_loss': 3.9431307315826416, 'test_ndcg': 0.4959430131395619, 'test_loss': 4.166954517364502} (best epoch 4, best val 0.5547)
[epoch 5] {'epoch': 5, 'train_loss': 3.6615753173828125} (best epoch 4, best val 0.5547)
[epoch 6] {'epoch': 6, 'train_loss': 3.580162763595581, 'val_ndcg': 0.6194363138483966, 'val_loss': 3.7919163703918457, 'test_ndcg': 0.5581932461397093, 'test_loss': 4.086753845214844} (best epoch 6, best val 0.6194)
[epoch 7] {'epoch': 7, 'train_loss': 3.41469399134318} (best epoch 6, best val 0.6194)
[epoch 8] {'epoch': 8, 'train_loss': 3.375859181086222, 'val_ndcg': 0.5796051704488596, 'val_loss': 3.9471375942230225, 'test_ndcg': 0.5099030085682134, 'test_loss': 4.326293468475342} (best epoch 6, best val 0.6194)
[epoch 9] {'epoch': 9, 'train_loss': 3.3299241065979004} (best epoch 6, best val 0.6194)
[epoch 10] {'epoch': 10, 'train_loss': 3.2550699710845947, 'val_ndcg': 0.6410348606667576, 'val_loss': 3.732187032699585, 'test_ndcg': 0.5770345077209486, 'test_loss': 4.094618797302246} (best epoch 10, best val 0.6410)
[epoch 11] {'epoch': 11, 'train_loss': 3.1698335806528726} (best epoch 10, best val 0.6410)
[epoch 12] {'epoch': 12, 'train_loss': 3.0979628562927246, 'val_ndcg': 0.6635937589915456, 'val_loss': 3.6871628761291504, 'test_ndcg': 0.59768816362584, 'test_loss': 4.078873157501221} (best epoch 12, best val 0.6636)
[epoch 13] {'epoch': 13, 'train_loss': 3.0460685888926187} (best epoch 12, best val 0.6636)
[epoch 14] {'epoch': 14, 'train_loss': 2.996912717819214, 'val_ndcg': 0.6796941974560691, 'val_loss': 3.619831085205078, 'test_ndcg': 0.6091146952034155, 'test_loss': 4.041533946990967} (best epoch 14, best val 0.6797)
[epoch 15] {'epoch': 15, 'train_loss': 2.9586194356282554} (best epoch 14, best val 0.6797)
[epoch 16] {'epoch': 16, 'train_loss': 2.9247458775838218, 'val_ndcg': 0.6719120585971864, 'val_loss': 3.678774833679199, 'test_ndcg': 0.6054345308141394, 'test_loss': 4.100485801696777} (best epoch 14, best val 0.6797)
[epoch 17] {'epoch': 17, 'train_loss': 2.92738143603007} (best epoch 14, best val 0.6797)
[epoch 18] {'epoch': 18, 'train_loss': 2.9708189964294434, 'val_ndcg': 0.6702964166795646, 'val_loss': 3.66546630859375, 'test_ndcg': 0.6051581764216342, 'test_loss': 4.115097999572754} (best epoch 14, best val 0.6797)
[epoch 19] {'epoch': 19, 'train_loss': 3.087439775466919} (best epoch 14, best val 0.6797)
[epoch 20] {'epoch': 20, 'train_loss': 3.0520543257395425, 'val_ndcg': 0.6815502189998782, 'val_loss': 3.643608808517456, 'test_ndcg': 0.6064678804800101, 'test_loss': 4.09837532043457} (best epoch 20, best val 0.6816)
[epoch 21] {'epoch': 21, 'train_loss': 3.0391712188720703} (best epoch 20, best val 0.6816)
[epoch 22] {'epoch': 22, 'train_loss': 3.092823346455892, 'val_ndcg': 0.6892033851601611, 'val_loss': 3.6537156105041504, 'test_ndcg': 0.6157421442130642, 'test_loss': 4.134517669677734} (best epoch 22, best val 0.6892)
[epoch 23] {'epoch': 23, 'train_loss': 3.0351860523223877} (best epoch 22, best val 0.6892)
[epoch 24] {'epoch': 24, 'train_loss': 2.992462952931722, 'val_ndcg': 0.686157668929182, 'val_loss': 3.606235980987549, 'test_ndcg': 0.6172220667684124, 'test_loss': 4.059778690338135} (best epoch 22, best val 0.6892)
[epoch 25] {'epoch': 25, 'train_loss': 2.9378579457600913} (best epoch 22, best val 0.6892)
[epoch 26] {'epoch': 26, 'train_loss': 2.9247847398122153, 'val_ndcg': 0.6949004696160134, 'val_loss': 3.6205830574035645, 'test_ndcg': 0.6215507860960322, 'test_loss': 4.068718433380127} (best epoch 26, best val 0.6949)
[epoch 27] {'epoch': 27, 'train_loss': 2.8951937357584634} (best epoch 26, best val 0.6949)
[epoch 28] {'epoch': 28, 'train_loss': 2.856119076410929, 'val_ndcg': 0.7103579853715906, 'val_loss': 3.5807480812072754, 'test_ndcg': 0.6334326283065389, 'test_loss': 4.032918453216553} (best epoch 28, best val 0.7104)
[epoch 29] {'epoch': 29, 'train_loss': 2.82931121190389} (best epoch 28, best val 0.7104)
[epoch 30] {'epoch': 30, 'train_loss': 2.803670803705851, 'val_ndcg': 0.7146867889495555, 'val_loss': 3.560051679611206, 'test_ndcg': 0.6344346073680008, 'test_loss': 4.0475897789001465} (best epoch 30, best val 0.7147)
[epoch 31] {'epoch': 31, 'train_loss': 2.8125997384389243} (best epoch 30, best val 0.7147)
[epoch 32] {'epoch': 32, 'train_loss': 2.9104560216267905, 'val_ndcg': 0.7016486943019286, 'val_loss': 3.60848331451416, 'test_ndcg': 0.6247249921898673, 'test_loss': 4.070577621459961} (best epoch 30, best val 0.7147)
[epoch 33] {'epoch': 33, 'train_loss': 2.8917481104532876} (best epoch 30, best val 0.7147)
[epoch 34] {'epoch': 34, 'train_loss': 2.902596394220988, 'val_ndcg': 0.6959093453548622, 'val_loss': 3.6298093795776367, 'test_ndcg': 0.6183576314113691, 'test_loss': 4.132152080535889} (best epoch 30, best val 0.7147)
[epoch 35] {'epoch': 35, 'train_loss': 2.8779307206471763} (best epoch 30, best val 0.7147)
[epoch 36] {'epoch': 36, 'train_loss': 2.871964772542318, 'val_ndcg': 0.6946255860826437, 'val_loss': 3.609771251678467, 'test_ndcg': 0.6188388715683732, 'test_loss': 4.078958511352539} (best epoch 30, best val 0.7147)
[epoch 37] {'epoch': 37, 'train_loss': 2.839794397354126} (best epoch 30, best val 0.7147)
[epoch 38] {'epoch': 38, 'train_loss': 2.820225636164347, 'val_ndcg': 0.7235647577525742, 'val_loss': 3.5140535831451416, 'test_ndcg': 0.6382378117541864, 'test_loss': 4.001681804656982} (best epoch 38, best val 0.7236)
[epoch 39] {'epoch': 39, 'train_loss': 2.7699854373931885} (best epoch 38, best val 0.7236)
[epoch 40] {'epoch': 40, 'train_loss': 2.770352045694987, 'val_ndcg': 0.723361976688284, 'val_loss': 3.5163965225219727, 'test_ndcg': 0.6440555313427425, 'test_loss': 3.9902584552764893} (best epoch 38, best val 0.7236)
[epoch 41] {'epoch': 41, 'train_loss': 2.749870936075846} (best epoch 38, best val 0.7236)
[epoch 42] {'epoch': 42, 'train_loss': 2.7437403202056885, 'val_ndcg': 0.7163723531898262, 'val_loss': 3.5307717323303223, 'test_ndcg': 0.6332306167211039, 'test_loss': 4.040439605712891} (best epoch 38, best val 0.7236)
[epoch 43] {'epoch': 43, 'train_loss': 2.7571237881978354} (best epoch 38, best val 0.7236)
[epoch 44] {'epoch': 44, 'train_loss': 2.806521733601888, 'val_ndcg': 0.7117856038237259, 'val_loss': 3.5859782695770264, 'test_ndcg': 0.6310340517903007, 'test_loss': 4.070224285125732} (best epoch 38, best val 0.7236)
[epoch 45] {'epoch': 45, 'train_loss': 2.8027279376983643} (best epoch 38, best val 0.7236)
[epoch 46] {'epoch': 46, 'train_loss': 2.7844627698262534, 'val_ndcg': 0.7174615274123666, 'val_loss': 3.50150203704834, 'test_ndcg': 0.6401552185315672, 'test_loss': 3.9626224040985107} (best epoch 38, best val 0.7236)
[epoch 47] {'epoch': 47, 'train_loss': 2.741433064142863} (best epoch 38, best val 0.7236)
[epoch 48] {'epoch': 48, 'train_loss': 2.7321219444274902, 'val_ndcg': 0.7334847405067663, 'val_loss': 3.4807844161987305, 'test_ndcg': 0.6544623195678011, 'test_loss': 3.9645493030548096} (best epoch 48, best val 0.7335)
[epoch 49] {'epoch': 49, 'train_loss': 2.7160885334014893} (best epoch 48, best val 0.7335)
[epoch 50] {'epoch': 50, 'train_loss': 2.6946494579315186, 'val_ndcg': 0.7356332879996323, 'val_loss': 3.4930124282836914, 'test_ndcg': 0.6532295882758626, 'test_loss': 3.9458370208740234} (best epoch 50, best val 0.7356)
[epoch 51] {'epoch': 51, 'train_loss': 2.669990380605062} (best epoch 50, best val 0.7356)
[epoch 52] {'epoch': 52, 'train_loss': 2.6700050830841064, 'val_ndcg': 0.7145470136967405, 'val_loss': 3.5430750846862793, 'test_ndcg': 0.6398851669157344, 'test_loss': 4.008281707763672} (best epoch 50, best val 0.7356)
[epoch 53] {'epoch': 53, 'train_loss': 2.6936793327331543} (best epoch 50, best val 0.7356)
[epoch 54] {'epoch': 54, 'train_loss': 2.708633025487264, 'val_ndcg': 0.737654838841427, 'val_loss': 3.4719204902648926, 'test_ndcg': 0.6590078981457305, 'test_loss': 3.93646240234375} (best epoch 54, best val 0.7377)
[epoch 55] {'epoch': 55, 'train_loss': 2.6943747202555337} (best epoch 54, best val 0.7377)
[epoch 56] {'epoch': 56, 'train_loss': 2.695037285486857, 'val_ndcg': 0.729369250251944, 'val_loss': 3.4757232666015625, 'test_ndcg': 0.6517358663050171, 'test_loss': 3.9405481815338135} (best epoch 54, best val 0.7377)
[epoch 57] {'epoch': 57, 'train_loss': 2.6948169072469077} (best epoch 54, best val 0.7377)
[epoch 58] {'epoch': 58, 'train_loss': 2.645601272583008, 'val_ndcg': 0.7281613302513823, 'val_loss': 3.502389430999756, 'test_ndcg': 0.6478350098953926, 'test_loss': 3.9507133960723877} (best epoch 54, best val 0.7377)
[epoch 59] {'epoch': 59, 'train_loss': 2.6319824854532876} (best epoch 54, best val 0.7377)
[epoch 60] {'epoch': 60, 'train_loss': 2.6092451413472495, 'val_ndcg': 0.7245406068112095, 'val_loss': 3.4872021675109863, 'test_ndcg': 0.6434279493880232, 'test_loss': 3.929880142211914} (best epoch 54, best val 0.7377)
[epoch 61] {'epoch': 61, 'train_loss': 2.6057417392730713} (best epoch 54, best val 0.7377)
[epoch 62] {'epoch': 62, 'train_loss': 2.5834762255350747, 'val_ndcg': 0.738249699228926, 'val_loss': 3.466141700744629, 'test_ndcg': 0.6572387019483904, 'test_loss': 3.9147253036499023} (best epoch 62, best val 0.7382)
[epoch 63] {'epoch': 63, 'train_loss': 2.5890608628590903} (best epoch 62, best val 0.7382)
[epoch 64] {'epoch': 64, 'train_loss': 2.7668328285217285, 'val_ndcg': 0.7248594652422204, 'val_loss': 3.502210855484009, 'test_ndcg': 0.6441785180920965, 'test_loss': 3.953712224960327} (best epoch 62, best val 0.7382)
[epoch 65] {'epoch': 65, 'train_loss': 2.690072774887085} (best epoch 62, best val 0.7382)
[epoch 66] {'epoch': 66, 'train_loss': 2.873069445292155, 'val_ndcg': 0.6439491034152872, 'val_loss': 3.7413923740386963, 'test_ndcg': 0.5841622886474883, 'test_loss': 4.119937419891357} (best epoch 62, best val 0.7382)
[epoch 67] {'epoch': 67, 'train_loss': 3.0256459712982178} (best epoch 62, best val 0.7382)
[epoch 68] {'epoch': 68, 'train_loss': 2.903920888900757, 'val_ndcg': 0.6872568182517391, 'val_loss': 3.595974922180176, 'test_ndcg': 0.6070394833047547, 'test_loss': 4.0939788818359375} (best epoch 62, best val 0.7382)
[epoch 69] {'epoch': 69, 'train_loss': 2.872500737508138} (best epoch 62, best val 0.7382)
[epoch 70] {'epoch': 70, 'train_loss': 2.8462777137756348, 'val_ndcg': 0.6902501902090705, 'val_loss': 3.6117560863494873, 'test_ndcg': 0.6206929542466216, 'test_loss': 4.043380260467529} (best epoch 62, best val 0.7382)
[epoch 71] {'epoch': 71, 'train_loss': 2.8114545345306396} (best epoch 62, best val 0.7382)
[epoch 72] {'epoch': 72, 'train_loss': 2.7914512157440186, 'val_ndcg': 0.6468871920848982, 'val_loss': 3.7389297485351562, 'test_ndcg': 0.5808207574257045, 'test_loss': 4.148397922515869} (best epoch 62, best val 0.7382)
[epoch 73] {'epoch': 73, 'train_loss': 3.0092457135518393} (best epoch 62, best val 0.7382)
[epoch 74] {'epoch': 74, 'train_loss': 2.8328421910603843, 'val_ndcg': 0.706697687518758, 'val_loss': 3.5708277225494385, 'test_ndcg': 0.6259229715249423, 'test_loss': 4.05485200881958} (best epoch 62, best val 0.7382)
[epoch 75] {'epoch': 75, 'train_loss': 2.8324155807495117} (best epoch 62, best val 0.7382)
[epoch 76] {'epoch': 76, 'train_loss': 2.848594586054484, 'val_ndcg': 0.6816528931833787, 'val_loss': 3.6419200897216797, 'test_ndcg': 0.6135939597465486, 'test_loss': 4.0411553382873535} (best epoch 62, best val 0.7382)
[epoch 77] {'epoch': 77, 'train_loss': 2.798302173614502} (best epoch 62, best val 0.7382)
[epoch 78] {'epoch': 78, 'train_loss': 2.732941230138143, 'val_ndcg': 0.7168770938742756, 'val_loss': 3.513608455657959, 'test_ndcg': 0.6282053574687354, 'test_loss': 3.969320058822632} (best epoch 62, best val 0.7382)
[epoch 79] {'epoch': 79, 'train_loss': 2.6756370067596436} (best epoch 62, best val 0.7382)
[epoch 80] {'epoch': 80, 'train_loss': 2.6422812143961587, 'val_ndcg': 0.719960448636228, 'val_loss': 3.4945766925811768, 'test_ndcg': 0.6404761245923717, 'test_loss': 3.9214589595794678} (best epoch 62, best val 0.7382)
[epoch 81] {'epoch': 81, 'train_loss': 2.6731700897216797} (best epoch 62, best val 0.7382)
[epoch 82] {'epoch': 82, 'train_loss': 2.6432928244272866, 'val_ndcg': 0.7335301937878198, 'val_loss': 3.4563517570495605, 'test_ndcg': 0.6548343827488875, 'test_loss': 3.8766391277313232} (best epoch 62, best val 0.7382)
[epoch 83] {'epoch': 83, 'train_loss': 2.585074265797933} (best epoch 62, best val 0.7382)
[epoch 84] {'epoch': 84, 'train_loss': 2.5712505181630454, 'val_ndcg': 0.7396653003572757, 'val_loss': 3.4555206298828125, 'test_ndcg': 0.6599548623402497, 'test_loss': 3.8805572986602783} (best epoch 84, best val 0.7397)
[epoch 85] {'epoch': 85, 'train_loss': 2.5453058083852134} (best epoch 84, best val 0.7397)
[epoch 86] {'epoch': 86, 'train_loss': 2.532274007797241, 'val_ndcg': 0.7471702271257578, 'val_loss': 3.441387176513672, 'test_ndcg': 0.6598452411339996, 'test_loss': 3.8810741901397705} (best epoch 86, best val 0.7472)
[epoch 87] {'epoch': 87, 'train_loss': 2.5147268772125244} (best epoch 86, best val 0.7472)
[epoch 88] {'epoch': 88, 'train_loss': 2.493279536565145, 'val_ndcg': 0.7390333982305128, 'val_loss': 3.4486961364746094, 'test_ndcg': 0.6598585674525607, 'test_loss': 3.8871543407440186} (best epoch 86, best val 0.7472)
[epoch 89] {'epoch': 89, 'train_loss': 2.4907395044962564} (best epoch 86, best val 0.7472)
[epoch 90] {'epoch': 90, 'train_loss': 2.4818356037139893, 'val_ndcg': 0.7233069266884831, 'val_loss': 3.4887280464172363, 'test_ndcg': 0.6428597342560788, 'test_loss': 3.9231765270233154} (best epoch 86, best val 0.7472)
[epoch 91] {'epoch': 91, 'train_loss': 2.5651066303253174} (best epoch 86, best val 0.7472)
[epoch 92] {'epoch': 92, 'train_loss': 2.549709955851237, 'val_ndcg': 0.7354306837658002, 'val_loss': 3.480316638946533, 'test_ndcg': 0.651612716690163, 'test_loss': 3.9162914752960205} (best epoch 86, best val 0.7472)
[epoch 93] {'epoch': 93, 'train_loss': 2.6883846124013266} (best epoch 86, best val 0.7472)
[epoch 94] {'epoch': 94, 'train_loss': 2.578619956970215, 'val_ndcg': 0.7270940232174208, 'val_loss': 3.4713146686553955, 'test_ndcg': 0.6508547769650953, 'test_loss': 3.896627187728882} (best epoch 86, best val 0.7472)
[epoch 95] {'epoch': 95, 'train_loss': 2.5809858640034995} (best epoch 86, best val 0.7472)
[epoch 96] {'epoch': 96, 'train_loss': 2.537258783976237, 'val_ndcg': 0.729271523853376, 'val_loss': 3.4850521087646484, 'test_ndcg': 0.6460826596181103, 'test_loss': 3.8989858627319336} (best epoch 86, best val 0.7472)
[epoch 97] {'epoch': 97, 'train_loss': 2.5340548356374106} (best epoch 86, best val 0.7472)
[epoch 98] {'epoch': 98, 'train_loss': 2.508624712626139, 'val_ndcg': 0.7351032522208771, 'val_loss': 3.447106122970581, 'test_ndcg': 0.6551966955289403, 'test_loss': 3.8861677646636963} (best epoch 86, best val 0.7472)
[epoch 99] {'epoch': 99, 'train_loss': 2.488382577896118} (best epoch 86, best val 0.7472)
[epoch 100] {'epoch': 100, 'train_loss': 2.5173842906951904, 'val_ndcg': 0.6951288187324258, 'val_loss': 3.5785372257232666, 'test_ndcg': 0.6208378249939379, 'test_loss': 4.009581089019775} (best epoch 86, best val 0.7472)
[epoch 101] {'epoch': 101, 'train_loss': 2.618743658065796} (best epoch 86, best val 0.7472)
[epoch 102] {'epoch': 102, 'train_loss': 2.5616775353749595, 'val_ndcg': 0.7353911510332428, 'val_loss': 3.4531054496765137, 'test_ndcg': 0.6546869297130082, 'test_loss': 3.892303705215454} (best epoch 86, best val 0.7472)
[epoch 103] {'epoch': 103, 'train_loss': 2.5436211427052817} (best epoch 86, best val 0.7472)
[epoch 104] {'epoch': 104, 'train_loss': 2.5336526234944663, 'val_ndcg': 0.734418828565887, 'val_loss': 3.462674140930176, 'test_ndcg': 0.6568416834544921, 'test_loss': 3.903120279312134} (best epoch 86, best val 0.7472)
[epoch 105] {'epoch': 105, 'train_loss': 2.5130993525187173} (best epoch 86, best val 0.7472)
[epoch 106] {'epoch': 106, 'train_loss': 2.539734443028768, 'val_ndcg': 0.7299631507320301, 'val_loss': 3.4780948162078857, 'test_ndcg': 0.6432675462994366, 'test_loss': 3.916914939880371} (best epoch 86, best val 0.7472)
[epoch 107] {'epoch': 107, 'train_loss': 2.501232067743937} (best epoch 86, best val 0.7472)
[epoch 108] {'epoch': 108, 'train_loss': 2.4742048581441245, 'val_ndcg': 0.7243260203281565, 'val_loss': 3.4786698818206787, 'test_ndcg': 0.6380667447293642, 'test_loss': 3.904648542404175} (best epoch 86, best val 0.7472)
[epoch 109] {'epoch': 109, 'train_loss': 2.475440820058187} (best epoch 86, best val 0.7472)
[epoch 110] {'epoch': 110, 'train_loss': 2.4769275188446045, 'val_ndcg': 0.7260544455271002, 'val_loss': 3.519174337387085, 'test_ndcg': 0.6443934634485057, 'test_loss': 3.942103624343872} (best epoch 86, best val 0.7472)
[epoch 111] {'epoch': 111, 'train_loss': 2.519010066986084} (best epoch 86, best val 0.7472)
[epoch 112] {'epoch': 112, 'train_loss': 2.5516348679860434, 'val_ndcg': 0.7365304146140564, 'val_loss': 3.469015121459961, 'test_ndcg': 0.6531196072631938, 'test_loss': 3.909879684448242} (best epoch 86, best val 0.7472)
[epoch 113] {'epoch': 113, 'train_loss': 2.5236728191375732} (best epoch 86, best val 0.7472)
[epoch 114] {'epoch': 114, 'train_loss': 2.531977415084839, 'val_ndcg': 0.6822367256891109, 'val_loss': 3.6033132076263428, 'test_ndcg': 0.6087806637039086, 'test_loss': 3.973033905029297} (best epoch 86, best val 0.7472)
[epoch 115] {'epoch': 115, 'train_loss': 2.5265154043833413} (best epoch 86, best val 0.7472)
[epoch 116] {'epoch': 116, 'train_loss': 2.5111075242360434, 'val_ndcg': 0.7419133192345533, 'val_loss': 3.430767059326172, 'test_ndcg': 0.6556458360461036, 'test_loss': 3.8693857192993164} (best epoch 86, best val 0.7472)
[epoch 117] {'epoch': 117, 'train_loss': 2.5245628356933594} (best epoch 86, best val 0.7472)
[epoch 118] {'epoch': 118, 'train_loss': 2.614473025004069, 'val_ndcg': 0.7016825472717748, 'val_loss': 3.5395655632019043, 'test_ndcg': 0.6296628482476487, 'test_loss': 3.937880277633667} (best epoch 86, best val 0.7472)
[epoch 119] {'epoch': 119, 'train_loss': 2.600534518559774} (best epoch 86, best val 0.7472)
[epoch 120] {'epoch': 120, 'train_loss': 2.5474340120951333, 'val_ndcg': 0.736589066022622, 'val_loss': 3.452925682067871, 'test_ndcg': 0.6462195352564132, 'test_loss': 3.902362585067749} (best epoch 86, best val 0.7472)
[epoch 121] {'epoch': 121, 'train_loss': 2.5152453581492105} (best epoch 86, best val 0.7472)
[epoch 122] {'epoch': 122, 'train_loss': 2.49808677037557, 'val_ndcg': 0.7338808502921442, 'val_loss': 3.446636915206909, 'test_ndcg': 0.6497258492748453, 'test_loss': 3.8676517009735107} (best epoch 86, best val 0.7472)
[epoch 123] {'epoch': 123, 'train_loss': 2.486668348312378} (best epoch 86, best val 0.7472)
[epoch 124] {'epoch': 124, 'train_loss': 2.48189385732015, 'val_ndcg': 0.7196887844009731, 'val_loss': 3.505533218383789, 'test_ndcg': 0.6421469100601992, 'test_loss': 3.909728765487671} (best epoch 86, best val 0.7472)
[epoch 125] {'epoch': 125, 'train_loss': 2.5063223044077554} (best epoch 86, best val 0.7472)
[epoch 126] {'epoch': 126, 'train_loss': 2.5114659468332925, 'val_ndcg': 0.7341439398660478, 'val_loss': 3.451263189315796, 'test_ndcg': 0.649685429271137, 'test_loss': 3.8752403259277344} (best epoch 86, best val 0.7472)
[epoch 127] {'epoch': 127, 'train_loss': 2.5011324087778726} (best epoch 86, best val 0.7472)
[epoch 128] {'epoch': 128, 'train_loss': 2.465447187423706, 'val_ndcg': 0.7287686913501724, 'val_loss': 3.4795377254486084, 'test_ndcg': 0.6515545766875703, 'test_loss': 3.8926661014556885} (best epoch 86, best val 0.7472)
[epoch 129] {'epoch': 129, 'train_loss': 2.4587459564208984} (best epoch 86, best val 0.7472)
[epoch 130] {'epoch': 130, 'train_loss': 2.477078596750895, 'val_ndcg': 0.7291230432416456, 'val_loss': 3.4861326217651367, 'test_ndcg': 0.6454275093693268, 'test_loss': 3.918243169784546} (best epoch 86, best val 0.7472)
[epoch 131] {'epoch': 131, 'train_loss': 2.544131358464559} (best epoch 86, best val 0.7472)
[epoch 132] {'epoch': 132, 'train_loss': 2.549823045730591, 'val_ndcg': 0.7162889645422812, 'val_loss': 3.5535354614257812, 'test_ndcg': 0.6301722508250286, 'test_loss': 3.9857418537139893} (best epoch 86, best val 0.7472)
[epoch 133] {'epoch': 133, 'train_loss': 2.514460325241089} (best epoch 86, best val 0.7472)
[epoch 134] {'epoch': 134, 'train_loss': 2.4967594941457114, 'val_ndcg': 0.7418374519160451, 'val_loss': 3.4449496269226074, 'test_ndcg': 0.6656927905990946, 'test_loss': 3.8614661693573} (best epoch 86, best val 0.7472)
[epoch 135] {'epoch': 135, 'train_loss': 2.459017515182495} (best epoch 86, best val 0.7472)
[epoch 136] {'epoch': 136, 'train_loss': 2.4519402980804443, 'val_ndcg': 0.7283339028005481, 'val_loss': 3.4903578758239746, 'test_ndcg': 0.6495202654718439, 'test_loss': 3.9085042476654053} (best epoch 86, best val 0.7472)
[epoch 137] {'epoch': 137, 'train_loss': 2.46687912940979} (best epoch 86, best val 0.7472)
[epoch 138] {'epoch': 138, 'train_loss': 2.4411293665568032, 'val_ndcg': 0.7352865678622414, 'val_loss': 3.459643602371216, 'test_ndcg': 0.6571840297225404, 'test_loss': 3.8835086822509766} (best epoch 86, best val 0.7472)
[epoch 139] {'epoch': 139, 'train_loss': 2.4885268211364746} (best epoch 86, best val 0.7472)
[epoch 140] {'epoch': 140, 'train_loss': 2.4472220738728843, 'val_ndcg': 0.7345170206840013, 'val_loss': 3.4668946266174316, 'test_ndcg': 0.6583722284368008, 'test_loss': 3.9023754596710205} (best epoch 86, best val 0.7472)
[epoch 141] {'epoch': 141, 'train_loss': 2.455434799194336} (best epoch 86, best val 0.7472)
[epoch 142] {'epoch': 142, 'train_loss': 2.472346305847168, 'val_ndcg': 0.728027263891833, 'val_loss': 3.499652147293091, 'test_ndcg': 0.6543534780346127, 'test_loss': 3.9311606884002686} (best epoch 86, best val 0.7472)
[epoch 143] {'epoch': 143, 'train_loss': 2.51358429590861} (best epoch 86, best val 0.7472)
[epoch 144] {'epoch': 144, 'train_loss': 2.6306375662485757, 'val_ndcg': 0.6489197525996571, 'val_loss': 3.7226500511169434, 'test_ndcg': 0.587183929292102, 'test_loss': 4.091826915740967} (best epoch 86, best val 0.7472)
[epoch 145] {'epoch': 145, 'train_loss': 2.6890910466512046} (best epoch 86, best val 0.7472)
[epoch 146] {'epoch': 146, 'train_loss': 2.535336891810099, 'val_ndcg': 0.7396221475108177, 'val_loss': 3.4672579765319824, 'test_ndcg': 0.6622114868445932, 'test_loss': 3.8989858627319336, 'early_stopped': True} (early stop; best epoch 86)
seed 45: val=0.7539 test=0.6667 best_epoch=86 (347.9 min)
[epoch 1] {'epoch': 1, 'train_loss': 5.480447610219319} (best epoch -1, best val -inf)
[epoch 2] {'epoch': 2, 'train_loss': 4.4404323895772295, 'val_ndcg': 0.3389693577044458, 'val_loss': 4.7378458976745605, 'test_ndcg': 0.29104304062330805, 'test_loss': 4.896383762359619} (best epoch 2, best val 0.3390)
[epoch 3] {'epoch': 3, 'train_loss': 4.420450528462728} (best epoch 2, best val 0.3390)
[epoch 4] {'epoch': 4, 'train_loss': 4.012616952260335, 'val_ndcg': 0.5337170094210417, 'val_loss': 4.060942649841309, 'test_ndcg': 0.48302850083929566, 'test_loss': 4.266777038574219} (best epoch 4, best val 0.5337)
[epoch 5] {'epoch': 5, 'train_loss': 3.953012545903524} (best epoch 4, best val 0.5337)
[epoch 6] {'epoch': 6, 'train_loss': 3.647447109222412, 'val_ndcg': 0.6041773126735849, 'val_loss': 3.8141722679138184, 'test_ndcg': 0.545440030049537, 'test_loss': 4.091071128845215} (best epoch 6, best val 0.6042)
[epoch 7] {'epoch': 7, 'train_loss': 3.5145761171976724} (best epoch 6, best val 0.6042)
[epoch 8] {'epoch': 8, 'train_loss': 3.4660258293151855, 'val_ndcg': 0.6034324115072718, 'val_loss': 3.828787326812744, 'test_ndcg': 0.5485299089875216, 'test_loss': 4.175086498260498} (best epoch 6, best val 0.6042)
[epoch 9] {'epoch': 9, 'train_loss': 3.298012653986613} (best epoch 6, best val 0.6042)
[epoch 10] {'epoch': 10, 'train_loss': 3.26034943262736, 'val_ndcg': 0.6595477533470353, 'val_loss': 3.7249882221221924, 'test_ndcg': 0.5964525523703831, 'test_loss': 4.135145664215088} (best epoch 10, best val 0.6595)
[epoch 11] {'epoch': 11, 'train_loss': 3.1669909954071045} (best epoch 10, best val 0.6595)
[epoch 12] {'epoch': 12, 'train_loss': 3.15861185391744, 'val_ndcg': 0.6559036341531108, 'val_loss': 3.7420034408569336, 'test_ndcg': 0.5911208945478791, 'test_loss': 4.1658196449279785} (best epoch 10, best val 0.6595)
[epoch 13] {'epoch': 13, 'train_loss': 3.1346497535705566} (best epoch 10, best val 0.6595)
[epoch 14] {'epoch': 14, 'train_loss': 3.1105889479319253, 'val_ndcg': 0.682810752611949, 'val_loss': 3.633673906326294, 'test_ndcg': 0.6174633800927555, 'test_loss': 4.065104007720947} (best epoch 14, best val 0.6828)
[epoch 15] {'epoch': 15, 'train_loss': 3.0961191654205322} (best epoch 14, best val 0.6828)
[epoch 16] {'epoch': 16, 'train_loss': 3.0034376780192056, 'val_ndcg': 0.6748890059593564, 'val_loss': 3.62878680229187, 'test_ndcg': 0.6049671910938476, 'test_loss': 4.041350841522217} (best epoch 14, best val 0.6828)
[epoch 17] {'epoch': 17, 'train_loss': 2.9833080768585205} (best epoch 14, best val 0.6828)
[epoch 18] {'epoch': 18, 'train_loss': 2.965203841527303, 'val_ndcg': 0.6878244963213451, 'val_loss': 3.6116068363189697, 'test_ndcg': 0.6153666608269587, 'test_loss': 4.024407863616943} (best epoch 18, best val 0.6878)
[epoch 19] {'epoch': 19, 'train_loss': 2.9650560220082602} (best epoch 18, best val 0.6878)
[epoch 20] {'epoch': 20, 'train_loss': 2.9303844769795737, 'val_ndcg': 0.5332667242507582, 'val_loss': 4.051323890686035, 'test_ndcg': 0.4832919529687068, 'test_loss': 4.470258712768555} (best epoch 18, best val 0.6878)
[epoch 21] {'epoch': 21, 'train_loss': 3.2806883653004966} (best epoch 18, best val 0.6878)
[epoch 22] {'epoch': 22, 'train_loss': 3.143469492594401, 'val_ndcg': 0.6794584215094704, 'val_loss': 3.657118797302246, 'test_ndcg': 0.6099759688062054, 'test_loss': 4.0600810050964355} (best epoch 18, best val 0.6878)
[epoch 23] {'epoch': 23, 'train_loss': 3.1478394667307534} (best epoch 18, best val 0.6878)
[epoch 24] {'epoch': 24, 'train_loss': 3.0642449061075845, 'val_ndcg': 0.6716387857405375, 'val_loss': 3.691389799118042, 'test_ndcg': 0.605200790891285, 'test_loss': 4.104750156402588} (best epoch 18, best val 0.6878)
[epoch 25] {'epoch': 25, 'train_loss': 3.0433244705200195} (best epoch 18, best val 0.6878)
[epoch 26] {'epoch': 26, 'train_loss': 2.9739061196645102, 'val_ndcg': 0.6589261729438108, 'val_loss': 3.65773606300354, 'test_ndcg': 0.5984737071435458, 'test_loss': 4.073920726776123} (best epoch 18, best val 0.6878)
[epoch 27] {'epoch': 27, 'train_loss': 2.9472989241282144} (best epoch 18, best val 0.6878)
[epoch 28] {'epoch': 28, 'train_loss': 2.9521377086639404, 'val_ndcg': 0.639912102084067, 'val_loss': 3.7213354110717773, 'test_ndcg': 0.5872487445861198, 'test_loss': 4.124309539794922} (best epoch 18, best val 0.6878)
[epoch 29] {'epoch': 29, 'train_loss': 3.028512159983317} (best epoch 18, best val 0.6878)
[epoch 30] {'epoch': 30, 'train_loss': 2.9509948094685874, 'val_ndcg': 0.6996036437245738, 'val_loss': 3.587437152862549, 'test_ndcg': 0.6214886316782952, 'test_loss': 4.019906997680664} (best epoch 30, best val 0.6996)
[epoch 31] {'epoch': 31, 'train_loss': 2.91770871480306} (best epoch 30, best val 0.6996)
[epoch 32] {'epoch': 32, 'train_loss': 3.183988571166992, 'val_ndcg': 0.6286578152362039, 'val_loss': 3.7586793899536133, 'test_ndcg': 0.5808548255431104, 'test_loss': 4.1749467849731445} (best epoch 30, best val 0.6996)
[epoch 33] {'epoch': 33, 'train_loss': 3.0887245337168374} (best epoch 30, best val 0.6996)
[epoch 34] {'epoch': 34, 'train_loss': 2.992701848347982, 'val_ndcg': 0.6980822679673814, 'val_loss': 3.60199236869812, 'test_ndcg': 0.6175447214111912, 'test_loss': 4.0279765129089355} (best epoch 30, best val 0.6996)
[epoch 35] {'epoch': 35, 'train_loss': 2.949220577875773} (best epoch 30, best val 0.6996)
[epoch 36] {'epoch': 36, 'train_loss': 2.9127183755238852, 'val_ndcg': 0.6966175486049405, 'val_loss': 3.5756468772888184, 'test_ndcg': 0.623165674464143, 'test_loss': 3.9787800312042236} (best epoch 30, best val 0.6996)
[epoch 37] {'epoch': 37, 'train_loss': 2.8994096914927163} (best epoch 30, best val 0.6996)
[epoch 38] {'epoch': 38, 'train_loss': 2.902459144592285, 'val_ndcg': 0.7036572413141358, 'val_loss': 3.532074451446533, 'test_ndcg': 0.6283781492734358, 'test_loss': 3.9628543853759766} (best epoch 38, best val 0.7037)
[epoch 39] {'epoch': 39, 'train_loss': 2.8823928038279214} (best epoch 38, best val 0.7037)
[epoch 40] {'epoch': 40, 'train_loss': 2.8413869539896646, 'val_ndcg': 0.710043776236967, 'val_loss': 3.5386362075805664, 'test_ndcg': 0.6273287249052192, 'test_loss': 4.0168776512146} (best epoch 40, best val 0.7100)
[epoch 41] {'epoch': 41, 'train_loss': 2.8511226971944175} (best epoch 40, best val 0.7100)
[epoch 42] {'epoch': 42, 'train_loss': 2.8670473098754883, 'val_ndcg': 0.6940852615954145, 'val_loss': 3.5534486770629883, 'test_ndcg': 0.6276959881937133, 'test_loss': 3.9851295948028564} (best epoch 40, best val 0.7100)
[epoch 43] {'epoch': 43, 'train_loss': 2.9133493900299072} (best epoch 40, best val 0.7100)
[epoch 44] {'epoch': 44, 'train_loss': 2.86973508199056, 'val_ndcg': 0.6992972094291254, 'val_loss': 3.555086612701416, 'test_ndcg': 0.6226503262474042, 'test_loss': 3.992487668991089} (best epoch 40, best val 0.7100)
[epoch 45] {'epoch': 45, 'train_loss': 2.8656938076019287} (best epoch 40, best val 0.7100)
[epoch 46] {'epoch': 46, 'train_loss': 2.838935216267904, 'val_ndcg': 0.7008397875411093, 'val_loss': 3.550243377685547, 'test_ndcg': 0.6275294300122649, 'test_loss': 3.996337890625} (best epoch 40, best val 0.7100)
[epoch 47] {'epoch': 47, 'train_loss': 2.824059804280599} (best epoch 40, best val 0.7100)
[epoch 48] {'epoch': 48, 'train_loss': 2.816150983174642, 'val_ndcg': 0.7079483139329495, 'val_loss': 3.5308215618133545, 'test_ndcg': 0.6334385628962642, 'test_loss': 3.959810972213745} (best epoch 40, best val 0.7100)
[epoch 49] {'epoch': 49, 'train_loss': 2.883216937383016} (best epoch 40, best val 0.7100)
[epoch 50] {'epoch': 50, 'train_loss': 2.7900997002919516, 'val_ndcg': 0.7059485396107095, 'val_loss': 3.553417682647705, 'test_ndcg': 0.6317303236680178, 'test_loss': 3.9809741973876953} (best epoch 40, best val 0.7100)
[epoch 51] {'epoch': 51, 'train_loss': 2.800764560699463} (best epoch 40, best val 0.7100)
[epoch 52] {'epoch': 52, 'train_loss': 2.7580374081929526, 'val_ndcg': 0.709363960779015, 'val_loss': 3.5403873920440674, 'test_ndcg': 0.6307915940451149, 'test_loss': 3.9766881465911865} (best epoch 40, best val 0.7100)
[epoch 53] {'epoch': 53, 'train_loss': 2.7315076986948648} (best epoch 40, best val 0.7100)
[epoch 54] {'epoch': 54, 'train_loss': 2.7013677755991616, 'val_ndcg': 0.7266241694089235, 'val_loss': 3.49031138420105, 'test_ndcg': 0.6454917535414602, 'test_loss': 3.9206631183624268} (best epoch 54, best val 0.7266)
[epoch 55] {'epoch': 55, 'train_loss': 2.6898082892100015} (best epoch 54, best val 0.7266)
[epoch 56] {'epoch': 56, 'train_loss': 2.688621997833252, 'val_ndcg': 0.7066655252648059, 'val_loss': 3.529515504837036, 'test_ndcg': 0.6346041274317012, 'test_loss': 3.9685189723968506} (best epoch 54, best val 0.7266)
[epoch 57] {'epoch': 57, 'train_loss': 2.794976234436035} (best epoch 54, best val 0.7266)
[epoch 58] {'epoch': 58, 'train_loss': 2.809237082799276, 'val_ndcg': 0.7308237294490164, 'val_loss': 3.479149580001831, 'test_ndcg': 0.6464762380135781, 'test_loss': 3.9223358631134033} (best epoch 58, best val 0.7308)
[epoch 59] {'epoch': 59, 'train_loss': 2.7468064626057944} (best epoch 58, best val 0.7308)
[epoch 60] {'epoch': 60, 'train_loss': 2.7107949256896973, 'val_ndcg': 0.7258124851775859, 'val_loss': 3.503251552581787, 'test_ndcg': 0.6475589634347029, 'test_loss': 3.9321460723876953} (best epoch 58, best val 0.7308)
[epoch 61] {'epoch': 61, 'train_loss': 2.6959617932637534} (best epoch 58, best val 0.7308)
[epoch 62] {'epoch': 62, 'train_loss': 2.7157889207204184, 'val_ndcg': 0.7183454306018309, 'val_loss': 3.491394281387329, 'test_ndcg': 0.6400519586914274, 'test_loss': 3.906492233276367} (best epoch 58, best val 0.7308)
[epoch 63] {'epoch': 63, 'train_loss': 2.706397294998169} (best epoch 58, best val 0.7308)
[epoch 64] {'epoch': 64, 'train_loss': 2.6669460932413735, 'val_ndcg': 0.7243579012270623, 'val_loss': 3.4716696739196777, 'test_ndcg': 0.649888602711404, 'test_loss': 3.880406618118286} (best epoch 58, best val 0.7308)
[epoch 65] {'epoch': 65, 'train_loss': 2.7102607091267905} (best epoch 58, best val 0.7308)
[epoch 66] {'epoch': 66, 'train_loss': 2.702290693918864, 'val_ndcg': 0.7083244202757951, 'val_loss': 3.534241199493408, 'test_ndcg': 0.6341347347166645, 'test_loss': 3.962689161300659} (best epoch 58, best val 0.7308)
[epoch 67] {'epoch': 67, 'train_loss': 2.7187541325887046} (best epoch 58, best val 0.7308)
[epoch 68] {'epoch': 68, 'train_loss': 2.7022051016489663, 'val_ndcg': 0.7240294646695993, 'val_loss': 3.495882511138916, 'test_ndcg': 0.6405332568558332, 'test_loss': 3.942906141281128} (best epoch 58, best val 0.7308)
[epoch 69] {'epoch': 69, 'train_loss': 2.680613915125529} (best epoch 58, best val 0.7308)
[epoch 70] {'epoch': 70, 'train_loss': 2.6630706787109375, 'val_ndcg': 0.7168612240150147, 'val_loss': 3.494110107421875, 'test_ndcg': 0.6368940578627337, 'test_loss': 3.9158213138580322} (best epoch 58, best val 0.7308)
[epoch 71] {'epoch': 71, 'train_loss': 2.646329085032145} (best epoch 58, best val 0.7308)
[epoch 72] {'epoch': 72, 'train_loss': 2.64724063873291, 'val_ndcg': 0.7121849304259308, 'val_loss': 3.4969730377197266, 'test_ndcg': 0.6302724051505927, 'test_loss': 3.9564621448516846} (best epoch 58, best val 0.7308)
[epoch 73] {'epoch': 73, 'train_loss': 2.72814679145813} (best epoch 58, best val 0.7308)
[epoch 74] {'epoch': 74, 'train_loss': 2.6764593919118247, 'val_ndcg': 0.690069845211898, 'val_loss': 3.580350875854492, 'test_ndcg': 0.6129232052097153, 'test_loss': 4.008430480957031} (best epoch 58, best val 0.7308)
[epoch 75] {'epoch': 75, 'train_loss': 2.6798349221547446} (best epoch 58, best val 0.7308)
[epoch 76] {'epoch': 76, 'train_loss': 2.681436856587728, 'val_ndcg': 0.7049926001861863, 'val_loss': 3.5751357078552246, 'test_ndcg': 0.6244376667559202, 'test_loss': 3.987962484359741} (best epoch 58, best val 0.7308)
[epoch 77] {'epoch': 77, 'train_loss': 2.6603941917419434} (best epoch 58, best val 0.7308)
[epoch 78] {'epoch': 78, 'train_loss': 2.6403419971466064, 'val_ndcg': 0.7326956839028889, 'val_loss': 3.44228196144104, 'test_ndcg': 0.655179728033184, 'test_loss': 3.8475425243377686} (best epoch 78, best val 0.7327)
[epoch 79] {'epoch': 79, 'train_loss': 2.599275509516398} (best epoch 78, best val 0.7327)
[epoch 80] {'epoch': 80, 'train_loss': 2.6051652431488037, 'val_ndcg': 0.7061088086258405, 'val_loss': 3.5051064491271973, 'test_ndcg': 0.6300114565406548, 'test_loss': 3.9134151935577393} (best epoch 78, best val 0.7327)
[epoch 81] {'epoch': 81, 'train_loss': 2.581562598546346} (best epoch 78, best val 0.7327)
[epoch 82] {'epoch': 82, 'train_loss': 2.6123480796813965, 'val_ndcg': 0.7330088673908038, 'val_loss': 3.45650315284729, 'test_ndcg': 0.657478636881779, 'test_loss': 3.90108585357666} (best epoch 82, best val 0.7330)
[epoch 83] {'epoch': 83, 'train_loss': 2.5784219900767007} (best epoch 82, best val 0.7330)
[epoch 84] {'epoch': 84, 'train_loss': 2.618200937906901, 'val_ndcg': 0.718925894727835, 'val_loss': 3.512662649154663, 'test_ndcg': 0.6461619090129117, 'test_loss': 3.945519208908081} (best epoch 82, best val 0.7330)
[epoch 85] {'epoch': 85, 'train_loss': 2.6129773457845054} (best epoch 82, best val 0.7330)
[epoch 86] {'epoch': 86, 'train_loss': 2.774636665980021, 'val_ndcg': 0.6559230645214078, 'val_loss': 3.691319704055786, 'test_ndcg': 0.5868452631885793, 'test_loss': 4.082878589630127} (best epoch 82, best val 0.7330)
[epoch 87] {'epoch': 87, 'train_loss': 2.7846712271372476} (best epoch 82, best val 0.7330)
[epoch 88] {'epoch': 88, 'train_loss': 2.6960283120473227, 'val_ndcg': 0.7116711087496495, 'val_loss': 3.5418481826782227, 'test_ndcg': 0.6344652867605557, 'test_loss': 3.9759910106658936} (best epoch 82, best val 0.7330)
[epoch 89] {'epoch': 89, 'train_loss': 2.6965808868408203} (best epoch 82, best val 0.7330)
[epoch 90] {'epoch': 90, 'train_loss': 2.6815871397654214, 'val_ndcg': 0.699334473141278, 'val_loss': 3.5590567588806152, 'test_ndcg': 0.6199966114495309, 'test_loss': 3.9912948608398438} (best epoch 82, best val 0.7330)
[epoch 91] {'epoch': 91, 'train_loss': 2.679907957712809} (best epoch 82, best val 0.7330)
[epoch 92] {'epoch': 92, 'train_loss': 2.657352924346924, 'val_ndcg': 0.7143832580396569, 'val_loss': 3.511817455291748, 'test_ndcg': 0.6439921394213006, 'test_loss': 3.921381711959839} (best epoch 82, best val 0.7330)
[epoch 93] {'epoch': 93, 'train_loss': 2.596996625264486} (best epoch 82, best val 0.7330)
[epoch 94] {'epoch': 94, 'train_loss': 2.617042144139608, 'val_ndcg': 0.71799848098354, 'val_loss': 3.5065269470214844, 'test_ndcg': 0.6462455697864803, 'test_loss': 3.9568893909454346} (best epoch 82, best val 0.7330)
[epoch 95] {'epoch': 95, 'train_loss': 2.612470785776774} (best epoch 82, best val 0.7330)
[epoch 96] {'epoch': 96, 'train_loss': 2.605496088663737, 'val_ndcg': 0.7212899369015523, 'val_loss': 3.477548122406006, 'test_ndcg': 0.6486842178062505, 'test_loss': 3.9197769165039062} (best epoch 82, best val 0.7330)
[epoch 97] {'epoch': 97, 'train_loss': 2.583150545756022} (best epoch 82, best val 0.7330)
[epoch 98] {'epoch': 98, 'train_loss': 2.5785486698150635, 'val_ndcg': 0.7504180134134069, 'val_loss': 3.41787052154541, 'test_ndcg': 0.6628819210682132, 'test_loss': 3.8512985706329346} (best epoch 98, best val 0.7504)
[epoch 99] {'epoch': 99, 'train_loss': 2.546919027964274} (best epoch 98, best val 0.7504)
[epoch 100] {'epoch': 100, 'train_loss': 2.5242281754811606, 'val_ndcg': 0.7348499889149638, 'val_loss': 3.418698310852051, 'test_ndcg': 0.6613963645124589, 'test_loss': 3.8529815673828125} (best epoch 98, best val 0.7504)
[epoch 101] {'epoch': 101, 'train_loss': 2.5059777100880942} (best epoch 98, best val 0.7504)
[epoch 102] {'epoch': 102, 'train_loss': 2.511889934539795, 'val_ndcg': 0.7203132215624413, 'val_loss': 3.475036859512329, 'test_ndcg': 0.6444172749001269, 'test_loss': 3.9194228649139404} (best epoch 98, best val 0.7504)
[epoch 103] {'epoch': 103, 'train_loss': 2.491939067840576} (best epoch 98, best val 0.7504)
[epoch 104] {'epoch': 104, 'train_loss': 2.4771010080973306, 'val_ndcg': 0.737402081745688, 'val_loss': 3.438264846801758, 'test_ndcg': 0.6540417230745139, 'test_loss': 3.8721237182617188} (best epoch 98, best val 0.7504)
[epoch 105] {'epoch': 105, 'train_loss': 2.532437324523926} (best epoch 98, best val 0.7504)
[epoch 106] {'epoch': 106, 'train_loss': 2.525592565536499, 'val_ndcg': 0.699360009107842, 'val_loss': 3.5485823154449463, 'test_ndcg': 0.632942689330017, 'test_loss': 3.948740243911743} (best epoch 98, best val 0.7504)
[epoch 107] {'epoch': 107, 'train_loss': 2.5041481653849282} (best epoch 98, best val 0.7504)
[epoch 108] {'epoch': 108, 'train_loss': 2.571706533432007, 'val_ndcg': 0.7270266909916157, 'val_loss': 3.4743714332580566, 'test_ndcg': 0.651775625396417, 'test_loss': 3.9251840114593506} (best epoch 98, best val 0.7504)
[epoch 109] {'epoch': 109, 'train_loss': 2.518781820933024} (best epoch 98, best val 0.7504)
[epoch 110] {'epoch': 110, 'train_loss': 2.507777134577433, 'val_ndcg': 0.7219882040219874, 'val_loss': 3.469970226287842, 'test_ndcg': 0.6599750601337301, 'test_loss': 3.8809516429901123} (best epoch 98, best val 0.7504)
[epoch 111] {'epoch': 111, 'train_loss': 2.4850133260091147} (best epoch 98, best val 0.7504)
[epoch 112] {'epoch': 112, 'train_loss': 2.465920925140381, 'val_ndcg': 0.7342188191503015, 'val_loss': 3.4526705741882324, 'test_ndcg': 0.6611305421276562, 'test_loss': 3.8570516109466553} (best epoch 98, best val 0.7504)
[epoch 113] {'epoch': 113, 'train_loss': 2.4705992539723716} (best epoch 98, best val 0.7504)
[epoch 114] {'epoch': 114, 'train_loss': 2.4707953135172525, 'val_ndcg': 0.7231835179545627, 'val_loss': 3.4925737380981445, 'test_ndcg': 0.6446443021742865, 'test_loss': 3.9378302097320557} (best epoch 98, best val 0.7504)
[epoch 115] {'epoch': 115, 'train_loss': 2.517472426096598} (best epoch 98, best val 0.7504)
[epoch 116] {'epoch': 116, 'train_loss': 2.5005440711975098, 'val_ndcg': 0.7351875471160553, 'val_loss': 3.4581656455993652, 'test_ndcg': 0.6529415987123023, 'test_loss': 3.884155035018921} (best epoch 98, best val 0.7504)
[epoch 117] {'epoch': 117, 'train_loss': 2.76103146870931} (best epoch 98, best val 0.7504)
[epoch 118] {'epoch': 118, 'train_loss': 2.653269608815511, 'val_ndcg': 0.7142072028343737, 'val_loss': 3.5218024253845215, 'test_ndcg': 0.6318865655719987, 'test_loss': 3.97497296333313} (best epoch 98, best val 0.7504)
[epoch 119] {'epoch': 119, 'train_loss': 2.668501138687134} (best epoch 98, best val 0.7504)
[epoch 120] {'epoch': 120, 'train_loss': 2.6265625953674316, 'val_ndcg': 0.6981595478140593, 'val_loss': 3.553861379623413, 'test_ndcg': 0.6389965523537954, 'test_loss': 3.9430925846099854} (best epoch 98, best val 0.7504)
[epoch 121] {'epoch': 121, 'train_loss': 2.6177078088124595} (best epoch 98, best val 0.7504)
[epoch 122] {'epoch': 122, 'train_loss': 2.6023219426472983, 'val_ndcg': 0.7032928932211813, 'val_loss': 3.573249340057373, 'test_ndcg': 0.6303044130051643, 'test_loss': 3.9985663890838623} (best epoch 98, best val 0.7504)
[epoch 123] {'epoch': 123, 'train_loss': 2.580681085586548} (best epoch 98, best val 0.7504)
[epoch 124] {'epoch': 124, 'train_loss': 2.5881189505259194, 'val_ndcg': 0.6877835709423336, 'val_loss': 3.608412504196167, 'test_ndcg': 0.6090512167363143, 'test_loss': 4.038589000701904} (best epoch 98, best val 0.7504)
[epoch 125] {'epoch': 125, 'train_loss': 2.649020036061605} (best epoch 98, best val 0.7504)
[epoch 126] {'epoch': 126, 'train_loss': 2.6007688840230307, 'val_ndcg': 0.7301495246560346, 'val_loss': 3.481201648712158, 'test_ndcg': 0.661870556327226, 'test_loss': 3.8849191665649414} (best epoch 98, best val 0.7504)
[epoch 127] {'epoch': 127, 'train_loss': 2.6530160903930664} (best epoch 98, best val 0.7504)
[epoch 128] {'epoch': 128, 'train_loss': 2.5992762247721353, 'val_ndcg': 0.7241914283951267, 'val_loss': 3.504004955291748, 'test_ndcg': 0.6473666477586041, 'test_loss': 3.91097092628479} (best epoch 98, best val 0.7504)
[epoch 129] {'epoch': 129, 'train_loss': 2.5553279717763266} (best epoch 98, best val 0.7504)
[epoch 130] {'epoch': 130, 'train_loss': 2.5957563718159995, 'val_ndcg': 0.723145770318621, 'val_loss': 3.479555130004883, 'test_ndcg': 0.6502914586216535, 'test_loss': 3.8887717723846436} (best epoch 98, best val 0.7504)
[epoch 131] {'epoch': 131, 'train_loss': 2.5202061335245767} (best epoch 98, best val 0.7504)
[epoch 132] {'epoch': 132, 'train_loss': 2.5404725869496665, 'val_ndcg': 0.7296045201202758, 'val_loss': 3.4921975135803223, 'test_ndcg': 0.6499143516755912, 'test_loss': 3.9029762744903564} (best epoch 98, best val 0.7504)
[epoch 133] {'epoch': 133, 'train_loss': 2.5533859729766846} (best epoch 98, best val 0.7504)
[epoch 134] {'epoch': 134, 'train_loss': 2.506863594055176, 'val_ndcg': 0.7460313957710842, 'val_loss': 3.417405128479004, 'test_ndcg': 0.6590098386172106, 'test_loss': 3.852466583251953} (best epoch 98, best val 0.7504)
[epoch 135] {'epoch': 135, 'train_loss': 2.465108633041382} (best epoch 98, best val 0.7504)
[epoch 136] {'epoch': 136, 'train_loss': 2.493544260660807, 'val_ndcg': 0.6997487295552176, 'val_loss': 3.5554592609405518, 'test_ndcg': 0.632535529080048, 'test_loss': 3.9533519744873047} (best epoch 98, best val 0.7504)
[epoch 137] {'epoch': 137, 'train_loss': 2.4692790508270264} (best epoch 98, best val 0.7504)
[epoch 138] {'epoch': 138, 'train_loss': 2.5041631857554116, 'val_ndcg': 0.7343974790219033, 'val_loss': 3.4681129455566406, 'test_ndcg': 0.6534791842127793, 'test_loss': 3.916746139526367} (best epoch 98, best val 0.7504)
[epoch 139] {'epoch': 139, 'train_loss': 2.477696736653646} (best epoch 98, best val 0.7504)
[epoch 140] {'epoch': 140, 'train_loss': 2.481321096420288, 'val_ndcg': 0.7268935176259747, 'val_loss': 3.4887256622314453, 'test_ndcg': 0.6431982439834252, 'test_loss': 3.9170541763305664} (best epoch 98, best val 0.7504)
[epoch 141] {'epoch': 141, 'train_loss': 2.512265602747599} (best epoch 98, best val 0.7504)
[epoch 142] {'epoch': 142, 'train_loss': 2.5090943972269693, 'val_ndcg': 0.7271669085670366, 'val_loss': 3.4686343669891357, 'test_ndcg': 0.6550830677447657, 'test_loss': 3.8820292949676514} (best epoch 98, best val 0.7504)
[epoch 143] {'epoch': 143, 'train_loss': 2.4545093377431235} (best epoch 98, best val 0.7504)
[epoch 144] {'epoch': 144, 'train_loss': 2.439467748006185, 'val_ndcg': 0.7417891970501039, 'val_loss': 3.442472219467163, 'test_ndcg': 0.6641280580172221, 'test_loss': 3.864948272705078} (best epoch 98, best val 0.7504)
[epoch 145] {'epoch': 145, 'train_loss': 2.428227265675863} (best epoch 98, best val 0.7504)
[epoch 146] {'epoch': 146, 'train_loss': 2.408180077870687, 'val_ndcg': 0.7424656507507781, 'val_loss': 3.4384706020355225, 'test_ndcg': 0.6663743626218778, 'test_loss': 3.839231252670288} (best epoch 98, best val 0.7504)
[epoch 147] {'epoch': 147, 'train_loss': 2.4088199933369956} (best epoch 98, best val 0.7504)
[epoch 148] {'epoch': 148, 'train_loss': 2.4438424110412598, 'val_ndcg': 0.7103579075511932, 'val_loss': 3.5320732593536377, 'test_ndcg': 0.6343428927346857, 'test_loss': 3.9615132808685303} (best epoch 98, best val 0.7504)
[epoch 149] {'epoch': 149, 'train_loss': 2.45076576868693} (best epoch 98, best val 0.7504)
[epoch 150] {'epoch': 150, 'train_loss': 2.432522773742676, 'val_ndcg': 0.7358098900107265, 'val_loss': 3.473031759262085, 'test_ndcg': 0.6634939049547915, 'test_loss': 3.899484872817993} (best epoch 98, best val 0.7504)
[epoch 151] {'epoch': 151, 'train_loss': 2.411102056503296} (best epoch 98, best val 0.7504)
[epoch 152] {'epoch': 152, 'train_loss': 2.4203551610310874, 'val_ndcg': 0.7455398535126216, 'val_loss': 3.4336166381835938, 'test_ndcg': 0.6678309446961445, 'test_loss': 3.8555996417999268} (best epoch 98, best val 0.7504)
[epoch 153] {'epoch': 153, 'train_loss': 2.4042441050211587} (best epoch 98, best val 0.7504)
[epoch 154] {'epoch': 154, 'train_loss': 2.3991429805755615, 'val_ndcg': 0.7484317950924548, 'val_loss': 3.4173617362976074, 'test_ndcg': 0.6713066462252048, 'test_loss': 3.8520796298980713} (best epoch 98, best val 0.7504)
[epoch 155] {'epoch': 155, 'train_loss': 2.409252882003784} (best epoch 98, best val 0.7504)
[epoch 156] {'epoch': 156, 'train_loss': 2.39504067103068, 'val_ndcg': 0.7306585392187913, 'val_loss': 3.472151756286621, 'test_ndcg': 0.6566389472091583, 'test_loss': 3.891904592514038} (best epoch 98, best val 0.7504)
[epoch 157] {'epoch': 157, 'train_loss': 2.389188607533773} (best epoch 98, best val 0.7504)
[epoch 158] {'epoch': 158, 'train_loss': 2.442501942316691, 'val_ndcg': 0.735836493227048, 'val_loss': 3.4595892429351807, 'test_ndcg': 0.6573880598688028, 'test_loss': 3.893695831298828, 'early_stopped': True} (early stop; best epoch 98)
seed 46: val=0.7514 test=0.6713 best_epoch=98 (369.4 min)
[epoch 1] {'epoch': 1, 'train_loss': 5.766332626342773} (best epoch -1, best val -inf)
[epoch 2] {'epoch': 2, 'train_loss': 4.391607125600179, 'val_ndcg': 0.4093916695499109, 'val_loss': 5.229027271270752, 'test_ndcg': 0.36140085048521287, 'test_loss': 5.512928009033203} (best epoch 2, best val 0.4094)
[epoch 3] {'epoch': 3, 'train_loss': 4.162551244099935} (best epoch 2, best val 0.4094)
[epoch 4] {'epoch': 4, 'train_loss': 3.833860715230306, 'val_ndcg': 0.5522867902761025, 'val_loss': 3.9646434783935547, 'test_ndcg': 0.49471598928150007, 'test_loss': 4.216512203216553} (best epoch 4, best val 0.5523)
[epoch 5] {'epoch': 5, 'train_loss': 3.739407459894816} (best epoch 4, best val 0.5523)
[epoch 6] {'epoch': 6, 'train_loss': 3.4839866161346436, 'val_ndcg': 0.6270815345053862, 'val_loss': 3.764538049697876, 'test_ndcg': 0.5592465064046953, 'test_loss': 4.124924182891846} (best epoch 6, best val 0.6271)
[epoch 7] {'epoch': 7, 'train_loss': 3.3135135968526206} (best epoch 6, best val 0.6271)
[epoch 8] {'epoch': 8, 'train_loss': 3.3450910250345864, 'val_ndcg': 0.6526241342641693, 'val_loss': 3.7023067474365234, 'test_ndcg': 0.5705736949657577, 'test_loss': 4.098292350769043} (best epoch 8, best val 0.6526)
[epoch 9] {'epoch': 9, 'train_loss': 3.2529947757720947} (best epoch 8, best val 0.6526)
[epoch 10] {'epoch': 10, 'train_loss': 3.1551610628763833, 'val_ndcg': 0.6642778162155414, 'val_loss': 3.6523427963256836, 'test_ndcg': 0.5935837999351125, 'test_loss': 4.036418914794922} (best epoch 10, best val 0.6643)
[epoch 11] {'epoch': 11, 'train_loss': 3.1082140604654946} (best epoch 10, best val 0.6643)
[epoch 12] {'epoch': 12, 'train_loss': 3.0788331031799316, 'val_ndcg': 0.6402999797954751, 'val_loss': 3.6943068504333496, 'test_ndcg': 0.5699785172178019, 'test_loss': 4.078554153442383} (best epoch 10, best val 0.6643)
[epoch 13] {'epoch': 13, 'train_loss': 3.1346689065297446} (best epoch 10, best val 0.6643)
[epoch 14] {'epoch': 14, 'train_loss': 3.055591662724813, 'val_ndcg': 0.6821824856977942, 'val_loss': 3.6191649436950684, 'test_ndcg': 0.6221026757618225, 'test_loss': 4.0088982582092285} (best epoch 14, best val 0.6822)
[epoch 15] {'epoch': 15, 'train_loss': 3.0958398977915444} (best epoch 14, best val 0.6822)
[epoch 16] {'epoch': 16, 'train_loss': 3.0647987524668374, 'val_ndcg': 0.672431862549101, 'val_loss': 3.6646902561187744, 'test_ndcg': 0.5971510723985055, 'test_loss': 4.099440574645996} (best epoch 14, best val 0.6822)
[epoch 17] {'epoch': 17, 'train_loss': 3.0520175298055015} (best epoch 14, best val 0.6822)
[epoch 18] {'epoch': 18, 'train_loss': 2.9960971673329673, 'val_ndcg': 0.6820723702516838, 'val_loss': 3.6353683471679688, 'test_ndcg': 0.6128395969816368, 'test_loss': 4.065396785736084} (best epoch 14, best val 0.6822)
[epoch 19] {'epoch': 19, 'train_loss': 2.999885161717733} (best epoch 14, best val 0.6822)
[epoch 20] {'epoch': 20, 'train_loss': 2.958935101826986, 'val_ndcg': 0.6863730361814973, 'val_loss': 3.608062982559204, 'test_ndcg': 0.6131696082695887, 'test_loss': 4.071037769317627} (best epoch 20, best val 0.6864)
[epoch 21] {'epoch': 21, 'train_loss': 2.9335907300313315} (best epoch 20, best val 0.6864)
[epoch 22] {'epoch': 22, 'train_loss': 2.9216769536336265, 'val_ndcg': 0.7063817675160089, 'val_loss': 3.571770429611206, 'test_ndcg': 0.6276837902279114, 'test_loss': 4.0158820152282715} (best epoch 22, best val 0.7064)
[epoch 23] {'epoch': 23, 'train_loss': 2.889904816945394} (best epoch 22, best val 0.7064)
[epoch 24] {'epoch': 24, 'train_loss': 2.852469285329183, 'val_ndcg': 0.6999855849679163, 'val_loss': 3.573502540588379, 'test_ndcg': 0.6283127225005112, 'test_loss': 4.028407573699951} (best epoch 22, best val 0.7064)
[epoch 25] {'epoch': 25, 'train_loss': 2.8521629174550376} (best epoch 22, best val 0.7064)
[epoch 26] {'epoch': 26, 'train_loss': 2.8459474245707193, 'val_ndcg': 0.7070786445152546, 'val_loss': 3.550112724304199, 'test_ndcg': 0.6281725794665909, 'test_loss': 4.03860330581665} (best epoch 26, best val 0.7071)
[epoch 27] {'epoch': 27, 'train_loss': 2.8541804949442544} (best epoch 26, best val 0.7071)
[epoch 28] {'epoch': 28, 'train_loss': 2.8379871050516763, 'val_ndcg': 0.7037963798413256, 'val_loss': 3.530168294906616, 'test_ndcg': 0.6347555949095093, 'test_loss': 3.9901599884033203} (best epoch 26, best val 0.7071)
[epoch 29] {'epoch': 29, 'train_loss': 2.8134867350260415} (best epoch 26, best val 0.7071)
[epoch 30] {'epoch': 30, 'train_loss': 2.8450063864390054, 'val_ndcg': 0.6979219699804736, 'val_loss': 3.5613954067230225, 'test_ndcg': 0.6293252414779351, 'test_loss': 4.001579284667969} (best epoch 26, best val 0.7071)
[epoch 31] {'epoch': 31, 'train_loss': 2.8265625635782876} (best epoch 26, best val 0.7071)
[epoch 32] {'epoch': 32, 'train_loss': 2.8217169443766275, 'val_ndcg': 0.7215243217591724, 'val_loss': 3.5290958881378174, 'test_ndcg': 0.6422258221973199, 'test_loss': 3.978487730026245} (best epoch 32, best val 0.7215)
[epoch 33] {'epoch': 33, 'train_loss': 2.8653056621551514} (best epoch 32, best val 0.7215)
[epoch 34] {'epoch': 34, 'train_loss': 2.932279030481974, 'val_ndcg': 0.7000125013982076, 'val_loss': 3.577598810195923, 'test_ndcg': 0.6252332592390897, 'test_loss': 4.019834995269775} (best epoch 32, best val 0.7215)
[epoch 35] {'epoch': 35, 'train_loss': 2.8667778174082437} (best epoch 32, best val 0.7215)
[epoch 36] {'epoch': 36, 'train_loss': 2.9290758768717446, 'val_ndcg': 0.7063542522726369, 'val_loss': 3.568814754486084, 'test_ndcg': 0.6346231945887407, 'test_loss': 4.008798122406006} (best epoch 32, best val 0.7215)
[epoch 37] {'epoch': 37, 'train_loss': 2.960509936014811} (best epoch 32, best val 0.7215)
[epoch 38] {'epoch': 38, 'train_loss': 2.9361154238382974, 'val_ndcg': 0.7015943948300418, 'val_loss': 3.5443217754364014, 'test_ndcg': 0.6214746153952323, 'test_loss': 3.986177444458008} (best epoch 32, best val 0.7215)
[epoch 39] {'epoch': 39, 'train_loss': 2.897502581278483} (best epoch 32, best val 0.7215)
[epoch 40] {'epoch': 40, 'train_loss': 2.8748373985290527, 'val_ndcg': 0.7247535846567869, 'val_loss': 3.5168190002441406, 'test_ndcg': 0.6438697825690801, 'test_loss': 3.9463531970977783} (best epoch 40, best val 0.7248)
[epoch 41] {'epoch': 41, 'train_loss': 2.8747982184092202} (best epoch 40, best val 0.7248)
[epoch 42] {'epoch': 42, 'train_loss': 2.8537978331247964, 'val_ndcg': 0.6953011527366195, 'val_loss': 3.564420223236084, 'test_ndcg': 0.6282487292259458, 'test_loss': 3.9816834926605225} (best epoch 40, best val 0.7248)
[epoch 43] {'epoch': 43, 'train_loss': 2.812634229660034} (best epoch 40, best val 0.7248)
[epoch 44] {'epoch': 44, 'train_loss': 2.7663707733154297, 'val_ndcg': 0.7156362075531255, 'val_loss': 3.5047152042388916, 'test_ndcg': 0.6351291651550276, 'test_loss': 3.9538471698760986} (best epoch 40, best val 0.7248)
[epoch 45] {'epoch': 45, 'train_loss': 2.7735801537831626} (best epoch 40, best val 0.7248)
[epoch 46] {'epoch': 46, 'train_loss': 2.772933006286621, 'val_ndcg': 0.7421340146782556, 'val_loss': 3.473392963409424, 'test_ndcg': 0.6593646174222849, 'test_loss': 3.8947229385375977} (best epoch 46, best val 0.7421)
[epoch 47] {'epoch': 47, 'train_loss': 2.860328038533529} (best epoch 46, best val 0.7421)
[epoch 48] {'epoch': 48, 'train_loss': 2.8201025327046714, 'val_ndcg': 0.7244861538257413, 'val_loss': 3.492759943008423, 'test_ndcg': 0.6381080095223898, 'test_loss': 3.934760332107544} (best epoch 46, best val 0.7421)
[epoch 49] {'epoch': 49, 'train_loss': 3.0545482635498047} (best epoch 46, best val 0.7421)
[epoch 50] {'epoch': 50, 'train_loss': 3.10722279548645, 'val_ndcg': 0.6714661778980517, 'val_loss': 3.7081308364868164, 'test_ndcg': 0.5888627182968527, 'test_loss': 4.158043384552002} (best epoch 46, best val 0.7421)
[epoch 51] {'epoch': 51, 'train_loss': 2.9703408082326255} (best epoch 46, best val 0.7421)
[epoch 52] {'epoch': 52, 'train_loss': 2.9066943327585855, 'val_ndcg': 0.697717408013946, 'val_loss': 3.5708768367767334, 'test_ndcg': 0.6265297647484119, 'test_loss': 3.985379457473755} (best epoch 46, best val 0.7421)
[epoch 53] {'epoch': 53, 'train_loss': 2.861513376235962} (best epoch 46, best val 0.7421)
[epoch 54] {'epoch': 54, 'train_loss': 2.839254856109619, 'val_ndcg': 0.726367897427473, 'val_loss': 3.487205982208252, 'test_ndcg': 0.6379122464839817, 'test_loss': 3.9521236419677734} (best epoch 46, best val 0.7421)
[epoch 55] {'epoch': 55, 'train_loss': 2.801595687866211} (best epoch 46, best val 0.7421)
[epoch 56] {'epoch': 56, 'train_loss': 2.751380125681559, 'val_ndcg': 0.7408935269020538, 'val_loss': 3.4461212158203125, 'test_ndcg': 0.6593532413363552, 'test_loss': 3.8718245029449463} (best epoch 46, best val 0.7421)
[epoch 57] {'epoch': 57, 'train_loss': 2.734637498855591} (best epoch 46, best val 0.7421)
[epoch 58] {'epoch': 58, 'train_loss': 2.7154144446055093, 'val_ndcg': 0.7368909328523375, 'val_loss': 3.452209949493408, 'test_ndcg': 0.6528104266282749, 'test_loss': 3.8942651748657227} (best epoch 46, best val 0.7421)
[epoch 59] {'epoch': 59, 'train_loss': 2.7372995217641196} (best epoch 46, best val 0.7421)
[epoch 60] {'epoch': 60, 'train_loss': 2.7134278615315757, 'val_ndcg': 0.7443887779864247, 'val_loss': 3.455902099609375, 'test_ndcg': 0.6565308958809087, 'test_loss': 3.903305768966675} (best epoch 60, best val 0.7444)
[epoch 61] {'epoch': 61, 'train_loss': 2.687788804372152} (best epoch 60, best val 0.7444)
[epoch 62] {'epoch': 62, 'train_loss': 2.686244010925293, 'val_ndcg': 0.7423401672846452, 'val_loss': 3.4454092979431152, 'test_ndcg': 0.6525816848566235, 'test_loss': 3.917762041091919} (best epoch 60, best val 0.7444)
[epoch 63] {'epoch': 63, 'train_loss': 2.7050414085388184} (best epoch 60, best val 0.7444)
[epoch 64] {'epoch': 64, 'train_loss': 2.898104508717855, 'val_ndcg': 0.7237484784905992, 'val_loss': 3.492678165435791, 'test_ndcg': 0.6381115305418693, 'test_loss': 3.9134159088134766} (best epoch 60, best val 0.7444)
[epoch 65] {'epoch': 65, 'train_loss': 2.8853142261505127} (best epoch 60, best val 0.7444)
[epoch 66] {'epoch': 66, 'train_loss': 2.8238886992136636, 'val_ndcg': 0.7011951002604235, 'val_loss': 3.552138328552246, 'test_ndcg': 0.6097785747940022, 'test_loss': 4.039914608001709} (best epoch 60, best val 0.7444)
[epoch 67] {'epoch': 67, 'train_loss': 2.8402915000915527} (best epoch 60, best val 0.7444)
[epoch 68] {'epoch': 68, 'train_loss': 2.863774140675863, 'val_ndcg': 0.7047589417447581, 'val_loss': 3.513451337814331, 'test_ndcg': 0.6181484618090739, 'test_loss': 3.9644575119018555} (best epoch 60, best val 0.7444)
[epoch 69] {'epoch': 69, 'train_loss': 2.7831594944000244} (best epoch 60, best val 0.7444)
[epoch 70] {'epoch': 70, 'train_loss': 2.746636231740316, 'val_ndcg': 0.7299314630095403, 'val_loss': 3.502810478210449, 'test_ndcg': 0.637156442454642, 'test_loss': 3.9615304470062256} (best epoch 60, best val 0.7444)
[epoch 71] {'epoch': 71, 'train_loss': 2.727945645650228} (best epoch 60, best val 0.7444)
[epoch 72] {'epoch': 72, 'train_loss': 2.6976945400238037, 'val_ndcg': 0.7333357251443755, 'val_loss': 3.471529960632324, 'test_ndcg': 0.6423762932378058, 'test_loss': 3.9256861209869385} (best epoch 60, best val 0.7444)
[epoch 73] {'epoch': 73, 'train_loss': 2.702864329020182} (best epoch 60, best val 0.7444)
[epoch 74] {'epoch': 74, 'train_loss': 2.734618822733561, 'val_ndcg': 0.7313575647421544, 'val_loss': 3.486156702041626, 'test_ndcg': 0.6427426522133612, 'test_loss': 3.923673629760742} (best epoch 60, best val 0.7444)
[epoch 75] {'epoch': 75, 'train_loss': 2.73559840520223} (best epoch 60, best val 0.7444)
[epoch 76] {'epoch': 76, 'train_loss': 2.6814335187276206, 'val_ndcg': 0.7350320557935486, 'val_loss': 3.4881556034088135, 'test_ndcg': 0.63903661156969, 'test_loss': 3.934948682785034} (best epoch 60, best val 0.7444)
[epoch 77] {'epoch': 77, 'train_loss': 2.6685331662495932} (best epoch 60, best val 0.7444)
[epoch 78] {'epoch': 78, 'train_loss': 2.688100020090739, 'val_ndcg': 0.7333818958139512, 'val_loss': 3.5060839653015137, 'test_ndcg': 0.6506501074121636, 'test_loss': 3.9280054569244385} (best epoch 60, best val 0.7444)
[epoch 79] {'epoch': 79, 'train_loss': 2.649875005086263} (best epoch 60, best val 0.7444)
[epoch 80] {'epoch': 80, 'train_loss': 2.6201236248016357, 'val_ndcg': 0.743110866149868, 'val_loss': 3.463651657104492, 'test_ndcg': 0.6542774301331976, 'test_loss': 3.906754732131958} (best epoch 60, best val 0.7444)
[epoch 81] {'epoch': 81, 'train_loss': 2.696645657221476} (best epoch 60, best val 0.7444)
[epoch 82] {'epoch': 82, 'train_loss': 2.650224288304647, 'val_ndcg': 0.7339694147532683, 'val_loss': 3.471884250640869, 'test_ndcg': 0.6527120142532356, 'test_loss': 3.8998825550079346} (best epoch 60, best val 0.7444)
[epoch 83] {'epoch': 83, 'train_loss': 2.736342986424764} (best epoch 60, best val 0.7444)
[epoch 84] {'epoch': 84, 'train_loss': 2.746817191441854, 'val_ndcg': 0.7252915984699471, 'val_loss': 3.4850049018859863, 'test_ndcg': 0.6416999261740108, 'test_loss': 3.9411838054656982} (best epoch 60, best val 0.7444)
[epoch 85] {'epoch': 85, 'train_loss': 2.698694944381714} (best epoch 60, best val 0.7444)
[epoch 86] {'epoch': 86, 'train_loss': 2.723030169804891, 'val_ndcg': 0.7262345483946032, 'val_loss': 3.512500286102295, 'test_ndcg': 0.6457664291908455, 'test_loss': 3.9551517963409424} (best epoch 60, best val 0.7444)
[epoch 87] {'epoch': 87, 'train_loss': 2.7793424924214682} (best epoch 60, best val 0.7444)
[epoch 88] {'epoch': 88, 'train_loss': 2.743376890818278, 'val_ndcg': 0.7202773029365371, 'val_loss': 3.525317907333374, 'test_ndcg': 0.6318101321727165, 'test_loss': 3.9831507205963135} (best epoch 60, best val 0.7444)
[epoch 89] {'epoch': 89, 'train_loss': 2.738811731338501} (best epoch 60, best val 0.7444)
[epoch 90] {'epoch': 90, 'train_loss': 2.783717473347982, 'val_ndcg': 0.714636858206791, 'val_loss': 3.5013113021850586, 'test_ndcg': 0.6327321029961076, 'test_loss': 3.9233760833740234} (best epoch 60, best val 0.7444)
[epoch 91] {'epoch': 91, 'train_loss': 2.7767342726389566} (best epoch 60, best val 0.7444)
[epoch 92] {'epoch': 92, 'train_loss': 2.768496116002401, 'val_ndcg': 0.722035186434806, 'val_loss': 3.5111281871795654, 'test_ndcg': 0.6439523692040092, 'test_loss': 3.9359538555145264} (best epoch 60, best val 0.7444)
[epoch 93] {'epoch': 93, 'train_loss': 2.7386974493662515} (best epoch 60, best val 0.7444)
[epoch 94] {'epoch': 94, 'train_loss': 2.695439418156942, 'val_ndcg': 0.7319793191391016, 'val_loss': 3.472874164581299, 'test_ndcg': 0.6533427703468194, 'test_loss': 3.871204376220703} (best epoch 60, best val 0.7444)
[epoch 95] {'epoch': 95, 'train_loss': 2.6521849632263184} (best epoch 60, best val 0.7444)
[epoch 96] {'epoch': 96, 'train_loss': 2.6176199913024902, 'val_ndcg': 0.7403326686065563, 'val_loss': 3.456850051879883, 'test_ndcg': 0.6555856022521233, 'test_loss': 3.886789560317993} (best epoch 60, best val 0.7444)
[epoch 97] {'epoch': 97, 'train_loss': 2.5984214146931968} (best epoch 60, best val 0.7444)
[epoch 98] {'epoch': 98, 'train_loss': 2.574500401814779, 'val_ndcg': 0.7459981737972012, 'val_loss': 3.4388842582702637, 'test_ndcg': 0.6667963939774414, 'test_loss': 3.855569839477539} (best epoch 98, best val 0.7460)
[epoch 99] {'epoch': 99, 'train_loss': 2.5817925135294595} (best epoch 98, best val 0.7460)
[epoch 100] {'epoch': 100, 'train_loss': 2.59022323290507, 'val_ndcg': 0.7465857319873633, 'val_loss': 3.442936897277832, 'test_ndcg': 0.6594432150253419, 'test_loss': 3.85715651512146} (best epoch 100, best val 0.7466)
[epoch 101] {'epoch': 101, 'train_loss': 2.6986446380615234} (best epoch 100, best val 0.7466)
[epoch 102] {'epoch': 102, 'train_loss': 2.691670020421346, 'val_ndcg': 0.717053167243694, 'val_loss': 3.5676069259643555, 'test_ndcg': 0.6275590744951055, 'test_loss': 4.0014519691467285} (best epoch 100, best val 0.7466)
[epoch 103] {'epoch': 103, 'train_loss': 2.6415939331054688} (best epoch 100, best val 0.7466)
[epoch 104] {'epoch': 104, 'train_loss': 2.634530941645304, 'val_ndcg': 0.7399920330945656, 'val_loss': 3.4560225009918213, 'test_ndcg': 0.652223736765524, 'test_loss': 3.8692550659179688} (best epoch 100, best val 0.7466)
[epoch 105] {'epoch': 105, 'train_loss': 2.619861920674642} (best epoch 100, best val 0.7466)
[epoch 106] {'epoch': 106, 'train_loss': 2.5979689757029214, 'val_ndcg': 0.7552380393971108, 'val_loss': 3.430574417114258, 'test_ndcg': 0.6596916710662853, 'test_loss': 3.8412551879882812} (best epoch 106, best val 0.7552)
[epoch 107] {'epoch': 107, 'train_loss': 2.5891581376393638} (best epoch 106, best val 0.7552)
[epoch 108] {'epoch': 108, 'train_loss': 2.5743568738301597, 'val_ndcg': 0.748719958251505, 'val_loss': 3.4316580295562744, 'test_ndcg': 0.6569758014338668, 'test_loss': 3.8282763957977295} (best epoch 106, best val 0.7552)
[epoch 109] {'epoch': 109, 'train_loss': 2.566864013671875} (best epoch 106, best val 0.7552)
[epoch 110] {'epoch': 110, 'train_loss': 2.595008691151937, 'val_ndcg': 0.730179500779898, 'val_loss': 3.4953224658966064, 'test_ndcg': 0.6446103142967077, 'test_loss': 3.904895544052124} (best epoch 106, best val 0.7552)
[epoch 111] {'epoch': 111, 'train_loss': 2.573474963506063} (best epoch 106, best val 0.7552)
[epoch 112] {'epoch': 112, 'train_loss': 2.6243929862976074, 'val_ndcg': 0.7344635182204153, 'val_loss': 3.4689080715179443, 'test_ndcg': 0.6569201532442822, 'test_loss': 3.875054121017456} (best epoch 106, best val 0.7552)
[epoch 113] {'epoch': 113, 'train_loss': 2.587454080581665} (best epoch 106, best val 0.7552)
[epoch 114] {'epoch': 114, 'train_loss': 2.627422491709391, 'val_ndcg': 0.7433246854807298, 'val_loss': 3.4537923336029053, 'test_ndcg': 0.6457015464820163, 'test_loss': 3.888162851333618} (best epoch 106, best val 0.7552)
[epoch 115] {'epoch': 115, 'train_loss': 2.598902463912964} (best epoch 106, best val 0.7552)
[epoch 116] {'epoch': 116, 'train_loss': 2.6023976802825928, 'val_ndcg': 0.7441625438768475, 'val_loss': 3.459730625152588, 'test_ndcg': 0.6598893523193321, 'test_loss': 3.8511435985565186} (best epoch 106, best val 0.7552)
[epoch 117] {'epoch': 117, 'train_loss': 2.5756777127583823} (best epoch 106, best val 0.7552)
[epoch 118] {'epoch': 118, 'train_loss': 2.5886471271514893, 'val_ndcg': 0.7345479998213873, 'val_loss': 3.471153497695923, 'test_ndcg': 0.6492883309425023, 'test_loss': 3.866973638534546} (best epoch 106, best val 0.7552)
[epoch 119] {'epoch': 119, 'train_loss': 2.5735111236572266} (best epoch 106, best val 0.7552)
[epoch 120] {'epoch': 120, 'train_loss': 2.5362146695454917, 'val_ndcg': 0.7414564053442175, 'val_loss': 3.4460296630859375, 'test_ndcg': 0.6536790349586933, 'test_loss': 3.8639285564422607} (best epoch 106, best val 0.7552)
[epoch 121] {'epoch': 121, 'train_loss': 2.5381857554117837} (best epoch 106, best val 0.7552)
[epoch 122] {'epoch': 122, 'train_loss': 2.524015267690023, 'val_ndcg': 0.7425587543778055, 'val_loss': 3.439885139465332, 'test_ndcg': 0.6522477389569121, 'test_loss': 3.8555142879486084} (best epoch 106, best val 0.7552)
[epoch 123] {'epoch': 123, 'train_loss': 2.5071287949879966} (best epoch 106, best val 0.7552)
[epoch 124] {'epoch': 124, 'train_loss': 2.5175301233927407, 'val_ndcg': 0.7499718206512578, 'val_loss': 3.4309005737304688, 'test_ndcg': 0.6573408084048434, 'test_loss': 3.8430774211883545} (best epoch 106, best val 0.7552)
[epoch 125] {'epoch': 125, 'train_loss': 2.502913157145182} (best epoch 106, best val 0.7552)
[epoch 126] {'epoch': 126, 'train_loss': 2.517225503921509, 'val_ndcg': 0.7526791189579327, 'val_loss': 3.430166482925415, 'test_ndcg': 0.6566097786146159, 'test_loss': 3.8331470489501953} (best epoch 106, best val 0.7552)
[epoch 127] {'epoch': 127, 'train_loss': 2.4995056788126626} (best epoch 106, best val 0.7552)
[epoch 128] {'epoch': 128, 'train_loss': 2.5281235376993814, 'val_ndcg': 0.7483732356780008, 'val_loss': 3.4207394123077393, 'test_ndcg': 0.653756356364112, 'test_loss': 3.844944953918457} (best epoch 106, best val 0.7552)
[epoch 129] {'epoch': 129, 'train_loss': 2.520188331604004} (best epoch 106, best val 0.7552)
[epoch 130] {'epoch': 130, 'train_loss': 2.537172794342041, 'val_ndcg': 0.7411431089810451, 'val_loss': 3.459033250808716, 'test_ndcg': 0.6497120330496923, 'test_loss': 3.8621551990509033} (best epoch 106, best val 0.7552)
[epoch 131] {'epoch': 131, 'train_loss': 2.5509819189707437} (best epoch 106, best val 0.7552)
[epoch 132] {'epoch': 132, 'train_loss': 2.5537458260854087, 'val_ndcg': 0.7450333410200181, 'val_loss': 3.440187454223633, 'test_ndcg': 0.6494942569193333, 'test_loss': 3.8454036712646484} (best epoch 106, best val 0.7552)
[epoch 133] {'epoch': 133, 'train_loss': 2.5356369813283286} (best epoch 106, best val 0.7552)
[epoch 134] {'epoch': 134, 'train_loss': 2.536968231201172, 'val_ndcg': 0.749455970872978, 'val_loss': 3.4241394996643066, 'test_ndcg': 0.6561917538084638, 'test_loss': 3.852851629257202} (best epoch 106, best val 0.7552)
[epoch 135] {'epoch': 135, 'train_loss': 2.53122886021932} (best epoch 106, best val 0.7552)
[epoch 136] {'epoch': 136, 'train_loss': 2.534907023111979, 'val_ndcg': 0.7437908721685398, 'val_loss': 3.434912919998169, 'test_ndcg': 0.6579131992568104, 'test_loss': 3.817640542984009} (best epoch 106, best val 0.7552)
[epoch 137] {'epoch': 137, 'train_loss': 2.559241533279419} (best epoch 106, best val 0.7552)
[epoch 138] {'epoch': 138, 'train_loss': 2.547285874684652, 'val_ndcg': 0.745010906386197, 'val_loss': 3.471949577331543, 'test_ndcg': 0.648841858842625, 'test_loss': 3.8916473388671875} (best epoch 106, best val 0.7552)
[epoch 139] {'epoch': 139, 'train_loss': 2.5242489178975425} (best epoch 106, best val 0.7552)
[epoch 140] {'epoch': 140, 'train_loss': 2.5538015365600586, 'val_ndcg': 0.7404675469692599, 'val_loss': 3.439255952835083, 'test_ndcg': 0.6522208534635919, 'test_loss': 3.8616275787353516} (best epoch 106, best val 0.7552)
[epoch 141] {'epoch': 141, 'train_loss': 2.567694902420044} (best epoch 106, best val 0.7552)
[epoch 142] {'epoch': 142, 'train_loss': 2.5508482456207275, 'val_ndcg': 0.745282192787298, 'val_loss': 3.47121000289917, 'test_ndcg': 0.6448693280387064, 'test_loss': 3.906141996383667} (best epoch 106, best val 0.7552)
[epoch 143] {'epoch': 143, 'train_loss': 2.5363994439442954} (best epoch 106, best val 0.7552)
[epoch 144] {'epoch': 144, 'train_loss': 2.518993854522705, 'val_ndcg': 0.7433660947710283, 'val_loss': 3.451087713241577, 'test_ndcg': 0.6438594981880548, 'test_loss': 3.8835604190826416} (best epoch 106, best val 0.7552)
[epoch 145] {'epoch': 145, 'train_loss': 2.4968347549438477} (best epoch 106, best val 0.7552)
[epoch 146] {'epoch': 146, 'train_loss': 2.5078224341074624, 'val_ndcg': 0.7501857737020876, 'val_loss': 3.4284353256225586, 'test_ndcg': 0.6529509163269918, 'test_loss': 3.87259578704834} (best epoch 106, best val 0.7552)
[epoch 147] {'epoch': 147, 'train_loss': 2.4794599215189614} (best epoch 106, best val 0.7552)
[epoch 148] {'epoch': 148, 'train_loss': 2.5548501014709473, 'val_ndcg': 0.7318767080316628, 'val_loss': 3.4537458419799805, 'test_ndcg': 0.6366124875790407, 'test_loss': 3.885047197341919} (best epoch 106, best val 0.7552)
[epoch 149] {'epoch': 149, 'train_loss': 2.523751417795817} (best epoch 106, best val 0.7552)
[epoch 150] {'epoch': 150, 'train_loss': 2.498234987258911, 'val_ndcg': 0.7502723190233147, 'val_loss': 3.4103360176086426, 'test_ndcg': 0.6636057192491108, 'test_loss': 3.831599473953247} (best epoch 106, best val 0.7552)
[epoch 151] {'epoch': 151, 'train_loss': 2.4838342666625977} (best epoch 106, best val 0.7552)
[epoch 152] {'epoch': 152, 'train_loss': 2.472504218419393, 'val_ndcg': 0.7520505388888179, 'val_loss': 3.4015607833862305, 'test_ndcg': 0.6522784930495645, 'test_loss': 3.837418794631958} (best epoch 106, best val 0.7552)
[epoch 153] {'epoch': 153, 'train_loss': 2.4636076291402182} (best epoch 106, best val 0.7552)
[epoch 154] {'epoch': 154, 'train_loss': 2.4463789463043213, 'val_ndcg': 0.7640786771470374, 'val_loss': 3.3810548782348633, 'test_ndcg': 0.6655048264575377, 'test_loss': 3.8207905292510986} (best epoch 154, best val 0.7641)
[epoch 155] {'epoch': 155, 'train_loss': 2.454509894053141} (best epoch 154, best val 0.7641)
[epoch 156] {'epoch': 156, 'train_loss': 2.4428045749664307, 'val_ndcg': 0.7513026815759516, 'val_loss': 3.4142839908599854, 'test_ndcg': 0.6608588178285257, 'test_loss': 3.8331363201141357} (best epoch 154, best val 0.7641)
[epoch 157] {'epoch': 157, 'train_loss': 2.4499951203664145} (best epoch 154, best val 0.7641)
[epoch 158] {'epoch': 158, 'train_loss': 2.493182977040609, 'val_ndcg': 0.7565775629050854, 'val_loss': 3.409395694732666, 'test_ndcg': 0.6592377133409276, 'test_loss': 3.8408749103546143} (best epoch 154, best val 0.7641)
[epoch 159] {'epoch': 159, 'train_loss': 2.487965742746989} (best epoch 154, best val 0.7641)
[epoch 160] {'epoch': 160, 'train_loss': 2.5046770572662354, 'val_ndcg': 0.7423077336503456, 'val_loss': 3.441258668899536, 'test_ndcg': 0.6490342525830103, 'test_loss': 3.891895294189453} (best epoch 154, best val 0.7641)
[epoch 161] {'epoch': 161, 'train_loss': 2.5195654233296714} (best epoch 154, best val 0.7641)
[epoch 162] {'epoch': 162, 'train_loss': 2.5037776629130044, 'val_ndcg': 0.748239258923681, 'val_loss': 3.4452881813049316, 'test_ndcg': 0.6493672189410405, 'test_loss': 3.8834497928619385} (best epoch 154, best val 0.7641)
[epoch 163] {'epoch': 163, 'train_loss': 2.521000544230143} (best epoch 154, best val 0.7641)
[epoch 164] {'epoch': 164, 'train_loss': 2.606682062149048, 'val_ndcg': 0.7390091039270922, 'val_loss': 3.467836618423462, 'test_ndcg': 0.644315943440569, 'test_loss': 3.9239227771759033} (best epoch 154, best val 0.7641)
[epoch 165] {'epoch': 165, 'train_loss': 2.554699977238973} (best epoch 154, best val 0.7641)
[epoch 166] {'epoch': 166, 'train_loss': 2.590735753377279, 'val_ndcg': 0.7321126389561752, 'val_loss': 3.485013246536255, 'test_ndcg': 0.6430320578746197, 'test_loss': 3.8850743770599365} (best epoch 154, best val 0.7641)
[epoch 167] {'epoch': 167, 'train_loss': 2.587044636408488} (best epoch 154, best val 0.7641)
[epoch 168] {'epoch': 168, 'train_loss': 2.5597097078959146, 'val_ndcg': 0.7508968572375414, 'val_loss': 3.440213203430176, 'test_ndcg': 0.6563444617374485, 'test_loss': 3.8807849884033203} (best epoch 154, best val 0.7641)
[epoch 169] {'epoch': 169, 'train_loss': 2.5549021561940513} (best epoch 154, best val 0.7641)
[epoch 170] {'epoch': 170, 'train_loss': 2.5266574223836265, 'val_ndcg': 0.744510411376839, 'val_loss': 3.4554808139801025, 'test_ndcg': 0.6496000565609893, 'test_loss': 3.8915328979492188} (best epoch 154, best val 0.7641)
[epoch 171] {'epoch': 171, 'train_loss': 2.4962143898010254} (best epoch 154, best val 0.7641)
[epoch 172] {'epoch': 172, 'train_loss': 2.481910228729248, 'val_ndcg': 0.7499343627087228, 'val_loss': 3.4286651611328125, 'test_ndcg': 0.6522756426567163, 'test_loss': 3.8801279067993164} (best epoch 154, best val 0.7641)
[epoch 173] {'epoch': 173, 'train_loss': 2.4879457155863443} (best epoch 154, best val 0.7641)
[epoch 174] {'epoch': 174, 'train_loss': 2.479945500691732, 'val_ndcg': 0.7521899920663825, 'val_loss': 3.437065362930298, 'test_ndcg': 0.655445134740234, 'test_loss': 3.8933217525482178} (best epoch 154, best val 0.7641)
[epoch 175] {'epoch': 175, 'train_loss': 2.4621729056040444} (best epoch 154, best val 0.7641)
[epoch 176] {'epoch': 176, 'train_loss': 2.442319949467977, 'val_ndcg': 0.7540211837362358, 'val_loss': 3.4097001552581787, 'test_ndcg': 0.6560670060332386, 'test_loss': 3.849510431289673} (best epoch 154, best val 0.7641)
[epoch 177] {'epoch': 177, 'train_loss': 2.4227596124013266} (best epoch 154, best val 0.7641)
[epoch 178] {'epoch': 178, 'train_loss': 2.4675703843434653, 'val_ndcg': 0.7533216997812688, 'val_loss': 3.4209322929382324, 'test_ndcg': 0.6556432472318688, 'test_loss': 3.859280824661255} (best epoch 154, best val 0.7641)
[epoch 179] {'epoch': 179, 'train_loss': 2.452661116917928} (best epoch 154, best val 0.7641)
[epoch 180] {'epoch': 180, 'train_loss': 2.4681224822998047, 'val_ndcg': 0.7532550221761256, 'val_loss': 3.4290952682495117, 'test_ndcg': 0.6680896207059739, 'test_loss': 3.865823984146118} (best epoch 154, best val 0.7641)
[epoch 181] {'epoch': 181, 'train_loss': 2.4896026452382407} (best epoch 154, best val 0.7641)
[epoch 182] {'epoch': 182, 'train_loss': 2.4874107042948403, 'val_ndcg': 0.7488882649467893, 'val_loss': 3.437490463256836, 'test_ndcg': 0.6427343460465612, 'test_loss': 3.893718719482422} (best epoch 154, best val 0.7641)
[epoch 183] {'epoch': 183, 'train_loss': 2.557581901550293} (best epoch 154, best val 0.7641)
[epoch 184] {'epoch': 184, 'train_loss': 2.584806521733602, 'val_ndcg': 0.7108611365023537, 'val_loss': 3.565988540649414, 'test_ndcg': 0.6257380001221095, 'test_loss': 4.0059590339660645} (best epoch 154, best val 0.7641)
[epoch 185] {'epoch': 185, 'train_loss': 2.6335582733154297} (best epoch 154, best val 0.7641)
[epoch 186] {'epoch': 186, 'train_loss': 2.541687250137329, 'val_ndcg': 0.7236983111468049, 'val_loss': 3.536597490310669, 'test_ndcg': 0.630803933661879, 'test_loss': 3.982457160949707} (best epoch 154, best val 0.7641)
[epoch 187] {'epoch': 187, 'train_loss': 2.514054218928019} (best epoch 154, best val 0.7641)
[epoch 188] {'epoch': 188, 'train_loss': 2.4811884562174478, 'val_ndcg': 0.7517842549986141, 'val_loss': 3.425261974334717, 'test_ndcg': 0.6594918659482493, 'test_loss': 3.850417375564575} (best epoch 154, best val 0.7641)
[epoch 189] {'epoch': 189, 'train_loss': 2.46546737353007} (best epoch 154, best val 0.7641)
[epoch 190] {'epoch': 190, 'train_loss': 2.437741676966349, 'val_ndcg': 0.7563468138582811, 'val_loss': 3.414504051208496, 'test_ndcg': 0.6656806791733366, 'test_loss': 3.8461620807647705} (best epoch 154, best val 0.7641)
[epoch 191] {'epoch': 191, 'train_loss': 2.4212984244028726} (best epoch 154, best val 0.7641)
[epoch 192] {'epoch': 192, 'train_loss': 2.4100708961486816, 'val_ndcg': 0.7640257441970595, 'val_loss': 3.3937292098999023, 'test_ndcg': 0.6705791693096308, 'test_loss': 3.8222455978393555} (best epoch 154, best val 0.7641)
[epoch 193] {'epoch': 193, 'train_loss': 2.399031480153402} (best epoch 154, best val 0.7641)
[epoch 194] {'epoch': 194, 'train_loss': 2.384828726450602, 'val_ndcg': 0.76222756385555, 'val_loss': 3.4047276973724365, 'test_ndcg': 0.6688336916673171, 'test_loss': 3.8353750705718994} (best epoch 154, best val 0.7641)
[epoch 195] {'epoch': 195, 'train_loss': 2.4312240282694497} (best epoch 154, best val 0.7641)
[epoch 196] {'epoch': 196, 'train_loss': 2.3986892700195312, 'val_ndcg': 0.7636069859238725, 'val_loss': 3.3974385261535645, 'test_ndcg': 0.6664159846649674, 'test_loss': 3.8399689197540283} (best epoch 154, best val 0.7641)
[epoch 197] {'epoch': 197, 'train_loss': 2.4176252683003745} (best epoch 154, best val 0.7641)
[epoch 198] {'epoch': 198, 'train_loss': 2.4343743324279785, 'val_ndcg': 0.7631227300878888, 'val_loss': 3.405383348464966, 'test_ndcg': 0.6623856051279131, 'test_loss': 3.8407413959503174} (best epoch 154, best val 0.7641)
[epoch 199] {'epoch': 199, 'train_loss': 2.518584966659546} (best epoch 154, best val 0.7641)
[epoch 200] {'epoch': 200, 'train_loss': 2.4691043694814048, 'val_ndcg': 0.7448747651931533, 'val_loss': 3.433519124984741, 'test_ndcg': 0.6487095687588896, 'test_loss': 3.891535520553589} (best epoch 154, best val 0.7641)
seed 47: val=0.7543 test=0.6590 best_epoch=154 (436.7 min)

== summary ==
 seed  val_ndcg  test_ndcg  best_epoch  n_params    minutes
   43  0.741372   0.656134          58    736983 315.382431
   44  0.759237   0.664815         176    736983 482.584382
   45  0.753941   0.666749          86    736983 347.923615
   46  0.751376   0.671341          98    736983 369.411069
   47  0.754291   0.659029         154    736983 436.742035
test NDCG mean±std: 0.6636 ± 0.0061
saved to results/leakfree_nodeprop/trade_faithful_w1.csv
