runner,dataset,split,label_ts,snapshot_index,snapshot_ts,snapshot_edges,snapshot_t_min,snapshot_t_max,frontier_n,frontier_t_min,frontier_t_max,ingested_t_lt_label,ingested_t_eq_label,ingested_t_gt_label,label_nodes,label_hash,pending_label_before,pending_label_after,labels_drained_in_snapshot,drain_position,first_in_split,last_in_split
ours,tgbn-genre,train,1108443600,1,1108529945,1134,1108443900,1108529945,3210,1108357203,1108529945,1743,1090,377,26,0681c0c3276d9643,1108443600,1108530000,1,0,True,False
ours,tgbn-genre,train,1108530000,2,1108616344,1566,1108530003,1108616344,4776,1108357203,1108616344,2833,1375,568,26,aeed4e10bef2165c,1108530000,1108616400,1,0,False,False
ours,tgbn-genre,train,1108616400,3,1108702741,1693,1108616583,1108702741,6469,1108357203,1108702741,4208,1590,671,27,ea760a6040349654,1108616400,1108702800,1,0,False,False
ours,tgbn-genre,train,1108702800,4,1108789140,1555,1108702860,1108789140,8024,1108357203,1108789140,5798,1798,428,22,1ebbe3092c325076,1108702800,1108789200,1,0,False,False
ours,tgbn-genre,train,1108789200,5,1108875362,1680,1108789205,1108875362,9704,1108357203,1108875362,7596,1796,312,27,3eb4d79219204346,1108789200,1108875600,1,0,False,False
ours,tgbn-genre,train,1108875600,6,1108961765,1341,1108875662,1108961765,11045,1108357203,1108961765,9392,1234,419,25,5b1b2690da210883,1108875600,1108962000,1,0,False,False
ours,tgbn-genre,train,1108962000,7,1109048105,1713,1108962245,1109048105,12758,1108357203,1109048105,10626,1728,404,25,3a59bb1c6fc1bbeb,1108962000,1109048400,1,0,False,False
ours,tgbn-genre,train,1109048400,8,1109134680,1994,1109049004,1109134680,14752,1108357203,1109134680,12354,1856,542,26,5ca4419cb6d42511,1109048400,1109134800,1,0,False,False
ours,tgbn-genre,train,1109134800,9,1109221142,2279,1109134804,1109221142,17031,1108357203,1109221142,14210,2351,470,32,f27cfef448db5ad5,1109134800,1109221200,1,0,False,False
ours,tgbn-genre,train,1109221200,10,1109307600,1379,1109221205,1109307600,18410,1108357203,1109307600,16561,1446,403,23,56716dde930ef9e1,1109221200,1109394000,2,0,False,False
ours,tgbn-genre,train,1109307600,10,1109307600,1379,1109221205,1109307600,18410,1108357203,1109307600,18007,403,0,28,5116eca896c4c851,1109221200,1109394000,2,1,False,False
ours,tgbn-genre,train,1109394000,12,1109480284,1004,1109394063,1109480284,21766,1108357203,1109480284,20035,1562,169,32,8fa122c5180e29f0,1109394000,1109480400,1,0,False,False
ours,tgbn-genre,train,1109480400,13,1109566264,1118,1109480641,1109566264,22884,1108357203,1109566264,21597,923,364,26,df954d4f92e4035a,1109480400,1109566800,1,0,False,False
ours,tgbn-genre,train,1109566800,14,1109653141,1971,1109567105,1109653141,24855,1108357203,1109653141,22520,1606,729,27,4b2aed3e41fbc674,1109566800,1109653200,1,0,False,False
ours,tgbn-genre,train,1109653200,15,1109739601,1482,1109653263,1109739601,26337,1108357203,1109739601,24126,1985,226,31,58d85d32279900de,1109653200,1109826000,2,0,False,False
ours,tgbn-genre,train,1109739600,15,1109739601,1482,1109653263,1109739601,26337,1108357203,1109739601,26111,226,0,31,e92d0f3290778662,1109653200,1109826000,2,1,False,False
ours,tgbn-genre,train,1109826000,17,1109912165,1426,1109826122,1109912165,28566,1108357203,1109912165,26900,1184,482,34,05d02c2fe0b320e6,1109826000,1109912400,1,0,False,False
ours,tgbn-genre,train,1109912400,18,1109998680,1702,1109912403,1109998680,30268,1108357203,1109998680,28084,1617,567,35,a4a4c9cc983015a0,1109912400,1109998800,1,0,False,False
ours,tgbn-genre,train,1109998800,19,1110084961,1429,1109998861,1110084961,31697,1108357203,1110084961,29701,1483,513,30,ab06ab88ceaa7404,1109998800,1110085200,1,0,False,False
ours,tgbn-genre,train,1110085200,20,1110171302,1406,1110085320,1110171302,33103,1108357203,1110171302,31184,1435,484,10,c8a42922b021e575,1110085200,1110171600,1,0,False,False
ours,tgbn-genre,train,1110171600,21,1110257763,1298,1110172200,1110257763,34401,1108357203,1110257763,32619,1332,450,24,3806c53833666d8d,1110171600,1110258000,1,0,False,False
ours,tgbn-genre,train,1110258000,22,1110344100,1363,1110258182,1110344100,35764,1108357203,1110344100,33951,1368,445,29,4b41620dfc437780,1110258000,1110344400,1,0,False,False
ours,tgbn-genre,train,1110344400,23,1110430263,1959,1110344582,1110430263,37723,1108357203,1110430263,35319,1759,645,28,faf3aa92e4e7651d,1110344400,1110430800,1,0,False,False
ours,tgbn-genre,train,1110430800,24,1110516964,1712,1110431164,1110516964,39435,1108357203,1110516964,37078,1669,688,32,e6a92272786460d1,1110430800,1110517200,1,0,False,False
ours,tgbn-genre,train,1110517200,25,1110603363,1537,1110517262,1110603363,40972,1108357203,1110603363,38747,1839,386,27,9af91f038d5f7e89,1110517200,1110603600,1,0,False,False
ours,tgbn-genre,train,1110603600,26,1110637384,270,1110603841,1110637384,41242,1108357203,1110637384,40586,656,0,20,64227a82daeb865a,1110603600,1110690000,1,0,False,False
ours,tgbn-genre,train,1110690000,27,1110776223,1080,1110733264,1110776223,42322,1108357203,1110776223,41242,666,414,19,a293a6242276b4d6,1110690000,1110776400,1,0,False,False
ours,tgbn-genre,train,1110776400,28,1110862564,1430,1110776582,1110862564,43752,1108357203,1110862564,41908,1405,439,22,0745059cf81c8757,1110776400,1110862800,1,0,False,False
ours,tgbn-genre,train,1110862800,29,1110948840,1652,1110862865,1110948840,45404,1108357203,1110948840,43313,1503,588,25,a8bf4962c531bf42,1110862800,1110949200,1,0,False,False
ours,tgbn-genre,train,1110949200,30,1111035543,1640,1110949320,1111035543,47044,1108357203,1111035543,44816,1714,514,30,ebb380624bfb737e,1110949200,1111035600,1,0,False,False
ours,tgbn-genre,train,1111035600,31,1111095064,783,1111035605,1111095064,47827,1108357203,1111095064,46530,1297,0,27,b442cb12d81d5912,1111035600,1111122000,1,0,False,False
ours,tgbn-genre,train,1111122000,32,1111208282,1029,1111181404,1111208282,48856,1108357203,1111208282,47827,270,759,25,152190084910d16d,1111122000,1111208400,1,0,False,False
ours,tgbn-genre,train,1111208400,33,1111294503,1360,1111208405,1111294503,50216,1108357203,1111294503,48097,1824,295,22,4d9de2a27505dee9,1111208400,1111294800,1,0,False,False
ours,tgbn-genre,train,1111294800,34,1111380844,1692,1111295101,1111380844,51908,1108357203,1111380844,49921,1621,366,25,4a3553c140814183,1111294800,1111381200,1,0,False,False
ours,tgbn-genre,train,1111381200,35,1111467422,1562,1111381500,1111467422,53470,1108357203,1111467422,51542,1380,548,24,04a6ac12e17dbcb8,1111381200,1111467600,1,0,False,False
ours,tgbn-genre,train,1111467600,36,1111553705,2228,1111467603,1111553705,55698,1108357203,1111553705,52922,2096,680,25,ffa0d66779140cc8,1111467600,1111554000,1,0,False,False
ours,tgbn-genre,train,1111554000,37,1111640402,1649,1111554061,1111640402,57347,1108357203,1111640402,55018,1867,462,28,05b88acf6696a60c,1111554000,1111726800,2,0,False,False
ours,tgbn-genre,train,1111640400,37,1111640402,1649,1111554061,1111640402,57347,1108357203,1111640402,56885,462,0,32,a8652d63275527f8,1111554000,1111726800,2,1,False,False
ours,tgbn-genre,train,1111726800,39,1111813082,2075,1111726861,1111813082,61470,1108357203,1111813082,58967,1948,555,29,933b9a51febc5cf3,1111726800,1111813200,1,0,False,False
ours,tgbn-genre,train,1111813200,40,1111899543,1763,1111813261,1111899543,63233,1108357203,1111899543,60915,1610,708,27,9f72d3affb6d0d6d,1111813200,1111899600,1,0,False,False
ours,tgbn-genre,train,1111899600,41,1111985942,1483,1111899720,1111985942,64716,1108357203,1111985942,62525,1661,530,25,5031e78311e3843a,1111899600,1111986000,1,0,False,False
ours,tgbn-genre,train,1111986000,42,1112072224,1439,1111986062,1112072224,66155,1108357203,1112072224,64186,1607,362,25,74e081dba1abeefa,1111986000,1112072400,1,0,False,False
ours,tgbn-genre,train,1112072400,43,1112158684,1584,1112072522,1112158684,67739,1108357203,1112158684,65793,1551,395,26,5e978202e01f3373,1112072400,1112158800,1,0,False,False
ours,tgbn-genre,train,1112158800,44,1112245200,1925,1112158861,1112245200,69664,1108357203,1112245200,67344,1919,401,37,9e807f17e245a171,1112158800,1112331600,2,0,False,False
ours,tgbn-genre,train,1112245200,44,1112245200,1925,1112158861,1112245200,69664,1108357203,1112245200,69263,401,0,36,edb01d6147c07f45,1112158800,1112331600,2,1,False,False
ours,tgbn-genre,train,1112331600,46,1112417944,1584,1112331605,1112417944,72275,1108357203,1112417944,70399,1423,453,34,c22318da2a26b6f3,1112331600,1112418000,1,0,False,False
ours,tgbn-genre,train,1112418000,47,1112504223,1961,1112418125,1112504223,74236,1108357203,1112504223,71822,1999,415,35,f793825a53231916,1112418000,1112504400,1,0,False,False
ours,tgbn-genre,train,1112504400,48,1112590624,1569,1112504464,1112590624,75805,1108357203,1112590624,73821,1363,621,29,81547316352242d8,1112504400,1112673600,2,0,False,False
ours,tgbn-genre,train,1112587200,48,1112590624,1569,1112504464,1112590624,75805,1108357203,1112590624,75184,621,0,27,a1a36eadd0793ace,1112504400,1112673600,2,1,False,False
ours,tgbn-genre,train,1112673600,49,1112676781,1401,1112590803,1112676781,77206,1108357203,1112676781,76902,304,0,38,da8aacf9780349ee,1112673600,1112760000,1,0,False,False
ours,tgbn-genre,train,1112760000,50,1112763480,1896,1112677204,1112763480,79102,1108357203,1112763480,78607,495,0,36,a2dcfc563c35644f,1112760000,1112846400,1,0,False,False
ours,tgbn-genre,train,1112846400,51,1112849642,2497,1112763720,1112849642,81599,1108357203,1112849642,81085,514,0,34,d9f534de90189b22,1112846400,1112932800,1,0,False,False
ours,tgbn-genre,train,1112932800,52,1112936285,1633,1112850060,1112936285,83232,1108357203,1112936285,82748,484,0,38,2f0f2b79243b9a55,1112932800,1113019200,1,0,False,False
ours,tgbn-genre,train,1113019200,53,1113022441,2221,1112936404,1113022441,85453,1108357203,1113022441,84959,494,0,32,c5883028f57cfb34,1113019200,1113105600,1,0,False,False
ours,tgbn-genre,train,1113105600,54,1113109144,1731,1113022865,1113109144,87184,1108357203,1113109144,86739,445,0,29,d534f0a05bbe0993,1113105600,1113192000,1,0,False,False
ours,tgbn-genre,train,1113192000,55,1113195541,1781,1113109445,1113195541,88965,1108357203,1113195541,88365,600,0,25,c7a2095b92465087,1113192000,1113278400,1,0,False,False
ours,tgbn-genre,train,1113278400,56,1113281940,1617,1113195720,1113281940,90582,1108357203,1113281940,90062,520,0,34,2759817fad226805,1113278400,1113364800,1,0,False,False
ours,tgbn-genre,train,1113364800,57,1113368164,1945,1113282060,1113368164,92527,1108357203,1113368164,91821,706,0,36,a05ddf3aa362162a,1113364800,1113451200,1,0,False,False
ours,tgbn-genre,train,1113451200,58,1113454200,2654,1113368464,1113454200,95181,1108357203,1113454200,94496,685,0,36,4bfb47024cec8cab,1113451200,1113537600,1,0,False,False
ours,tgbn-genre,train,1113537600,59,1113541021,2064,1113454862,1113541021,97245,1108357203,1113541021,96660,585,0,38,5040ffe4c65dbd4f,1113537600,1113624000,1,0,False,False
ours,tgbn-genre,train,1113624000,60,1113627544,2271,1113541384,1113627544,99516,1108357203,1113627544,98876,640,0,40,989efa58694f0098,1113624000,1113710400,1,0,False,False
ours,tgbn-genre,train,1113710400,61,1113714002,2763,1113627660,1113714002,102279,1108357203,1113714002,101676,603,0,31,e60b5c6a74ac2a07,1113710400,1113796800,1,0,False,False
ours,tgbn-genre,train,1113796800,62,1113800401,2524,1113714242,1113800401,104803,1108357203,1113800401,104049,754,0,32,f8d42a17083391f0,1113796800,1113883200,1,0,False,False
ours,tgbn-genre,train,1113883200,63,1113886740,2938,1113800462,1113886740,107741,1108357203,1113886740,106902,839,0,43,1873af6266c02a3a,1113883200,1113969600,1,0,False,False
ours,tgbn-genre,train,1113969600,64,1113973023,3034,1113886805,1113973023,110775,1108357203,1113973023,110207,568,0,44,62b1561200232d57,1113969600,1114056000,1,0,False,False
ours,tgbn-genre,train,1114056000,65,1114059485,2868,1113973383,1114059485,113643,1108357203,1114059485,112939,704,0,42,ed8b46e807fe9f1a,1114056000,1114142400,1,0,False,False
ours,tgbn-genre,train,1114142400,66,1114145703,2432,1114059782,1114145703,116075,1108357203,1114145703,115291,784,0,44,cd6d0f334607ad7b,1114142400,1114228800,1,0,False,False
ours,tgbn-genre,train,1114228800,67,1114232163,2764,1114146303,1114232163,118839,1108357203,1114232163,117889,950,0,43,dff391db8acc5716,1114228800,1114315200,1,0,False,False
ours,tgbn-genre,train,1114315200,68,1114318800,3286,1114232462,1114318800,122125,1108357203,1114318800,121195,930,0,35,e4a15e998a4932e0,1114315200,1114401600,1,0,False,False
ours,tgbn-genre,train,1114401600,69,1114405084,2544,1114318860,1114405084,124669,1108357203,1114405084,123944,725,0,33,3752256b091391e4,1114401600,1114488000,1,0,False,False
ours,tgbn-genre,train,1114488000,70,1114491484,2956,1114405205,1114491484,127625,1108357203,1114491484,126706,919,0,32,d2368d28f4b398d5,1114488000,1114574400,1,0,False,False
ours,tgbn-genre,train,1114574400,71,1114578001,2965,1114491603,1114578001,130590,1108357203,1114578001,129726,864,0,39,1847bb5f71b6044f,1114574400,1114660800,1,0,False,False
ours,tgbn-genre,train,1114660800,72,1114664223,3572,1114578184,1114664223,134162,1108357203,1114664223,133272,890,0,36,266e06b74b76b55b,1114660800,1114747200,1,0,False,False
ours,tgbn-genre,train,1114747200,73,1114750083,3048,1114664462,1114750083,137210,1108357203,1114750083,136535,675,0,26,2e64dcdf2c21033d,1114747200,1114833600,1,0,False,False
ours,tgbn-genre,train,1114833600,74,1114837085,2595,1114750804,1114837085,139805,1108357203,1114837085,139237,568,0,23,58cf4d65a174b889,1114833600,1114920000,1,0,False,False
ours,tgbn-genre,train,1114920000,75,1114923600,2928,1114837443,1114923600,142733,1108357203,1114923600,141968,765,0,17,d3469c0162938217,1114920000,1115006400,1,0,False,False
ours,tgbn-genre,train,1115006400,76,1115009945,1867,1114923721,1115009945,144600,1108357203,1115009945,143797,803,0,28,9fa97123500dd923,1115006400,1115092800,1,0,False,False
ours,tgbn-genre,train,1115092800,77,1115096400,2568,1115010121,1115096400,147168,1108357203,1115096400,146613,555,0,36,568d6b1a93737fea,1115092800,1115179200,1,0,False,False
ours,tgbn-genre,train,1115179200,78,1115182800,2820,1115096462,1115182800,149988,1108357203,1115182800,149214,774,0,42,758dd6243e6f3d70,1115179200,1115265600,1,0,False,False
ours,tgbn-genre,train,1115265600,79,1115269142,2863,1115182863,1115269142,152851,1108357203,1115269142,152346,505,0,35,2175d27d94fe5a72,1115265600,1115352000,1,0,False,False
ours,tgbn-genre,train,1115352000,80,1115355542,1297,1115269265,1115355542,154148,1108357203,1115355542,153790,358,0,40,b659bc984fe6527b,1115352000,1115438400,1,0,False,False
ours,tgbn-genre,train,1115438400,81,1115442002,1729,1115356262,1115442002,155877,1108357203,1115442002,155217,660,0,36,c6450bb4a29526bc,1115438400,1115524800,1,0,False,False
ours,tgbn-genre,train,1115524800,82,1115527805,1051,1115442005,1115527805,156928,1108357203,1115527805,156501,427,0,24,abedf256551c7ecf,1115524800,1115611200,1,0,False,False
ours,tgbn-genre,train,1115611200,83,1115614685,1682,1115528522,1115614685,158610,1108357203,1115614685,158226,384,0,34,00d23d693331976f,1115611200,1115697600,1,0,False,False
ours,tgbn-genre,train,1115697600,84,1115701082,2280,1115614922,1115701082,160890,1108357203,1115701082,160068,822,0,36,7a5bf8232de048ce,1115697600,1115784000,1,0,False,False
ours,tgbn-genre,train,1115784000,85,1115787545,2542,1115701321,1115787545,163432,1108357203,1115787545,162620,812,0,36,f43088deffe34158,1115784000,1115870400,1,0,False,False
ours,tgbn-genre,train,1115870400,86,1115873821,2436,1115787783,1115873821,165868,1108357203,1115873821,165242,626,0,39,fc67ba6f8e73849a,1115870400,1115956800,1,0,False,False
ours,tgbn-genre,train,1115956800,87,1115960343,3363,1115874005,1115960343,169231,1108357203,1115960343,168479,752,0,38,c595bddce989c0c8,1115956800,1116043200,1,0,False,False
ours,tgbn-genre,train,1116043200,88,1116046560,2909,1115960824,1116046560,172140,1108357203,1116046560,171601,539,0,32,7e215dec1b06b51d,1116043200,1116129600,1,0,False,False
ours,tgbn-genre,train,1116129600,89,1116133143,2287,1116047102,1116133143,174427,1108357203,1116133143,173804,623,0,29,14140c6cd3c583fb,1116129600,1116216000,1,0,False,False
ours,tgbn-genre,train,1116216000,90,1116219482,2744,1116133260,1116219482,177171,1108357203,1116219482,176344,827,0,33,543edb5dbd38a374,1116216000,1116302400,1,0,False,False
ours,tgbn-genre,train,1116302400,91,1116305825,2434,1116219660,1116305825,179605,1108357203,1116305825,178944,661,0,32,3f2f052691d3c30c,1116302400,1116388800,1,0,False,False
ours,tgbn-genre,train,1116388800,92,1116392105,2251,1116306301,1116392105,181856,1108357203,1116392105,181296,560,0,37,bd4f826ebc783c4e,1116388800,1116475200,1,0,False,False
ours,tgbn-genre,train,1116475200,93,1116478503,2024,1116392460,1116478503,183880,1108357203,1116478503,183532,348,0,36,4a9539a5a291c5ce,1116475200,1116561600,1,0,False,False
ours,tgbn-genre,train,1116561600,94,1116565082,1738,1116478982,1116565082,185618,1108357203,1116565082,185226,392,0,33,cec088aee7924be2,1116561600,1116648000,1,0,False,False
ours,tgbn-genre,train,1116648000,95,1116651483,2748,1116565323,1116651483,188366,1108357203,1116651483,187820,546,0,40,8a290b57999528a0,1116648000,1116734400,1,0,False,False
ours,tgbn-genre,train,1116734400,96,1116738000,1965,1116651722,1116738000,190331,1108357203,1116738000,189809,522,0,31,b69e77df6df7a811,1116734400,1116820800,1,0,False,False
ours,tgbn-genre,train,1116820800,97,1116824284,3634,1116738005,1116824284,193965,1108357203,1116824284,193113,852,0,30,e530dc063027d420,1116820800,1116907200,1,0,False,False
ours,tgbn-genre,train,1116907200,98,1116910801,3344,1116824584,1116910801,197309,1108357203,1116910801,196574,735,0,32,a4b9b51c15b61b70,1116907200,1116993600,1,0,False,False
ours,tgbn-genre,train,1116993600,99,1116997023,3004,1116910983,1116997023,200313,1108357203,1116997023,199541,772,0,32,02f2bc0b721be7ee,1116993600,1117080000,1,0,False,False
ours,tgbn-genre,train,1117080000,100,1117083484,1999,1116997502,1117083484,202312,1108357203,1117083484,201824,488,0,40,9c0b9d277cf57b46,1117080000,1117166400,1,0,False,False
ours,tgbn-genre,train,1117166400,101,1117169883,2270,1117083725,1117169883,204582,1108357203,1117169883,203758,824,0,40,2436ef80846582a1,1117166400,1117252800,1,0,False,False
ours,tgbn-genre,train,1117252800,102,1117256224,3380,1117170304,1117256224,207962,1108357203,1117256224,207511,451,0,36,252e0b87302f98b8,1117252800,1117339200,1,0,False,False
ours,tgbn-genre,train,1117339200,103,1117342683,2403,1117259884,1117342683,210365,1108357203,1117342683,209902,463,0,29,34debce3eb3b3aa4,1117339200,1117425600,1,0,False,False
ours,tgbn-genre,train,1117425600,104,1117429081,2340,1117343224,1117429081,212705,1108357203,1117429081,212048,657,0,31,51bad1fca6efe2fc,1117425600,1117512000,1,0,False,False
ours,tgbn-genre,train,1117512000,105,1117515601,2510,1117429440,1117515601,215215,1108357203,1117515601,214786,429,0,37,7c36e7a1432c91fc,1117512000,1117598400,1,0,False,False
ours,tgbn-genre,train,1117598400,106,1117602002,3498,1117515660,1117602002,218713,1108357203,1117602002,217887,826,0,36,c14b543936d2497f,1117598400,1117684800,1,0,False,False
ours,tgbn-genre,train,1117684800,107,1117688285,2614,1117602240,1117688285,221327,1108357203,1117688285,220766,561,0,37,b0a051a17403e706,1117684800,1117771200,1,0,False,False
ours,tgbn-genre,train,1117771200,108,1117774802,3030,1117688584,1117774802,224357,1108357203,1117774802,223723,634,0,33,24141d4739979cf7,1117771200,1117857600,1,0,False,False
ours,tgbn-genre,train,1117857600,109,1117861200,2656,1117774864,1117861200,227013,1108357203,1117861200,226324,689,0,32,bdbe0cf7286c8882,1117857600,1117944000,1,0,False,False
ours,tgbn-genre,train,1117944000,110,1117947602,2384,1117861383,1117947602,229397,1108357203,1117947602,228851,546,0,29,ea49a2a7f0e7c2b7,1117944000,1118030400,1,0,False,False
ours,tgbn-genre,train,1118030400,111,1118033942,2901,1117947605,1118033942,232298,1108357203,1118033942,231514,784,0,28,251703fb055a126f,1118030400,1118116800,1,0,False,False
ours,tgbn-genre,train,1118116800,112,1118119800,3066,1118034120,1118119800,235364,1108357203,1118119800,234604,760,0,37,d05573903da91a37,1118116800,1118203200,1,0,False,False
ours,tgbn-genre,train,1118203200,113,1118206745,2925,1118120580,1118206745,238289,1108357203,1118206745,237465,824,0,41,f5bef946771c7983,1118203200,1118289600,1,0,False,False
ours,tgbn-genre,train,1118289600,114,1118292961,4122,1118206920,1118292961,242411,1108357203,1118292961,241731,680,0,35,daeac5edeb92248a,1118289600,1118376000,1,0,False,False
ours,tgbn-genre,train,1118376000,115,1118379545,2693,1118293561,1118379545,245104,1108357203,1118379545,244457,647,0,30,032707aabaf14e73,1118376000,1118462400,1,0,False,False
ours,tgbn-genre,train,1118462400,116,1118466001,2429,1118379605,1118466001,247533,1108357203,1118466001,247035,498,0,37,92e975675e626f83,1118462400,1118548800,1,0,False,False
ours,tgbn-genre,train,1118548800,117,1118552280,2815,1118466120,1118552280,250348,1108357203,1118552280,249725,623,0,26,413f17654335efef,1118548800,1118635200,1,0,False,False
ours,tgbn-genre,train,1118635200,118,1118638564,3290,1118552524,1118638564,253638,1108357203,1118638564,253104,534,0,31,8d8706df77df911c,1118635200,1118721600,1,0,False,False
ours,tgbn-genre,train,1118721600,119,1118725144,2657,1118638803,1118725144,256295,1108357203,1118725144,255668,627,0,38,9b7998bb2902c5bd,1118721600,1118808000,1,0,False,False
ours,tgbn-genre,train,1118808000,120,1118811541,3324,1118725384,1118811541,259619,1108357203,1118811541,258645,974,0,41,0f64e7e08a63ee90,1118808000,1118894400,1,0,False,False
ours,tgbn-genre,train,1118894400,121,1118897940,3349,1118811604,1118897940,262968,1108357203,1118897940,262195,773,0,38,c413a4bcd79a807d,1118894400,1118980800,1,0,False,False
ours,tgbn-genre,train,1118980800,122,1118984104,2681,1118898061,1118984104,265649,1108357203,1118984104,265245,404,0,41,0c68c0ddc49fd035,1118980800,1119067200,1,0,False,False
ours,tgbn-genre,train,1119067200,123,1119070502,2034,1118984523,1119070502,267683,1108357203,1119070502,267392,291,0,40,60cce8fd311988df,1119067200,1119153600,1,0,False,False
ours,tgbn-genre,train,1119153600,124,1119157200,2544,1119071160,1119157200,270227,1108357203,1119157200,269580,647,0,29,26e269ea82f00a01,1119153600,1119240000,1,0,False,False
ours,tgbn-genre,train,1119240000,125,1119243484,3442,1119157204,1119243484,273669,1108357203,1119243484,273075,594,0,35,89267d353b64b93c,1119240000,1119326400,1,0,False,False
ours,tgbn-genre,train,1119326400,126,1119329884,3338,1119243605,1119329884,277007,1108357203,1119329884,276100,907,0,43,991e159a7d80844e,1119326400,1119412800,1,0,False,False
ours,tgbn-genre,train,1119412800,127,1119415981,3039,1119330061,1119415981,280046,1108357203,1119415981,279333,713,0,42,7eb981891c8224db,1119412800,1119499200,1,0,False,False
ours,tgbn-genre,train,1119499200,128,1119502744,2662,1119416524,1119502744,282708,1108357203,1119502744,282075,633,0,39,e718f4b869132b93,1119499200,1119585600,1,0,False,False
ours,tgbn-genre,train,1119585600,129,1119589145,2480,1119502862,1119589145,285188,1108357203,1119589145,284448,740,0,39,441e6c1a14e69e35,1119585600,1119672000,1,0,False,False
ours,tgbn-genre,train,1119672000,130,1119675480,3048,1119589205,1119675480,288236,1108357203,1119675480,287634,602,0,32,2e9e7c0a6ac51e5b,1119672000,1119758400,1,0,False,False
ours,tgbn-genre,train,1119758400,131,1119761941,2265,1119675662,1119761941,290501,1108357203,1119761941,289981,520,0,21,5ae252384f3c4bdc,1119758400,1119844800,1,0,False,False
ours,tgbn-genre,train,1119844800,132,1119848222,2766,1119762305,1119848222,293267,1108357203,1119848222,292614,653,0,30,a894aa7c6d10ef6d,1119844800,1119931200,1,0,False,False
ours,tgbn-genre,train,1119931200,133,1119934741,2177,1119848463,1119934741,295444,1108357203,1119934741,295039,405,0,30,f66ecb50df9821e7,1119931200,1120017600,1,0,False,False
ours,tgbn-genre,train,1120017600,134,1120021200,2786,1119934925,1120021200,298230,1108357203,1120021200,297600,630,0,38,5ed17fa52ab020e2,1120017600,1120104000,1,0,False,False
ours,tgbn-genre,train,1120104000,135,1120107602,2499,1120021503,1120107602,300729,1108357203,1120107602,300091,638,0,38,4b6e36dd8bd11a68,1120104000,1120190400,1,0,False,False
ours,tgbn-genre,train,1120190400,136,1120193763,2469,1120107661,1120193763,303198,1108357203,1120193763,302584,614,0,37,3f3a665b170d47ed,1120190400,1120276800,1,0,False,False
ours,tgbn-genre,train,1120276800,137,1120280280,1626,1120194242,1120280280,304824,1108357203,1120280280,304469,355,0,33,a9338cb8ba47fd3b,1120276800,1120363200,1,0,False,False
ours,tgbn-genre,train,1120363200,138,1120366745,1896,1120280644,1120366745,306720,1108357203,1120366745,306144,576,0,33,9bfa5ae224d6b56b,1120363200,1120449600,1,0,False,False
ours,tgbn-genre,train,1120449600,139,1120453201,2748,1120367160,1120453201,309468,1108357203,1120453201,308862,606,0,35,7578108396724b69,1120449600,1120536000,1,0,False,False
ours,tgbn-genre,train,1120536000,140,1120539543,3076,1120453203,1120539543,312544,1108357203,1120539543,311595,949,0,39,1e55ffd2622a6e22,1120536000,1120622400,1,0,False,False
ours,tgbn-genre,train,1120622400,141,1120625883,2044,1120540200,1120625883,314588,1108357203,1120625883,313877,711,0,38,e258ff67500fb046,1120622400,1120708800,1,0,False,False
ours,tgbn-genre,train,1120708800,142,1120712040,2900,1120626062,1120712040,317488,1108357203,1120712040,316969,519,0,39,b226c7f61030f96a,1120708800,1120795200,1,0,False,False
ours,tgbn-genre,train,1120795200,143,1120798685,2707,1120712403,1120798685,320195,1108357203,1120798685,319465,730,0,33,c1c14af55ac58a24,1120795200,1120881600,1,0,False,False
ours,tgbn-genre,train,1120881600,144,1120885202,1867,1120799104,1120885202,322062,1108357203,1120885202,321790,272,0,27,b4b402b4b57a3860,1120881600,1120968000,1,0,False,False
ours,tgbn-genre,train,1120968000,145,1120971302,1903,1120885564,1120971302,323965,1108357203,1120971302,323547,418,0,32,a6f205c0fdd19af5,1120968000,1121054400,1,0,False,False
ours,tgbn-genre,train,1121054400,146,1121058002,2040,1120971720,1121058002,326005,1108357203,1121058002,325347,658,0,32,3142a642f0aee55b,1121054400,1121140800,1,0,False,False
ours,tgbn-genre,train,1121140800,147,1121144345,2933,1121058125,1121144345,328938,1108357203,1121144345,328097,841,0,40,2b933a35ab385920,1121140800,1121227200,1,0,False,False
ours,tgbn-genre,train,1121227200,148,1121230682,3302,1121144405,1121230682,332240,1108357203,1121230682,331474,766,0,41,3b243df74f1d17a0,1121227200,1121313600,1,0,False,False
ours,tgbn-genre,train,1121313600,149,1121317201,3428,1121230921,1121317201,335668,1108357203,1121317201,335076,592,0,40,e46d535778b5a17c,1121313600,1121400000,1,0,False,False
ours,tgbn-genre,train,1121400000,150,1121403541,2167,1121317204,1121403541,337835,1108357203,1121403541,337298,537,0,38,7ed124e1e62c9fab,1121400000,1121486400,1,0,False,False
ours,tgbn-genre,train,1121486400,151,1121490001,2721,1121403780,1121490001,340556,1108357203,1121490001,340054,502,0,42,9348ce3ae51ad905,1121486400,1121572800,1,0,False,False
ours,tgbn-genre,train,1121572800,152,1121576402,2383,1121490181,1121576402,342939,1108357203,1121576402,342266,673,0,35,17345f51b0233874,1121572800,1121659200,1,0,False,False
ours,tgbn-genre,train,1121659200,153,1121662680,2116,1121576404,1121662680,345055,1108357203,1121662680,344532,523,0,30,4034a86f2a5bfbcb,1121659200,1121745600,1,0,False,False
ours,tgbn-genre,train,1121745600,154,1121749141,2685,1121662803,1121749141,347740,1108357203,1121749141,347067,673,0,38,f5009d72c8b2581c,1121745600,1121832000,1,0,False,False
ours,tgbn-genre,train,1121832000,155,1121835601,2905,1121749324,1121835601,350645,1108357203,1121835601,350020,625,0,42,4437885281966deb,1121832000,1121918400,1,0,False,False
ours,tgbn-genre,train,1121918400,156,1121921882,3827,1121835661,1121921882,354472,1108357203,1121921882,353426,1046,0,42,7233fb8bcc7cd2bc,1121918400,1122004800,1,0,False,False
ours,tgbn-genre,train,1122004800,157,1122008282,3663,1121922060,1122008282,358135,1108357203,1122008282,357448,687,0,38,51d5110c4fa08e4d,1122004800,1122091200,1,0,False,False
ours,tgbn-genre,train,1122091200,158,1122094744,3465,1122008584,1122094744,361600,1108357203,1122094744,360768,832,0,41,f4921a61b49d01e9,1122091200,1122177600,1,0,False,False
ours,tgbn-genre,train,1122177600,159,1122181142,3308,1122094980,1122181142,364908,1108357203,1122181142,363884,1024,0,36,6094d3d367e6f8cf,1122177600,1122264000,1,0,False,False
ours,tgbn-genre,train,1122264000,160,1122267362,2856,1122181381,1122267362,367764,1108357203,1122267362,367189,575,0,33,130b298583b35255,1122264000,1122350400,1,0,False,False
ours,tgbn-genre,train,1122350400,161,1122354000,2870,1122267603,1122354000,370634,1108357203,1122354000,369923,711,0,34,a47a0be3e2ab5e64,1122350400,1122436800,1,0,False,False
ours,tgbn-genre,train,1122436800,162,1122440401,3842,1122354004,1122440401,374476,1108357203,1122440401,373818,658,0,36,aa9f95bc4062d757,1122436800,1122523200,1,0,False,False
ours,tgbn-genre,train,1122523200,163,1122526742,3148,1122440404,1122526742,377624,1108357203,1122526742,377072,552,0,42,6d867f41d2880c1d,1122523200,1122609600,1,0,False,False
ours,tgbn-genre,train,1122609600,164,1122613084,2532,1122526925,1122613084,380156,1108357203,1122613084,379660,496,0,41,ef879606b018320a,1122609600,1122696000,1,0,False,False
ours,tgbn-genre,train,1122696000,165,1122699422,2263,1122613205,1122699422,382419,1108357203,1122699422,381990,429,0,34,546d8db7b58cc92f,1122696000,1122782400,1,0,False,False
ours,tgbn-genre,train,1122782400,166,1122785823,2039,1122699783,1122785823,384458,1108357203,1122785823,384013,445,0,15,996e26df608ea3c3,1122782400,1122868800,1,0,False,False
ours,tgbn-genre,train,1122868800,167,1122872402,1909,1122787744,1122872402,386367,1108357203,1122872402,385549,818,0,24,e257e383b65edac1,1122868800,1122955200,1,0,False,False
ours,tgbn-genre,train,1122955200,168,1122958800,2544,1122872461,1122958800,388911,1108357203,1122958800,388276,635,0,35,61ee01f4640db3b6,1122955200,1123041600,1,0,False,False
ours,tgbn-genre,train,1123041600,169,1123045081,3217,1122958864,1123045081,392128,1108357203,1123045081,391045,1083,0,40,630cd6866bfd6cf3,1123041600,1123128000,1,0,False,False
ours,tgbn-genre,train,1123128000,170,1123131482,2724,1123045260,1123131482,394852,1108357203,1123131482,393912,940,0,37,aa17a31655bd70b1,1123128000,1123214400,1,0,False,False
ours,tgbn-genre,train,1123214400,171,1123217161,2615,1123131665,1123217161,397467,1108357203,1123217161,396753,714,0,40,61046ac74de14dcb,1123214400,1123300800,1,0,False,False
ours,tgbn-genre,train,1123300800,172,1123304343,1496,1123218180,1123304343,398963,1108357203,1123304343,398408,555,0,47,6d1a973a544b8e05,1123300800,1123387200,1,0,False,False
ours,tgbn-genre,train,1123387200,174,1123477143,1082,1123431240,1123477143,400745,1108357203,1123477143,399663,592,490,37,8cac7a1bbeac1da6,1123387200,1123560000,2,0,False,False
ours,tgbn-genre,train,1123473600,174,1123477143,1082,1123431240,1123477143,400745,1108357203,1123477143,400255,490,0,44,fd170446f320931b,1123387200,1123560000,2,1,False,False
ours,tgbn-genre,train,1123560000,175,1123563544,1662,1123477322,1123563544,402407,1108357203,1123563544,401808,599,0,49,3c0b4c620d159648,1123560000,1123646400,1,0,False,False
ours,tgbn-genre,train,1123646400,176,1123650000,2534,1123563904,1123650000,404941,1108357203,1123650000,404074,867,0,44,4cf1dc1d5f2a068d,1123646400,1123732800,1,0,False,False
ours,tgbn-genre,train,1123732800,177,1123736400,2566,1123650004,1123736400,407507,1108357203,1123736400,406821,686,0,50,eb1cdb1c34ebb852,1123732800,1123819200,1,0,False,False
ours,tgbn-genre,train,1123819200,178,1123822560,3272,1123736821,1123822560,410779,1108357203,1123822560,409972,807,0,48,d86b408ea74e4a7a,1123819200,1123905600,1,0,False,False
ours,tgbn-genre,train,1123905600,179,1123909143,3753,1123822982,1123909143,414532,1108357203,1123909143,413721,811,0,47,38526d36471d119c,1123905600,1123992000,1,0,False,False
ours,tgbn-genre,train,1123992000,180,1123995541,2403,1123909264,1123995541,416935,1108357203,1123995541,416476,459,0,43,3fd01a90866b82b3,1123992000,1124078400,1,0,False,False
ours,tgbn-genre,train,1124078400,181,1124081944,3164,1123995722,1124081944,420099,1108357203,1124081944,418971,1128,0,44,d09e4dd0f5c477aa,1124078400,1124164800,1,0,False,False
ours,tgbn-genre,train,1124164800,182,1124168224,4966,1124082180,1124168224,425065,1108357203,1124168224,423968,1097,0,39,85450f456fbba6d5,1124164800,1124251200,1,0,False,False
ours,tgbn-genre,train,1124251200,183,1124254801,3935,1124168403,1124254801,429000,1108357203,1124254801,428106,894,0,52,5c7604ab9cf351a2,1124251200,1124337600,1,0,False,False
ours,tgbn-genre,train,1124337600,184,1124341142,3423,1124254860,1124341142,432423,1108357203,1124341142,431595,828,0,49,8665d977c6419bd8,1124337600,1124424000,1,0,False,False
ours,tgbn-genre,train,1124424000,185,1124427484,3328,1124341203,1124427484,435751,1108357203,1124427484,434918,833,0,47,dec2bc2b2b5f80ea,1124424000,1124510400,1,0,False,False
ours,tgbn-genre,train,1124510400,186,1124513942,3373,1124427663,1124513942,439124,1108357203,1124513942,438456,668,0,52,bfd5dee1e723c4c0,1124510400,1124596800,1,0,False,False
ours,tgbn-genre,train,1124596800,187,1124600345,3395,1124514123,1124600345,442519,1108357203,1124600345,441095,1424,0,46,360e14bb1703e092,1124596800,1124683200,1,0,False,False
ours,tgbn-genre,train,1124683200,188,1124686742,4455,1124600404,1124686742,446974,1108357203,1124686742,445991,983,0,43,db49fb9a734939c6,1124683200,1124769600,1,0,False,False
ours,tgbn-genre,train,1124769600,189,1124773081,4011,1124687041,1124773081,450985,1108357203,1124773081,449948,1037,0,48,f6f80fc58a16da53,1124769600,1124856000,1,0,False,False
ours,tgbn-genre,train,1124856000,190,1124859600,3923,1124773204,1124859600,454908,1108357203,1124859600,454330,578,0,48,8f947fbaf9f28b23,1124856000,1124942400,1,0,False,False
ours,tgbn-genre,train,1124942400,191,1124945885,4696,1124859662,1124945885,459604,1108357203,1124945885,458303,1301,0,46,d3535d49c20b7ae5,1124942400,1125028800,1,0,False,False
ours,tgbn-genre,train,1125028800,192,1125032401,3311,1124946004,1125032401,462915,1108357203,1125032401,462057,858,0,47,8fb69aaa999e176b,1125028800,1125115200,1,0,False,False
ours,tgbn-genre,train,1125115200,193,1125118800,2822,1125032462,1125118800,465737,1108357203,1125118800,464929,808,0,57,baa857cc8ed112a9,1125115200,1125201600,1,0,False,False
ours,tgbn-genre,train,1125201600,194,1125205141,3170,1125118862,1125205141,468907,1108357203,1125205141,467837,1070,0,46,6ef3e0ce427436f4,1125201600,1125288000,1,0,False,False
ours,tgbn-genre,train,1125288000,195,1125291362,2997,1125205320,1125291362,471904,1108357203,1125291362,470965,939,0,45,e2add88ae72befac,1125288000,1125374400,1,0,False,False
ours,tgbn-genre,train,1125374400,196,1125378000,3302,1125291605,1125378000,475206,1108357203,1125378000,474305,901,0,50,4de3d772fd7a7ad6,1125374400,1125460800,1,0,False,False
ours,tgbn-genre,train,1125460800,197,1125464345,3370,1125378124,1125464345,478576,1108357203,1125464345,477657,919,0,52,0d7e8540410671d6,1125460800,1125547200,1,0,False,False
ours,tgbn-genre,train,1125547200,198,1125550620,4161,1125464463,1125550620,482737,1108357203,1125550620,481969,768,0,48,a105bc4baec30ae4,1125547200,1125633600,1,0,False,False
ours,tgbn-genre,train,1125633600,199,1125637201,4152,1125550983,1125637201,486889,1108357203,1125637201,485795,1094,0,55,f1b5629ca161f0db,1125633600,1125720000,1,0,False,False
ours,tgbn-genre,train,1125720000,200,1125723600,3676,1125637383,1125723600,490565,1108357203,1125723600,489461,1104,0,43,c1798f42a7d93add,1125720000,1125806400,1,0,False,False
ours,tgbn-genre,train,1125806400,201,1125809882,4762,1125723604,1125809882,495327,1108357203,1125809882,494339,988,0,42,b37a28766837ddb3,1125806400,1125892800,1,0,False,False
ours,tgbn-genre,train,1125892800,202,1125896283,4212,1125810183,1125896283,499539,1108357203,1125896283,498480,1059,0,47,9895f01428fb4061,1125892800,1125979200,1,0,False,False
ours,tgbn-genre,train,1125979200,203,1125982742,3874,1125896405,1125982742,503413,1108357203,1125982742,502684,729,0,55,7120f2d70c26218a,1125979200,1126065600,1,0,False,False
ours,tgbn-genre,train,1126065600,204,1126069144,3313,1125982923,1126069144,506726,1108357203,1126069144,505691,1035,0,56,24f676970246a9b7,1126065600,1126152000,1,0,False,False
ours,tgbn-genre,train,1126152000,205,1126155485,2794,1126069204,1126155485,509520,1108357203,1126155485,508656,864,0,58,90d4ae378e7a6d60,1126152000,1126238400,1,0,False,False
ours,tgbn-genre,train,1126238400,206,1126241945,3149,1126156025,1126241945,512669,1108357203,1126241945,511940,729,0,57,2b5ee183b7c8f7ab,1126238400,1126324800,1,0,False,False
ours,tgbn-genre,train,1126324800,207,1126328220,2528,1126242064,1126328220,515197,1108357203,1126328220,514584,613,0,50,9000f09d6b57b8ed,1126324800,1126411200,1,0,False,False
ours,tgbn-genre,train,1126411200,208,1126414743,2992,1126328522,1126414743,518189,1108357203,1126414743,517280,909,0,46,e489ef3ee2c0c273,1126411200,1126497600,1,0,False,False
ours,tgbn-genre,train,1126497600,209,1126501083,2894,1126414860,1126501083,521083,1108357203,1126501083,520263,820,0,47,bed2088f11039f0a,1126497600,1126584000,1,0,False,False
ours,tgbn-genre,train,1126584000,210,1126587362,2671,1126501262,1126587362,523754,1108357203,1126587362,523005,749,0,55,8e15001325f7c845,1126584000,1126670400,1,0,False,False
ours,tgbn-genre,train,1126670400,211,1126673824,2927,1126587663,1126673824,526681,1108357203,1126673824,525956,725,0,49,0f7f9b57aaa2c4d8,1126670400,1126756800,1,0,False,False
ours,tgbn-genre,train,1126756800,212,1126760402,2918,1126674003,1126760402,529599,1108357203,1126760402,528918,681,0,58,174406db260637da,1126756800,1126843200,1,0,False,False
ours,tgbn-genre,train,1126843200,213,1126846743,3099,1126760520,1126846743,532698,1108357203,1126846743,531794,904,0,55,011c76f41272ad60,1126843200,1126929600,1,0,False,False
ours,tgbn-genre,train,1126929600,214,1126933202,2816,1126846921,1126933202,535514,1108357203,1126933202,534818,696,0,53,4c311dd20b4cc8fa,1126929600,1127016000,1,0,False,False
ours,tgbn-genre,train,1127016000,215,1127019544,3628,1126933260,1127019544,539142,1108357203,1127019544,538078,1064,0,43,ac3d0358248eb8d7,1127016000,1127102400,1,0,False,False
ours,tgbn-genre,train,1127102400,216,1127106002,4062,1127019780,1127106002,543204,1108357203,1127106002,541674,1530,0,49,737aadf4aed3782d,1127102400,1127188800,1,0,False,False
ours,tgbn-genre,train,1127188800,217,1127192344,5582,1127106124,1127192344,548786,1108357203,1127192344,547960,826,0,53,68cd9ff87d36fb53,1127188800,1127275200,1,0,False,False
ours,tgbn-genre,train,1127275200,218,1127278684,3886,1127192464,1127278684,552672,1108357203,1127278684,551677,995,0,54,5cd4554eb34dfa76,1127275200,1127361600,1,0,False,False
ours,tgbn-genre,train,1127361600,219,1127365202,3383,1127278862,1127365202,556055,1108357203,1127365202,555099,956,0,52,c70e4c6af8decb22,1127361600,1127448000,1,0,False,False
ours,tgbn-genre,train,1127448000,220,1127451484,3667,1127365322,1127451484,559722,1108357203,1127451484,558767,955,0,49,140fcb979c44159d,1127448000,1127534400,1,0,False,False
ours,tgbn-genre,train,1127534400,221,1127537942,2848,1127451603,1127537942,562570,1108357203,1127537942,561855,715,0,58,15e3c6f772b7be0a,1127534400,1127620800,1,0,False,False
ours,tgbn-genre,train,1127620800,222,1127624344,3442,1127538004,1127624344,566012,1108357203,1127624344,565009,1003,0,51,81776d6c4c036ae6,1127620800,1127707200,1,0,False,False
ours,tgbn-genre,train,1127707200,223,1127710683,3317,1127624701,1127710683,569329,1108357203,1127710683,568579,750,0,42,1fd7f09d54c9c3c0,1127707200,1127793600,1,0,False,False
ours,tgbn-genre,train,1127793600,224,1127797202,4245,1127710923,1127797202,573574,1108357203,1127797202,572555,1019,0,58,d997136cb449f53f,1127793600,1127880000,1,0,False,False
ours,tgbn-genre,train,1127880000,225,1127883484,3353,1127797263,1127883484,576927,1108357203,1127883484,576065,862,0,60,24c7de678011e233,1127880000,1127966400,1,0,False,False
ours,tgbn-genre,train,1127966400,226,1127970000,3695,1127883605,1127970000,580622,1108357203,1127970000,579602,1020,0,61,2beb6cf1f079e4d8,1127966400,1128052800,1,0,False,False
ours,tgbn-genre,train,1128052800,227,1128056220,3844,1127970004,1128056220,584466,1108357203,1128056220,583404,1062,0,56,bf55f8494c06c883,1128052800,1128139200,1,0,False,False
ours,tgbn-genre,train,1128139200,228,1128142801,4026,1128056460,1128142801,588492,1108357203,1128142801,587552,940,0,58,ae47269044077c6c,1128139200,1128225600,1,0,False,False
ours,tgbn-genre,train,1128225600,229,1128229141,4078,1128142922,1128229141,592570,1108357203,1128229141,591769,801,0,50,d5ecb15254b12858,1128225600,1128312000,1,0,False,False
ours,tgbn-genre,train,1128312000,230,1128315242,3697,1128229322,1128315242,596267,1108357203,1128315242,595612,655,0,54,bb2e3b48151c2ad0,1128312000,1128398400,1,0,False,False
ours,tgbn-genre,train,1128398400,231,1128401942,5073,1128315723,1128401942,601340,1108357203,1128401942,599894,1446,0,57,debfbc523a846775,1128398400,1128484800,1,0,False,False
ours,tgbn-genre,train,1128484800,232,1128488225,4466,1128402003,1128488225,605806,1108357203,1128488225,604970,836,0,56,0dc31e049ec9687f,1128484800,1128571200,1,0,False,False
ours,tgbn-genre,train,1128571200,233,1128574684,3635,1128488464,1128574684,609441,1108357203,1128574684,608233,1208,0,63,64fa31ea00f92c1e,1128571200,1128657600,1,0,False,False
ours,tgbn-genre,train,1128657600,234,1128661085,3892,1128574920,1128661085,613333,1108357203,1128661085,612023,1310,0,59,1def2e07c4a4232b,1128657600,1128744000,1,0,False,False
ours,tgbn-genre,train,1128744000,235,1128747545,4491,1128661261,1128747545,617824,1108357203,1128747545,616666,1158,0,57,47f2c6e66892bb05,1128744000,1128830400,1,0,False,False
ours,tgbn-genre,train,1128830400,236,1128833821,4298,1128747662,1128833821,622122,1108357203,1128833821,620932,1190,0,52,b44be0d41ec80ded,1128830400,1128916800,1,0,False,False
ours,tgbn-genre,train,1128916800,237,1128920340,4411,1128834061,1128920340,626533,1108357203,1128920340,625239,1294,0,57,da657f451b08e907,1128916800,1129003200,1,0,False,False
ours,tgbn-genre,train,1129003200,238,1129006802,3479,1128920403,1129006802,630012,1108357203,1129006802,628938,1074,0,60,2ee114f591e27291,1129003200,1129089600,1,0,False,False
ours,tgbn-genre,train,1129089600,239,1129093145,3735,1129006803,1129093145,633747,1108357203,1129093145,632585,1162,0,66,5fdbb5f1a2ff905c,1129089600,1129176000,1,0,False,False
ours,tgbn-genre,train,1129176000,240,1129179600,4539,1129093204,1129179600,638286,1108357203,1129179600,637264,1022,0,68,5c6deb7d3d2c0734,1129176000,1129262400,1,0,False,False
ours,tgbn-genre,train,1129262400,241,1129266001,3874,1129179723,1129266001,642160,1108357203,1129266001,641144,1016,0,61,1059eaa0da67bc70,1129262400,1129348800,1,0,False,False
ours,tgbn-genre,train,1129348800,242,1129352402,3315,1129266003,1129352402,645475,1108357203,1129352402,644412,1063,0,59,b57d55bfd672ce8d,1129348800,1129435200,1,0,False,False
ours,tgbn-genre,train,1129435200,243,1129438801,4409,1129352461,1129438801,649884,1108357203,1129438801,648735,1149,0,49,410993dba82ac72c,1129435200,1129521600,1,0,False,False
ours,tgbn-genre,train,1129521600,244,1129525144,4105,1129438803,1129525144,653989,1108357203,1129525144,652901,1088,0,50,b3f70bc639736125,1129521600,1129608000,1,0,False,False
ours,tgbn-genre,train,1129608000,245,1129611601,4036,1129525261,1129611601,658025,1108357203,1129611601,656741,1284,0,73,dd43d2d0ae6b65ad,1129608000,1129694400,1,0,False,False
ours,tgbn-genre,train,1129694400,246,1129697940,4444,1129611664,1129697940,662469,1108357203,1129697940,661323,1146,0,74,69b9bc267fcebb7c,1129694400,1129780800,1,0,False,False
ours,tgbn-genre,train,1129780800,247,1129784281,4321,1129698005,1129784281,666790,1108357203,1129784281,665656,1134,0,77,340f2a163cf9262d,1129780800,1129867200,1,0,False,False
ours,tgbn-genre,train,1129867200,248,1129870685,4535,1129784461,1129870685,671325,1108357203,1129870685,670124,1201,0,71,fa83fb81f643206e,1129867200,1129953600,1,0,False,False
ours,tgbn-genre,train,1129953600,249,1129957083,4052,1129870921,1129957083,675377,1108357203,1129957083,674211,1166,0,66,a83b2a72e2e7e121,1129953600,1130040000,1,0,False,False
ours,tgbn-genre,train,1130040000,250,1130043485,3966,1129957321,1130043485,679343,1108357203,1130043485,678189,1154,0,58,cf9bf0e5d431febd,1130040000,1130126400,1,0,False,False
ours,tgbn-genre,train,1130126400,251,1130130000,4290,1130043785,1130130000,683633,1108357203,1130130000,682150,1483,0,59,9ceecdf1a500b0fe,1130126400,1130212800,1,0,False,False
ours,tgbn-genre,train,1130212800,252,1130216401,4853,1130130062,1130216401,688486,1108357203,1130216401,687256,1230,0,57,1bd8be50c14c187d,1130212800,1130299200,1,0,False,False
ours,tgbn-genre,train,1130299200,253,1130302801,4562,1130216405,1130302801,693048,1108357203,1130302801,691690,1358,0,68,6ba84a2289468e61,1130299200,1130385600,1,0,False,False
ours,tgbn-genre,train,1130385600,254,1130389023,4465,1130302803,1130389023,697513,1108357203,1130389023,696360,1153,0,70,d50cea8277953455,1130385600,1130472000,1,0,False,False
ours,tgbn-genre,train,1130472000,255,1130475483,3957,1130389203,1130475483,701470,1108357203,1130475483,700221,1249,0,66,56ce69db12af302f,1130472000,1130558400,1,0,False,False
ours,tgbn-genre,train,1130558400,256,1130561943,3165,1130475782,1130561943,704635,1108357203,1130561943,703453,1182,0,67,ad1ef7837aa274dc,1130558400,1130644800,1,0,False,False
ours,tgbn-genre,train,1130644800,257,1130648401,3758,1130562061,1130648401,708393,1108357203,1130648401,707172,1221,0,52,54b6bd09bc550311,1130644800,1130734800,1,0,False,False
ours,tgbn-genre,train,1130734800,258,1130734800,3346,1130648460,1130734800,711739,1108357203,1130734800,710460,1279,0,69,6e4d17cf3458fbfd,1130734800,1130821200,1,0,False,False
ours,tgbn-genre,train,1130821200,260,1130907543,3833,1130821261,1130907543,719891,1108357203,1130907543,715072,3375,1444,67,5063ec70dd4ed8cd,1130821200,1130907600,1,0,False,False
ours,tgbn-genre,train,1130907600,261,1130993944,3969,1130907720,1130993944,723860,1108357203,1130993944,718447,4412,1001,75,613daa4d9847dcf5,1130907600,1130994000,1,0,False,False
ours,tgbn-genre,train,1130994000,262,1131080343,3680,1130994062,1131080343,727540,1108357203,1131080343,722859,3649,1032,74,6c5763fa16039428,1130994000,1131080400,1,0,False,False
ours,tgbn-genre,train,1131080400,263,1131166800,4300,1131080461,1131166800,731840,1108357203,1131166800,726508,4130,1202,66,8d35bcca63bd7568,1131080400,1131253200,2,0,False,False
ours,tgbn-genre,train,1131166800,263,1131166800,4300,1131080461,1131166800,731840,1108357203,1131166800,730638,1202,0,74,2426ffea2490e8c1,1131080400,1131253200,2,1,False,False
ours,tgbn-genre,train,1131253200,265,1131339600,3891,1131253203,1131339600,739055,1108357203,1131339600,734304,3429,1322,65,c109c8bad598f550,1131253200,1131426000,2,0,False,False
ours,tgbn-genre,train,1131339600,265,1131339600,3891,1131253203,1131339600,739055,1108357203,1131339600,737733,1322,0,68,25a1d7ed9f8d6ec5,1131253200,1131426000,2,1,False,False
ours,tgbn-genre,train,1131426000,266,1131426001,4998,1131339665,1131426001,744053,1108357203,1131426001,742851,1202,0,72,1acfb2f725b389e8,1131426000,1131512400,1,0,False,False
ours,tgbn-genre,train,1131512400,267,1131512402,4671,1131426003,1131512402,748724,1108357203,1131512402,747443,1281,0,80,d34141c0911b5145,1131512400,1131598800,1,0,False,False
ours,tgbn-genre,train,1131598800,268,1131598801,4262,1131512403,1131598801,752986,1108357203,1131598801,751465,1521,0,78,69279cf229deef24,1131598800,1131685200,1,0,False,False
ours,tgbn-genre,train,1131685200,270,1131771600,5260,1131685261,1131771600,762598,1108357203,1131771600,756347,4679,1572,76,180ecdf35ff9d599,1131685200,1131858000,2,0,False,False
ours,tgbn-genre,train,1131771600,270,1131771600,5260,1131685261,1131771600,762598,1108357203,1131771600,761026,1572,0,70,8a4d816bb14b69d2,1131685200,1131858000,2,1,False,False
ours,tgbn-genre,train,1131858000,271,1131858001,4075,1131771660,1131858001,766673,1108357203,1131858001,765584,1089,0,56,392024f502fe698c,1131858000,1131944400,1,0,False,False
ours,tgbn-genre,train,1131944400,273,1132030802,4806,1131944460,1132030802,775866,1108357203,1132030802,769421,4796,1649,61,ca13de2683e7e613,1131944400,1132117200,2,0,False,False
ours,tgbn-genre,train,1132030800,273,1132030802,4806,1131944460,1132030802,775866,1108357203,1132030802,774217,1649,0,66,58aec999a6c84533,1131944400,1132117200,2,1,False,False
ours,tgbn-genre,train,1132117200,274,1132117201,5113,1132030805,1132117201,780979,1108357203,1132117201,779109,1870,0,70,96cdd76e60830add,1132117200,1132203600,1,0,False,False
ours,tgbn-genre,train,1132203600,275,1132203601,4861,1132117205,1132203601,785840,1108357203,1132203601,784569,1271,0,77,6178825c56087028,1132203600,1132290000,1,0,False,False
ours,tgbn-genre,train,1132290000,277,1132376401,3941,1132290125,1132376401,794309,1108357203,1132376401,789374,4168,767,67,7c77595f3c984095,1132290000,1132462800,2,0,False,False
ours,tgbn-genre,train,1132376400,277,1132376401,3941,1132290125,1132376401,794309,1108357203,1132376401,793542,767,0,55,aa19bcf67041b4cb,1132290000,1132462800,2,1,False,False
ours,tgbn-genre,train,1132462800,279,1132549140,3273,1132462803,1132549140,800293,1108357203,1132549140,795968,3250,1075,60,66b3f8f8583bde11,1132462800,1132549200,1,0,False,False
ours,tgbn-genre,train,1132549200,280,1132635602,4249,1132549204,1132635602,804542,1108357203,1132635602,799218,3857,1467,61,006e80ec174a2dde,1132549200,1132722000,2,0,False,False
ours,tgbn-genre,train,1132635600,280,1132635602,4249,1132549204,1132635602,804542,1108357203,1132635602,803075,1467,0,69,00922b003501c52a,1132549200,1132722000,2,1,False,False
ours,tgbn-genre,train,1132722000,282,1132808340,6088,1132722004,1132808340,815625,1108357203,1132808340,807768,6232,1625,81,8d336f7ca157ba4d,1132722000,1132808400,1,0,False,False
ours,tgbn-genre,train,1132808400,283,1132894745,4224,1132808404,1132894745,819849,1108357203,1132894745,814000,4397,1452,86,b152d43a213fe460,1132808400,1132894800,1,0,False,False
ours,tgbn-genre,train,1132894800,284,1132981082,3363,1132894985,1132981082,823212,1108357203,1132981082,818397,3795,1020,82,2fd195739d0243d9,1132894800,1132981200,1,0,False,False
ours,tgbn-genre,train,1132981200,285,1133067600,3973,1132981261,1133067600,827185,1108357203,1133067600,822192,3620,1373,77,d3d7ac3af17e4f2a,1132981200,1133154000,2,0,False,False
ours,tgbn-genre,train,1133067600,285,1133067600,3973,1132981261,1133067600,827185,1108357203,1133067600,825812,1373,0,67,7869b79e5a87824a,1132981200,1133154000,2,1,False,False
ours,tgbn-genre,train,1133154000,287,1133240400,4919,1133154241,1133240400,836223,1108357203,1133240400,829560,5007,1656,68,8d3ac0fa24e27bbc,1133154000,1133326800,2,0,False,False
ours,tgbn-genre,train,1133240400,287,1133240400,4919,1133154241,1133240400,836223,1108357203,1133240400,834567,1656,0,80,b2c2874977edd0f3,1133154000,1133326800,2,1,False,False
ours,tgbn-genre,train,1133326800,289,1133413202,4754,1133326865,1133413202,846561,1108357203,1133413202,840364,4801,1396,81,f5b8a0d0cce744e5,1133326800,1133499600,2,0,False,False
ours,tgbn-genre,train,1133413200,289,1133413202,4754,1133326865,1133413202,846561,1108357203,1133413202,845165,1396,0,80,97c4dd3cb17bfd66,1133326800,1133499600,2,1,False,False
ours,tgbn-genre,train,1133499600,291,1133586002,5788,1133499664,1133586002,856935,1108357203,1133586002,849430,6010,1495,83,059619931ab36ced,1133499600,1133672400,2,0,False,False
ours,tgbn-genre,train,1133586000,291,1133586002,5788,1133499664,1133586002,856935,1108357203,1133586002,855440,1495,0,79,4f7e929b1f0e00eb,1133499600,1133672400,2,1,False,False
ours,tgbn-genre,train,1133672400,293,1133758743,5699,1133672461,1133758743,868252,1108357203,1133758743,860692,5854,1706,73,e059a74321a4f963,1133672400,1133758800,1,0,False,False
ours,tgbn-genre,train,1133758800,294,1133845200,6688,1133758860,1133845200,874940,1108357203,1133845200,866546,6613,1781,73,0088cb47102a9573,1133758800,1133931600,2,0,False,False
ours,tgbn-genre,train,1133845200,294,1133845200,6688,1133758860,1133845200,874940,1108357203,1133845200,873159,1781,0,82,11a658962071f03e,1133758800,1133931600,2,1,False,False
ours,tgbn-genre,train,1133931600,295,1133931602,6076,1133845261,1133931602,881016,1108357203,1133931602,879398,1618,0,84,9e2bc4ca5f6004f7,1133931600,1134018000,1,0,False,False
ours,tgbn-genre,train,1134018000,296,1134018002,6964,1133931664,1134018002,887980,1108357203,1134018002,885701,2279,0,82,5fa2c4e44bdb0506,1134018000,1134104400,1,0,False,False
ours,tgbn-genre,train,1134104400,297,1134104402,6120,1134018003,1134104402,894100,1108357203,1134104402,892500,1600,0,84,dc73c427257d7c81,1134104400,1134190800,1,0,False,False
ours,tgbn-genre,train,1134190800,299,1134277083,6589,1134190803,1134277083,907589,1108357203,1134277083,899382,6837,1370,89,6048e44e184b4a89,1134190800,1134277200,1,0,False,False
ours,tgbn-genre,train,1134277200,300,1134363602,6379,1134277204,1134363602,913968,1108357203,1134363602,906219,6067,1682,82,6aa3f0b661528dde,1134277200,1134450000,2,0,False,False
ours,tgbn-genre,train,1134363600,300,1134363602,6379,1134277204,1134363602,913968,1108357203,1134363602,912286,1682,0,83,48930762fa402e36,1134277200,1134450000,2,1,False,False
ours,tgbn-genre,train,1134450000,302,1134536224,7277,1134450060,1134536224,927010,1108357203,1134536224,917985,6909,2116,84,46c345c2dbc9f7d8,1134450000,1134536400,1,0,False,False
ours,tgbn-genre,train,1134536400,303,1134622745,6660,1134536465,1134622745,933670,1108357203,1134622745,924894,6594,2182,94,b2ae7d498cf8bfe6,1134536400,1134622800,1,0,False,False
ours,tgbn-genre,train,1134622800,304,1134709202,5693,1134622804,1134709202,939363,1108357203,1134709202,931488,6321,1554,87,7075a41073d317be,1134622800,1134795600,2,0,False,False
ours,tgbn-genre,train,1134709200,304,1134709202,5693,1134622804,1134709202,939363,1108357203,1134709202,937809,1554,0,88,6a047a5553d71dac,1134622800,1134795600,2,1,False,False
ours,tgbn-genre,train,1134795600,305,1134795601,6076,1134709205,1134795601,945439,1108357203,1134795601,943591,1848,0,71,b85a04a1f03d504d,1134795600,1134882000,1,0,False,False
ours,tgbn-genre,train,1134882000,306,1134882001,6911,1134795604,1134882001,952350,1108357203,1134882001,949707,2643,0,62,54bbb729bc6c50f7,1134882000,1134968400,1,0,False,False
ours,tgbn-genre,train,1134968400,307,1134968402,7104,1134882003,1134968402,959454,1108357203,1134968402,957709,1745,0,60,14363a74e1fe9d42,1134968400,1135054800,1,0,False,False
ours,tgbn-genre,train,1135054800,308,1135054801,5277,1134968463,1135054801,964731,1108357203,1135054801,962905,1826,0,74,2b6f9918a6717c5e,1135054800,1135141200,1,0,False,False
ours,tgbn-genre,train,1135141200,310,1135227601,5445,1135141264,1135227601,976085,1108357203,1135227601,968900,5787,1398,71,32dae81b2a3f132b,1135141200,1135314000,2,0,False,False
ours,tgbn-genre,train,1135227600,310,1135227601,5445,1135141264,1135227601,976085,1108357203,1135227601,974687,1398,0,73,79b9652b0221cc5d,1135141200,1135314000,2,1,False,False
ours,tgbn-genre,train,1135314000,311,1135314001,5376,1135227725,1135314001,981461,1108357203,1135314001,980038,1423,0,73,2dabcaacfa08399c,1135314000,1135400400,1,0,False,False
ours,tgbn-genre,train,1135400400,313,1135486801,4192,1135400464,1135486801,990254,1108357203,1135486801,985007,4448,799,75,d32951760ad72977,1135400400,1135573200,2,0,False,False
ours,tgbn-genre,train,1135486800,313,1135486801,4192,1135400464,1135486801,990254,1108357203,1135486801,989455,799,0,2,79439cdd693f4d1b,1135400400,1135573200,2,1,False,False
ours,tgbn-genre,train,1135573200,314,1135573201,4061,1135486923,1135573201,994315,1108357203,1135573201,993312,1003,0,55,5b816e943675a3bc,1135573200,1135659600,1,0,False,False
ours,tgbn-genre,train,1135659600,316,1135745882,4956,1135659662,1135745882,1004097,1108357203,1135745882,997599,4806,1692,72,312771cb8d408d45,1135659600,1135746000,1,0,False,False
ours,tgbn-genre,train,1135746000,317,1135832345,5544,1135746122,1135832345,1009641,1108357203,1135832345,1002405,5538,1698,87,b4a67b1ae2a030b6,1135746000,1135832400,1,0,False,False
ours,tgbn-genre,train,1135832400,318,1135918802,4339,1135832465,1135918802,1013980,1108357203,1135918802,1007943,4836,1201,100,bbeeefb5f511245b,1135832400,1136005200,2,0,False,False
ours,tgbn-genre,train,1135918800,318,1135918802,4339,1135832465,1135918802,1013980,1108357203,1135918802,1012779,1201,0,100,d3b82715b56553a9,1135832400,1136005200,2,1,False,False
ours,tgbn-genre,train,1136005200,320,1136034964,2,1136034964,1136034964,1018332,1108357203,1136034964,1017586,746,0,98,7fa1457cbbcacb4d,1136005200,1136091600,1,0,False,False
ours,tgbn-genre,train,1136091600,321,1136178000,2698,1136134803,1136178000,1021030,1108357203,1136178000,1018332,1220,1478,89,c18503c532ef9d73,1136091600,1136264400,2,0,False,False
ours,tgbn-genre,train,1136178000,321,1136178000,2698,1136134803,1136178000,1021030,1108357203,1136178000,1019552,1478,0,92,74cbdc3b4c9a0958,1136091600,1136264400,2,1,False,False
ours,tgbn-genre,train,1136264400,322,1136264402,5233,1136178060,1136264402,1026263,1108357203,1136264402,1024825,1438,0,110,3af4fcbea8b3f3d9,1136264400,1136350800,1,0,False,False
ours,tgbn-genre,train,1136350800,323,1136350801,6745,1136264403,1136350801,1033008,1108357203,1136350801,1031090,1918,0,101,4c205d8a70dd76e4,1136350800,1136437200,1,0,False,False
ours,tgbn-genre,train,1136437200,325,1136523600,8073,1136437203,1136523600,1048307,1108357203,1136523600,1038111,8015,2181,94,7fcae5fbe6ac7e12,1136437200,1136610000,2,0,False,False
ours,tgbn-genre,train,1136523600,325,1136523600,8073,1136437203,1136523600,1048307,1108357203,1136523600,1046126,2181,0,98,276d2b79972a78d7,1136437200,1136610000,2,1,False,False
ours,tgbn-genre,train,1136610000,327,1136696402,8597,1136610060,1136696402,1063328,1108357203,1136696402,1053203,7475,2650,90,49db5fe7ff3269a6,1136610000,1136782800,2,0,False,False
ours,tgbn-genre,train,1136696400,327,1136696402,8597,1136610060,1136696402,1063328,1108357203,1136696402,1060678,2650,0,86,f9a2ad3e166e89fb,1136610000,1136782800,2,1,False,False
ours,tgbn-genre,train,1136782800,328,1136782801,6391,1136696403,1136782801,1069719,1108357203,1136782801,1067046,2673,0,94,1c89881e07db412a,1136782800,1136869200,1,0,False,False
ours,tgbn-genre,train,1136869200,330,1136955600,7020,1136869263,1136955600,1084282,1108357203,1136955600,1074916,7169,2197,97,6eac678955be5482,1136869200,1137042000,2,0,False,False
ours,tgbn-genre,train,1136955600,330,1136955600,7020,1136869263,1136955600,1084282,1108357203,1136955600,1082085,2197,0,100,e31fdf8f6066929a,1136869200,1137042000,2,1,False,False
ours,tgbn-genre,train,1137042000,331,1137042002,6439,1136955603,1137042002,1090721,1108357203,1137042002,1088677,2044,0,99,40efbd79190d56bd,1137042000,1137128400,1,0,False,False
ours,tgbn-genre,train,1137128400,332,1137128401,5568,1137042063,1137128401,1096289,1108357203,1137128401,1094270,2019,0,102,8ee2afb8c3c47e47,1137128400,1137214800,1,0,False,False
ours,tgbn-genre,train,1137214800,334,1137301140,6634,1137214803,1137301140,1108636,1108357203,1137301140,1100244,6439,1953,90,acd3c8e07f221bdb,1137214800,1137301200,1,0,False,False
ours,tgbn-genre,train,1137301200,335,1137387541,6533,1137301262,1137387541,1115169,1108357203,1137387541,1106683,6115,2371,87,36fd1a2333f88f6e,1137301200,1137387600,1,0,False,False
ours,tgbn-genre,train,1137387600,336,1137473885,7305,1137387605,1137473885,1122474,1108357203,1137473885,1112798,7419,2257,52,02c00bb72ae87755,1137387600,1137474000,1,0,False,False
ours,tgbn-genre,train,1137474000,337,1137560345,6610,1137474060,1137560345,1129084,1108357203,1137560345,1120217,6740,2127,91,12a67b57757dc925,1137474000,1137560400,1,0,False,False
ours,tgbn-genre,train,1137560400,338,1137646742,6113,1137560460,1137646742,1135197,1108357203,1137646742,1126957,6341,1899,108,a2fc954979bb90ae,1137560400,1137646800,1,0,False,False
ours,tgbn-genre,train,1137646800,339,1137733201,5767,1137646805,1137733201,1140964,1108357203,1137733201,1133298,5950,1716,102,c2b6d886f703feb0,1137646800,1137819600,2,0,False,False
ours,tgbn-genre,train,1137733200,339,1137733201,5767,1137646805,1137733201,1140964,1108357203,1137733201,1139248,1716,0,98,da2e9a04906ade5f,1137646800,1137819600,2,1,False,False
ours,tgbn-genre,train,1137819600,340,1137819600,7102,1137733204,1137819600,1148066,1108357203,1137819600,1145755,2311,0,102,037c1961246eb3a5,1137819600,1137906000,1,0,False,False
ours,tgbn-genre,train,1137906000,342,1137961625,2297,1137906062,1137961625,1158197,1108357203,1137961625,1153452,4745,0,82,23bb2f2b61b5b673,1137906000,1137992400,1,0,False,False
ours,tgbn-genre,train,1137992400,343,1138078800,6869,1137993545,1138078800,1165066,1108357203,1138078800,1158197,4587,2282,84,8477041d1062670a,1137992400,1138165200,2,0,False,False
ours,tgbn-genre,train,1138078800,343,1138078800,6869,1137993545,1138078800,1165066,1108357203,1138078800,1162784,2282,0,110,31a50fed4417c06f,1137992400,1138165200,2,1,False,False
ours,tgbn-genre,train,1138165200,344,1138165201,6890,1138078805,1138165201,1171956,1108357203,1138165201,1169682,2274,0,105,b0c9f80f33395f91,1138165200,1138251600,1,0,False,False
ours,tgbn-genre,train,1138251600,346,1138337884,6339,1138251661,1138337884,1184802,1108357203,1138337884,1176711,6165,1926,104,8ded45ac818f469c,1138251600,1138338000,1,0,False,False
ours,tgbn-genre,train,1138338000,347,1138424400,7016,1138338003,1138424400,1191818,1108357203,1138424400,1182876,6927,2015,109,71c032cb436d328c,1138338000,1138510800,2,0,False,False
ours,tgbn-genre,train,1138424400,347,1138424400,7016,1138338003,1138424400,1191818,1108357203,1138424400,1189803,2015,0,92,3a23f5f5b2e3fd1d,1138338000,1138510800,2,1,False,False
ours,tgbn-genre,train,1138510800,349,1138597201,6613,1138510862,1138597201,1204432,1108357203,1138597201,1196301,5201,2930,99,809fb14a3007fb5d,1138510800,1138683600,2,0,False,False
ours,tgbn-genre,train,1138597200,349,1138597201,6613,1138510862,1138597201,1204432,1108357203,1138597201,1201502,2930,0,106,8d3deaaae69a0acf,1138510800,1138683600,2,1,False,False
ours,tgbn-genre,train,1138683600,351,1138769940,6858,1138683605,1138769940,1218711,1108357203,1138769940,1209926,6750,2035,107,00655a1d9a8ebc56,1138683600,1138770000,1,0,False,False
ours,tgbn-genre,train,1138770000,352,1138856401,6330,1138770064,1138856401,1225041,1108357203,1138856401,1216676,6544,1821,113,64ffcedd281c913b,1138770000,1138942800,2,0,False,False
ours,tgbn-genre,train,1138856400,352,1138856401,6330,1138770064,1138856401,1225041,1108357203,1138856401,1223220,1821,0,110,7f5f869f596e0f3d,1138770000,1138942800,2,1,False,False
ours,tgbn-genre,train,1138942800,353,1138942800,6828,1138856581,1138942800,1231869,1108357203,1138942800,1229732,2137,0,114,cc97c259edffcd6e,1138942800,1139029200,1,0,False,False
ours,tgbn-genre,train,1139029200,355,1139115602,6257,1139029203,1139115602,1243740,1108357203,1139115602,1235789,6005,1946,98,665cb795b257a4d5,1139029200,1139202000,2,0,False,False
ours,tgbn-genre,train,1139115600,355,1139115602,6257,1139029203,1139115602,1243740,1108357203,1139115602,1241794,1946,0,89,36c0657d91215fbe,1139029200,1139202000,2,1,False,False
ours,tgbn-genre,train,1139202000,357,1139288400,6900,1139202065,1139288400,1257420,1108357203,1139288400,1248136,7278,2006,102,749b585ed1c63356,1139202000,1139374800,2,0,False,False
ours,tgbn-genre,train,1139288400,357,1139288400,6900,1139202065,1139288400,1257420,1108357203,1139288400,1255414,2006,0,109,29100f18eb48a6b2,1139202000,1139374800,2,1,False,False
ours,tgbn-genre,train,1139374800,358,1139374801,7708,1139288404,1139374801,1265128,1108357203,1139374801,1263231,1897,0,109,ab2b18d16f648ca4,1139374800,1139461200,1,0,False,False
ours,tgbn-genre,train,1139461200,360,1139547423,8191,1139461263,1139547423,1280546,1108357203,1139547423,1270363,8200,1983,108,9ff641411558fd4a,1139461200,1139547600,1,0,False,False
ours,tgbn-genre,train,1139547600,361,1139634001,6953,1139547604,1139634001,1287499,1108357203,1139634001,1278563,6664,2272,105,325e8bd74142aae9,1139547600,1139720400,2,0,False,False
ours,tgbn-genre,train,1139634000,361,1139634001,6953,1139547604,1139634001,1287499,1108357203,1139634001,1285227,2272,0,96,4321e5e24282e296,1139547600,1139720400,2,1,False,False
ours,tgbn-genre,train,1139720400,362,1139720400,6919,1139634063,1139720400,1294418,1108357203,1139720400,1292422,1996,0,92,d393b724b4e1ab31,1139720400,1139806800,1,0,False,False
ours,tgbn-genre,train,1139806800,363,1139806801,7830,1139720462,1139806801,1302248,1108357203,1139806801,1300169,2079,0,96,879976d5e228e19a,1139806800,1139893200,1,0,False,False
ours,tgbn-genre,train,1139893200,364,1139893201,7936,1139806803,1139893201,1310184,1108357203,1139893201,1307770,2414,0,121,03c82e43013b717f,1139893200,1139979600,1,0,False,False
ours,tgbn-genre,train,1139979600,366,1140065943,8143,1139979603,1140065943,1325094,1108357203,1140065943,1314910,7579,2605,116,598685a423cac33b,1139979600,1140066000,1,0,False,False
ours,tgbn-genre,train,1140066000,367,1140152222,8017,1140066003,1140152222,1333111,1108357203,1140152222,1322489,8358,2264,111,ee61a305480feade,1140066000,1140152400,1,0,False,False
ours,tgbn-genre,train,1140152400,368,1140238801,7543,1140152460,1140238801,1340654,1108357203,1140238801,1330847,7615,2192,118,05540349d69ebc80,1140152400,1140325200,2,0,False,False
ours,tgbn-genre,train,1140238800,368,1140238801,7543,1140152460,1140238801,1340654,1108357203,1140238801,1338462,2192,0,112,64c4cb95cb28b650,1140152400,1140325200,2,1,False,False
ours,tgbn-genre,train,1140325200,369,1140325200,7634,1140238803,1140325200,1348288,1108357203,1140325200,1345737,2551,0,95,ab0f17dc8737656b,1140325200,1140411600,1,0,False,False
ours,tgbn-genre,train,1140411600,370,1140411600,7274,1140325205,1140411600,1355562,1108357203,1140411600,1353649,1913,0,98,e54e6f58ae6acfe4,1140411600,1140498000,1,0,False,False
ours,tgbn-genre,train,1140498000,371,1140498000,10153,1140411661,1140498000,1365715,1108357203,1140498000,1363077,2638,0,118,050f487cfc4997ea,1140498000,1140584400,1,0,False,False
ours,tgbn-genre,train,1140584400,373,1140670801,7344,1140584403,1140670801,1381557,1108357203,1140670801,1371584,7650,2323,118,006a67b8142eb385,1140584400,1140757200,2,0,False,False
ours,tgbn-genre,train,1140670800,373,1140670801,7344,1140584403,1140670801,1381557,1108357203,1140670801,1379234,2323,0,126,695e66868584edc5,1140584400,1140757200,2,1,False,False
ours,tgbn-genre,train,1140757200,374,1140757200,8459,1140670865,1140757200,1390016,1108357203,1140757200,1387529,2487,0,132,4bf46be2a57dae79,1140757200,1140843600,1,0,False,False
ours,tgbn-genre,train,1140843600,376,1140929942,7938,1140843662,1140929942,1406040,1108357203,1140929942,1395346,8377,2317,132,c4c9832662e8edad,1140843600,1140930000,1,0,False,False
ours,tgbn-genre,train,1140930000,377,1141016345,7758,1140930060,1141016345,1413798,1108357203,1141016345,1403723,7854,2221,110,37032e0e20a4d16b,1140930000,1141016400,1,0,False,False
ours,tgbn-genre,train,1141016400,378,1141102801,7789,1141016462,1141102801,1421587,1108357203,1141102801,1411577,7780,2230,117,e4022f1f6f54fba2,1141016400,1141189200,2,0,False,False
ours,tgbn-genre,train,1141102800,378,1141102801,7789,1141016462,1141102801,1421587,1108357203,1141102801,1419357,2230,0,135,d87aaf568ffb325c,1141016400,1141189200,2,1,False,False
ours,tgbn-genre,train,1141189200,380,1141275484,8493,1141189204,1141275484,1438858,1108357203,1141275484,1427437,9159,2262,130,f058ba3e892243e4,1141189200,1141275600,1,0,False,False
ours,tgbn-genre,train,1141275600,381,1141362001,9460,1141275603,1141362001,1448318,1108357203,1141362001,1436596,8728,2994,128,e99b6116fc66a69c,1141275600,1141448400,2,0,False,False
ours,tgbn-genre,train,1141362000,381,1141362001,9460,1141275603,1141362001,1448318,1108357203,1141362001,1445324,2994,0,125,dfd52e96905ade3f,1141275600,1141448400,2,1,False,False
ours,tgbn-genre,train,1141448400,383,1141534802,7557,1141448403,1141534802,1463602,1108357203,1141534802,1454002,7905,1695,117,d8e34b47cfeb099d,1141448400,1141621200,2,0,False,False
ours,tgbn-genre,train,1141534800,383,1141534802,7557,1141448403,1141534802,1463602,1108357203,1141534802,1461907,1695,0,116,c5616e64425ba930,1141448400,1141621200,2,1,False,False
ours,tgbn-genre,train,1141621200,385,1141707544,7323,1141621265,1141707544,1477971,1108357203,1141707544,1468788,7096,2087,115,407a232ec6a42c9c,1141621200,1141707600,1,0,False,False
ours,tgbn-genre,train,1141707600,386,1141794001,7424,1141707604,1141794001,1485395,1108357203,1141794001,1475884,7295,2216,130,fc948f9bd3cc2d5a,1141707600,1141880400,2,0,False,False
ours,tgbn-genre,train,1141794000,386,1141794001,7424,1141707604,1141794001,1485395,1108357203,1141794001,1483179,2216,0,139,b972cbbec667a94f,1141707600,1141880400,2,1,False,False
ours,tgbn-genre,train,1141880400,387,1141880402,8693,1141794061,1141880402,1494088,1108357203,1141880402,1492285,1803,0,124,3326226ce979873a,1141880400,1141966800,1,0,False,False
ours,tgbn-genre,train,1141966800,389,1142053201,7116,1141966803,1142053201,1509034,1108357203,1142053201,1499420,7658,1956,125,255cda6cf5dd52da,1141966800,1142139600,2,0,False,False
ours,tgbn-genre,train,1142053200,389,1142053201,7116,1141966803,1142053201,1509034,1108357203,1142053201,1507078,1956,0,128,d2b72dc89cfd99eb,1141966800,1142139600,2,1,False,False
ours,tgbn-genre,train,1142139600,390,1142139602,7338,1142053260,1142139602,1516372,1108357203,1142139602,1514206,2166,0,118,33b8f7908108fd95,1142139600,1142226000,1,0,False,False
ours,tgbn-genre,train,1142226000,391,1142226000,7551,1142139663,1142226000,1523923,1108357203,1142226000,1521860,2063,0,130,6ff94a47bbb135c6,1142226000,1142312400,1,0,False,False
ours,tgbn-genre,train,1142312400,393,1142398744,8635,1142312460,1142398744,1542095,1108357203,1142398744,1530018,9466,2611,131,45c4b5ee2d36493e,1142312400,1142398800,1,0,False,False
ours,tgbn-genre,train,1142398800,394,1142485200,7904,1142398804,1142485200,1549999,1108357203,1142485200,1539484,7907,2608,138,2617035d0ad260f9,1142398800,1142571600,2,0,False,False
ours,tgbn-genre,train,1142485200,394,1142485200,7904,1142398804,1142485200,1549999,1108357203,1142485200,1547391,2608,0,138,2aa8db2d4adcd101,1142398800,1142571600,2,1,False,False
ours,tgbn-genre,train,1142571600,396,1142658000,9190,1142571604,1142658000,1567242,1108357203,1142658000,1555848,8874,2520,135,7efc9177c2e947ad,1142571600,1142744400,2,0,False,False
ours,tgbn-genre,train,1142658000,396,1142658000,9190,1142571604,1142658000,1567242,1108357203,1142658000,1564722,2520,0,137,ec44a841797d781d,1142571600,1142744400,2,1,False,False
ours,tgbn-genre,train,1142744400,397,1142744402,8894,1142658005,1142744402,1576136,1108357203,1142744402,1573122,3014,0,135,fe8307ee51f03ffc,1142744400,1142830800,1,0,False,False
ours,tgbn-genre,train,1142830800,398,1142830802,11327,1142744403,1142830802,1587463,1108357203,1142830802,1584605,2858,0,135,7f7fc3072799bcb5,1142830800,1142917200,1,0,False,False
ours,tgbn-genre,train,1142917200,399,1142917200,9736,1142830803,1142917200,1597199,1108357203,1142917200,1594248,2951,0,123,b9e59cf8670cc2cb,1142917200,1143003600,1,0,False,False
ours,tgbn-genre,train,1143003600,400,1143003602,9766,1142917261,1143003602,1606965,1108357203,1143003602,1604200,2765,0,129,9cfaa65d4310eb42,1143003600,1143090000,1,0,False,False
ours,tgbn-genre,train,1143090000,401,1143090000,10002,1143003603,1143090000,1616967,1108357203,1143090000,1613667,3300,0,141,582f68f61ebba3f2,1143090000,1143176400,1,0,False,False
ours,tgbn-genre,train,1143176400,402,1143176402,10160,1143090003,1143176402,1627127,1108357203,1143176402,1624288,2839,0,152,d04186c15f4bcf19,1143176400,1143262800,1,0,False,False
ours,tgbn-genre,train,1143262800,404,1143349145,8552,1143262861,1143349145,1645367,1108357203,1143349145,1634348,8792,2227,145,a1b41c44e76979f8,1143262800,1143349200,1,0,False,False
ours,tgbn-genre,train,1143349200,405,1143435602,8424,1143349205,1143435602,1653791,1108357203,1143435602,1643140,8312,2339,127,1910dfc2f0e447bb,1143349200,1143522000,2,0,False,False
ours,tgbn-genre,train,1143435600,405,1143435602,8424,1143349205,1143435602,1653791,1108357203,1143435602,1651452,2339,0,127,cf8eab472505cad3,1143349200,1143522000,2,1,False,False
ours,tgbn-genre,train,1143522000,406,1143522002,7756,1143435603,1143522002,1661547,1108357203,1143522002,1659368,2179,0,142,c20b27cc751ad091,1143522000,1143608400,1,0,False,False
ours,tgbn-genre,train,1143608400,407,1143608401,7954,1143522005,1143608401,1669501,1108357203,1143608401,1667257,2244,0,142,6eab90df622054ab,1143608400,1143694800,1,0,False,False
ours,tgbn-genre,train,1143694800,409,1143781145,10700,1143694861,1143781145,1688787,1108357203,1143781145,1675708,9881,3198,146,e45e607d86952cfd,1143694800,1143781200,1,0,False,False
ours,tgbn-genre,train,1143781200,410,1143867600,9713,1143781203,1143867600,1698500,1108357203,1143867600,1685589,10252,2659,152,10414f504a314ebf,1143781200,1143954000,2,0,False,False
ours,tgbn-genre,train,1143867600,410,1143867600,9713,1143781203,1143867600,1698500,1108357203,1143867600,1695841,2659,0,147,a9c151e7dce6cbde,1143781200,1143954000,2,1,False,False
ours,tgbn-genre,train,1143954000,411,1143954002,9491,1143867604,1143954002,1707991,1108357203,1143954002,1705687,2304,0,125,8c8d48daa178b476,1143954000,1144036800,1,0,False,False
ours,tgbn-genre,train,1144036800,412,1144040342,9851,1143954005,1144040342,1717842,1108357203,1144040342,1715268,2574,0,128,a9ccb6ba01ccc585,1144036800,1144123200,1,0,False,False
ours,tgbn-genre,train,1144123200,413,1144126801,9725,1144040460,1144126801,1727567,1108357203,1144126801,1724922,2645,0,128,29f4f83ae7aa3407,1144123200,1144209600,1,0,False,False
ours,tgbn-genre,train,1144209600,414,1144213201,9945,1144126803,1144213201,1737512,1108357203,1144213201,1734750,2762,0,137,aceda9e6d7c1912b,1144209600,1144296000,1,0,False,False
ours,tgbn-genre,train,1144296000,415,1144299602,9832,1144213204,1144299602,1747344,1108357203,1144299602,1744560,2784,0,131,15afad87c0e33e9a,1144296000,1144382400,1,0,False,False
ours,tgbn-genre,train,1144382400,416,1144385940,9662,1144299660,1144385940,1757006,1108357203,1144385940,1754392,2614,0,138,28cb211fd81b66eb,1144382400,1144468800,1,0,False,False
ours,tgbn-genre,train,1144468800,417,1144472402,9779,1144386003,1144472402,1766785,1108357203,1144472402,1764273,2512,0,126,37cd1c274d26bf0a,1144468800,1144555200,1,0,False,False
ours,tgbn-genre,train,1144555200,418,1144558802,9146,1144472404,1144558802,1775931,1108357203,1144558802,1773550,2381,0,126,1dc51ba8bd9e2f6c,1144555200,1144641600,1,0,False,False
ours,tgbn-genre,train,1144641600,419,1144645202,8169,1144558864,1144645202,1784100,1108357203,1144645202,1781782,2318,0,115,1fffc30e8aec4a9b,1144641600,1144728000,1,0,False,False
ours,tgbn-genre,train,1144728000,420,1144731602,9107,1144645260,1144731602,1793207,1108357203,1144731602,1790743,2464,0,146,bf3115f84ed06251,1144728000,1144814400,1,0,False,False
ours,tgbn-genre,train,1144814400,421,1144818000,9672,1144731604,1144818000,1802879,1108357203,1144818000,1800298,2581,0,158,b1d0461f775e98f3,1144814400,1144900800,1,0,False,False
ours,tgbn-genre,train,1144900800,422,1144904401,9538,1144818061,1144904401,1812417,1108357203,1144904401,1809746,2671,0,152,000b288720275585,1144900800,1144987200,1,0,False,False
ours,tgbn-genre,train,1144987200,423,1144990801,9014,1144904463,1144990801,1821431,1108357203,1144990801,1819545,1886,0,154,abb87e9c359d1ecf,1144987200,1145073600,1,0,False,False
ours,tgbn-genre,train,1145073600,424,1145077202,8423,1144990805,1145077202,1829854,1108357203,1145077202,1827897,1957,0,145,d344f7488ff3b26f,1145073600,1145160000,1,0,False,False
ours,tgbn-genre,train,1145160000,425,1145163482,7709,1145077203,1145163482,1837563,1108357203,1145163482,1835548,2015,0,89,30aa08c39dba598e,1145160000,1145246400,1,0,False,False
ours,tgbn-genre,train,1145246400,426,1145250002,9480,1145163603,1145250002,1847043,1108357203,1145250002,1844121,2922,0,125,732a04f33cd1a230,1145246400,1145332800,1,0,False,False
ours,tgbn-genre,train,1145332800,427,1145336402,10804,1145250003,1145336402,1857847,1108357203,1145336402,1855161,2686,0,147,4c5cf628fc52b578,1145332800,1145419200,1,0,False,False
ours,tgbn-genre,train,1145419200,428,1145422745,11601,1145336462,1145422745,1869448,1108357203,1145422745,1866669,2779,0,147,3b35becbb953f0d2,1145419200,1145505600,1,0,False,False
ours,tgbn-genre,train,1145505600,429,1145509145,10798,1145422804,1145509145,1880246,1108357203,1145509145,1877234,3012,0,151,65a3329a50944383,1145505600,1145592000,1,0,False,False
ours,tgbn-genre,train,1145592000,430,1145595602,10401,1145509260,1145595602,1890647,1108357203,1145595602,1887885,2762,0,157,f6cc4f577e478cf2,1145592000,1145678400,1,0,False,False
ours,tgbn-genre,train,1145678400,431,1145681944,9082,1145595662,1145681944,1899729,1108357203,1145681944,1897497,2232,0,144,24b1900c879d785a,1145678400,1145764800,1,0,False,False
ours,tgbn-genre,train,1145764800,432,1145768343,4883,1145682061,1145768343,1904612,1108357203,1145768343,1903278,1334,0,135,0ce3eeea116330a0,1145764800,1145851200,1,0,False,False
ours,tgbn-genre,train,1145851200,433,1145854745,8063,1145768403,1145854745,1912675,1108357203,1145854745,1910225,2450,0,130,bc158aae8a1522ec,1145851200,1145937600,1,0,False,False
ours,tgbn-genre,train,1145937600,434,1145941144,10286,1145854803,1145941144,1922961,1108357203,1145941144,1920133,2828,0,145,92b9c0895f8f73b7,1145937600,1146024000,1,0,False,False
ours,tgbn-genre,train,1146024000,435,1146027601,8665,1145941203,1146027601,1931626,1108357203,1146027601,1929163,2463,0,147,343fc18a438624a1,1146024000,1146110400,1,0,False,False
ours,tgbn-genre,train,1146110400,436,1146114002,9689,1146027663,1146114002,1941315,1108357203,1146114002,1938579,2736,0,154,95ffc7d623e8e9fe,1146110400,1146196800,1,0,False,False
ours,tgbn-genre,train,1146196800,437,1146200402,9727,1146114003,1146200402,1951042,1108357203,1146200402,1948655,2387,0,152,7592e15f9e7b939b,1146196800,1146283200,1,0,False,False
ours,tgbn-genre,train,1146283200,438,1146286802,9370,1146200405,1146286802,1960412,1108357203,1146286802,1957724,2688,0,152,d3d39e11f42f37e3,1146283200,1146369600,1,0,False,False
ours,tgbn-genre,train,1146369600,439,1146373201,7928,1146286804,1146373201,1968340,1108357203,1146373201,1966667,1673,0,141,998e9765bf1452df,1146369600,1146456000,1,0,False,False
ours,tgbn-genre,train,1146456000,440,1146459485,7621,1146373262,1146459485,1975961,1108357203,1146459485,1973677,2284,0,143,cdb10ceaa9fdd6c3,1146456000,1146542400,1,0,False,False
ours,tgbn-genre,train,1146542400,441,1146546000,9502,1146459660,1146546000,1985463,1108357203,1146546000,1982707,2756,0,165,9155d911b60f759e,1146542400,1146628800,1,0,False,False
ours,tgbn-genre,train,1146628800,442,1146632345,8031,1146546060,1146632345,1993494,1108357203,1146632345,1991237,2257,0,153,3818219d65d73d55,1146628800,1146715200,1,0,False,False
ours,tgbn-genre,train,1146715200,443,1146718801,8713,1146632462,1146718801,2002207,1108357203,1146718801,1999898,2309,0,170,bc4f18a63197ac5d,1146715200,1146801600,1,0,False,False
ours,tgbn-genre,train,1146801600,444,1146805144,8830,1146718803,1146805144,2011037,1108357203,1146805144,2008177,2860,0,158,fc7e01668952c84d,1146801600,1146888000,1,0,False,False
ours,tgbn-genre,train,1146888000,445,1146891601,8932,1146805203,1146891601,2019969,1108357203,1146891601,2018061,1908,0,148,bac9de5ffb14724e,1146888000,1146974400,1,0,False,False
ours,tgbn-genre,train,1146974400,446,1146978000,8577,1146891603,1146978000,2028546,1108357203,1146978000,2026614,1932,0,142,585c18d8de5ef4b1,1146974400,1147060800,1,0,False,False
ours,tgbn-genre,train,1147060800,447,1147064345,9148,1146978060,1147064345,2037694,1108357203,1147064345,2035049,2645,0,147,6e8185a85ed66fe1,1147060800,1147147200,1,0,False,False
ours,tgbn-genre,train,1147147200,448,1147150800,9882,1147064462,1147150800,2047576,1108357203,1147150800,2044556,3020,0,154,04479f7200a81d06,1147147200,1147233600,1,0,False,False
ours,tgbn-genre,train,1147233600,449,1147237142,9956,1147150862,1147237142,2057532,1108357203,1147237142,2054992,2540,0,170,711f7ceee8750edc,1147233600,1147320000,1,0,False,False
ours,tgbn-genre,train,1147320000,450,1147323600,9085,1147237203,1147323600,2066617,1108357203,1147323600,2064277,2340,0,165,9e5c9607080e6d30,1147320000,1147406400,1,0,False,False
ours,tgbn-genre,train,1147406400,451,1147410001,8826,1147323604,1147410001,2075443,1108357203,1147410001,2073178,2265,0,168,93c48753f21a9ec0,1147406400,1147492800,1,0,False,False
ours,tgbn-genre,train,1147492800,452,1147496345,9596,1147410060,1147496345,2085039,1108357203,1147496345,2082969,2070,0,159,5913e5efefa52c69,1147492800,1147579200,1,0,False,False
ours,tgbn-genre,train,1147579200,453,1147582745,10275,1147496403,1147582745,2095314,1108357203,1147582745,2092410,2904,0,148,30b137af05d14a07,1147579200,1147665600,1,0,False,False
ours,tgbn-genre,train,1147665600,454,1147669202,11601,1147582803,1147669202,2106915,1108357203,1147669202,2103868,3047,0,154,7b4c8bfb2f679832,1147665600,1147752000,1,0,False,False
ours,tgbn-genre,train,1147752000,455,1147755542,11770,1147669203,1147755542,2118685,1108357203,1147755542,2115375,3310,0,159,0ead5997fba6e42d,1147752000,1147838400,1,0,False,False
ours,tgbn-genre,train,1147838400,456,1147841943,11826,1147755604,1147841943,2130511,1108357203,1147841943,2127887,2624,0,174,3d366c74bf1be95d,1147838400,1147924800,1,0,False,False
ours,tgbn-genre,train,1147924800,457,1147928402,9759,1147842004,1147928402,2140270,1108357203,1147928402,2138125,2145,0,172,ba3359022d18d791,1147924800,1148011200,1,0,False,False
ours,tgbn-genre,train,1148011200,458,1148014744,10657,1147928405,1148014744,2150927,1108357203,1148014744,2148675,2252,0,169,b022adc786662870,1148011200,1148097600,1,0,False,False
ours,tgbn-genre,train,1148097600,459,1148101143,9642,1148014803,1148101143,2160569,1108357203,1148101143,2158472,2097,0,168,42d92016f419a3be,1148097600,1148184000,1,0,False,False
ours,tgbn-genre,train,1148184000,460,1148187600,8558,1148101204,1148187600,2169127,1108357203,1148187600,2167245,1882,0,139,3e7b6b1f9510566b,1148184000,1148270400,1,0,False,False
ours,tgbn-genre,train,1148270400,461,1148273944,9586,1148187604,1148273944,2178713,1108357203,1148273944,2176985,1728,0,149,34c994330f0f4536,1148270400,1148356800,1,0,False,False
ours,tgbn-genre,train,1148356800,462,1148360400,10125,1148274062,1148360400,2188838,1108357203,1148360400,2185714,3124,0,157,72149b0e52765f90,1148356800,1148443200,1,0,False,False
ours,tgbn-genre,train,1148443200,463,1148446802,9237,1148360403,1148446802,2198075,1108357203,1148446802,2195761,2314,0,161,ec8cd0e398c24d4f,1148443200,1148529600,1,0,False,False
ours,tgbn-genre,train,1148529600,464,1148533201,11126,1148446803,1148533201,2209201,1108357203,1148533201,2205973,3228,0,165,128ed1a914053409,1148529600,1148616000,1,0,False,False
ours,tgbn-genre,train,1148616000,465,1148619545,12423,1148533203,1148619545,2221624,1108357203,1148619545,2218571,3053,0,154,32905098b968186d,1148616000,1148702400,1,0,False,False
ours,tgbn-genre,train,1148702400,466,1148705945,10565,1148619604,1148705945,2232189,1108357203,1148705945,2229719,2470,0,134,43b262ebeec4a116,1148702400,1148788800,1,0,False,False
ours,tgbn-genre,train,1148788800,467,1148792344,8960,1148706061,1148792344,2241149,1108357203,1148792344,2238815,2334,0,156,4b4606d5c15c457d,1148788800,1148875200,1,0,False,False
ours,tgbn-genre,train,1148875200,468,1148878800,9951,1148792403,1148878800,2251100,1108357203,1148878800,2248818,2282,0,161,e35666a921b69391,1148875200,1148961600,1,0,False,False
ours,tgbn-genre,train,1148961600,469,1148965202,7951,1148878865,1148965202,2259051,1108357203,1148965202,2256891,2160,0,168,d88d91cbe08a9d63,1148961600,1149048000,1,0,False,False
ours,tgbn-genre,train,1149048000,470,1149051543,9636,1148965261,1149051543,2268687,1108357203,1149051543,2266638,2049,0,172,449a267ab3033cf6,1149048000,1149134400,1,0,False,False
ours,tgbn-genre,train,1149134400,471,1149137944,9779,1149051662,1149137944,2278466,1108357203,1149137944,2275459,3007,0,174,3fb51f7bb593359c,1149134400,1149220800,1,0,False,False
ours,tgbn-genre,train,1149220800,472,1149224345,9317,1149138005,1149224345,2287783,1108357203,1149224345,2285555,2228,0,171,4882dadb6295a579,1149220800,1149307200,1,0,False,False
ours,tgbn-genre,train,1149307200,473,1149310801,8753,1149224404,1149310801,2296536,1108357203,1149310801,2294202,2334,0,167,2689afd61d268646,1149307200,1149393600,1,0,False,False
ours,tgbn-genre,train,1149393600,474,1149397084,9574,1149310860,1149397084,2306110,1108357203,1149397084,2303733,2377,0,143,0c7486f7d817a770,1149393600,1149480000,1,0,False,False
ours,tgbn-genre,train,1149480000,475,1149483544,10458,1149397203,1149483544,2316568,1108357203,1149483544,2313554,3014,0,159,bcdd53e95a7369d9,1149480000,1149566400,1,0,False,False
ours,tgbn-genre,train,1149566400,476,1149569945,10485,1149483604,1149569945,2327053,1108357203,1149569945,2323870,3183,0,164,7ab8504be8c1e8aa,1149566400,1149652800,1,0,False,False
ours,tgbn-genre,train,1149652800,477,1149656345,10341,1149570060,1149656345,2337394,1108357203,1149656345,2334804,2590,0,168,20867e9258a558b9,1149652800,1149739200,1,0,False,False
ours,tgbn-genre,train,1149739200,478,1149742801,10752,1149656403,1149742801,2348146,1108357203,1149742801,2345598,2548,0,161,744faa2e890a3581,1149739200,1149825600,1,0,False,False
ours,tgbn-genre,train,1149825600,479,1149829200,9616,1149742804,1149829200,2357762,1108357203,1149829200,2355870,1892,0,155,f7ef9b215d847e86,1149825600,1149912000,1,0,False,False
ours,tgbn-genre,train,1149912000,480,1149915602,9913,1149829262,1149915602,2367675,1108357203,1149915602,2365324,2351,0,152,825113eae6b1a302,1149912000,1149998400,1,0,False,False
ours,tgbn-genre,train,1149998400,481,1150002000,9815,1149915605,1150002000,2377490,1108357203,1150002000,2374980,2510,0,151,d70bcc2654e37ded,1149998400,1150084800,1,0,False,False
ours,tgbn-genre,train,1150084800,482,1150088402,9872,1150002061,1150088402,2387362,1108357203,1150088402,2384816,2546,0,147,5b707e642b5d2146,1150084800,1150171200,1,0,False,False
ours,tgbn-genre,train,1150171200,483,1150174744,9808,1150088405,1150174744,2397170,1108357203,1150174744,2394850,2320,0,172,764f3689bff4a974,1150171200,1150257600,1,0,False,False
ours,tgbn-genre,train,1150257600,484,1150261201,9428,1150174803,1150261201,2406598,1108357203,1150261201,2404366,2232,0,164,562db8d2dcd2f748,1150257600,1150344000,1,0,False,False
ours,tgbn-genre,train,1150344000,485,1150347601,9017,1150261204,1150347601,2415615,1108357203,1150347601,2413493,2122,0,172,fb931fb68730150b,1150344000,1150430400,1,0,False,False
ours,tgbn-genre,train,1150430400,486,1150434002,9241,1150347603,1150434002,2424856,1108357203,1150434002,2422101,2755,0,180,e4667f4242f46f28,1150430400,1150516800,1,0,False,False
ours,tgbn-genre,train,1150516800,487,1150520343,9675,1150434004,1150520343,2434531,1108357203,1150520343,2432381,2150,0,166,81872d3b01e8580c,1150516800,1150603200,1,0,False,False
ours,tgbn-genre,train,1150603200,488,1150606802,9513,1150520521,1150606802,2444044,1108357203,1150606802,2441762,2282,0,146,ef921c9eecb80383,1150603200,1150689600,1,0,False,False
ours,tgbn-genre,train,1150689600,489,1150693202,8594,1150606805,1150693202,2452638,1108357203,1150693202,2450205,2433,0,147,04860e1c99e9eb5a,1150689600,1150776000,1,0,False,False
ours,tgbn-genre,train,1150776000,490,1150779602,10585,1150693205,1150779602,2463223,1108357203,1150779602,2460354,2869,0,159,7439b84b8bfe4a35,1150776000,1150862400,1,0,False,False
ours,tgbn-genre,train,1150862400,491,1150866002,10563,1150779660,1150866002,2473786,1108357203,1150866002,2471262,2524,0,163,de756c0e4a84b271,1150862400,1150948800,1,0,False,False
ours,tgbn-genre,train,1150948800,492,1150952285,10968,1150866060,1150952285,2484754,1108357203,1150952285,2481745,3009,0,177,ab0a7059c35383f1,1150948800,1151035200,1,0,False,False
ours,tgbn-genre,train,1151035200,493,1151038802,11559,1150952461,1151038802,2496313,1108357203,1151038802,2493184,3129,0,169,9d08ca91f090090c,1151035200,1151121600,1,0,False,False
ours,tgbn-genre,train,1151121600,494,1151125143,10094,1151038803,1151125143,2506407,1108357203,1151125143,2503902,2505,0,146,a790e00fdb4fe8a0,1151121600,1151208000,1,0,False,False
ours,tgbn-genre,train,1151208000,495,1151211601,8753,1151125203,1151211601,2515160,1108357203,1151211601,2512703,2457,0,144,3c331a53b093ecc1,1151208000,1151294400,1,0,False,False
ours,tgbn-genre,train,1151294400,496,1151297945,9889,1151211603,1151297945,2525049,1108357203,1151297945,2523107,1942,0,131,1b8f89dd7397843d,1151294400,1151380800,1,0,False,False
ours,tgbn-genre,train,1151380800,497,1151384281,9747,1151298122,1151384281,2534796,1108357203,1151384281,2531833,2963,0,137,ea2935c00cb798b2,1151380800,1151467200,1,0,False,False
ours,tgbn-genre,train,1151467200,498,1151470743,11292,1151384403,1151470743,2546088,1108357203,1151470743,2543550,2538,0,137,5e7f40393a1dad89,1151467200,1151553600,1,0,False,False
ours,tgbn-genre,train,1151553600,499,1151557084,9110,1151470803,1151557084,2555198,1108357203,1151557084,2553164,2034,0,153,1ee6c520c85c99ec,1151553600,1151640000,1,0,False,False
ours,tgbn-genre,train,1151640000,500,1151643542,9785,1151557260,1151643542,2564983,1108357203,1151643542,2562684,2299,0,160,b2bf8c8259a7bdd0,1151640000,1151726400,1,0,False,False
ours,tgbn-genre,train,1151726400,501,1151729944,9807,1151643604,1151729944,2574790,1108357203,1151729944,2572381,2409,0,157,8c1b277a24a28b9e,1151726400,1151812800,1,0,False,False
ours,tgbn-genre,train,1151812800,502,1151816341,8394,1151730063,1151816341,2583184,1108357203,1151816341,2580892,2292,0,137,ff35bf1d77966e81,1151812800,1151899200,1,0,False,False
ours,tgbn-genre,train,1151899200,503,1151902802,9853,1151816405,1151902802,2593037,1108357203,1151902802,2590772,2265,0,147,e0f5a81bf6b5dab2,1151899200,1151985600,1,0,False,False
ours,tgbn-genre,train,1151985600,504,1151989200,7743,1151902862,1151989200,2600780,1108357203,1151989200,2598597,2183,0,170,a519370fa1cc93e9,1151985600,1152072000,1,0,False,False
ours,tgbn-genre,train,1152072000,505,1152075541,10297,1151989263,1152075541,2611077,1108357203,1152075541,2609128,1949,0,169,a504c5bd31f8cd53,1152072000,1152158400,1,0,False,False
ours,tgbn-genre,train,1152158400,506,1152162002,10532,1152075725,1152162002,2621609,1108357203,1152162002,2619378,2231,0,177,35edb7771e355e57,1152158400,1152244800,1,0,False,False
ours,tgbn-genre,train,1152244800,507,1152248401,11346,1152162003,1152248401,2632955,1108357203,1152248401,2630188,2767,0,175,b66137d18496232c,1152244800,1152331200,1,0,False,False
ours,tgbn-genre,train,1152331200,508,1152334801,9422,1152248460,1152334801,2642377,1108357203,1152334801,2640006,2371,0,167,1b6f10a78b93c9dd,1152331200,1152417600,1,0,False,False
ours,tgbn-genre,train,1152417600,509,1152421200,10006,1152334861,1152421200,2652383,1108357203,1152421200,2649446,2937,0,147,ca03ed081fb41c71,1152417600,1152504000,1,0,False,False
ours,tgbn-genre,train,1152504000,510,1152507602,10239,1152421205,1152507602,2662622,1108357203,1152507602,2660009,2613,0,143,6d7be3fb1d213c24,1152504000,1152590400,1,0,False,False
ours,tgbn-genre,train,1152590400,511,1152594002,13343,1152507604,1152594002,2675965,1108357203,1152594002,2672818,3147,0,158,883073183dd28d27,1152590400,1152676800,1,0,False,False
ours,tgbn-genre,train,1152676800,512,1152680225,12046,1152594005,1152680225,2688011,1108357203,1152680225,2685087,2924,0,163,f6b0d9a5a41657b1,1152676800,1152763200,1,0,False,False
ours,tgbn-genre,train,1152763200,513,1152766801,11484,1152680465,1152766801,2699495,1108357203,1152766801,2696770,2725,0,175,aece931a7b8b8d2b,1152763200,1152849600,1,0,False,False
ours,tgbn-genre,train,1152849600,514,1152853202,10527,1152766803,1152853202,2710022,1108357203,1152853202,2706541,3481,0,163,6eadff2ac9af992c,1152849600,1152936000,1,0,False,False
ours,tgbn-genre,train,1152936000,515,1152939545,10786,1152853203,1152939545,2720808,1108357203,1152939545,2718538,2270,0,182,479bfe8c15b46a44,1152936000,1153022400,1,0,False,False
ours,tgbn-genre,train,1153022400,516,1153025944,9652,1152939604,1153025944,2730460,1108357203,1153025944,2727715,2745,0,154,b54029c9ba330fbf,1153022400,1153108800,1,0,False,False
ours,tgbn-genre,train,1153108800,517,1153112340,9512,1153026004,1153112340,2739972,1108357203,1153112340,2737915,2057,0,149,ee8c7344b88f73a1,1153108800,1153195200,1,0,False,False
ours,tgbn-genre,train,1153195200,518,1153198743,11833,1153112404,1153198743,2751805,1108357203,1153198743,2748407,3398,0,160,7718fb68d59110c7,1153195200,1153281600,1,0,False,False
ours,tgbn-genre,train,1153281600,519,1153285084,10456,1153198865,1153285084,2762261,1108357203,1153285084,2759784,2477,0,172,11c085208ff4ebc9,1153281600,1153368000,1,0,False,False
ours,tgbn-genre,train,1153368000,520,1153371601,10450,1153285204,1153371601,2772711,1108357203,1153371601,2770358,2353,0,169,776018d802c1f532,1153368000,1153454400,1,0,False,False
ours,tgbn-genre,train,1153454400,521,1153458001,12073,1153371661,1153458001,2784784,1108357203,1153458001,2781722,3062,0,167,e09e6a31a710381d,1153454400,1153540800,1,0,False,False
ours,tgbn-genre,train,1153540800,522,1153544342,11497,1153458004,1153544342,2796281,1108357203,1153544342,2794156,2125,0,158,60152d387fa5313a,1153540800,1153627200,1,0,False,False
ours,tgbn-genre,train,1153627200,523,1153630745,12403,1153544521,1153630745,2808684,1108357203,1153630745,2805814,2870,0,140,18c7aa7ce5074af4,1153627200,1153713600,1,0,False,False
ours,tgbn-genre,train,1153713600,524,1153717201,9648,1153630803,1153717201,2818332,1108357203,1153717201,2815690,2642,0,144,b307eb196cabfec9,1153713600,1153800000,1,0,False,False
ours,tgbn-genre,train,1153800000,525,1153803542,11051,1153717261,1153803542,2829383,1108357203,1153803542,2826324,3059,0,153,b43ebaa04ece77fb,1153800000,1153886400,1,0,False,False
ours,tgbn-genre,train,1153886400,526,1153890000,11472,1153803722,1153890000,2840855,1108357203,1153890000,2838240,2615,0,163,0b2472630355766e,1153886400,1153972800,1,0,False,False
ours,tgbn-genre,train,1153972800,527,1153976400,9881,1153890060,1153976400,2850736,1108357203,1153976400,2848064,2672,0,152,5689d149ecaa042c,1153972800,1154059200,1,0,False,False
ours,tgbn-genre,train,1154059200,528,1154062802,10508,1153976462,1154062802,2861244,1108357203,1154062802,2858661,2583,0,151,2f4bbbfb90bbb89e,1154059200,1154145600,1,0,False,False
ours,tgbn-genre,train,1154145600,529,1154149143,9620,1154062803,1154149143,2870864,1108357203,1154149143,2868499,2365,0,158,7d7402964df40704,1154145600,1154232000,1,0,False,False
ours,tgbn-genre,train,1154232000,530,1154235541,9437,1154149205,1154235541,2880301,1108357203,1154235541,2877877,2424,0,143,af05950538fb0c53,1154232000,1154318400,1,0,False,False
ours,tgbn-genre,train,1154318400,531,1154322002,11044,1154235661,1154322002,2891345,1108357203,1154322002,2888873,2472,0,151,c70dfd0b5d01d0a6,1154318400,1154404800,1,0,False,False
ours,tgbn-genre,train,1154404800,532,1154408400,11798,1154322120,1154408400,2903143,1108357203,1154408400,2899871,3272,0,159,210f88cde4f47d6c,1154404800,1154491200,1,0,False,False
ours,tgbn-genre,train,1154491200,533,1154494744,12363,1154408461,1154494744,2915506,1108357203,1154494744,2912461,3045,0,165,ed357158609e5d88,1154491200,1154577600,1,0,False,False
ours,tgbn-genre,train,1154577600,534,1154581201,10194,1154494803,1154581201,2925700,1108357203,1154581201,2922843,2857,0,161,79e5f8e8ddabff98,1154577600,1154664000,1,0,False,False
ours,tgbn-genre,train,1154664000,535,1154667600,10630,1154581204,1154667600,2936330,1108357203,1154667600,2933775,2555,0,166,02b31e983cf6a426,1154664000,1154750400,1,0,False,False
ours,tgbn-genre,train,1154750400,536,1154754002,11382,1154667603,1154754002,2947712,1108357203,1154754002,2945093,2619,0,169,041f43051fcc0ffd,1154750400,1154836800,1,0,False,False
ours,tgbn-genre,train,1154836800,537,1154840402,8984,1154754003,1154840402,2956696,1108357203,1154840402,2954209,2487,0,145,f803898de3320342,1154836800,1154923200,1,0,False,False
ours,tgbn-genre,train,1154923200,538,1154926801,11202,1154840405,1154926801,2967898,1108357203,1154926801,2965133,2765,0,151,04aaa0fa00a7cd5c,1154923200,1155009600,1,0,False,False
ours,tgbn-genre,train,1155009600,539,1155013202,11243,1154926803,1155013202,2979141,1108357203,1155013202,2976184,2957,0,167,36c9f4bd0d6ab845,1155009600,1155096000,1,0,False,False
ours,tgbn-genre,train,1155096000,540,1155099602,10312,1155013260,1155099602,2989453,1108357203,1155099602,2986998,2455,0,174,d3e52f2e77cc7980,1155096000,1155182400,1,0,False,False
ours,tgbn-genre,train,1155182400,541,1155186000,10560,1155099603,1155186000,3000013,1108357203,1155186000,2997517,2496,0,165,eabaa1e6acc8d835,1155182400,1155268800,1,0,False,False
ours,tgbn-genre,train,1155268800,542,1155272400,11401,1155186004,1155272400,3011414,1108357203,1155272400,3008219,3195,0,165,3381d50963e53da3,1155268800,1155355200,1,0,False,False
ours,tgbn-genre,train,1155355200,543,1155358802,11994,1155272403,1155358802,3023408,1108357203,1155358802,3020739,2669,0,169,00f80c0ed2fa09e6,1155355200,1155441600,1,0,False,False
ours,tgbn-genre,train,1155441600,544,1155445142,8316,1155358804,1155445142,3031724,1108357203,1155445142,3029372,2352,0,165,35db88c426443913,1155441600,1155528000,1,0,False,False
ours,tgbn-genre,train,1155528000,545,1155531545,12545,1155445203,1155531545,3044269,1108357203,1155531545,3040822,3447,0,163,25fd3cf987f6a75c,1155528000,1155614400,1,0,False,False
ours,tgbn-genre,train,1155614400,546,1155618002,14688,1155531605,1155618002,3058957,1108357203,1155618002,3055759,3198,0,180,7494433acca5696f,1155614400,1155700800,1,0,False,False
ours,tgbn-genre,train,1155700800,547,1155704400,12693,1155618003,1155704400,3071650,1108357203,1155704400,3068269,3381,0,166,f536107d38f288fe,1155700800,1155787200,1,0,False,False
ours,tgbn-genre,train,1155787200,548,1155790741,11478,1155704462,1155790741,3083128,1108357203,1155790741,3080387,2741,0,181,17e2d42779032b5d,1155787200,1155873600,1,0,False,False
ours,tgbn-genre,train,1155873600,549,1155877200,12130,1155790804,1155877200,3095258,1108357203,1155877200,3092206,3052,0,168,f2ded1ccc563a0e2,1155873600,1155960000,1,0,False,False
ours,tgbn-genre,train,1155960000,550,1155963602,11912,1155877205,1155963602,3107170,1108357203,1155963602,3103978,3192,0,173,571541f4928cdfeb,1155960000,1156046400,1,0,False,False
ours,tgbn-genre,train,1156046400,551,1156049885,11367,1155963603,1156049885,3118537,1108357203,1156049885,3115769,2768,0,150,ba95ad8a2f191c38,1156046400,1156132800,1,0,False,False
ours,tgbn-genre,train,1156132800,552,1156136402,11921,1156050005,1156136402,3130458,1108357203,1156136402,3127376,3082,0,147,06d6ec1f8a488c68,1156132800,1156219200,1,0,False,False
ours,tgbn-genre,train,1156219200,553,1156222745,11972,1156136461,1156222745,3142430,1108357203,1156222745,3139263,3167,0,163,658a90cf0e5a94d9,1156219200,1156305600,1,0,False,False
ours,tgbn-genre,train,1156305600,554,1156309202,11928,1156222805,1156309202,3154358,1108357203,1156309202,3151617,2741,0,178,4cca2f2b4256dce0,1156305600,1156392000,1,0,False,False
ours,tgbn-genre,train,1156392000,555,1156395601,9424,1156309203,1156395601,3163782,1108357203,1156395601,3161228,2554,0,189,7afc2d227fa395a5,1156392000,1156478400,1,0,False,False
ours,tgbn-genre,train,1156478400,556,1156482001,10386,1156395603,1156482001,3174168,1108357203,1156482001,3171615,2553,0,183,e265141c11af85cb,1156478400,1156564800,1,0,False,False
ours,tgbn-genre,train,1156564800,557,1156568402,10873,1156482004,1156568402,3185041,1108357203,1156568402,3182579,2462,0,173,16dcb41c19ef95f4,1156564800,1156651200,1,0,False,False
ours,tgbn-genre,train,1156651200,558,1156654801,10342,1156568461,1156654801,3195383,1108357203,1156654801,3192773,2610,0,151,ff3bf4cb4cb37ad5,1156651200,1156737600,1,0,False,False
ours,tgbn-genre,train,1156737600,559,1156741143,11134,1156654862,1156741143,3206517,1108357203,1156741143,3203245,3272,0,161,e652943ed0caaa12,1156737600,1156824000,1,0,False,False
ours,tgbn-genre,train,1156824000,560,1156827544,10434,1156741205,1156827544,3216951,1108357203,1156827544,3214353,2598,0,184,7233129fe2ba5b17,1156824000,1156910400,1,0,False,False
ours,tgbn-genre,train,1156910400,561,1156914001,11422,1156827604,1156914001,3228373,1108357203,1156914001,3225672,2701,0,184,0c1e324fca7b45c3,1156910400,1156996800,1,0,False,False
ours,tgbn-genre,train,1156996800,562,1157000402,12700,1156914003,1157000402,3241073,1108357203,1157000402,3238318,2755,0,197,b71d0b914daef3e2,1156996800,1157083200,1,0,False,False
ours,tgbn-genre,train,1157083200,563,1157086801,11742,1157000404,1157086801,3252815,1108357203,1157086801,3250148,2667,0,188,025fce95363764d9,1157083200,1157169600,1,0,False,False
ours,tgbn-genre,train,1157169600,564,1157173202,10639,1157086803,1157173202,3263454,1108357203,1157173202,3260813,2641,0,203,76b1fcea69ea7c2c,1157169600,1157256000,1,0,False,False
ours,tgbn-genre,train,1157256000,565,1157259601,8998,1157173203,1157259601,3272452,1108357203,1157259601,3270048,2404,0,173,0c0b4f68f09dfd3c,1157256000,1157342400,1,0,False,False
ours,tgbn-genre,train,1157342400,566,1157346002,11401,1157259660,1157346002,3283853,1108357203,1157346002,3280850,3003,0,174,6b3dd232ce2459af,1157342400,1157428800,1,0,False,False
ours,tgbn-genre,train,1157428800,567,1157432402,12642,1157346004,1157432402,3296495,1108357203,1157432402,3293883,2612,0,190,342212dd4851e8c7,1157428800,1157515200,1,0,False,False
ours,tgbn-genre,train,1157515200,568,1157518745,13854,1157432464,1157518745,3310349,1108357203,1157518745,3306950,3399,0,190,e06168d151f304e0,1157515200,1157601600,1,0,False,False
ours,tgbn-genre,train,1157601600,569,1157605201,14562,1157518804,1157605201,3324911,1108357203,1157605201,3321077,3834,0,188,4f639eea6f23af19,1157601600,1157688000,1,0,False,False
ours,tgbn-genre,train,1157688000,570,1157691601,11458,1157605203,1157691601,3336369,1108357203,1157691601,3333870,2499,0,182,3e4fe7ab14213327,1157688000,1157774400,1,0,False,False
ours,tgbn-genre,train,1157774400,571,1157778002,12623,1157691664,1157778002,3348992,1108357203,1157778002,3345534,3458,0,173,9e74e8827fe5ae7c,1157774400,1157860800,1,0,False,False
ours,tgbn-genre,train,1157860800,572,1157864343,10912,1157778061,1157864343,3359904,1108357203,1157864343,3357683,2221,0,152,77b31cc040d91fee,1157860800,1157947200,1,0,False,False
ours,tgbn-genre,train,1157947200,573,1157950801,11124,1157864461,1157950801,3371028,1108357203,1157950801,3368087,2941,0,169,ffdb20a897d9c846,1157947200,1158033600,1,0,False,False
ours,tgbn-genre,train,1158033600,574,1158037200,13746,1157950805,1158037200,3384774,1108357203,1158037200,3381061,3713,0,171,0c7e0a5071c32454,1158033600,1158120000,1,0,False,False
ours,tgbn-genre,train,1158120000,575,1158123600,10274,1158037203,1158123600,3395048,1108357203,1158123600,3392658,2390,0,190,65339d376a4b8010,1158120000,1158206400,1,0,False,False
ours,tgbn-genre,train,1158206400,576,1158210002,11749,1158123604,1158210002,3406797,1108357203,1158210002,3404513,2284,0,187,0410c95566cb087f,1158206400,1158292800,1,0,False,False
ours,tgbn-genre,train,1158292800,577,1158296344,10896,1158210003,1158296344,3417693,1108357203,1158296344,3415360,2333,0,189,a98a8c71f3d871f6,1158292800,1158379200,1,0,False,False
ours,tgbn-genre,train,1158379200,578,1158382744,9504,1158296404,1158382744,3427197,1108357203,1158382744,3425191,2006,0,181,81dba566c486ec9d,1158379200,1158465600,1,0,False,False
ours,tgbn-genre,train,1158465600,579,1158469202,9365,1158382804,1158469202,3436562,1108357203,1158469202,3434235,2327,0,165,2f56a666e6e830eb,1158465600,1158552000,1,0,False,False
ours,tgbn-genre,train,1158552000,580,1158555545,10355,1158469205,1158555545,3446917,1108357203,1158555545,3444537,2380,0,189,53ccd39cd4541ce5,1158552000,1158638400,1,0,False,False
ours,tgbn-genre,train,1158638400,581,1158642000,9629,1158555603,1158642000,3456546,1108357203,1158642000,3453967,2579,0,199,9d2460eba47dd176,1158638400,1158724800,1,0,False,False
ours,tgbn-genre,train,1158724800,582,1158728402,12472,1158642005,1158728402,3469018,1108357203,1158728402,3465957,3061,0,183,f560cf6fd6287f6c,1158724800,1158811200,1,0,False,False
ours,tgbn-genre,train,1158811200,583,1158814801,10907,1158728462,1158814801,3479925,1108357203,1158814801,3477380,2545,0,204,b2f1071b59bc0aad,1158811200,1158897600,1,0,False,False
ours,tgbn-genre,train,1158897600,584,1158901144,11488,1158814803,1158901144,3491413,1108357203,1158901144,3488915,2498,0,199,fb9ab1bd7a90ba6a,1158897600,1158984000,1,0,False,False
ours,tgbn-genre,train,1158984000,585,1158987544,9698,1158901260,1158987544,3501111,1108357203,1158987544,3498751,2360,0,190,a151d100dfe32145,1158984000,1159070400,1,0,False,False
ours,tgbn-genre,train,1159070400,586,1159074002,9696,1158987660,1159074002,3510807,1108357203,1159074002,3508329,2478,0,169,611c06d6b7ee0a6a,1159070400,1159156800,1,0,False,False
ours,tgbn-genre,train,1159156800,587,1159160341,11836,1159074005,1159160341,3522643,1108357203,1159160341,3519387,3256,0,179,757db8777b4d817e,1159156800,1159243200,1,0,False,False
ours,tgbn-genre,train,1159243200,588,1159246745,11770,1159160404,1159246745,3534413,1108357203,1159246745,3531385,3028,0,198,17955ecb704ef794,1159243200,1159329600,1,0,False,False
ours,tgbn-genre,train,1159329600,589,1159333201,10907,1159246863,1159333201,3545320,1108357203,1159333201,3542673,2647,0,196,45adbe88c78d8e81,1159329600,1159416000,1,0,False,False
ours,tgbn-genre,train,1159416000,590,1159419601,12688,1159333260,1159419601,3558008,1108357203,1159419601,3555254,2754,0,202,7de1d456b54ff1e8,1159416000,1159502400,1,0,False,False
ours,tgbn-genre,train,1159502400,591,1159506002,10655,1159419661,1159506002,3568663,1108357203,1159506002,3565944,2719,0,204,123de0f32be1b7b0,1159502400,1159588800,1,0,False,False
ours,tgbn-genre,train,1159588800,592,1159592345,11446,1159506004,1159592345,3580109,1108357203,1159592345,3577711,2398,0,202,8fd556501baadee7,1159588800,1159675200,1,0,False,False
ours,tgbn-genre,train,1159675200,593,1159678743,10795,1159592520,1159678743,3590904,1108357203,1159678743,3588239,2665,0,177,f26d0ae14f9bb3c2,1159675200,1159761600,1,0,False,False
ours,tgbn-genre,train,1159761600,594,1159765201,12922,1159678805,1159765201,3603826,1108357203,1159765201,3601176,2650,0,190,391adde5baccf9a6,1159761600,1159848000,1,0,False,False
ours,tgbn-genre,train,1159848000,595,1159851600,13111,1159765261,1159851600,3616937,1108357203,1159851600,3613424,3513,0,191,1994ce01661ec1ee,1159848000,1159934400,1,0,False,False
ours,tgbn-genre,train,1159934400,596,1159937942,12988,1159851603,1159937942,3629925,1108357203,1159937942,3626907,3018,0,194,cefbebdd778f2867,1159934400,1160020800,1,0,False,False
ours,tgbn-genre,train,1160020800,597,1160024400,13607,1159938003,1160024400,3643532,1108357203,1160024400,3640287,3245,0,190,223258828f7eca8c,1160020800,1160107200,1,0,False,False
ours,tgbn-genre,train,1160107200,598,1160110685,12353,1160024461,1160110685,3655885,1108357203,1160110685,3652672,3213,0,181,6e8afaf09075b06d,1160107200,1160193600,1,0,False,False
ours,tgbn-genre,train,1160193600,599,1160197085,11830,1160110804,1160197085,3667715,1108357203,1160197085,3665115,2600,0,188,1eab32519d89c024,1160193600,1160280000,1,0,False,False
ours,tgbn-genre,train,1160280000,600,1160283601,11062,1160197261,1160283601,3678777,1108357203,1160283601,3675921,2856,0,163,67ac4dc402f9fd61,1160280000,1160366400,1,0,False,False
ours,tgbn-genre,train,1160366400,601,1160370002,12149,1160283660,1160370002,3690926,1108357203,1160370002,3687924,3002,0,173,54fbd38c80a79d3d,1160366400,1160452800,1,0,False,False
ours,tgbn-genre,train,1160452800,602,1160456345,11076,1160370003,1160456345,3702002,1108357203,1160456345,3698532,3470,0,185,47ab3e80de05475c,1160452800,1160539200,1,0,False,False
ours,tgbn-genre,train,1160539200,603,1160542800,11101,1160456405,1160542800,3713103,1108357203,1160542800,3710446,2657,0,186,a1789ba07606c337,1160539200,1160625600,1,0,False,False
ours,tgbn-genre,train,1160625600,604,1160629141,13033,1160542804,1160629141,3726136,1108357203,1160629141,3721991,4145,0,188,37cc2c903a97a587,1160625600,1160712000,1,0,False,False
ours,tgbn-genre,train,1160712000,605,1160715601,10573,1160629205,1160715601,3736709,1108357203,1160715601,3734044,2665,0,183,095664a48c8e7072,1160712000,1160798400,1,0,False,False
ours,tgbn-genre,train,1160798400,606,1160801945,11423,1160715604,1160801945,3748132,1108357203,1160801945,3745256,2876,0,175,4e3e461d3375635c,1160798400,1160884800,1,0,False,False
ours,tgbn-genre,train,1160884800,607,1160888400,11462,1160802005,1160888400,3759594,1108357203,1160888400,3756748,2846,0,160,dfc777529e7c9adb,1160884800,1160971200,1,0,False,False
ours,tgbn-genre,train,1160971200,608,1160974802,11034,1160888403,1160974802,3770628,1108357203,1160974802,3767811,2817,0,177,94bcdd5c8a819b1d,1160971200,1161057600,1,0,False,False
ours,tgbn-genre,train,1161057600,609,1161061201,11491,1160974861,1161061201,3782119,1108357203,1161061201,3779344,2775,0,175,b80af8176eacb201,1161057600,1161144000,1,0,False,False
ours,tgbn-genre,train,1161144000,610,1161147602,10775,1161061204,1161147602,3792894,1108357203,1161147602,3789735,3159,0,189,231e3dd82d71dc38,1161144000,1161230400,1,0,False,False
ours,tgbn-genre,train,1161230400,611,1161233945,12017,1161147603,1161233945,3804911,1108357203,1161233945,3802068,2843,0,197,66c860dc947548eb,1161230400,1161316800,1,0,False,False
ours,tgbn-genre,train,1161316800,612,1161320402,10618,1161234062,1161320402,3815529,1108357203,1161320402,3812954,2575,0,195,3d0ff702c64e83cd,1161316800,1161403200,1,0,False,False
ours,tgbn-genre,train,1161403200,613,1161406741,10373,1161320404,1161406741,3825902,1108357203,1161406741,3823685,2217,0,178,acf7b7833ea6802f,1161403200,1161489600,1,0,False,False
ours,tgbn-genre,train,1161489600,614,1161493202,10855,1161406803,1161493202,3836757,1108357203,1161493202,3834120,2637,0,156,f0194cb6c3782a3a,1161489600,1161576000,1,0,False,False
ours,tgbn-genre,train,1161576000,615,1161579601,11950,1161493261,1161579601,3848707,1108357203,1161579601,3845634,3073,0,178,50b68a3aa3be79cd,1161576000,1161662400,1,0,False,False
ours,tgbn-genre,train,1161662400,616,1161666001,11581,1161579661,1161666001,3860288,1108357203,1161666001,3856840,3448,0,182,77cd55be5e62de5f,1161662400,1161748800,1,0,False,False
ours,tgbn-genre,train,1161748800,617,1161752402,12242,1161666005,1161752402,3872530,1108357203,1161752402,3869474,3056,0,186,89e79e1275f34e8e,1161748800,1161835200,1,0,False,False
ours,tgbn-genre,train,1161835200,618,1161838801,11657,1161752460,1161838801,3884187,1108357203,1161838801,3880947,3240,0,185,ec06e0f6227a59c2,1161835200,1161921600,1,0,False,False
ours,tgbn-genre,train,1161921600,619,1161925201,11925,1161838803,1161925201,3896112,1108357203,1161925201,3893012,3100,0,194,ba86f4e7432837c2,1161921600,1162008000,1,0,False,False
ours,tgbn-genre,train,1162008000,620,1162011602,11638,1161925203,1162011602,3907750,1108357203,1162011602,3905055,2695,0,194,5e577452bccb570d,1162008000,1162094400,1,0,False,False
ours,tgbn-genre,train,1162094400,621,1162098002,10368,1162011663,1162098002,3918118,1108357203,1162098002,3915752,2366,0,183,11ddd691cf51c131,1162094400,1162184400,1,0,False,False
ours,tgbn-genre,train,1162184400,622,1162184402,10666,1162098061,1162184402,3928784,1108357203,1162184402,3925956,2828,0,175,b55b92b1f744d7ef,1162184400,1162270800,1,0,False,False
ours,tgbn-genre,train,1162270800,623,1162270802,11436,1162184403,1162270802,3940220,1108357203,1162270802,3937071,3149,0,189,030c3c83db82c349,1162270800,1162357200,1,0,False,False
ours,tgbn-genre,train,1162357200,624,1162357200,10702,1162270862,1162357200,3950922,1108357203,1162357200,3948102,2820,0,195,f76715de3c38c4c0,1162357200,1162443600,1,0,False,False
ours,tgbn-genre,train,1162443600,625,1162443600,11079,1162357321,1162443600,3962001,1108357203,1162443600,3958271,3730,0,187,f1eeb3825ef92e73,1162443600,1162530000,1,0,False,False
ours,tgbn-genre,train,1162530000,626,1162530001,12663,1162443604,1162530001,3974664,1108357203,1162530001,3971031,3633,0,197,b455aba776c0325e,1162530000,1162616400,1,0,False,False
ours,tgbn-genre,train,1162616400,627,1162616401,12097,1162530003,1162616401,3986761,1108357203,1162616401,3983310,3451,0,192,76c8588837080be6,1162616400,1162702800,1,0,False,False
ours,tgbn-genre,train,1162702800,629,1162789202,10870,1162702804,1162789202,4009356,1108357203,1162789202,3995318,10765,3273,185,cbcb44ea703c5888,1162702800,1162875600,2,0,False,False
ours,tgbn-genre,train,1162789200,629,1162789202,10870,1162702804,1162789202,4009356,1108357203,1162789202,4006083,3273,0,186,bceb11cc29bd0b25,1162702800,1162875600,2,1,False,False
ours,tgbn-genre,train,1162875600,630,1162875602,12560,1162789262,1162875602,4021916,1108357203,1162875602,4018245,3671,0,201,27a5e6a1adc2c77d,1162875600,1162962000,1,0,False,False
ours,tgbn-genre,train,1162962000,631,1162962002,12542,1162875604,1162962002,4034458,1108357203,1162962002,4030739,3719,0,217,396348abdc958b9c,1162962000,1163048400,1,0,False,False
ours,tgbn-genre,train,1163048400,633,1163134743,12847,1163048462,1163134743,4059076,1108357203,1163134743,4042665,12721,3690,193,d1fac3321a26daf4,1163048400,1163134800,1,0,False,False
ours,tgbn-genre,train,1163134800,634,1163221201,13374,1163134803,1163221201,4072450,1108357203,1163221201,4055386,13083,3981,191,9cf7e54f0cc34ac8,1163134800,1163307600,2,0,False,False
ours,tgbn-genre,train,1163221200,634,1163221201,13374,1163134803,1163221201,4072450,1108357203,1163221201,4068469,3981,0,187,0d50fe706bd6dea8,1163134800,1163307600,2,1,False,False
ours,tgbn-genre,train,1163307600,635,1163307601,13872,1163221260,1163307601,4086322,1108357203,1163307601,4082501,3821,0,165,38d74a8647f25622,1163307600,1163394000,1,0,False,False
ours,tgbn-genre,train,1163394000,636,1163394001,14152,1163307605,1163394001,4100474,1108357203,1163394001,4096354,4120,0,187,93692291d2010883,1163394000,1163480400,1,0,False,False
ours,tgbn-genre,train,1163480400,637,1163480402,13290,1163394003,1163480402,4113764,1108357203,1163480402,4109374,4390,0,197,0fff63c0b249d610,1163480400,1163566800,1,0,False,False
ours,tgbn-genre,train,1163566800,638,1163566802,14017,1163480460,1163566802,4127781,1108357203,1163566802,4124151,3630,0,210,c932277aca46fc14,1163566800,1163653200,1,0,False,False
ours,tgbn-genre,train,1163653200,639,1163653200,15278,1163566803,1163653200,4143059,1108357203,1163653200,4138585,4474,0,207,05da67f30e9b79ef,1163653200,1163739600,1,0,False,False
ours,tgbn-genre,train,1163739600,640,1163739601,13754,1163653205,1163739601,4156813,1108357203,1163739601,4153311,3502,0,201,af2d152f1b4a21bd,1163739600,1163826000,1,0,False,False
ours,tgbn-genre,train,1163826000,641,1163826002,13155,1163739603,1163826002,4169968,1108357203,1163826002,4166269,3699,0,192,8888971b1897e82a,1163826000,1163912400,1,0,False,False
ours,tgbn-genre,train,1163912400,642,1163912402,11167,1163826003,1163912402,4181135,1108357203,1163912402,4178008,3127,0,182,53c3796e70c8fff4,1163912400,1163998800,1,0,False,False
ours,tgbn-genre,train,1163998800,643,1163998802,12536,1163912404,1163998802,4193671,1108357203,1163998802,4189602,4069,0,205,0bef937b506c19bf,1163998800,1164085200,1,0,False,False
ours,tgbn-genre,train,1164085200,644,1164085202,12759,1163998804,1164085202,4206430,1108357203,1164085202,4201969,4461,0,203,385dabb8acd0fc9b,1164085200,1164171600,1,0,False,False
ours,tgbn-genre,train,1164171600,645,1164171600,14105,1164085204,1164171600,4220535,1108357203,1164171600,4216497,4038,0,204,819446ac30296243,1164171600,1164258000,1,0,False,False
ours,tgbn-genre,train,1164258000,646,1164258000,12362,1164171603,1164258000,4232897,1108357203,1164258000,4229335,3562,0,186,698cdf356ecc8435,1164258000,1164344400,1,0,False,False
ours,tgbn-genre,train,1164344400,647,1164344401,10843,1164258004,1164344401,4243740,1108357203,1164344401,4240228,3512,0,191,41031fc9220626c3,1164344400,1164430800,1,0,False,False
ours,tgbn-genre,train,1164430800,649,1164517143,12591,1164430860,1164517143,4268081,1108357203,1164517143,4252242,12508,3331,191,f6e1ae0327d75e5b,1164430800,1164517200,1,0,False,False
ours,tgbn-genre,train,1164517200,650,1164603543,11705,1164517205,1164603543,4279786,1108357203,1164603543,4264750,11505,3531,182,e943cc8fcfc866d7,1164517200,1164603600,1,0,False,False
ours,tgbn-genre,train,1164603600,651,1164690002,11537,1164603603,1164690002,4291323,1108357203,1164690002,4276255,11031,4037,202,eeae8389c9c6cca4,1164603600,1164776400,2,0,False,False
ours,tgbn-genre,train,1164690000,651,1164690002,11537,1164603603,1164690002,4291323,1108357203,1164690002,4287286,4037,0,216,1a098252e06a4c14,1164603600,1164776400,2,1,False,False
ours,tgbn-genre,train,1164776400,652,1164776402,12404,1164690003,1164776402,4303727,1108357203,1164776402,4300523,3204,0,210,d0bfb77ccfa74840,1164776400,1164862800,1,0,False,False
ours,tgbn-genre,train,1164862800,653,1164862801,11519,1164776404,1164862801,4315246,1108357203,1164862801,4311954,3292,0,207,cd306610ec0d9f47,1164862800,1164949200,1,0,False,False
ours,tgbn-genre,train,1164949200,654,1164949202,10358,1164862804,1164949202,4325604,1108357203,1164949202,4322050,3554,0,201,fd585232832d8585,1164949200,1165035600,1,0,False,False
ours,tgbn-genre,train,1165035600,655,1165035601,11988,1164949203,1165035601,4337592,1108357203,1165035601,4334082,3510,0,209,a65337fa9b505983,1165035600,1165122000,1,0,False,False
ours,tgbn-genre,train,1165122000,656,1165122002,13834,1165035605,1165122002,4351426,1108357203,1165122002,4347366,4060,0,201,2c1bd878c04c8ffc,1165122000,1165208400,1,0,False,False
ours,tgbn-genre,train,1165208400,657,1165208401,14766,1165122003,1165208401,4366192,1108357203,1165208401,4361912,4280,0,181,a8b64301b9c6d1d9,1165208400,1165294800,1,0,False,False
ours,tgbn-genre,train,1165294800,659,1165381200,14547,1165294803,1165381200,4393612,1108357203,1165381200,4375045,13994,4573,197,ee6f8691382af159,1165294800,1165467600,2,0,False,False
ours,tgbn-genre,train,1165381200,659,1165381200,14547,1165294803,1165381200,4393612,1108357203,1165381200,4389039,4573,0,208,88caa8d12c93d11e,1165294800,1165467600,2,1,False,False
ours,tgbn-genre,train,1165467600,660,1165467602,15293,1165381203,1165467602,4408905,1108357203,1165467602,4404302,4603,0,221,638855a8c8d6824e,1165467600,1165554000,1,0,False,False
ours,tgbn-genre,train,1165554000,661,1165554002,13403,1165467662,1165554002,4422308,1108357203,1165554002,4418855,3453,0,219,f7db036ede52200e,1165554000,1165640400,1,0,False,False
ours,tgbn-genre,train,1165640400,662,1165640400,13380,1165554004,1165640400,4435688,1108357203,1165640400,4431932,3756,0,213,be56d7da7ca72ffd,1165640400,1165726800,1,0,False,False
ours,tgbn-genre,train,1165726800,663,1165726802,14122,1165640404,1165726802,4449810,1108357203,1165726802,4445620,4190,0,188,7ce3443c5b0fb49a,1165726800,1165813200,1,0,False,False
ours,tgbn-genre,train,1165813200,664,1165813202,13568,1165726805,1165813202,4463378,1108357203,1165813202,4459340,4038,0,212,6ba74b2da8e80128,1165813200,1165899600,1,0,False,False
ours,tgbn-genre,train,1165899600,666,1165986001,13839,1165899603,1165986001,4490046,1108357203,1165986001,4472131,14100,3815,211,ad0ebc2d89c3c5d1,1165899600,1166072400,2,0,False,False
ours,tgbn-genre,train,1165986000,666,1165986001,13839,1165899603,1165986001,4490046,1108357203,1165986001,4486231,3815,0,216,e6cae9714d9acfe1,1165899600,1166072400,2,1,False,False
ours,tgbn-genre,train,1166072400,667,1166072400,14641,1165986003,1166072400,4504687,1108357203,1166072400,4501071,3616,0,201,c4c2b6ed0de3705d,1166072400,1166158800,1,0,False,False
ours,tgbn-genre,train,1166158800,668,1166158802,13936,1166072404,1166158802,4518623,1108357203,1166158802,4514659,3964,0,198,42bd4be211d5b159,1166158800,1166245200,1,0,False,False
ours,tgbn-genre,train,1166245200,670,1166331602,13520,1166245205,1166331602,4545448,1108357203,1166331602,4528454,13333,3661,189,0b318f8a63f2c5c0,1166245200,1166418000,2,0,False,False
ours,tgbn-genre,train,1166331600,670,1166331602,13520,1166245205,1166331602,4545448,1108357203,1166331602,4541787,3661,0,185,1485ab9fda112fb4,1166245200,1166418000,2,1,False,False
ours,tgbn-genre,train,1166418000,671,1166418000,14205,1166331662,1166418000,4559653,1108357203,1166418000,4555712,3941,0,177,62c765fe05587e20,1166418000,1166504400,1,0,False,False
ours,tgbn-genre,train,1166504400,673,1166590802,12764,1166504464,1166590802,4585818,1108357203,1166590802,4569155,13615,3048,148,e109850d26634285,1166504400,1166677200,2,0,False,False
ours,tgbn-genre,train,1166590800,673,1166590802,12764,1166504464,1166590802,4585818,1108357203,1166590802,4582770,3048,0,168,c99c677fbf2725ea,1166504400,1166677200,2,1,False,False
ours,tgbn-genre,train,1166677200,675,1166763545,12547,1166677261,1166763545,4610264,1108357203,1166763545,4594600,12283,3381,192,9a007983cd3d5057,1166677200,1166763600,1,0,False,False
ours,tgbn-genre,train,1166763600,676,1166849945,12343,1166763603,1166849945,4622607,1108357203,1166849945,4606883,12583,3141,166,def32d293947c589,1166763600,1166850000,1,0,False,False
ours,tgbn-genre,train,1166850000,677,1166936342,12680,1166850003,1166936342,4635287,1108357203,1166936342,4619466,12193,3628,166,0fa897de59db5610,1166850000,1166936400,1,0,False,False
ours,tgbn-genre,train,1166936400,678,1167022802,12224,1166936403,1167022802,4647511,1108357203,1167022802,4631659,12420,3432,171,953a285dc81f99d7,1166936400,1167109200,2,0,False,False
ours,tgbn-genre,train,1167022800,678,1167022802,12224,1166936403,1167022802,4647511,1108357203,1167022802,4644079,3432,0,158,ccc957217f653d16,1166936400,1167109200,2,1,False,False
ours,tgbn-genre,train,1167109200,679,1167109202,9369,1167022865,1167109202,4656880,1108357203,1167109202,4653900,2980,0,147,388aee24536a36f9,1167109200,1167195600,1,0,False,False
ours,tgbn-genre,train,1167195600,680,1167195602,11817,1167109203,1167195602,4668697,1108357203,1167195602,4665277,3420,0,168,4b732199e8e22c7e,1167195600,1167282000,1,0,False,False
ours,tgbn-genre,train,1167282000,681,1167282001,13199,1167195604,1167282001,4681896,1108357203,1167282001,4677800,4096,0,182,e3ebc64beca8310a,1167282000,1167368400,1,0,False,False
ours,tgbn-genre,train,1167368400,682,1167368402,10832,1167282005,1167368402,4692728,1108357203,1167368402,4690019,2709,0,191,fe10d3e4313ffded,1167368400,1167454800,1,0,False,False
ours,tgbn-genre,train,1167454800,683,1167454801,11867,1167368403,1167454801,4704595,1108357203,1167454801,4701391,3204,0,199,8c33f9142a932492,1167454800,1167541200,1,0,False,False
ours,tgbn-genre,train,1167541200,684,1167541202,11431,1167454805,1167541202,4716026,1108357203,1167541202,4713022,3004,0,190,3283bc310e83752f,1167541200,1167627600,1,0,False,False
ours,tgbn-genre,train,1167627600,685,1167627601,11186,1167541263,1167627601,4727212,1108357203,1167627601,4724404,2808,0,192,65f1a1af869d93d7,1167627600,1167714000,1,0,False,False
ours,tgbn-genre,train,1167714000,686,1167714000,10191,1167627662,1167714000,4737403,1108357203,1167714000,4733943,3460,0,198,9c84d9fddd6de834,1167714000,1167800400,1,0,False,False
ours,tgbn-genre,train,1167800400,687,1167800402,12752,1167714060,1167800402,4750155,1108357203,1167800402,4746481,3674,0,195,1153d2c235603f70,1167800400,1167886800,1,0,False,False
ours,tgbn-genre,train,1167886800,688,1167886802,12745,1167800405,1167886802,4762900,1108357203,1167886802,4758453,4447,0,202,63b8f7dd78700863,1167886800,1167973200,1,0,False,False
ours,tgbn-genre,train,1167973200,689,1167973200,15469,1167886805,1167973200,4778369,1108357203,1167973200,4774373,3996,0,194,db938bc79c0dc85b,1167973200,1168059600,1,0,False,False
ours,tgbn-genre,train,1168059600,690,1168059602,14976,1167973203,1168059602,4793345,1108357203,1168059602,4789385,3960,0,189,a883d20da8cd0c79,1168059600,1168146000,1,0,False,False
ours,tgbn-genre,train,1168146000,691,1168146001,13616,1168059605,1168146001,4806961,1108357203,1168146001,4802989,3972,0,181,32d7d0f82a854671,1168146000,1168232400,1,0,False,False
ours,tgbn-genre,train,1168232400,692,1168232401,14867,1168146003,1168232401,4821828,1108357203,1168232401,4817930,3898,0,188,faf2c3b0ac405138,1168232400,1168318800,1,0,False,False
ours,tgbn-genre,train,1168318800,693,1168318802,12733,1168232460,1168318802,4834561,1108357203,1168318802,4830425,4136,0,188,b8d84bf07b8a0f99,1168318800,1168405200,1,0,False,False
ours,tgbn-genre,train,1168405200,694,1168405200,13556,1168318803,1168405200,4848117,1108357203,1168405200,4844163,3954,0,199,3f30035fb4d018ec,1168405200,1168491600,1,0,False,False
ours,tgbn-genre,train,1168491600,695,1168491602,13341,1168405260,1168491602,4861458,1108357203,1168491602,4857778,3680,0,205,f7e6bd1a95dce24b,1168491600,1168578000,1,0,False,False
ours,tgbn-genre,train,1168578000,696,1168578002,11548,1168491604,1168578002,4873006,1108357203,1168578002,4869525,3481,0,196,050e63640f23b6fa,1168578000,1168664400,1,0,False,False
ours,tgbn-genre,train,1168664400,697,1168664402,12633,1168578003,1168664402,4885639,1108357203,1168664402,4881966,3673,0,201,94bf23da28f3adc5,1168664400,1168750800,1,0,False,False
ours,tgbn-genre,train,1168750800,698,1168750800,10301,1168664465,1168750800,4895940,1108357203,1168750800,4892807,3133,0,199,dba068e87672af5b,1168750800,1168837200,1,0,False,False
ours,tgbn-genre,train,1168837200,699,1168837200,13889,1168750803,1168837200,4909829,1108357203,1168837200,4906182,3647,0,187,9cc8c9c85d6295db,1168837200,1168923600,1,0,False,False
ours,tgbn-genre,train,1168923600,701,1169010001,14505,1168923603,1169010001,4936989,1108357203,1169010001,4917956,14523,4510,200,6b40f77e96ef9279,1168923600,1169096400,2,0,False,False
ours,tgbn-genre,train,1169010000,701,1169010001,14505,1168923603,1169010001,4936989,1108357203,1169010001,4932479,4510,0,206,9b7e35e116069c89,1168923600,1169096400,2,1,False,False
ours,tgbn-genre,train,1169096400,702,1169096401,14472,1169010004,1169096401,4951461,1108357203,1169096401,4946978,4483,0,199,82c72a6474346b94,1169096400,1169182800,1,0,False,False
ours,tgbn-genre,train,1169182800,703,1169182802,13089,1169096403,1169182802,4964550,1108357203,1169182802,4960859,3691,0,199,1aa16794ed6a7b77,1169182800,1169269200,1,0,False,False
ours,tgbn-genre,train,1169269200,704,1169269200,12899,1169182803,1169269200,4977449,1108357203,1169269200,4973625,3824,0,206,db6d5b5734a1548a,1169269200,1169355600,1,0,False,False
ours,tgbn-genre,train,1169355600,705,1169355602,13983,1169269203,1169355602,4991432,1108357203,1169355602,4987866,3566,0,188,2c5ffadd6e539a03,1169355600,1169442000,1,0,False,False
ours,tgbn-genre,train,1169442000,706,1169442001,12532,1169355603,1169442001,5003964,1108357203,1169442001,5000486,3478,0,205,16410e27aa3223b8,1169442000,1169528400,1,0,False,False
ours,tgbn-genre,train,1169528400,708,1169614745,13459,1169528403,1169614745,5031414,1108357203,1169614745,5012951,14906,3557,209,eef3ae810cd6dab5,1169528400,1169614800,1,0,False,False
ours,tgbn-genre,train,1169614800,709,1169701202,13503,1169614860,1169701202,5044917,1108357203,1169701202,5027857,13599,3461,215,88c2bc6bfdaa179d,1169614800,1169787600,2,0,False,False
ours,tgbn-genre,train,1169701200,709,1169701202,13503,1169614860,1169701202,5044917,1108357203,1169701202,5041456,3461,0,215,5553c6c0b7e9f85e,1169614800,1169787600,2,1,False,False
ours,tgbn-genre,train,1169787600,710,1169787601,12895,1169701205,1169787601,5057812,1108357203,1169787601,5053660,4152,0,219,6f907191662894f4,1169787600,1169874000,1,0,False,False
ours,tgbn-genre,train,1169874000,711,1169874000,12350,1169787603,1169874000,5070162,1108357203,1169874000,5066785,3377,0,213,5464e5dff1fa4036,1169874000,1169960400,1,0,False,False
ours,tgbn-genre,train,1169960400,712,1169960402,12763,1169874005,1169960402,5082925,1108357203,1169960402,5079919,3006,0,184,da4caa3088dca7f7,1169960400,1170046800,1,0,False,False
ours,tgbn-genre,train,1170046800,713,1170046800,13862,1169960460,1170046800,5096787,1108357203,1170046800,5092775,4012,0,189,316eacc1092fc34a,1170046800,1170133200,1,0,False,False
ours,tgbn-genre,train,1170133200,714,1170133202,15666,1170046803,1170133202,5112453,1108357203,1170133202,5107950,4503,0,205,a54445e4c053c679,1170133200,1170219600,1,0,False,False
ours,tgbn-genre,train,1170219600,715,1170219600,15099,1170133204,1170219600,5127552,1108357203,1170219600,5123193,4359,0,205,8b999047ad092db3,1170219600,1170306000,1,0,False,False
ours,tgbn-genre,train,1170306000,716,1170306000,14157,1170219660,1170306000,5141709,1108357203,1170306000,5137829,3880,0,202,a4479bbd11b1c1a3,1170306000,1170392400,1,0,False,False
ours,tgbn-genre,train,1170392400,717,1170392402,13778,1170306003,1170392402,5155487,1108357203,1170392402,5151643,3844,0,210,7fef2738c3acf337,1170392400,1170478800,1,0,False,False
ours,tgbn-genre,train,1170478800,718,1170478801,12521,1170392404,1170478801,5168008,1108357203,1170478801,5164380,3628,0,201,8407c2412f3b61b8,1170478800,1170565200,1,0,False,False
ours,tgbn-genre,train,1170565200,720,1170651601,12589,1170565203,1170651601,5194638,1108357203,1170651601,5178311,12976,3351,192,2b91686586c92e43,1170565200,1170738000,2,0,False,False
ours,tgbn-genre,train,1170651600,720,1170651601,12589,1170565203,1170651601,5194638,1108357203,1170651601,5191287,3351,0,203,114c34d7a5a6761c,1170565200,1170738000,2,1,False,False
ours,tgbn-genre,train,1170738000,721,1170738002,14759,1170651603,1170738002,5209397,1108357203,1170738002,5204911,4486,0,218,b12fdad4c047ba4d,1170738000,1170824400,1,0,False,False
ours,tgbn-genre,train,1170824400,723,1170910801,15244,1170824405,1170910801,5239897,1108357203,1170910801,5220605,14820,4472,217,8abcac8460b996fd,1170824400,1170997200,2,0,False,False
ours,tgbn-genre,train,1170910800,723,1170910801,15244,1170824405,1170910801,5239897,1108357203,1170910801,5235425,4472,0,206,e0ded0fee1cf7676,1170824400,1170997200,2,1,False,False
ours,tgbn-genre,train,1170997200,724,1170997201,15799,1170910805,1170997201,5255696,1108357203,1170997201,5250805,4891,0,222,b2af0f18ee80954e,1170997200,1171083600,1,0,False,False
ours,tgbn-genre,train,1171083600,726,1171170000,15221,1171083663,1171170000,5287205,1108357203,1171170000,5267726,15919,3560,216,783df5eaf1e6e4ea,1171083600,1171256400,2,0,False,False
ours,tgbn-genre,train,1171170000,726,1171170000,15221,1171083663,1171170000,5287205,1108357203,1171170000,5283645,3560,0,188,963a58dd3c195090,1171083600,1171256400,2,1,False,False
ours,tgbn-genre,train,1171256400,727,1171256402,12944,1171170061,1171256402,5300149,1108357203,1171256402,5296341,3808,0,195,f3cdd9b72ed618bc,1171256400,1171342800,1,0,False,False
ours,tgbn-genre,train,1171342800,729,1171429201,15116,1171342803,1171429201,5329914,1108357203,1171429201,5310425,15288,4201,205,32aa18eec3670d73,1171342800,1171515600,2,0,False,False
ours,tgbn-genre,train,1171429200,729,1171429201,15116,1171342803,1171429201,5329914,1108357203,1171429201,5325713,4201,0,211,836fcae1b83d17ac,1171342800,1171515600,2,1,False,False
ours,tgbn-genre,train,1171515600,730,1171515602,14942,1171429203,1171515602,5344856,1108357203,1171515602,5339984,4872,0,210,01cce063d6c2746f,1171515600,1171602000,1,0,False,False
ours,tgbn-genre,train,1171602000,731,1171602001,14699,1171515721,1171602001,5359555,1108357203,1171602001,5355140,4415,0,213,368c85dc846b9933,1171602000,1171688400,1,0,False,False
ours,tgbn-genre,train,1171688400,732,1171688401,13818,1171602003,1171688401,5373373,1108357203,1171688401,5370170,3203,0,211,bf3c322b11e291f9,1171688400,1171774800,1,0,False,False
ours,tgbn-genre,train,1171774800,734,1171861200,12647,1171774803,1171861200,5399415,1108357203,1171861200,5383551,11997,3867,195,ca3c005ce51b5729,1171774800,1171947600,2,0,False,False
ours,tgbn-genre,train,1171861200,734,1171861200,12647,1171774803,1171861200,5399415,1108357203,1171861200,5395548,3867,0,190,cbc41e9a67c12da0,1171774800,1171947600,2,1,False,False
ours,tgbn-genre,train,1171947600,736,1172034001,15205,1171947605,1172034001,5431938,1108357203,1172034001,5412209,15111,4618,207,7059a168778dbf10,1171947600,1172120400,2,0,False,False
ours,tgbn-genre,train,1172034000,736,1172034001,15205,1171947605,1172034001,5431938,1108357203,1172034001,5427320,4618,0,205,fca2ea3c7f9bd4e7,1171947600,1172120400,2,1,False,False
ours,tgbn-genre,train,1172120400,738,1172206802,15706,1172120403,1172206802,5462171,1108357203,1172206802,5442128,15184,4859,198,d202ba0e592a83ff,1172120400,1172293200,2,0,False,False
ours,tgbn-genre,train,1172206800,738,1172206802,15706,1172120403,1172206802,5462171,1108357203,1172206802,5457312,4859,0,200,d8c5df64ab258677,1172120400,1172293200,2,1,False,False
ours,tgbn-genre,train,1172293200,739,1172293202,15757,1172206804,1172293202,5477928,1108357203,1172293202,5473582,4346,0,207,6ba39f613a6ed654,1172293200,1172379600,1,0,False,False
ours,tgbn-genre,train,1172379600,740,1172379602,14476,1172293204,1172379602,5492404,1108357203,1172379602,5488254,4150,0,175,a4ce0596e3064ce2,1172379600,1172466000,1,0,False,False
ours,tgbn-genre,train,1172466000,742,1172552402,14419,1172466004,1172552402,5521040,1108357203,1172552402,5502043,14839,4158,199,66c66bd1d11247cc,1172466000,1172638800,2,0,False,False
ours,tgbn-genre,train,1172552400,742,1172552402,14419,1172466004,1172552402,5521040,1108357203,1172552402,5516882,4158,0,197,94b2ece01ba3e0f4,1172466000,1172638800,2,1,False,False
ours,tgbn-genre,train,1172638800,743,1172638800,16101,1172552462,1172638800,5537141,1108357203,1172638800,5532401,4740,0,200,d919b033447450db,1172638800,1172725200,1,0,False,False
ours,tgbn-genre,train,1172725200,744,1172725202,14620,1172638803,1172725202,5551761,1108357203,1172725202,5547870,3891,0,196,4ab1d6d1f3d2f5ea,1172725200,1172811600,1,0,False,False
ours,tgbn-genre,train,1172811600,745,1172811602,14176,1172725203,1172811602,5565937,1108357203,1172811602,5562207,3730,0,211,43789fae200d56da,1172811600,1172898000,1,0,False,False
ours,tgbn-genre,train,1172898000,746,1172898002,14386,1172811605,1172898002,5580323,1108357203,1172898002,5576789,3534,0,212,8f6f04ebca6e88e9,1172898000,1172984400,1,0,False,False
ours,tgbn-genre,train,1172984400,747,1172984400,13657,1172898003,1172984400,5593980,1108357203,1172984400,5590681,3299,0,197,df30aa5d6060c6eb,1172984400,1173070800,1,0,False,False
ours,tgbn-genre,train,1173070800,748,1173070801,15645,1172984404,1173070801,5609625,1108357203,1173070801,5604876,4749,0,190,215da16681e3a99e,1173070800,1173157200,1,0,False,False
ours,tgbn-genre,train,1173157200,750,1173243602,13822,1173157204,1173243602,5637048,1108357203,1173243602,5619005,13819,4224,207,5cd2b1e64ae958e3,1173157200,1173330000,2,0,False,False
ours,tgbn-genre,train,1173243600,750,1173243602,13822,1173157204,1173243602,5637048,1108357203,1173243602,5632824,4224,0,197,50bdf0241e8817c6,1173157200,1173330000,2,1,False,False
ours,tgbn-genre,train,1173330000,751,1173330000,10846,1173243603,1173330000,5647894,1108357203,1173330000,5644740,3154,0,201,74810d03a62c1216,1173330000,1173416400,1,0,False,False
ours,tgbn-genre,train,1173416400,753,1173502800,14084,1173416403,1173502800,5675546,1108357203,1173502800,5657026,14219,4301,205,580971666ede4a24,1173416400,1173589200,2,0,False,False
ours,tgbn-genre,train,1173502800,753,1173502800,14084,1173416403,1173502800,5675546,1108357203,1173502800,5671245,4301,0,189,4b6fb5c3715c09cf,1173416400,1173589200,2,1,False,False
ours,tgbn-genre,train,1173589200,754,1173589202,17725,1173502803,1173589202,5693271,1108357203,1173589202,5689790,3481,0,183,3cd449e29fd83681,1173589200,1173672000,1,0,False,False
ours,tgbn-genre,train,1173672000,755,1173675600,15110,1173589265,1173675600,5708381,1108357203,1173675600,5704410,3971,0,194,e611fef0d37c798e,1173672000,1173758400,1,0,False,False
ours,tgbn-genre,train,1173758400,756,1173762002,14370,1173675603,1173762002,5722751,1108357203,1173762002,5718596,4155,0,215,d850a96cf2748ec0,1173758400,1173844800,1,0,False,False
ours,tgbn-genre,train,1173844800,757,1173848402,12434,1173762003,1173848402,5735185,1108357203,1173848402,5732048,3137,0,209,6baf69f7deee163f,1173844800,1173931200,1,0,False,False
ours,tgbn-genre,train,1173931200,758,1173934800,12913,1173848403,1173934800,5748098,1108357203,1173934800,5744596,3502,0,207,56baf8f9edc9aaf9,1173931200,1174017600,1,0,False,False
ours,tgbn-genre,train,1174017600,759,1174021201,11519,1173934803,1174021201,5759617,1108357203,1174021201,5756785,2832,0,195,c21458736a5b7028,1174017600,1174104000,1,0,False,False
ours,tgbn-genre,train,1174104000,760,1174107602,12037,1174021324,1174107602,5771654,1108357203,1174107602,5768971,2683,0,197,90973ac9b0abceeb,1174104000,1174190400,1,0,False,False
ours,tgbn-genre,train,1174190400,761,1174194000,12937,1174107603,1174194000,5784591,1108357203,1174194000,5780943,3648,0,179,0221fc29240733dd,1174190400,1174276800,1,0,False,False
ours,tgbn-genre,train,1174276800,762,1174280345,14208,1174194004,1174280345,5798799,1108357203,1174280345,5795130,3669,0,175,2dbe7b381266f227,1174276800,1174363200,1,0,False,False
ours,tgbn-genre,train,1174363200,763,1174366801,12491,1174280404,1174366801,5811290,1108357203,1174366801,5807710,3580,0,209,016f2bf52b908100,1174363200,1174449600,1,0,False,False
ours,tgbn-genre,train,1174449600,764,1174453201,13827,1174366860,1174453201,5825117,1108357203,1174453201,5821530,3587,0,210,b2daf9c931190739,1174449600,1174536000,1,0,False,False
ours,tgbn-genre,train,1174536000,765,1174539601,12599,1174453205,1174539601,5837716,1108357203,1174539601,5833976,3740,0,208,28170e56b6d0cad3,1174536000,1174622400,1,0,False,False
ours,tgbn-genre,train,1174622400,766,1174625944,12100,1174539604,1174625944,5849816,1108357203,1174625944,5846419,3397,0,208,0df827fe207a4e8e,1174622400,1174708800,1,0,False,False
ours,tgbn-genre,train,1174708800,767,1174712402,9124,1174626063,1174712402,5858940,1108357203,1174712402,5858380,560,0,191,ec738c2c41795de1,1174708800,1174795200,1,0,False,False
ours,tgbn-genre,train,1174795200,768,1174798621,8010,1174712645,1174798621,5866950,1108357203,1174798621,5864773,2177,0,180,9ce6bd9321489cdc,1174795200,1174881600,1,0,False,False
ours,tgbn-genre,train,1174881600,769,1174885202,12275,1174798923,1174885202,5879225,1108357203,1174885202,5875546,3679,0,182,92513aee764e3c8c,1174881600,1174968000,1,0,False,False
ours,tgbn-genre,train,1174968000,770,1174971545,14552,1174885204,1174971545,5893777,1108357203,1174971545,5890017,3760,0,188,d3675bbfac36e231,1174968000,1175054400,1,0,False,False
ours,tgbn-genre,train,1175054400,771,1175057942,14202,1174971605,1175057942,5907979,1108357203,1175057942,5904631,3348,0,208,680f3fb993a55510,1175054400,1175140800,1,0,False,False
ours,tgbn-genre,train,1175140800,772,1175144344,13113,1175058061,1175144344,5921092,1108357203,1175144344,5918105,2987,0,206,8b1f7131ebd15b70,1175140800,1175227200,1,0,False,False
ours,tgbn-genre,train,1175227200,773,1175230800,14296,1175144404,1175230800,5935388,1108357203,1175230800,5932015,3373,0,210,aad8e3d7c1ef1326,1175227200,1175313600,1,0,False,False
ours,tgbn-genre,train,1175313600,774,1175317200,13621,1175230860,1175317200,5949009,1108357203,1175317200,5945464,3545,0,189,70cf6b326ba8f864,1175313600,1175400000,1,0,False,False
ours,tgbn-genre,train,1175400000,775,1175403602,12220,1175317261,1175403602,5961229,1108357203,1175403602,5958386,2843,0,176,616ee3474c934311,1175400000,1175486400,1,0,False,False
ours,tgbn-genre,train,1175486400,776,1175490000,14294,1175403722,1175490000,5975523,1108357203,1175490000,5972106,3417,0,186,5719f5a20e3b32ed,1175486400,1175572800,1,0,False,False
ours,tgbn-genre,train,1175572800,777,1175576400,11991,1175490004,1175576400,5987514,1108357203,1175576400,5985115,2399,0,186,19476b2727c96899,1175572800,1175659200,1,0,False,False
ours,tgbn-genre,train,1175659200,778,1175662802,11663,1175576403,1175662802,5999177,1108357203,1175662802,5996382,2795,0,198,f2d15e72c88a5acc,1175659200,1175745600,1,0,False,False
ours,tgbn-genre,train,1175745600,779,1175749144,13625,1175662804,1175749144,6012802,1108357203,1175749144,6009153,3649,0,205,809066aa42028460,1175745600,1175832000,1,0,False,False
ours,tgbn-genre,train,1175832000,780,1175835481,14461,1175749203,1175835481,6027263,1108357203,1175835481,6024192,3071,0,214,322e52507a7871ea,1175832000,1175918400,1,0,False,False
ours,tgbn-genre,train,1175918400,781,1175922000,12974,1175835605,1175922000,6040237,1108357203,1175922000,6037390,2847,0,197,3bc32353a9609e93,1175918400,1176004800,1,0,False,False
ours,tgbn-genre,train,1176004800,782,1176008402,13015,1175922004,1176008402,6053252,1108357203,1176008402,6049815,3437,0,184,3e1474632592631f,1176004800,1176091200,1,0,False,False
ours,tgbn-genre,train,1176091200,783,1176094801,12918,1176008405,1176094801,6066170,1108357203,1176094801,6062942,3228,0,215,730b582252c2ae36,1176091200,1176177600,1,0,False,False
ours,tgbn-genre,train,1176177600,784,1176181201,13541,1176094861,1176181201,6079711,1108357203,1176181201,6076721,2990,0,211,203393fcff813496,1176177600,1176264000,1,0,False,False
ours,tgbn-genre,train,1176264000,785,1176267600,13868,1176181262,1176267600,6093579,1108357203,1176267600,6090572,3007,0,214,0affefc8023566c1,1176264000,1176350400,1,0,False,False
ours,tgbn-genre,train,1176350400,786,1176353942,15380,1176267660,1176353942,6108959,1108357203,1176353942,6105485,3474,0,215,8b3dd62b20da8ce0,1176350400,1176436800,1,0,False,False
ours,tgbn-genre,train,1176436800,787,1176440344,12370,1176354005,1176440344,6121329,1108357203,1176440344,6118933,2396,0,203,c0235deb81f90590,1176436800,1176523200,1,0,False,False
ours,tgbn-genre,train,1176523200,788,1176526802,12446,1176440404,1176526802,6133775,1108357203,1176526802,6131005,2770,0,209,e63cbefb05479856,1176523200,1176609600,1,0,False,False
ours,tgbn-genre,train,1176609600,789,1176613200,13421,1176526804,1176613200,6147196,1108357203,1176613200,6144218,2978,0,192,ee4c50c33adbbfda,1176609600,1176696000,1,0,False,False
ours,tgbn-genre,train,1176696000,790,1176699485,14675,1176613204,1176699485,6161871,1108357203,1176699485,6158342,3529,0,197,941d2b93d502d70b,1176696000,1176782400,1,0,False,False
ours,tgbn-genre,train,1176782400,791,1176785944,14145,1176699603,1176785944,6176016,1108357203,1176785944,6172676,3340,0,211,19b229a61a9a8eac,1176782400,1176868800,1,0,False,False
ours,tgbn-genre,train,1176868800,792,1176872402,14495,1176786005,1176872402,6190511,1108357203,1176872402,6187285,3226,0,203,43882ca8b9fe0622,1176868800,1176955200,1,0,False,False
ours,tgbn-genre,train,1176955200,793,1176958802,13664,1176872463,1176958802,6204175,1108357203,1176958802,6200709,3466,0,199,ff1459f2fee1f2c6,1176955200,1177041600,1,0,False,False
ours,tgbn-genre,train,1177041600,794,1177045201,13766,1176958803,1177045201,6217941,1108357203,1177045201,6215016,2925,0,196,8ff24ed8af2c8354,1177041600,1177128000,1,0,False,False
ours,tgbn-genre,train,1177128000,795,1177131602,11948,1177045205,1177131602,6229889,1108357203,1177131602,6226764,3125,0,192,f105140bdff44a02,1177128000,1177214400,1,0,False,False
ours,tgbn-genre,train,1177214400,796,1177218002,13282,1177131603,1177218002,6243171,1108357203,1177218002,6240517,2654,0,173,e5ff61c0869325ca,1177214400,1177300800,1,0,False,False
ours,tgbn-genre,train,1177300800,797,1177304402,14589,1177218003,1177304402,6257760,1108357203,1177304402,6253650,4110,0,187,1433927c57cadeba,1177300800,1177387200,1,0,False,False
ours,tgbn-genre,train,1177387200,798,1177390745,13749,1177304403,1177390745,6271509,1108357203,1177390745,6268787,2722,0,199,c920c16779f9edb5,1177387200,1177473600,1,0,False,False
ours,tgbn-genre,train,1177473600,799,1177477144,12059,1177390863,1177477144,6283568,1108357203,1177477144,6280647,2921,0,198,587677e12c28796d,1177473600,1177560000,1,0,False,False
ours,tgbn-genre,train,1177560000,800,1177563601,13002,1177477261,1177563601,6296570,1108357203,1177563601,6293618,2952,0,190,92166594a802a363,1177560000,1177646400,1,0,False,False
ours,tgbn-genre,train,1177646400,801,1177649944,13224,1177563603,1177649944,6309794,1108357203,1177649944,6306901,2893,0,209,e0de2ae748489671,1177646400,1177732800,1,0,False,False
ours,tgbn-genre,train,1177732800,802,1177736344,11026,1177650003,1177736344,6320820,1108357203,1177736344,6318273,2547,0,205,28cfb2041bbeebeb,1177732800,1177819200,1,0,False,False
ours,tgbn-genre,train,1177819200,803,1177822744,10352,1177736404,1177822744,6331172,1108357203,1177822744,6328538,2634,0,183,5a9f439159edc1b9,1177819200,1177905600,1,0,False,False
ours,tgbn-genre,train,1177905600,804,1177909202,12952,1177822861,1177909202,6344124,1108357203,1177909202,6341213,2911,0,186,9178aea086d777e4,1177905600,1177992000,1,0,False,False
ours,tgbn-genre,train,1177992000,805,1177995543,14113,1177909260,1177995543,6358237,1108357203,1177995543,6354837,3400,0,206,5fb68f8bcf39ba5f,1177992000,1178078400,1,0,False,False
ours,tgbn-genre,train,1178078400,806,1178082002,14144,1177995603,1178082002,6372381,1108357203,1178082002,6369253,3128,0,211,d0c951116c582f33,1178078400,1178164800,1,0,False,False
ours,tgbn-genre,train,1178164800,807,1178168401,16637,1178082060,1178168401,6389018,1108357203,1178168401,6386010,3008,0,204,24a9b3ea91a7dca4,1178164800,1178251200,1,0,False,False
ours,tgbn-genre,train,1178251200,808,1178254802,14622,1178168460,1178254802,6403640,1108357203,1178254802,6400258,3382,0,215,961f43022b551b6f,1178251200,1178337600,1,0,False,False
ours,tgbn-genre,train,1178337600,809,1178341202,15920,1178254803,1178341202,6419560,1108357203,1178341202,6416327,3233,0,204,bfaa191e6beabf0f,1178337600,1178424000,1,0,False,False
ours,tgbn-genre,train,1178424000,810,1178427541,13902,1178341260,1178427541,6433462,1108357203,1178427541,6429985,3477,0,196,e9a80f4afe95fadf,1178424000,1178510400,1,0,False,False
ours,tgbn-genre,train,1178510400,811,1178514001,16961,1178427605,1178514001,6450423,1108357203,1178514001,6446703,3720,0,199,68bf0f683f6e77e6,1178510400,1178596800,1,0,False,False
ours,tgbn-genre,train,1178596800,812,1178600344,15570,1178514003,1178600344,6465993,1108357203,1178600344,6462408,3585,0,228,dd23e5c8403ace52,1178596800,1178683200,1,0,False,False
ours,tgbn-genre,train,1178683200,813,1178686684,15081,1178600404,1178686684,6481074,1108357203,1178686684,6477597,3477,0,214,2b8720caa6f4a094,1178683200,1178769600,1,0,False,False
ours,tgbn-genre,train,1178769600,814,1178773141,15553,1178686803,1178773141,6496627,1108357203,1178773141,6493182,3445,0,206,8e1b77c7b61520fd,1178769600,1178856000,1,0,False,False
ours,tgbn-genre,train,1178856000,815,1178859602,13710,1178773205,1178859602,6510337,1108357203,1178859602,6507498,2839,0,209,dddbffded1a445bf,1178856000,1178942400,1,0,False,False
ours,tgbn-genre,train,1178942400,816,1178945944,13633,1178859603,1178945944,6523970,1108357203,1178945944,6521215,2755,0,203,1ec25b7c97fbb316,1178942400,1179028800,1,0,False,False
ours,tgbn-genre,train,1179028800,817,1179032402,13555,1178946003,1179032402,6537525,1108357203,1179032402,6534834,2691,0,183,621f49c31dd9abf0,1179028800,1179115200,1,0,False,False
ours,tgbn-genre,train,1179115200,818,1179118801,16530,1179032460,1179118801,6554055,1108357203,1179118801,6549579,4476,0,197,f75decbcb47ad7cf,1179115200,1179201600,1,0,False,False
ours,tgbn-genre,train,1179201600,819,1179205201,15473,1179118803,1179205201,6569528,1108357203,1179205201,6565455,4073,0,210,762d0388ef5a65e8,1179201600,1179288000,1,0,False,False
ours,tgbn-genre,train,1179288000,820,1179291600,14758,1179205204,1179291600,6584286,1108357203,1179291600,6580815,3471,0,218,cb0270bd91c45002,1179288000,1179374400,1,0,False,False
ours,tgbn-genre,train,1179374400,821,1179377943,15562,1179291660,1179377943,6599848,1108357203,1179377943,6596515,3333,0,198,4001290c8e823e41,1179374400,1179460800,1,0,False,False
ours,tgbn-genre,train,1179460800,822,1179464400,14830,1179378004,1179464400,6614678,1108357203,1179464400,6611600,3078,0,207,08ca23fe5048ab6b,1179460800,1179547200,1,0,False,False
ours,tgbn-genre,train,1179547200,823,1179550800,11981,1179464462,1179550800,6626659,1108357203,1179550800,6623869,2790,0,209,608271a6913d4490,1179547200,1179633600,1,0,False,False
ours,tgbn-genre,train,1179633600,824,1179637144,11813,1179550862,1179637144,6638472,1108357203,1179637144,6635516,2956,0,194,2464873e6c25ff14,1179633600,1179720000,1,0,False,False
ours,tgbn-genre,train,1179720000,825,1179723602,11982,1179637205,1179723602,6650454,1108357203,1179723602,6647677,2777,0,192,5cba248ec37e7c2d,1179720000,1179806400,1,0,False,False
ours,tgbn-genre,train,1179806400,826,1179809944,12685,1179723603,1179809944,6663139,1108357203,1179809944,6660003,3136,0,193,bc3542f3bb89fa53,1179806400,1179892800,1,0,False,False
ours,tgbn-genre,train,1179892800,827,1179896401,14312,1179810061,1179896401,6677451,1108357203,1179896401,6674215,3236,0,218,ec855e43d6a93450,1179892800,1179979200,1,0,False,False
ours,tgbn-genre,train,1179979200,828,1179982745,13601,1179896461,1179982745,6691052,1108357203,1179982745,6688012,3040,0,222,44e1e4a6cdcd06b7,1179979200,1180065600,1,0,False,False
ours,tgbn-genre,train,1180065600,829,1180069202,12694,1179982803,1180069202,6703746,1108357203,1180069202,6700424,3322,0,216,e52a84696c5b321e,1180065600,1180152000,1,0,False,False
ours,tgbn-genre,train,1180152000,830,1180155600,13165,1180069262,1180155600,6716911,1108357203,1180155600,6714235,2676,0,186,590722dd2a422a0f,1180152000,1180238400,1,0,False,False
ours,tgbn-genre,train,1180238400,831,1180242001,12832,1180155603,1180242001,6729743,1108357203,1180242001,6727528,2215,0,188,658f154f6b9760de,1180238400,1180324800,1,0,False,False
ours,tgbn-genre,train,1180324800,832,1180328401,13169,1180242063,1180328401,6742912,1108357203,1180328401,6740354,2558,0,187,96ae57e61e6e7dfb,1180324800,1180411200,1,0,False,False
ours,tgbn-genre,train,1180411200,833,1180414801,13176,1180328403,1180414801,6756088,1108357203,1180414801,6753387,2701,0,207,c2fa0297a90bf28e,1180411200,1180497600,1,0,False,False
ours,tgbn-genre,train,1180497600,834,1180501085,12892,1180414805,1180501085,6768980,1108357203,1180501085,6765874,3106,0,200,c07af8ec025085b3,1180497600,1180584000,1,0,False,False
ours,tgbn-genre,train,1180584000,835,1180587423,11266,1180501261,1180587423,6780246,1108357203,1180587423,6777765,2481,0,210,d5b2ae695cb33a96,1180584000,1180670400,1,0,False,False
ours,tgbn-genre,train,1180670400,836,1180674001,13391,1180587603,1180674001,6793637,1108357203,1180674001,6790140,3497,0,199,6f8b2bd0b1f0de9b,1180670400,1180756800,1,0,False,False
ours,tgbn-genre,train,1180756800,837,1180760401,13282,1180674004,1180760401,6806919,1108357203,1180760401,6804210,2709,0,193,8cc577011594cdfa,1180756800,1180843200,1,0,False,False
ours,tgbn-genre,train,1180843200,838,1180846802,11062,1180760460,1180846802,6817981,1108357203,1180846802,6815319,2662,0,181,30c757793b01bdd7,1180843200,1180929600,1,0,False,False
ours,tgbn-genre,train,1180929600,839,1180933202,12397,1180846860,1180933202,6830378,1108357203,1180933202,6827498,2880,0,187,8161383201513174,1180929600,1181016000,1,0,False,False
ours,tgbn-genre,train,1181016000,840,1181019602,13143,1180933205,1181019602,6843521,1108357203,1181019602,6840888,2633,0,199,9a40751f6343ed3c,1181016000,1181102400,1,0,False,False
ours,tgbn-genre,train,1181102400,841,1181106002,13615,1181019603,1181106002,6857136,1108357203,1181106002,6853806,3330,0,202,738b668066a70e85,1181102400,1181188800,1,0,False,False
ours,tgbn-genre,train,1181188800,842,1181192343,17465,1181106003,1181192343,6874601,1108357203,1181192343,6869768,4833,0,193,a3fe0af56525c7d0,1181188800,1181275200,1,0,False,False
ours,tgbn-genre,train,1181275200,843,1181278743,14660,1181192405,1181278743,6889261,1108357203,1181278743,6885605,3656,0,195,bb9fbc782577b88d,1181275200,1181361600,1,0,False,False
ours,tgbn-genre,train,1181361600,844,1181365200,14005,1181278803,1181365200,6903266,1108357203,1181365200,6899742,3524,0,190,fa1c06facc49d090,1181361600,1181448000,1,0,False,False
ours,tgbn-genre,train,1181448000,845,1181451600,12630,1181365260,1181451600,6915896,1108357203,1181451600,6913098,2798,0,162,ca54d3e83974e527,1181448000,1181534400,1,0,False,False
ours,tgbn-genre,train,1181534400,846,1181538001,12951,1181451660,1181538001,6928847,1108357203,1181538001,6925775,3072,0,170,0b07a6d37e2181ed,1181534400,1181620800,1,0,False,False
ours,tgbn-genre,train,1181620800,847,1181624402,13122,1181538003,1181624402,6941969,1108357203,1181624402,6938914,3055,0,196,89e63a11e7f83d4d,1181620800,1181707200,1,0,False,False
ours,tgbn-genre,train,1181707200,848,1181710802,13277,1181624404,1181710802,6955246,1108357203,1181710802,6952623,2623,0,213,007ad2104e7eabea,1181707200,1181793600,1,0,False,False
ours,tgbn-genre,train,1181793600,849,1181797082,11500,1181710803,1181797082,6966746,1108357203,1181797082,6964356,2390,0,202,79ec7db436ca96ff,1181793600,1181880000,1,0,False,False
ours,tgbn-genre,train,1181880000,850,1181883540,12016,1181797204,1181883540,6978762,1108357203,1181883540,6975909,2853,0,187,2c264e82c6d4d17d,1181880000,1181966400,1,0,False,False
ours,tgbn-genre,train,1181966400,851,1181970002,12066,1181883721,1181970002,6990828,1108357203,1181970002,6988345,2483,0,187,60c0fa00b7c75006,1181966400,1182052800,1,0,False,False
ours,tgbn-genre,train,1182052800,852,1182056342,11687,1181970060,1182056342,7002515,1108357203,1182056342,6999681,2834,0,148,c4a61eccc3cfd68b,1182052800,1182139200,1,0,False,False
ours,tgbn-genre,train,1182139200,853,1182142741,11725,1182056460,1182142741,7014240,1108357203,1182142741,7011268,2972,0,159,4cc921995eefd6ae,1182139200,1182225600,1,0,False,False
ours,tgbn-genre,train,1182225600,854,1182229142,12842,1182142865,1182229142,7027082,1108357203,1182229142,7023904,3178,0,183,21649bdfe54fd4ac,1182225600,1182312000,1,0,False,False
ours,tgbn-genre,train,1182312000,855,1182315543,12653,1182229203,1182315543,7039735,1108357203,1182315543,7036191,3544,0,216,1faa9792c9429cbd,1182312000,1182398400,1,0,False,False
ours,tgbn-genre,train,1182398400,856,1182401943,12138,1182315603,1182401943,7051873,1108357203,1182401943,7048728,3145,0,203,256ffbf03b60a67d,1182398400,1182484800,1,0,False,False
ours,tgbn-genre,train,1182484800,857,1182488402,13676,1182402003,1182488402,7065549,1108357203,1182488402,7062888,2661,0,210,9c8b6f26ed76a668,1182484800,1182571200,1,0,False,False
ours,tgbn-genre,train,1182571200,858,1182574802,14596,1182488465,1182574802,7080145,1108357203,1182574802,7077691,2454,0,197,179ac7d64c57e9c0,1182571200,1182657600,1,0,False,False
ours,tgbn-genre,train,1182657600,859,1182661201,10611,1182574981,1182661201,7090756,1108357203,1182661201,7088053,2703,0,179,f974a70054f16105,1182657600,1182744000,1,0,False,False
ours,tgbn-genre,train,1182744000,860,1182747602,12392,1182661203,1182747602,7103148,1108357203,1182747602,7100994,2154,0,178,0af160b5aaa47367,1182744000,1182830400,1,0,False,False
ours,tgbn-genre,train,1182830400,861,1182833885,13999,1182747660,1182833885,7117147,1108357203,1182833885,7113642,3505,0,199,19f29a3077e73157,1182830400,1182916800,1,0,False,False
ours,tgbn-genre,train,1182916800,862,1182920285,14220,1182834005,1182920285,7131367,1108357203,1182920285,7128259,3108,0,207,4d4181b3c974c459,1182916800,1183003200,1,0,False,False
ours,tgbn-genre,train,1183003200,863,1183006802,14154,1182920403,1183006802,7145521,1108357203,1183006802,7142230,3291,0,185,ea4d88a08ad0cb48,1183003200,1183089600,1,0,False,False
ours,tgbn-genre,train,1183089600,864,1183093200,14208,1183006805,1183093200,7159729,1108357203,1183093200,7156674,3055,0,189,f8018c2264449838,1183089600,1183176000,1,0,False,False
ours,tgbn-genre,train,1183176000,865,1183179545,11855,1183093203,1183179545,7171584,1108357203,1183179545,7169087,2497,0,184,428b19ed9d579a36,1183176000,1183262400,1,0,False,False
ours,tgbn-genre,train,1183262400,866,1183266002,12483,1183179663,1183266002,7184067,1108357203,1183266002,7181225,2842,0,166,6b3ddb0a0ab895b4,1183262400,1183348800,1,0,False,False
ours,tgbn-genre,train,1183348800,867,1183352402,11741,1183266005,1183352402,7195808,1108357203,1183352402,7192790,3018,0,171,1a5c5c37763a8c3e,1183348800,1183435200,1,0,False,False
ours,tgbn-genre,train,1183435200,868,1183438802,12781,1183352464,1183438802,7208589,1108357203,1183438802,7205759,2830,0,184,39ddd763d3a6e686,1183435200,1183521600,1,0,False,False
ours,tgbn-genre,train,1183521600,869,1183525141,12240,1183438862,1183525141,7220829,1108357203,1183525141,7218047,2782,0,203,cb5f72437c52bca3,1183521600,1183608000,1,0,False,False
ours,tgbn-genre,train,1183608000,870,1183611602,13057,1183525204,1183611602,7233886,1108357203,1183611602,7231013,2873,0,199,6ff2972a158ebcb5,1183608000,1183694400,1,0,False,False
ours,tgbn-genre,train,1183694400,871,1183697944,13875,1183611665,1183697944,7247761,1108357203,1183697944,7244236,3525,0,185,0d49f64eebf1d597,1183694400,1183780800,1,0,False,False
ours,tgbn-genre,train,1183780800,872,1183784402,12473,1183698121,1183784402,7260234,1108357203,1183784402,7257860,2374,0,195,1ccde63c17a22e8e,1183780800,1183867200,1,0,False,False
ours,tgbn-genre,train,1183867200,873,1183870802,10165,1183784405,1183870802,7270399,1108357203,1183870802,7267850,2549,0,180,20e4756772694a9d,1183867200,1183953600,1,0,False,False
ours,tgbn-genre,train,1183953600,874,1183957201,12231,1183870804,1183957201,7282630,1108357203,1183957201,7279670,2960,0,162,1e1df4be7e009689,1183953600,1184040000,1,0,False,False
ours,tgbn-genre,train,1184040000,875,1184043602,11083,1183957205,1184043602,7293713,1108357203,1184043602,7291005,2708,0,193,747296e51c6ec13d,1184040000,1184126400,1,0,False,False
ours,tgbn-genre,train,1184126400,876,1184129941,14622,1184043604,1184129941,7308335,1108357203,1184129941,7305046,3289,0,203,9cb0aa960e222a96,1184126400,1184212800,1,0,False,False
ours,tgbn-genre,train,1184212800,877,1184216281,13431,1184130060,1184216281,7321766,1108357203,1184216281,7319005,2761,0,192,4eedd0f9a576a760,1184212800,1184299200,1,0,False,False
ours,tgbn-genre,train,1184299200,878,1184302744,12726,1184216404,1184302744,7334492,1108357203,1184302744,7331439,3053,0,192,2d7eaba00cb6bafd,1184299200,1184385600,1,0,False,False
ours,tgbn-genre,train,1184385600,879,1184389202,16164,1184302803,1184389202,7350656,1108357203,1184389202,7347113,3543,0,188,bf3e00cb8689c72e,1184385600,1184472000,1,0,False,False
ours,tgbn-genre,train,1184472000,880,1184475601,13025,1184389203,1184475601,7363681,1108357203,1184475601,7360178,3503,0,168,4b2cefef17f8c1a9,1184472000,1184558400,1,0,False,False
ours,tgbn-genre,train,1184558400,881,1184562000,11377,1184475605,1184562000,7375058,1108357203,1184562000,7371975,3083,0,163,b14094a8ce8b5cf4,1184558400,1184644800,1,0,False,False
ours,tgbn-genre,train,1184644800,882,1184648400,14018,1184562003,1184648400,7389076,1108357203,1184648400,7385655,3421,0,183,d2821103c874d0a3,1184644800,1184731200,1,0,False,False
ours,tgbn-genre,train,1184731200,883,1184734800,12269,1184648465,1184734800,7401345,1108357203,1184734800,7399119,2226,0,194,53e9a9c2d1043ecb,1184731200,1184817600,1,0,False,False
ours,tgbn-genre,train,1184817600,884,1184821200,13116,1184734804,1184821200,7414461,1108357203,1184821200,7411738,2723,0,207,9407ddb4788ba34b,1184817600,1184904000,1,0,False,False
ours,tgbn-genre,train,1184904000,885,1184907601,12794,1184821260,1184907601,7427255,1108357203,1184907601,7424351,2904,0,190,2a343b5e2869fd78,1184904000,1184990400,1,0,False,False
ours,tgbn-genre,train,1184990400,886,1184993944,12189,1184907604,1184993944,7439444,1108357203,1184993944,7436841,2603,0,199,66eced8969f970f6,1184990400,1185076800,1,0,False,False
ours,tgbn-genre,train,1185076800,887,1185080400,9366,1184994061,1185080400,7448810,1108357203,1185080400,7446377,2433,0,163,744dab30609aeef6,1185076800,1185163200,1,0,False,False
ours,tgbn-genre,train,1185163200,888,1185166801,10420,1185080403,1185166801,7459230,1108357203,1185166801,7456942,2288,0,162,50dc82e0697ce220,1185163200,1185249600,1,0,False,False
ours,tgbn-genre,train,1185249600,889,1185253202,11943,1185166804,1185253202,7471173,1108357203,1185253202,7468349,2824,0,182,5e6a21e25b8112ae,1185249600,1185336000,1,0,False,False
ours,tgbn-genre,train,1185336000,890,1185339602,11400,1185253204,1185339602,7482573,1108357203,1185339602,7479707,2866,0,195,501166f840dc39be,1185336000,1185422400,1,0,False,False
ours,tgbn-genre,train,1185422400,891,1185425944,13574,1185339603,1185425944,7496147,1108357203,1185425944,7492592,3555,0,189,136f05f7af2c6095,1185422400,1185508800,1,0,False,False
ours,tgbn-genre,train,1185508800,892,1185512283,10920,1185426003,1185512283,7507067,1108357203,1185512283,7504425,2642,0,167,1e79df04f2c6b6bb,1185508800,1185595200,1,0,False,False
ours,tgbn-genre,train,1185595200,893,1185598801,10327,1185512465,1185598801,7517394,1108357203,1185598801,7514981,2413,0,167,9267762c049ca4d2,1185595200,1185681600,1,0,False,False
ours,tgbn-genre,train,1185681600,894,1185685202,12077,1185598803,1185685202,7529471,1108357203,1185685202,7526493,2978,0,157,a54eb77c086e733e,1185681600,1185768000,1,0,False,False
ours,tgbn-genre,train,1185768000,895,1185771601,10482,1185685203,1185771601,7539953,1108357203,1185771601,7537147,2806,0,160,8c7f0e2054d7555d,1185768000,1185854400,1,0,False,False
ours,tgbn-genre,train,1185854400,896,1185858000,11424,1185771603,1185858000,7551377,1108357203,1185858000,7548481,2896,0,172,fd622ac766e8161c,1185854400,1185940800,1,0,False,False
ours,tgbn-genre,train,1185940800,897,1185944402,12791,1185858062,1185944402,7564168,1108357203,1185944402,7561192,2976,0,183,eb6ee7eb0cd3a503,1185940800,1186027200,1,0,False,False
ours,tgbn-genre,train,1186027200,898,1186030684,11574,1185944461,1186030684,7575742,1108357203,1186030684,7573014,2728,0,197,f16b1574af16b938,1186027200,1186113600,1,0,False,False
ours,tgbn-genre,train,1186113600,899,1186117201,12566,1186030980,1186117201,7588308,1108357203,1186117201,7585210,3098,0,188,409512f9cffb1e4a,1186113600,1186200000,1,0,False,False
ours,tgbn-genre,train,1186200000,900,1186203602,11834,1186117262,1186203602,7600142,1108357203,1186203602,7596884,3258,0,190,02d647080b2bac0d,1186200000,1186286400,1,0,False,False
ours,tgbn-genre,train,1186286400,901,1186289942,11814,1186203603,1186289942,7611956,1108357203,1186289942,7608820,3136,0,156,8ea2bf34413da49b,1186286400,1186372800,1,0,False,False
ours,tgbn-genre,train,1186372800,902,1186376345,10100,1186290003,1186376345,7622056,1108357203,1186376345,7619258,2798,0,163,a5b726a516a2b1fe,1186372800,1186459200,1,0,False,False
ours,tgbn-genre,train,1186459200,903,1186462743,12707,1186376405,1186462743,7634763,1108357203,1186462743,7631814,2949,0,183,c37378b988b767a9,1186459200,1186545600,1,0,False,False
ours,tgbn-genre,train,1186545600,904,1186549200,13080,1186462803,1186549200,7647843,1108357203,1186549200,7644760,3083,0,185,7bbb8132ff3c8d53,1186545600,1186632000,1,0,False,False
ours,tgbn-genre,train,1186632000,905,1186635600,12327,1186549262,1186635600,7660170,1108357203,1186635600,7657419,2751,0,198,446c7261807550c8,1186632000,1186718400,1,0,False,False
ours,tgbn-genre,train,1186718400,906,1186722001,11720,1186635662,1186722001,7671890,1108357203,1186722001,7669347,2543,0,187,ecce15eb3b19ca09,1186718400,1186804800,1,0,False,False
ours,tgbn-genre,train,1186804800,907,1186808401,12218,1186722005,1186808401,7684108,1108357203,1186808401,7681613,2495,0,194,673532a12134ad8a,1186804800,1186891200,1,0,False,False
ours,tgbn-genre,train,1186891200,908,1186894745,11255,1186808462,1186894745,7695363,1108357203,1186894745,7692943,2420,0,185,6710ba7dc0c255f6,1186891200,1186977600,1,0,False,False
ours,tgbn-genre,train,1186977600,909,1186981202,11074,1186894804,1186981202,7706437,1108357203,1186981202,7703772,2665,0,177,f9fa8d3a2a2978dc,1186977600,1187064000,1,0,False,False
ours,tgbn-genre,train,1187064000,910,1187067542,14230,1186981204,1187067542,7720667,1108357203,1187067542,7717563,3104,0,185,e66d72d8cdce0907,1187064000,1187150400,1,0,False,False
ours,tgbn-genre,train,1187150400,911,1187154002,12811,1187067605,1187154002,7733478,1108357203,1187154002,7730321,3157,0,192,9f7ae20f334fd2c6,1187150400,1187236800,1,0,False,False
ours,tgbn-genre,train,1187236800,912,1187240402,13105,1187154005,1187240402,7746583,1108357203,1187240402,7743307,3276,0,187,b4edb063184e0306,1187236800,1187323200,1,0,False,False
ours,tgbn-genre,train,1187323200,913,1187326802,11734,1187240405,1187326802,7758317,1108357203,1187326802,7755653,2664,0,190,86777a52a33de54d,1187323200,1187409600,1,0,False,False
ours,tgbn-genre,train,1187409600,914,1187413201,13003,1187326805,1187413201,7771320,1108357203,1187413201,7768620,2700,0,195,404851a55b27228d,1187409600,1187496000,1,0,False,False
ours,tgbn-genre,train,1187496000,915,1187499602,12873,1187413204,1187499602,7784193,1108357203,1187499602,7781428,2765,0,170,8044dec88ec86301,1187496000,1187582400,1,0,False,False
ours,tgbn-genre,train,1187582400,916,1187585944,11519,1187499604,1187585944,7795712,1108357203,1187585944,7793132,2580,0,172,3e0596004c3bff29,1187582400,1187668800,1,0,False,False
ours,tgbn-genre,train,1187668800,917,1187672345,11429,1187586005,1187672345,7807141,1108357203,1187672345,7804756,2385,0,197,abdb76d14359a065,1187668800,1187755200,1,0,False,False
ours,tgbn-genre,train,1187755200,918,1187758801,13157,1187672403,1187758801,7820298,1108357203,1187758801,7817740,2558,0,195,0844e4ab7628548c,1187755200,1187841600,1,0,False,False
ours,tgbn-genre,train,1187841600,919,1187845202,11751,1187758803,1187845202,7832049,1108357203,1187845202,7829565,2484,0,205,82cd751db934a53e,1187841600,1187928000,1,0,False,False
ours,tgbn-genre,train,1187928000,920,1187931600,12234,1187845204,1187931600,7844283,1108357203,1187931600,7841690,2593,0,216,e0a0dcacc897c819,1187928000,1188014400,1,0,False,False
ours,tgbn-genre,train,1188014400,921,1188018002,11932,1187931660,1188018002,7856215,1108357203,1188018002,7853041,3174,0,209,d7bc1f60991e7d1e,1188014400,1188100800,1,0,False,False
ours,tgbn-genre,train,1188100800,922,1188104344,12179,1188018003,1188104344,7868394,1108357203,1188104344,7865704,2690,0,194,67fb9f047badc5f1,1188100800,1188187200,1,0,False,False
ours,tgbn-genre,train,1188187200,923,1188190625,11883,1188104405,1188190625,7880277,1108357203,1188190625,7877317,2960,0,199,d4962f856340e5d9,1188187200,1188273600,1,0,False,False
ours,tgbn-genre,train,1188273600,924,1188277143,13641,1188190862,1188277143,7893918,1108357203,1188277143,7890557,3361,0,201,ae6e2886f337fbee,1188273600,1188360000,1,0,False,False
ours,tgbn-genre,train,1188360000,925,1188363602,13034,1188277260,1188363602,7906952,1108357203,1188363602,7904263,2689,0,225,3abf794b638f8f53,1188360000,1188446400,1,0,False,False
ours,tgbn-genre,train,1188446400,926,1188450001,14742,1188363605,1188450001,7921694,1108357203,1188450001,7918121,3573,0,215,11b8941ba3ab6987,1188446400,1188532800,1,0,False,False
ours,tgbn-genre,train,1188532800,927,1188536345,14465,1188450004,1188536345,7936159,1108357203,1188536345,7932163,3996,0,214,15f44b62c25dcd58,1188532800,1188619200,1,0,False,False
ours,tgbn-genre,train,1188619200,928,1188622802,16111,1188536405,1188622802,7952270,1108357203,1188622802,7948768,3502,0,208,11b39a3bb73c2214,1188619200,1188705600,1,0,False,False
ours,tgbn-genre,train,1188705600,929,1188709145,13609,1188622803,1188709145,7965879,1108357203,1188709145,7963057,2822,0,175,b9eb3d7b5f565d57,1188705600,1188792000,1,0,False,False
ours,tgbn-genre,train,1188792000,930,1188795602,12084,1188709260,1188795602,7977963,1108357203,1188795602,7974916,3047,0,186,e259abb2372c0daa,1188792000,1188878400,1,0,False,False
ours,tgbn-genre,train,1188878400,931,1188882001,15178,1188795663,1188882001,7993141,1108357203,1188882001,7989237,3904,0,201,54fc65fdce0f9005,1188878400,1188964800,1,0,False,False
ours,tgbn-genre,train,1188964800,932,1188968400,15653,1188882060,1188968400,8008794,1108357203,1188968400,8004872,3922,0,214,b83d8301d0aa7720,1188964800,1189051200,1,0,False,False
ours,tgbn-genre,train,1189051200,933,1189054800,12881,1188968403,1189054800,8021675,1108357203,1189054800,8018916,2759,0,213,408c630d32f1a57c,1189051200,1189137600,1,0,False,False
ours,tgbn-genre,train,1189137600,934,1189141202,14262,1189054803,1189141202,8035937,1108357203,1189141202,8033013,2924,0,218,edf7b692d8dc0239,1189137600,1189224000,1,0,False,False
ours,tgbn-genre,train,1189224000,935,1189227542,14806,1189141260,1189227542,8050743,1108357203,1189227542,8047531,3212,0,214,5cd5a75a7f739b23,1189224000,1189310400,1,0,False,False
ours,tgbn-genre,train,1189310400,936,1189314000,13652,1189227605,1189314000,8064395,1108357203,1189314000,8061075,3320,0,179,b808402f22de87be,1189310400,1189396800,1,0,False,False
ours,tgbn-genre,train,1189396800,937,1189400343,14626,1189314004,1189400343,8079021,1108357203,1189400343,8075831,3190,0,191,dc6c1eeb57bb3a11,1189396800,1189483200,1,0,False,False
ours,tgbn-genre,train,1189483200,938,1189486741,13911,1189400461,1189486741,8092932,1108357203,1189486741,8089686,3246,0,228,49f62130211a256b,1189483200,1189569600,1,0,False,False
ours,tgbn-genre,train,1189569600,939,1189573202,13075,1189486922,1189573202,8106007,1108357203,1189573202,8102579,3428,0,212,080168ebce732eca,1189569600,1189656000,1,0,False,False
ours,tgbn-genre,train,1189656000,940,1189659602,14380,1189573205,1189659602,8120387,1108357203,1189659602,8117182,3205,0,240,263860e614afb0a8,1189656000,1189742400,1,0,False,False
ours,tgbn-genre,train,1189742400,941,1189745943,13688,1189659663,1189745943,8134075,1108357203,1189745943,8130577,3498,0,226,0c6b045812cd78eb,1189742400,1189828800,1,0,False,False
ours,tgbn-genre,train,1189828800,942,1189832401,13042,1189746004,1189832401,8147117,1108357203,1189832401,8144398,2719,0,206,5feaecc87c03e8c5,1189828800,1189915200,1,0,False,False
ours,tgbn-genre,train,1189915200,943,1189918741,13222,1189832464,1189918741,8160339,1108357203,1189918741,8157583,2756,0,192,c7ed7e56c67f4451,1189915200,1190001600,1,0,False,False
ours,tgbn-genre,train,1190001600,944,1190005202,13170,1189918803,1190005202,8173509,1108357203,1190005202,8170391,3118,0,192,77705e4fc2bad8db,1190001600,1190088000,1,0,False,False
ours,tgbn-genre,train,1190088000,945,1190091542,12973,1190005204,1190091542,8186482,1108357203,1190091542,8183557,2925,0,223,4f122e2e7c535c1a,1190088000,1190174400,1,0,False,False
ours,tgbn-genre,train,1190174400,946,1190178002,12022,1190091603,1190178002,8198504,1108357203,1190178002,8195510,2994,0,227,a10da4ce6324b8eb,1190174400,1190260800,1,0,False,False
ours,tgbn-genre,train,1190260800,947,1190264402,14315,1190178004,1190264402,8212819,1108357203,1190264402,8209612,3207,0,228,2707679c9d3ce61f,1190260800,1190347200,1,0,False,False
ours,tgbn-genre,train,1190347200,948,1190350744,13494,1190264465,1190350744,8226313,1108357203,1190350744,8223016,3297,0,214,2ef0418e90e6e455,1190347200,1190433600,1,0,False,False
ours,tgbn-genre,train,1190433600,949,1190437201,13340,1190350803,1190437201,8239653,1108357203,1190437201,8236159,3494,0,219,dc1bfb409e69e73c,1190433600,1190520000,1,0,False,False
ours,tgbn-genre,train,1190520000,950,1190523600,12301,1190437203,1190523600,8251954,1108357203,1190523600,8248918,3036,0,181,4bb362528d75c1cb,1190520000,1190606400,1,0,False,False
ours,tgbn-genre,train,1190606400,951,1190610002,13429,1190523603,1190610002,8265383,1108357203,1190610002,8262226,3157,0,195,ddc9ccccdd950b96,1190606400,1190692800,1,0,False,False
ours,tgbn-genre,train,1190692800,952,1190696402,15169,1190610003,1190696402,8280552,1108357203,1190696402,8277399,3153,0,216,9709d9ceb19ff1fb,1190692800,1190779200,1,0,False,False
ours,tgbn-genre,train,1190779200,953,1190782745,14612,1190696404,1190782745,8295164,1108357203,1190782745,8292104,3060,0,221,c9cc8e651e937c3b,1190779200,1190865600,1,0,False,False
ours,tgbn-genre,train,1190865600,954,1190869202,14669,1190782803,1190869202,8309833,1108357203,1190869202,8306842,2991,0,218,6ca3d2b5bc29be8e,1190865600,1190952000,1,0,False,False
ours,tgbn-genre,train,1190952000,955,1190955544,14269,1190869262,1190955544,8324102,1108357203,1190955544,8321169,2933,0,217,21d3275a34975f5b,1190952000,1191038400,1,0,False,False
ours,tgbn-genre,train,1191038400,956,1191042002,12117,1190955661,1191042002,8336219,1108357203,1191042002,8333520,2699,0,214,95d49344a4b844e3,1191038400,1191124800,1,0,False,False
ours,tgbn-genre,train,1191124800,957,1191128401,9863,1191042061,1191128401,8346082,1108357203,1191128401,8343827,2255,0,193,de9c66e7398a3b20,1191124800,1191211200,1,0,False,False
ours,tgbn-genre,train,1191211200,958,1191214800,12423,1191128461,1191214800,8358505,1108357203,1191214800,8355489,3016,0,211,f71a90113a3c7467,1191211200,1191297600,1,0,False,False
ours,tgbn-genre,train,1191297600,959,1191301202,12504,1191214804,1191301202,8371009,1108357203,1191301202,8368483,2526,0,222,4920f269ef6150d7,1191297600,1191384000,1,0,False,False
ours,tgbn-genre,train,1191384000,960,1191387601,13790,1191301203,1191387601,8384799,1108357203,1191387601,8382178,2621,0,217,ec529b91ad995f4b,1191384000,1191470400,1,0,False,False
ours,tgbn-genre,train,1191470400,961,1191473942,15382,1191387661,1191473942,8400181,1108357203,1191473942,8397649,2532,0,231,e0b1d61b42a21a4d,1191470400,1191556800,1,0,False,False
ours,tgbn-genre,train,1191556800,962,1191560402,13316,1191474003,1191560402,8413497,1108357203,1191560402,8410457,3040,0,220,4d67a3736f79cbf8,1191556800,1191643200,1,0,False,False
ours,tgbn-genre,train,1191643200,963,1191646740,13287,1191560403,1191646740,8426784,1108357203,1191646740,8423628,3156,0,221,9a6d21cd0471052f,1191643200,1191729600,1,0,False,False
ours,tgbn-genre,train,1191729600,964,1191733144,11912,1191646863,1191733144,8438696,1108357203,1191733144,8435579,3117,0,192,4426ffef43da0f82,1191729600,1191816000,1,0,False,False
ours,tgbn-genre,train,1191816000,965,1191819482,13736,1191733203,1191819482,8452432,1108357203,1191819482,8448679,3753,0,199,117e4a6e574ee039,1191816000,1191902400,1,0,False,False
ours,tgbn-genre,train,1191902400,966,1191905882,14540,1191819603,1191905882,8466972,1108357203,1191905882,8463244,3728,0,230,757a00e4b29f1146,1191902400,1191988800,1,0,False,False
ours,tgbn-genre,train,1191988800,967,1191992345,13144,1191906060,1191992345,8480116,1108357203,1191992345,8477268,2848,0,216,d511769fad17a623,1191988800,1192075200,1,0,False,False
ours,tgbn-genre,train,1192075200,968,1192078743,13133,1191992460,1192078743,8493249,1108357203,1192078743,8490497,2752,0,220,e94c5f61bf984b48,1192075200,1192161600,1,0,False,False
ours,tgbn-genre,train,1192161600,969,1192165202,13069,1192078862,1192165202,8506318,1108357203,1192165202,8503504,2814,0,231,0f285eb7adba3217,1192161600,1192248000,1,0,False,False
ours,tgbn-genre,train,1192248000,970,1192251601,13910,1192165203,1192251601,8520228,1108357203,1192251601,8516987,3241,0,210,ec314bc38932a389,1192248000,1192334400,1,0,False,False
ours,tgbn-genre,train,1192334400,971,1192338002,14825,1192251603,1192338002,8535053,1108357203,1192338002,8532214,2839,0,193,f58b3ea145727b71,1192334400,1192420800,1,0,False,False
ours,tgbn-genre,train,1192420800,972,1192424344,12640,1192338062,1192424344,8547693,1108357203,1192424344,8545192,2501,0,186,6b80fa1fb339d653,1192420800,1192507200,1,0,False,False
ours,tgbn-genre,train,1192507200,973,1192510800,14523,1192424403,1192510800,8562216,1108357203,1192510800,8558458,3758,0,212,939e09188c900d0e,1192507200,1192593600,1,0,False,False
ours,tgbn-genre,train,1192593600,974,1192597201,13522,1192510860,1192597201,8575738,1108357203,1192597201,8572848,2890,0,222,10b65cc9a2c51dc2,1192593600,1192680000,1,0,False,False
ours,tgbn-genre,train,1192680000,975,1192683540,13223,1192597203,1192683540,8588961,1108357203,1192683540,8586385,2576,0,217,e21d036bfee2b25e,1192680000,1192766400,1,0,False,False
ours,tgbn-genre,train,1192766400,976,1192770000,13855,1192683603,1192770000,8602816,1108357203,1192770000,8598999,3817,0,217,5286aac92e005896,1192766400,1192852800,1,0,False,False
ours,tgbn-genre,train,1192852800,977,1192856343,14552,1192770004,1192856343,8617368,1108357203,1192856343,8613665,3703,0,237,257fffa80d1a78fd,1192852800,1192939200,1,0,False,False
ours,tgbn-genre,train,1192939200,978,1192942800,14143,1192856461,1192942800,8631511,1108357203,1192942800,8628612,2899,0,182,36f10e5ff6247e2d,1192939200,1193025600,1,0,False,False
ours,tgbn-genre,train,1193025600,979,1193029144,11153,1192942803,1193029144,8642664,1108357203,1193029144,8639831,2833,0,198,934a2144a536ab9d,1193025600,1193112000,1,0,False,False
ours,tgbn-genre,train,1193112000,980,1193115600,12668,1193029204,1193115600,8655332,1108357203,1193115600,8652441,2891,0,222,4896c2d39b0f79d1,1193112000,1193198400,1,0,False,False
ours,tgbn-genre,train,1193198400,981,1193202000,13645,1193115605,1193202000,8668977,1108357203,1193202000,8665955,3022,0,229,69bcb14a6d361ea1,1193198400,1193284800,1,0,False,False
ours,tgbn-genre,train,1193284800,982,1193288345,14225,1193202003,1193288345,8683202,1108357203,1193288345,8680124,3078,0,230,b0c401750f6a5438,1193284800,1193371200,1,0,False,False
ours,tgbn-genre,train,1193371200,983,1193374625,13951,1193288404,1193374625,8697153,1108357203,1193374625,8693278,3875,0,221,dc66c419882eebaf,1193371200,1193457600,1,0,False,False
ours,tgbn-genre,train,1193457600,984,1193461145,13915,1193374860,1193461145,8711068,1108357203,1193461145,8707918,3150,0,232,024e1cfb1ac601ec,1193457600,1193544000,1,0,False,False
ours,tgbn-genre,train,1193544000,985,1193547600,12190,1193461205,1193547600,8723258,1108357203,1193547600,8719918,3340,0,208,7d69ab54b1bf72f8,1193544000,1193630400,1,0,False,False
ours,tgbn-genre,train,1193630400,986,1193633943,14318,1193547604,1193633943,8737576,1108357203,1193633943,8733714,3862,0,214,8b301b46180ff7c7,1193630400,1193716800,1,0,False,False
ours,tgbn-genre,train,1193716800,987,1193720344,15710,1193634003,1193720344,8753286,1108357203,1193720344,8749270,4016,0,218,127956b5fd998322,1193716800,1193803200,1,0,False,False
ours,tgbn-genre,train,1193803200,988,1193806802,15707,1193720404,1193806802,8768993,1108357203,1193806802,8765253,3740,0,220,ae81c2b7c153cc18,1193803200,1193889600,1,0,False,False
ours,tgbn-genre,train,1193889600,989,1193893144,15372,1193806865,1193893144,8784365,1108357203,1193893144,8780181,4184,0,242,f9f5f0adb0592bed,1193889600,1193976000,1,0,False,False
ours,tgbn-genre,train,1193976000,990,1193979602,14162,1193893203,1193979602,8798527,1108357203,1193979602,8794580,3947,0,236,2b995abf53274c82,1193976000,1194062400,1,0,False,False
ours,tgbn-genre,train,1194062400,991,1194066001,15025,1193979660,1194066001,8813552,1108357203,1194066001,8809183,4369,0,233,488633052567a4e2,1194062400,1194148800,1,0,False,False
ours,tgbn-genre,train,1194148800,992,1194152400,15081,1194066060,1194152400,8828633,1108357203,1194152400,8824744,3889,0,215,67fb7173a8043edf,1194148800,1194238800,1,0,False,False
ours,tgbn-genre,train,1194238800,993,1194238800,12959,1194152460,1194238800,8841592,1108357203,1194238800,8837851,3741,0,203,ee61e6694fe6b148,1194238800,1194325200,1,0,False,False
ours,tgbn-genre,train,1194325200,995,1194411602,15945,1194325260,1194411602,8872867,1108357203,1194411602,8852176,15449,5242,217,ae530e9dafd481c5,1194325200,1194498000,2,0,False,False
ours,tgbn-genre,train,1194411600,995,1194411602,15945,1194325260,1194411602,8872867,1108357203,1194411602,8867625,5242,0,244,47d5c896b246b039,1194325200,1194498000,2,1,False,False
ours,tgbn-genre,train,1194498000,996,1194498001,14208,1194411604,1194498001,8887075,1108357203,1194498001,8882953,4122,0,236,b1a6e8f0ed231040,1194498000,1194584400,1,0,False,False
ours,tgbn-genre,train,1194584400,997,1194584400,15190,1194498003,1194584400,8902265,1108357203,1194584400,8897929,4336,0,236,64e2c9c0ec21abdb,1194584400,1194670800,1,0,False,False
ours,tgbn-genre,train,1194670800,998,1194670802,13927,1194584403,1194670802,8916192,1108357203,1194670802,8912305,3887,0,217,5148468b285ec9ae,1194670800,1194757200,1,0,False,False
ours,tgbn-genre,train,1194757200,999,1194757201,14778,1194670803,1194757201,8930970,1108357203,1194757201,8927350,3620,0,198,2f65aa451b711095,1194757200,1194843600,1,0,False,False
ours,tgbn-genre,train,1194843600,1000,1194843602,15372,1194757204,1194843602,8946342,1108357203,1194843602,8942605,3737,0,201,d998a018f48a6c41,1194843600,1194930000,1,0,False,False
ours,tgbn-genre,train,1194930000,1001,1194930002,14898,1194843605,1194930002,8961240,1108357203,1194930002,8956819,4421,0,226,6d0ddef51a3e1f5f,1194930000,1195016400,1,0,False,False
ours,tgbn-genre,train,1195016400,1002,1195016402,14820,1194930003,1195016402,8976060,1108357203,1195016402,8971977,4083,0,232,59debae76573d959,1195016400,1195102800,1,0,False,False
ours,tgbn-genre,train,1195102800,1003,1195102802,15112,1195016403,1195102802,8991172,1108357203,1195102802,8986595,4577,0,216,05bf9da8ed837885,1195102800,1195189200,1,0,False,False
ours,tgbn-genre,train,1195189200,1004,1195189202,16311,1195102804,1195189202,9007483,1108357203,1195189202,9003596,3887,0,229,88a61347ca684659,1195189200,1195275600,1,0,False,False
ours,tgbn-genre,train,1195275600,1005,1195275602,13892,1195189203,1195275602,9021375,1108357203,1195275602,9017162,4213,0,203,f3a448a1612682ea,1195275600,1195362000,1,0,False,False
ours,tgbn-genre,train,1195362000,1006,1195362001,13203,1195275603,1195362001,9034578,1108357203,1195362001,9030820,3758,0,201,462bca044fa9dbba,1195362000,1195448400,1,0,False,False
ours,tgbn-genre,train,1195448400,1007,1195448401,12793,1195362004,1195448401,9047371,1108357203,1195448401,9044316,3055,0,226,5c434d044a95c6d9,1195448400,1195534800,1,0,False,False
ours,tgbn-genre,train,1195534800,1008,1195534802,15864,1195448404,1195534802,9063235,1108357203,1195534802,9059221,4014,0,231,cee8d6c4312a2700,1195534800,1195621200,1,0,False,False
ours,tgbn-genre,train,1195621200,1010,1195707543,14386,1195621204,1195707543,9091586,1108357203,1195707543,9072875,14700,4011,227,7a42243b29cf1377,1195621200,1195707600,1,0,False,False
ours,tgbn-genre,train,1195707600,1011,1195794002,15767,1195707605,1195794002,9107353,1108357203,1195794002,9087575,15320,4458,231,598307402ca0985a,1195707600,1195880400,2,0,False,False
ours,tgbn-genre,train,1195794000,1011,1195794002,15767,1195707605,1195794002,9107353,1108357203,1195794002,9102895,4458,0,227,19b0a58be4afcef9,1195707600,1195880400,2,1,False,False
ours,tgbn-genre,train,1195880400,1012,1195880402,15108,1195794060,1195880402,9122461,1108357203,1195880402,9118506,3955,0,218,94786b029f13bcb7,1195880400,1195966800,1,0,False,False
ours,tgbn-genre,train,1195966800,1013,1195966800,14945,1195880403,1195966800,9137406,1108357203,1195966800,9133385,4021,0,205,3fe0d68052f47405,1195966800,1196053200,1,0,False,False
ours,tgbn-genre,train,1196053200,1014,1196053202,14973,1195966803,1196053202,9152379,1108357203,1196053202,9147640,4739,0,221,ca62eb7cc4d59f2b,1196053200,1196139600,1,0,False,False
ours,tgbn-genre,train,1196139600,1015,1196139601,14546,1196053203,1196139601,9166925,1108357203,1196139601,9163154,3771,0,221,4849789b8443a1a4,1196139600,1196226000,1,0,False,False
ours,tgbn-genre,train,1196226000,1016,1196226000,14362,1196139661,1196226000,9181287,1108357203,1196226000,9177266,4021,0,229,0070d24f6f939dae,1196226000,1196312400,1,0,False,False
ours,tgbn-genre,train,1196312400,1017,1196312402,15518,1196226062,1196312402,9196805,1108357203,1196312402,9192900,3905,0,241,46c15728415a7752,1196312400,1196398800,1,0,False,False
ours,tgbn-genre,train,1196398800,1018,1196398800,14380,1196312403,1196398800,9211185,1108357203,1196398800,9207512,3673,0,224,e0c6963fa011b913,1196398800,1196485200,1,0,False,False
ours,tgbn-genre,train,1196485200,1019,1196485201,15460,1196398803,1196485201,9226645,1108357203,1196485201,9222584,4061,0,226,8df8083a743e42df,1196485200,1196571600,1,0,False,False
ours,tgbn-genre,train,1196571600,1020,1196571602,18207,1196485203,1196571602,9244852,1108357203,1196571602,9240805,4047,0,201,6159e49a46bbb904,1196571600,1196658000,1,0,False,False
ours,tgbn-genre,train,1196658000,1022,1196744402,14526,1196658061,1196744402,9274485,1108357203,1196744402,9255660,14441,4384,201,501918d637650426,1196658000,1196830800,2,0,False,False
ours,tgbn-genre,train,1196744400,1022,1196744402,14526,1196658061,1196744402,9274485,1108357203,1196744402,9270101,4384,0,221,7e7d937bdb982271,1196658000,1196830800,2,1,False,False
ours,tgbn-genre,train,1196830800,1023,1196830801,15525,1196744403,1196830801,9290010,1108357203,1196830801,9285573,4437,0,227,7e09dbe126edfea0,1196830800,1196917200,1,0,False,False
ours,tgbn-genre,train,1196917200,1024,1196917202,14761,1196830803,1196917202,9304771,1108357203,1196917202,9300793,3978,0,220,b736018430d923aa,1196917200,1197003600,1,0,False,False
ours,tgbn-genre,train,1197003600,1025,1197003602,13672,1196917203,1197003602,9318443,1108357203,1197003602,9314518,3925,0,224,4ac6c5c7bd5e9e6a,1197003600,1197090000,1,0,False,False
ours,tgbn-genre,train,1197090000,1026,1197090002,12632,1197003603,1197090002,9331075,1108357203,1197090002,9327867,3208,0,224,65e8f04b62e53f76,1197090000,1197176400,1,0,False,False
ours,tgbn-genre,train,1197176400,1027,1197176401,12322,1197090005,1197176401,9343397,1108357203,1197176401,9340422,2975,0,196,aef84d9d0c4caa84,1197176400,1197262800,1,0,False,False
ours,tgbn-genre,train,1197262800,1029,1197349202,16072,1197262803,1197349202,9372735,1108357203,1197349202,9353104,15140,4491,211,2a31c5c14c9acb77,1197262800,1197435600,2,0,False,False
ours,tgbn-genre,train,1197349200,1029,1197349202,16072,1197262803,1197349202,9372735,1108357203,1197349202,9368244,4491,0,221,bb95f878a7b9ad18,1197262800,1197435600,2,1,False,False
ours,tgbn-genre,train,1197435600,1030,1197435602,13667,1197349205,1197435602,9386402,1108357203,1197435602,9382673,3729,0,238,406925eba160c628,1197435600,1197522000,1,0,False,False
ours,tgbn-genre,train,1197522000,1031,1197522002,14947,1197435605,1197522002,9401349,1108357203,1197522002,9397147,4202,0,228,6e566424c2b4dbae,1197522000,1197608400,1,0,False,False
ours,tgbn-genre,train,1197608400,1032,1197608402,14801,1197522060,1197608402,9416150,1108357203,1197608402,9412030,4120,0,199,01906ae58eaaa02d,1197608400,1197694800,1,0,False,False
ours,tgbn-genre,train,1197694800,1033,1197694801,15137,1197608403,1197694801,9431287,1108357203,1197694801,9427651,3636,0,201,751707674a55034f,1197694800,1197781200,1,0,False,False
ours,tgbn-genre,train,1197781200,1035,1197867602,13753,1197781204,1197867602,9458344,1108357203,1197867602,9441802,12701,3841,184,5d83f1f697373df0,1197781200,1197954000,2,0,False,False
ours,tgbn-genre,train,1197867600,1035,1197867602,13753,1197781204,1197867602,9458344,1108357203,1197867602,9454503,3841,0,194,cf23259d44aa55c4,1197781200,1197954000,2,1,False,False
ours,tgbn-genre,train,1197954000,1036,1197954002,15763,1197867603,1197954002,9474107,1108357203,1197954002,9469596,4511,0,183,551af3a6b313a27a,1197954000,1198040400,1,0,False,False
ours,tgbn-genre,train,1198040400,1038,1198126802,13246,1198040403,1198126802,9502390,1108357203,1198126802,9486009,12637,3744,175,16321dc6079f13a1,1198040400,1198213200,2,0,False,False
ours,tgbn-genre,train,1198126800,1038,1198126802,13246,1198040403,1198126802,9502390,1108357203,1198126802,9498646,3744,0,173,04765c665d7e328c,1198040400,1198213200,2,1,False,False
ours,tgbn-genre,train,1198213200,1039,1198213200,14157,1198126803,1198213200,9516547,1108357203,1198213200,9512760,3787,0,174,5b2873d7f43ecb25,1198213200,1198299600,1,0,False,False
ours,tgbn-genre,train,1198299600,1040,1198299601,13429,1198213205,1198299601,9529976,1108357203,1198299601,9526694,3282,0,177,2ed2f7456a1ac860,1198299600,1198386000,1,0,False,False
ours,tgbn-genre,train,1198386000,1042,1198472401,14080,1198386004,1198472401,9556119,1108357203,1198472401,9538704,12827,4588,187,dd696ad597ef3119,1198386000,1198558800,2,0,False,False
ours,tgbn-genre,train,1198472400,1042,1198472401,14080,1198386004,1198472401,9556119,1108357203,1198472401,9551531,4588,0,192,f58c59353d4f19b9,1198386000,1198558800,2,1,False,False
ours,tgbn-genre,train,1198558800,1043,1198558800,11896,1198472403,1198558800,9568015,1108357203,1198558800,9564741,3274,0,177,ee0d28846808729e,1198558800,1198645200,1,0,False,False
ours,tgbn-genre,train,1198645200,1044,1198645201,9406,1198558804,1198645201,9577421,1108357203,1198645201,9574304,3117,0,156,4f71172556a59a3f,1198645200,1198731600,1,0,False,False
ours,tgbn-genre,train,1198731600,1045,1198731602,10878,1198645204,1198731602,9588299,1108357203,1198731602,9585051,3248,0,189,42becc6139a28fe7,1198731600,1198818000,1,0,False,False
ours,tgbn-genre,train,1198818000,1047,1198904345,11352,1198818005,1198904345,9611545,1108357203,1198904345,9596765,11149,3631,209,73433435f5b43695,1198818000,1198904400,1,0,False,False
ours,tgbn-genre,train,1198904400,1048,1198990802,12534,1198904460,1198990802,9624079,1108357203,1198990802,9607914,12607,3558,209,485bae20776f4430,1198904400,1199077200,2,0,False,False
ours,tgbn-genre,train,1198990800,1048,1198990802,12534,1198904460,1198990802,9624079,1108357203,1198990802,9620521,3558,0,199,91e4b9767bfeb293,1198904400,1199077200,2,1,False,False
ours,tgbn-genre,train,1199077200,1049,1199077201,11911,1198990803,1199077201,9635990,1108357203,1199077201,9632935,3055,0,198,43f2e247addd67ad,1199077200,1199163600,1,0,False,False
ours,tgbn-genre,train,1199163600,1050,1199163602,11777,1199077203,1199163602,9647767,1108357203,1199163602,9644910,2857,0,207,82975adc55541117,1199163600,1199250000,1,0,False,False
ours,tgbn-genre,train,1199250000,1051,1199250002,10475,1199163604,1199250002,9658242,1108357203,1199250002,9655439,2803,0,217,89bdd10046b15fec,1199250000,1199336400,1,0,False,False
ours,tgbn-genre,train,1199336400,1052,1199336402,12768,1199250003,1199336402,9671010,1108357203,1199336402,9667013,3997,0,220,a9246a8b34ae400d,1199336400,1199422800,1,0,False,False
ours,tgbn-genre,train,1199422800,1053,1199422801,14544,1199336404,1199422801,9685554,1108357203,1199422801,9681338,4216,0,220,6b7b18a2d3b82952,1199422800,1199509200,1,0,False,False
ours,tgbn-genre,train,1199509200,1054,1199509202,13338,1199422804,1199509202,9698892,1108357203,1199509202,9694615,4277,0,217,b2504a933f999b3f,1199509200,1199595600,1,0,False,False
ours,tgbn-genre,train,1199595600,1055,1199595602,11745,1199509203,1199595602,9710637,1108357203,1199595602,9707578,3059,0,222,804bcb274e03b359,1199595600,1199682000,1,0,False,False
ours,tgbn-genre,train,1199682000,1056,1199682002,12587,1199595603,1199682002,9723224,1108357203,1199682002,9719629,3595,0,210,a6fc6fa3022779ba,1199682000,1199768400,1,0,False,False
ours,tgbn-genre,train,1199768400,1057,1199768401,11929,1199682003,1199768401,9735153,1108357203,1199768401,9731944,3209,0,236,273728b41d06a08a,1199768400,1199854800,1,0,False,False
ours,tgbn-genre,train,1199854800,1058,1199854800,13036,1199768403,1199854800,9748189,1108357203,1199854800,9744568,3621,0,221,b47d52d5a9fccfde,1199854800,1199941200,1,0,False,False
ours,tgbn-genre,train,1199941200,1059,1199941201,13228,1199854804,1199941201,9761417,1108357203,1199941201,9758036,3381,0,218,ae7469f73700b56b,1199941200,1200027600,1,0,False,False
ours,tgbn-genre,train,1200027600,1060,1200027601,12887,1199941382,1200027601,9774304,1108357203,1200027601,9770920,3384,0,212,de42e367593c8004,1200027600,1200114000,1,0,False,False
ours,tgbn-genre,train,1200114000,1061,1200114002,14176,1200027603,1200114002,9788480,1108357203,1200114002,9784656,3824,0,214,5b1ff33a5fc1373a,1200114000,1200200400,1,0,False,False
ours,tgbn-genre,train,1200200400,1062,1200200402,13244,1200114065,1200200402,9801724,1108357203,1200200402,9798067,3657,0,200,011c7facf35a1ca0,1200200400,1200286800,1,0,False,False
ours,tgbn-genre,train,1200286800,1064,1200373202,14066,1200286804,1200373202,9827779,1108357203,1200373202,9809981,13446,4352,210,5ab5910ae72795da,1200286800,1200459600,2,0,False,False
ours,tgbn-genre,train,1200373200,1064,1200373202,14066,1200286804,1200373202,9827779,1108357203,1200373202,9823427,4352,0,219,707f8b837861bef9,1200286800,1200459600,2,1,False,False
ours,tgbn-genre,train,1200459600,1065,1200459602,15661,1200373203,1200459602,9843440,1108357203,1200459602,9838508,4932,0,222,579c19d2234e9533,1200459600,1200546000,1,0,False,False
ours,tgbn-genre,train,1200546000,1066,1200546001,14416,1200459603,1200546001,9857856,1108357203,1200546001,9853157,4699,0,234,38c18a21475d2e24,1200546000,1200632400,1,0,False,False
ours,tgbn-genre,train,1200632400,1067,1200632400,13194,1200546003,1200632400,9871050,1108357203,1200632400,9866739,4311,0,215,e8d097ee8f084555,1200632400,1200718800,1,0,False,False
ours,tgbn-genre,train,1200718800,1068,1200718802,13817,1200632403,1200718802,9884867,1108357203,1200718802,9880421,4446,0,224,a782dbe75f4ce632,1200718800,1200805200,1,0,False,False
ours,tgbn-genre,train,1200805200,1069,1200805202,12743,1200718803,1200805202,9897610,1108357203,1200805202,9894239,3371,0,205,53af4e4a0c8acef4,1200805200,1200891600,1,0,False,False
ours,tgbn-genre,train,1200891600,1070,1200891602,13446,1200805204,1200891602,9911056,1108357203,1200891602,9907677,3379,0,217,c3235ad1cf2294b1,1200891600,1200978000,1,0,False,False
ours,tgbn-genre,train,1200978000,1071,1200978001,14369,1200891603,1200978001,9925425,1108357203,1200978001,9921625,3800,0,221,b55a1ff21c0312be,1200978000,1201064400,1,0,False,False
ours,tgbn-genre,train,1201064400,1072,1201064402,14288,1200978063,1201064402,9939713,1108357203,1201064402,9935655,4058,0,225,3b28dc854f6254eb,1201064400,1201150800,1,0,False,False
ours,tgbn-genre,train,1201150800,1073,1201150801,14043,1201064404,1201150801,9953756,1108357203,1201150801,9950332,3424,0,244,0f89c77d5a5def30,1201150800,1201237200,1,0,False,False
ours,tgbn-genre,train,1201237200,1075,1201323543,13634,1201237204,1201323543,9980620,1108357203,1201323543,9963330,14421,2869,218,81646af01aad1c55,1201237200,1201323600,1,0,False,False
ours,tgbn-genre,train,1201323600,1076,1201410001,14091,1201323604,1201410001,9994711,1108357203,1201410001,9977751,13064,3896,207,ae786ea760dd39d4,1201323600,1201496400,2,0,False,False
ours,tgbn-genre,train,1201410000,1076,1201410001,14091,1201323604,1201410001,9994711,1108357203,1201410001,9990815,3896,0,193,2f01185f16612b0c,1201323600,1201496400,2,1,False,False
ours,tgbn-genre,train,1201496400,1077,1201496400,15322,1201410003,1201496400,10010033,1108357203,1201496400,10005743,4290,0,201,022cd309e8fc843f,1201496400,1201582800,1,0,False,False
ours,tgbn-genre,train,1201582800,1078,1201582801,12291,1201496405,1201582801,10022324,1108357203,1201582801,10019034,3290,0,210,9caa1260e9a4049b,1201582800,1201669200,1,0,False,False
ours,tgbn-genre,train,1201669200,1080,1201755602,15120,1201669204,1201755602,10051579,1108357203,1201755602,10031939,15692,3948,231,3e794128e33ebf07,1201669200,1201842000,2,0,False,False
ours,tgbn-genre,train,1201755600,1080,1201755602,15120,1201669204,1201755602,10051579,1108357203,1201755602,10047631,3948,0,222,1ac8e5aa77ee4eee,1201669200,1201842000,2,1,False,False
ours,tgbn-genre,train,1201842000,1081,1201842001,12237,1201755660,1201842001,10063816,1108357203,1201842001,10060443,3373,0,221,6a3be7b8ee3824c5,1201842000,1201928400,1,0,False,False
ours,tgbn-genre,train,1201928400,1083,1202014743,15272,1201928405,1202014743,10090740,1108357203,1202014743,10072389,14042,4309,215,6e25cff3d01699f5,1201928400,1202014800,1,0,False,False
ours,tgbn-genre,train,1202014800,1084,1202101144,13465,1202014803,1202101144,10104205,1108357203,1202101144,10086431,14246,3528,195,3772b53b9238c0ff,1202014800,1202101200,1,0,False,False
ours,tgbn-genre,train,1202101200,1085,1202187600,13459,1202101203,1202187600,10117664,1108357203,1202187600,10100677,13279,3708,193,91b88cc2f5c9f9be,1202101200,1202274000,2,0,False,False
ours,tgbn-genre,train,1202187600,1085,1202187600,13459,1202101203,1202187600,10117664,1108357203,1202187600,10113956,3708,0,225,517f985c7aaf27bd,1202101200,1202274000,2,1,False,False
ours,tgbn-genre,train,1202274000,1086,1202274001,15310,1202187604,1202274001,10132974,1108357203,1202274001,10128605,4369,0,234,b153058a66296db4,1202274000,1202360400,1,0,False,False
ours,tgbn-genre,train,1202360400,1087,1202360401,13033,1202274060,1202360401,10146007,1108357203,1202360401,10142798,3209,0,226,bb902e53d6bbc009,1202360400,1202446800,1,0,False,False
ours,tgbn-genre,train,1202446800,1088,1202446802,14310,1202360405,1202446802,10160317,1108357203,1202446802,10156298,4019,0,225,f537deb618a1cf62,1202446800,1202533200,1,0,False,False
ours,tgbn-genre,train,1202533200,1089,1202533201,13363,1202446804,1202533201,10173680,1108357203,1202533201,10170099,3581,0,207,4898baf39426888e,1202533200,1202619600,1,0,False,False
ours,tgbn-genre,train,1202619600,1090,1202619601,13198,1202533260,1202619601,10186878,1108357203,1202619601,10183663,3215,0,186,2512c3d65ed92ba3,1202619600,1202706000,1,0,False,False
ours,tgbn-genre,train,1202706000,1091,1202706000,13568,1202619660,1202706000,10200446,1108357203,1202706000,10196673,3773,0,202,2bc07281af3c3bdc,1202706000,1202792400,1,0,False,False
ours,tgbn-genre,train,1202792400,1092,1202792402,15069,1202706004,1202792402,10215515,1108357203,1202792402,10211268,4247,0,209,20a6c1958520a3f4,1202792400,1202878800,1,0,False,False
ours,tgbn-genre,train,1202878800,1093,1202878801,14169,1202792405,1202878801,10229684,1108357203,1202878801,10225379,4305,0,210,857598857c9e2d42,1202878800,1202965200,1,0,False,False
ours,tgbn-genre,train,1202965200,1094,1202965202,15454,1202878803,1202965202,10245138,1108357203,1202965202,10240993,4145,0,228,1c60556b0dc334ab,1202965200,1203051600,1,0,False,False
ours,tgbn-genre,train,1203051600,1095,1203051602,15006,1202965204,1203051602,10260144,1108357203,1203051602,10256476,3668,0,219,18ab4bafa4db5e85,1203051600,1203138000,1,0,False,False
ours,tgbn-genre,train,1203138000,1097,1203224402,12811,1203138003,1203224402,10287035,1108357203,1203224402,10271016,13285,2734,213,042113898abf3244,1203138000,1203310800,2,0,False,False
ours,tgbn-genre,train,1203224400,1097,1203224402,12811,1203138003,1203224402,10287035,1108357203,1203224402,10284301,2734,0,192,9cbdba897aaa62c4,1203138000,1203310800,2,1,False,False
ours,tgbn-genre,train,1203310800,1098,1203310802,12958,1203224403,1203310802,10299993,1108357203,1203310802,10296214,3779,0,199,d8bd6456b69a599c,1203310800,1203397200,1,0,False,False
ours,tgbn-genre,train,1203397200,1099,1203397202,14716,1203310864,1203397202,10314709,1108357203,1203397202,10310170,4539,0,206,8d614e34205406a2,1203397200,1203483600,1,0,False,False
ours,tgbn-genre,train,1203483600,1100,1203483602,14777,1203397205,1203483602,10329486,1108357203,1203483602,10325747,3739,0,226,5d9a89e3a2c46b0b,1203483600,1203570000,1,0,False,False
ours,tgbn-genre,train,1203570000,1101,1203570001,15273,1203483605,1203570001,10344759,1108357203,1203570001,10339785,4974,0,231,9f6e2a69d6e93b77,1203570000,1203656400,1,0,False,False
ours,tgbn-genre,train,1203656400,1102,1203656401,14497,1203570003,1203656401,10359256,1108357203,1203656401,10354861,4395,0,228,3474dc47c4e2acd1,1203656400,1203742800,1,0,False,False
ours,tgbn-genre,train,1203742800,1103,1203742802,14848,1203656403,1203742802,10374104,1108357203,1203742802,10369727,4377,0,226,0eb11a0fffd0d50e,1203742800,1203829200,1,0,False,False
ours,tgbn-genre,train,1203829200,1104,1203829202,13673,1203742803,1203829202,10387777,1108357203,1203829202,10383420,4357,0,199,59d210acb1291e2b,1203829200,1203915600,1,0,False,False
ours,tgbn-genre,train,1203915600,1106,1204002000,12634,1203915603,1204002000,10414483,1108357203,1204002000,10397962,12800,3721,210,d7ec643dd7b93769,1203915600,1204088400,2,0,False,False
ours,tgbn-genre,train,1204002000,1106,1204002000,12634,1203915603,1204002000,10414483,1108357203,1204002000,10410762,3721,0,231,1994124db63e334f,1203915600,1204088400,2,1,False,False
ours,tgbn-genre,train,1204088400,1108,1204174801,13916,1204088405,1204174801,10442889,1108357203,1204174801,10425123,13851,3915,238,6ae82b3e97c002fa,1204088400,1204261200,2,0,False,False
ours,tgbn-genre,train,1204174800,1108,1204174801,13916,1204088405,1204174801,10442889,1108357203,1204174801,10438974,3915,0,216,8d2589f4050ec47c,1204088400,1204261200,2,1,False,False
ours,tgbn-genre,train,1204261200,1109,1204261202,12946,1204174864,1204261202,10455835,1108357203,1204261202,10451989,3846,0,223,ebbf7267f8d93ac7,1204261200,1204347600,1,0,False,False
ours,tgbn-genre,train,1204347600,1110,1204347600,12577,1204261204,1204347600,10468412,1108357203,1204347600,10464864,3548,0,231,0bb4a95a2dbf4dfb,1204347600,1204434000,1,0,False,False
ours,tgbn-genre,train,1204434000,1112,1204520402,13134,1204434063,1204520402,10493863,1108357203,1204520402,10477733,12085,4045,196,ea7b1b9cdc6513ee,1204434000,1204606800,2,0,False,False
ours,tgbn-genre,train,1204520400,1112,1204520402,13134,1204434063,1204520402,10493863,1108357203,1204520402,10489818,4045,0,209,07218ff0401c8d88,1204434000,1204606800,2,1,False,False
ours,tgbn-genre,train,1204606800,1113,1204606801,13086,1204520403,1204606801,10506949,1108357203,1204606801,10502820,4129,0,215,bac80829065ef3ab,1204606800,1204693200,1,0,False,False
ours,tgbn-genre,train,1204693200,1114,1204693202,13128,1204606803,1204693202,10520077,1108357203,1204693202,10516259,3818,0,219,23395e63c5e2e5f9,1204693200,1204779600,1,0,False,False
ours,tgbn-genre,train,1204779600,1115,1204779602,12934,1204693204,1204779602,10533011,1108357203,1204779602,10529121,3890,0,242,4451ed8ea77b5419,1204779600,1204866000,1,0,False,False
ours,tgbn-genre,train,1204866000,1116,1204866002,13027,1204779660,1204866002,10546038,1108357203,1204866002,10542218,3820,0,224,a39bacad0b460efe,1204866000,1204952400,1,0,False,False
ours,tgbn-genre,train,1204952400,1117,1204952401,13979,1204866004,1204952401,10560017,1108357203,1204952401,10556295,3722,0,206,7c4e560f66b7a49a,1204952400,1205038800,1,0,False,False
ours,tgbn-genre,train,1205038800,1118,1205038801,14002,1204952405,1205038801,10574019,1108357203,1205038801,10570039,3980,0,193,66b3af62292cfedf,1205038800,1205121600,1,0,False,False
ours,tgbn-genre,train,1205121600,1119,1205125201,14684,1205038865,1205125201,10588703,1108357203,1205125201,10585147,3556,0,189,163a8d7316486a5b,1205121600,1205208000,1,0,False,False
ours,tgbn-genre,train,1205208000,1120,1205211541,12834,1205125203,1205211541,10601537,1108357203,1205211541,10598074,3463,0,209,1c2db43280e3dc2b,1205208000,1205294400,1,0,False,False
ours,tgbn-genre,train,1205294400,1121,1205298002,15255,1205211603,1205298002,10616792,1108357203,1205298002,10612581,4211,0,224,414e917212f338b1,1205294400,1205380800,1,0,False,False
ours,tgbn-genre,train,1205380800,1122,1205384344,14536,1205298004,1205384344,10631328,1108357203,1205384344,10627744,3584,0,222,75296741e4e1ad1f,1205380800,1205467200,1,0,False,False
ours,tgbn-genre,train,1205467200,1123,1205470801,14646,1205384465,1205470801,10645974,1108357203,1205470801,10642375,3599,0,221,146acdb0d76bcd73,1205467200,1205553600,1,0,False,False
ours,tgbn-genre,train,1205553600,1124,1205557201,13763,1205470805,1205557201,10659737,1108357203,1205557201,10655953,3784,0,189,22632cbda64e092f,1205553600,1205640000,1,0,False,False
ours,tgbn-genre,train,1205640000,1125,1205643602,15503,1205557205,1205643602,10675240,1108357203,1205643602,10671324,3916,0,190,0733e675daafc6d0,1205640000,1205726400,1,0,False,False
ours,tgbn-genre,train,1205726400,1126,1205730002,14878,1205643603,1205730002,10690118,1108357203,1205730002,10687227,2891,0,191,3321f80da98083da,1205726400,1205812800,1,0,False,False
ours,tgbn-genre,train,1205812800,1127,1205816402,14960,1205730005,1205816402,10705078,1108357203,1205816402,10701289,3789,0,213,35f7717990cf3ce1,1205812800,1205899200,1,0,False,False
ours,tgbn-genre,train,1205899200,1128,1205902801,14797,1205816403,1205902801,10719875,1108357203,1205902801,10716428,3447,0,221,35e98653209becea,1205899200,1205985600,1,0,False,False
ours,tgbn-genre,train,1205985600,1129,1205989201,14247,1205902805,1205989201,10734122,1108357203,1205989201,10730694,3428,0,211,ea95be2c456acb78,1205985600,1206072000,1,0,False,False
ours,tgbn-genre,train,1206072000,1130,1206075602,14898,1205989205,1206075602,10749020,1108357203,1206075602,10745087,3933,0,224,aa02f0f1d743b0b4,1206072000,1206158400,1,0,False,False
ours,tgbn-genre,train,1206158400,1131,1206162001,14640,1206075660,1206162001,10763660,1108357203,1206162001,10759479,4181,0,220,06c2005d581ec1c8,1206158400,1206244800,1,0,False,False
ours,tgbn-genre,train,1206244800,1132,1206248345,14379,1206162003,1206248345,10778039,1108357203,1206248345,10774142,3897,0,182,bc76d53fd0021769,1206244800,1206331200,1,0,False,False
ours,tgbn-genre,train,1206331200,1133,1206334802,14019,1206248403,1206334802,10792058,1108357203,1206334802,10787926,4132,0,194,38a6c0fe27e10e4c,1206331200,1206417600,1,0,False,False
ours,tgbn-genre,train,1206417600,1134,1206421202,15256,1206334803,1206421202,10807314,1108357203,1206421202,10803531,3783,0,219,56ca8e40d64d9e50,1206417600,1206504000,1,0,False,False
ours,tgbn-genre,train,1206504000,1135,1206507602,15058,1206421203,1206507602,10822372,1108357203,1206507602,10818667,3705,0,240,1819c34e8eeb67c7,1206504000,1206590400,1,0,False,False
ours,tgbn-genre,train,1206590400,1136,1206594001,13436,1206507605,1206594001,10835808,1108357203,1206594001,10832820,2988,0,218,de020024b71e05fc,1206590400,1206676800,1,0,False,False
ours,tgbn-genre,train,1206676800,1137,1206680401,12855,1206594003,1206680401,10848663,1108357203,1206680401,10845154,3509,0,231,6b40e9a79c8a03f9,1206676800,1206763200,1,0,False,False
ours,tgbn-genre,train,1206763200,1138,1206766802,13545,1206680404,1206766802,10862208,1108357203,1206766802,10859028,3180,0,208,6bf077311d5eca2e,1206763200,1206849600,1,0,False,False
ours,tgbn-genre,train,1206849600,1139,1206853202,11549,1206766805,1206853202,10873757,1108357203,1206853202,10870574,3183,0,197,7bb359bdbdaffd62,1206849600,1206936000,1,0,False,False
ours,tgbn-genre,train,1206936000,1140,1206939600,12405,1206853205,1206939600,10886162,1108357203,1206939600,10883336,2826,0,199,83bb676551ebb721,1206936000,1207022400,1,0,False,False
ours,tgbn-genre,train,1207022400,1141,1207025945,13030,1206939604,1207025945,10899192,1108357203,1207025945,10896116,3076,0,213,1da4c0983f8bfb6d,1207022400,1207108800,1,0,False,False
ours,tgbn-genre,train,1207108800,1142,1207112345,12676,1207026003,1207112345,10911868,1108357203,1207112345,10909048,2820,0,214,5d5dbc0bca3bdfd7,1207108800,1207195200,1,0,False,False
ours,tgbn-genre,train,1207195200,1143,1207198802,13159,1207112462,1207198802,10925027,1108357203,1207198802,10922416,2611,0,212,0807ea20255f2a24,1207195200,1207281600,1,0,False,False
ours,tgbn-genre,train,1207281600,1144,1207285202,15330,1207198860,1207285202,10940357,1108357203,1207285202,10936202,4155,0,217,926b30765ecc9e69,1207281600,1207368000,1,0,False,False
ours,tgbn-genre,train,1207368000,1145,1207371543,11699,1207285204,1207371543,10952056,1108357203,1207371543,10949265,2791,0,208,84e7563961602acf,1207368000,1207454400,1,0,False,False
ours,tgbn-genre,train,1207454400,1146,1207458002,12782,1207371665,1207458002,10964838,1108357203,1207458002,10961792,3046,0,194,abeb6753a804d14a,1207454400,1207540800,1,0,False,False
ours,tgbn-genre,train,1207540800,1147,1207544342,13019,1207458062,1207544342,10977857,1108357203,1207544342,10974843,3014,0,193,42054c3183359334,1207540800,1207627200,1,0,False,False
ours,tgbn-genre,train,1207627200,1148,1207630743,12461,1207544404,1207630743,10990318,1108357203,1207630743,10987182,3136,0,211,420be55e13b45701,1207627200,1207713600,1,0,False,False
ours,tgbn-genre,train,1207713600,1149,1207717145,13214,1207630803,1207717145,11003532,1108357203,1207717145,11000104,3428,0,220,392fa50f444c33db,1207713600,1207800000,1,0,False,False
ours,tgbn-genre,train,1207800000,1150,1207803540,14021,1207717203,1207803540,11017553,1108357203,1207803540,11014423,3130,0,205,5a52ee8d4f55f10b,1207800000,1207886400,1,0,False,False
ours,tgbn-genre,train,1207886400,1151,1207890000,12828,1207803603,1207890000,11030381,1108357203,1207890000,11027192,3189,0,214,ab02df1237411e0c,1207886400,1207972800,1,0,False,False
ours,tgbn-genre,train,1207972800,1152,1207976400,12075,1207890003,1207976400,11042456,1108357203,1207976400,11039130,3326,0,212,1e1d850163e14f58,1207972800,1208059200,1,0,False,False
ours,tgbn-genre,train,1208059200,1153,1208062745,10941,1207976403,1208062745,11053397,1108357203,1208062745,11050889,2508,0,174,d2b3cc0386ecab71,1208059200,1208145600,1,0,False,False
ours,tgbn-genre,train,1208145600,1154,1208149202,12825,1208062803,1208149202,11066222,1108357203,1208149202,11063213,3009,0,197,029be080b80fa9b8,1208145600,1208232000,1,0,False,False
ours,tgbn-genre,train,1208232000,1155,1208235602,13124,1208149204,1208235602,11079346,1108357203,1208235602,11076252,3094,0,199,77cb0c5ee8b1361f,1208232000,1208318400,1,0,False,False
ours,tgbn-genre,train,1208318400,1156,1208322002,12979,1208235661,1208322002,11092325,1108357203,1208322002,11089606,2719,0,204,2ec57f01114418e1,1208318400,1208404800,1,0,False,False
ours,tgbn-genre,train,1208404800,1157,1208408345,13179,1208322004,1208408345,11105504,1108357203,1208408345,11102012,3492,0,209,56c6d068158a09b2,1208404800,1208491200,1,0,False,False
ours,tgbn-genre,train,1208491200,1158,1208494801,13832,1208408404,1208494801,11119336,1108357203,1208494801,11116429,2907,0,209,b619c78e21471024,1208491200,1208577600,1,0,False,False
ours,tgbn-genre,train,1208577600,1159,1208581201,13430,1208494805,1208581201,11132766,1108357203,1208581201,11129765,3001,0,207,80e2e12c76c95d37,1208577600,1208664000,1,0,False,False
ours,tgbn-genre,train,1208664000,1160,1208667543,12682,1208581205,1208667543,11145448,1108357203,1208667543,11142784,2664,0,197,ae68cdcac6dfaeea,1208664000,1208750400,1,0,False,False
ours,tgbn-genre,train,1208750400,1161,1208753944,13540,1208667661,1208753944,11158988,1108357203,1208753944,11155928,3060,0,206,3c9e1c818742f047,1208750400,1208836800,1,0,False,False
ours,tgbn-genre,train,1208836800,1162,1208840400,14330,1208754005,1208840400,11173318,1108357203,1208840400,11170057,3261,0,218,e42b71146bf9c4ea,1208836800,1208923200,1,0,False,False
ours,tgbn-genre,train,1208923200,1163,1208926742,13237,1208840403,1208926742,11186555,1108357203,1208926742,11183594,2961,0,230,1749e785d7419ef5,1208923200,1209009600,1,0,False,False
ours,tgbn-genre,train,1209009600,1164,1209013144,14785,1208926804,1209013144,11201340,1108357203,1209013144,11197950,3390,0,206,e040f004e1f2c94e,1209009600,1209096000,1,0,False,False
ours,tgbn-genre,train,1209096000,1165,1209099601,15457,1209013204,1209099601,11216797,1108357203,1209099601,11213281,3516,0,212,0239f8ef69adcbb0,1209096000,1209182400,1,0,False,False
ours,tgbn-genre,train,1209182400,1166,1209186002,12560,1209099662,1209186002,11229357,1108357203,1209186002,11226470,2887,0,196,23355bb2614ea0f6,1209182400,1209268800,1,0,False,False
ours,tgbn-genre,train,1209268800,1167,1209272400,14172,1209186003,1209272400,11243529,1108357203,1209272400,11239883,3646,0,171,38606354213bd037,1209268800,1209355200,1,0,False,False
ours,tgbn-genre,train,1209355200,1168,1209358802,13506,1209272403,1209358802,11257035,1108357203,1209358802,11253989,3046,0,184,fa8efc7d5d69a9fd,1209355200,1209441600,1,0,False,False
ours,tgbn-genre,train,1209441600,1169,1209445202,14672,1209358803,1209445202,11271707,1108357203,1209445202,11268304,3403,0,205,dfed74ed21d03e66,1209441600,1209528000,1,0,False,False
ours,tgbn-genre,train,1209528000,1170,1209531602,13698,1209445205,1209531602,11285405,1108357203,1209531602,11282704,2701,0,213,1e767f5a9af495c1,1209528000,1209614400,1,0,False,False
ours,tgbn-genre,train,1209614400,1171,1209617943,12155,1209531603,1209617943,11297560,1108357203,1209617943,11294484,3076,0,200,9579936b021aa9b4,1209614400,1209700800,1,0,False,False
ours,tgbn-genre,train,1209700800,1172,1209704402,15624,1209618004,1209704402,11313184,1108357203,1209704402,11309813,3371,0,200,f563218d640fc049,1209700800,1209787200,1,0,False,False
ours,tgbn-genre,train,1209787200,1173,1209790743,14223,1209704404,1209790743,11327407,1108357203,1209790743,11324668,2739,0,206,3d55f2960e7ca96a,1209787200,1209873600,1,0,False,False
ours,tgbn-genre,train,1209873600,1174,1209877201,13612,1209790804,1209877201,11341019,1108357203,1209877201,11337782,3237,0,196,660bd3ba23a78ba3,1209873600,1209960000,1,0,False,False
ours,tgbn-genre,train,1209960000,1175,1209963542,11805,1209877204,1209963542,11352824,1108357203,1209963542,11350442,2382,0,197,b7b6cd3283140c38,1209960000,1210046400,1,0,False,False
ours,tgbn-genre,train,1210046400,1176,1210050002,13131,1209963661,1210050002,11365955,1108357203,1210050002,11362743,3212,0,212,1b159a5b12f0f661,1210046400,1210132800,1,0,False,False
ours,tgbn-genre,train,1210132800,1177,1210136280,13752,1210050003,1210136280,11379707,1108357203,1210136280,11376543,3164,0,227,864d9ae27ecd30a3,1210132800,1210219200,1,0,False,False
ours,tgbn-genre,train,1210219200,1178,1210222801,13131,1210136461,1210222801,11392838,1108357203,1210222801,11389648,3190,0,220,e61ad0d75e6d237e,1210219200,1210305600,1,0,False,False
ours,tgbn-genre,train,1210305600,1179,1210309145,13190,1210222804,1210309145,11406028,1108357203,1210309145,11403419,2609,0,218,6febf942523e1410,1210305600,1210392000,1,0,False,False
ours,tgbn-genre,train,1210392000,1180,1210395544,13981,1210309261,1210395544,11420009,1108357203,1210395544,11415957,4052,0,210,65e0220b61ad8c45,1210392000,1210478400,1,0,False,False
ours,tgbn-genre,train,1210478400,1181,1210482001,13481,1210395660,1210482001,11433490,1108357203,1210482001,11430025,3465,0,202,7f44963533eea6ee,1210478400,1210564800,1,0,False,False
ours,tgbn-genre,train,1210564800,1182,1210568341,13624,1210482003,1210568341,11447114,1108357203,1210568341,11444283,2831,0,214,93caa947576dc0e2,1210564800,1210651200,1,0,False,False
ours,tgbn-genre,train,1210651200,1183,1210654801,14864,1210568404,1210654801,11461978,1108357203,1210654801,11458178,3800,0,218,5501f33a2ad06286,1210651200,1210737600,1,0,False,False
ours,tgbn-genre,train,1210737600,1184,1210741145,14068,1210654803,1210741145,11476046,1108357203,1210741145,11472921,3125,0,212,a266b2f653bb3e13,1210737600,1210824000,1,0,False,False
ours,tgbn-genre,train,1210824000,1185,1210827601,16531,1210741205,1210827601,11492577,1108357203,1210827601,11488848,3729,0,228,468d3106e55d23fd,1210824000,1210910400,1,0,False,False
ours,tgbn-genre,train,1210910400,1186,1210914002,15663,1210827604,1210914002,11508240,1108357203,1210914002,11504110,4130,0,231,8dc86c5d6fd26042,1210910400,1210996800,1,0,False,False
ours,tgbn-genre,train,1210996800,1187,1211000400,13994,1210914063,1211000400,11522234,1108357203,1211000400,11519132,3102,0,227,4a82470d88084d8b,1210996800,1211083200,1,0,False,False
ours,tgbn-genre,train,1211083200,1188,1211086802,14023,1211000403,1211086802,11536257,1108357203,1211086802,11532997,3260,0,206,55bf933354e0feec,1211083200,1211169600,1,0,False,False
ours,tgbn-genre,train,1211169600,1189,1211173201,14952,1211086803,1211173201,11551209,1108357203,1211173201,11547643,3566,0,204,2af1d286b4b58f37,1211169600,1211256000,1,0,False,False
ours,tgbn-genre,train,1211256000,1190,1211259602,16013,1211173203,1211259602,11567222,1108357203,1211259602,11563894,3328,0,214,a2874ecf1a76a6dd,1211256000,1211342400,1,0,False,False
ours,tgbn-genre,train,1211342400,1191,1211346001,13879,1211259605,1211346001,11581101,1108357203,1211346001,11577880,3221,0,230,d154f81e47ec5ead,1211342400,1211428800,1,0,False,False
ours,tgbn-genre,train,1211428800,1192,1211432402,16924,1211346003,1211432402,11598025,1108357203,1211432402,11594167,3858,0,237,0ecfa05f97fc8e10,1211428800,1211515200,1,0,False,False
ours,tgbn-genre,train,1211515200,1193,1211518685,15644,1211432465,1211518685,11613669,1108357203,1211518685,11609687,3982,0,232,71ec56763b399976,1211515200,1211601600,1,0,False,False
ours,tgbn-genre,train,1211601600,1194,1211605200,15872,1211518860,1211605200,11629541,1108357203,1211605200,11625920,3621,0,226,add729c44718a976,1211601600,1211688000,1,0,False,False
ours,tgbn-genre,train,1211688000,1195,1211691545,15792,1211605203,1211691545,11645333,1108357203,1211691545,11642064,3269,0,198,3459b0d471b2fef4,1211688000,1211774400,1,0,False,False
ours,tgbn-genre,train,1211774400,1196,1211778001,14886,1211691603,1211778001,11660219,1108357203,1211778001,11656371,3848,0,210,4df01b55fb825d4b,1211774400,1211860800,1,0,False,False
ours,tgbn-genre,train,1211860800,1197,1211864402,17520,1211778060,1211864402,11677739,1108357203,1211864402,11673796,3943,0,229,2a670b1f54917698,1211860800,1211947200,1,0,False,False
ours,tgbn-genre,train,1211947200,1198,1211950802,18693,1211864403,1211950802,11696432,1108357203,1211950802,11691956,4476,0,225,41eeec0c7a23a30a,1211947200,1212033600,1,0,False,False
ours,tgbn-genre,train,1212033600,1199,1212037143,15236,1211950805,1212037143,11711668,1108357203,1212037143,11708296,3372,0,226,07dcbd2790956da8,1212033600,1212120000,1,0,False,False
ours,tgbn-genre,train,1212120000,1200,1212123602,16834,1212037205,1212123602,11728502,1108357203,1212123602,11723983,4519,0,234,c028ab863d13e3fb,1212120000,1212206400,1,0,False,False
ours,tgbn-genre,train,1212206400,1201,1212209885,16841,1212123603,1212209885,11745343,1108357203,1212209885,11741715,3628,0,233,337de0dd372c4743,1212206400,1212292800,1,0,False,False
ours,tgbn-genre,train,1212292800,1202,1212296402,15175,1212210004,1212296402,11760518,1108357203,1212296402,11756984,3534,0,192,9cbfecbe8ef98fb0,1212292800,1212379200,1,0,False,False
ours,tgbn-genre,train,1212379200,1203,1212382745,15577,1212296465,1212382745,11776095,1108357203,1212382745,11772199,3896,0,190,e51134e454d520fc,1212379200,1212465600,1,0,False,False
ours,tgbn-genre,train,1212465600,1204,1212469200,18451,1212382803,1212469200,11794546,1108357203,1212469200,11789986,4560,0,212,dd390c77527516c2,1212465600,1212552000,1,0,False,False
ours,tgbn-genre,train,1212552000,1205,1212555541,20353,1212469203,1212555541,11814899,1108357203,1212555541,11810587,4312,0,219,81b85161345b742c,1212552000,1212638400,1,0,False,False
ours,tgbn-genre,train,1212638400,1206,1212642001,17730,1212555604,1212642001,11832629,1108357203,1212642001,11827719,4910,0,216,21786537c75990dd,1212638400,1212724800,1,0,False,False
ours,tgbn-genre,train,1212724800,1207,1212728402,17375,1212642060,1212728402,11850004,1108357203,1212728402,11844964,5040,0,233,4b0c2c76037407d2,1212724800,1212811200,1,0,False,False
ours,tgbn-genre,train,1212811200,1208,1212814802,18446,1212728460,1212814802,11868450,1108357203,1212814802,11864427,4023,0,209,9fc7a52af61bbbbf,1212811200,1212897600,1,0,False,False
ours,tgbn-genre,train,1212897600,1209,1212901202,14123,1212814804,1212901202,11882573,1108357203,1212901202,11879522,3051,0,195,3e2141ce8950936f,1212897600,1212984000,1,0,False,False
ours,tgbn-genre,train,1212984000,1210,1212987602,14816,1212901204,1212987602,11897389,1108357203,1212987602,11893649,3740,0,201,5dbda72d88081d76,1212984000,1213070400,1,0,False,False
ours,tgbn-genre,train,1213070400,1211,1213074002,16266,1212987604,1213074002,11913655,1108357203,1213074002,11910149,3506,0,211,1d60116c4cc4d88d,1213070400,1213156800,1,0,False,False
ours,tgbn-genre,train,1213156800,1212,1213160401,14815,1213074003,1213160401,11928470,1108357203,1213160401,11925298,3172,0,220,c0cc5b0b2be05c11,1213156800,1213243200,1,0,False,False
ours,tgbn-genre,train,1213243200,1213,1213246802,15672,1213160460,1213246802,11944142,1108357203,1213246802,11940082,4060,0,215,9c7695cd219627eb,1213243200,1213329600,1,0,False,False
ours,tgbn-genre,train,1213329600,1214,1213333200,14439,1213246805,1213333200,11958581,1108357203,1213333200,11954995,3586,0,210,30ef6f86843a28ce,1213329600,1213416000,1,0,False,False
ours,tgbn-genre,train,1213416000,1215,1213419602,15343,1213333204,1213419602,11973924,1108357203,1213419602,11970649,3275,0,212,66af60308ecff6ed,1213416000,1213502400,1,0,False,False
ours,tgbn-genre,train,1213502400,1216,1213506002,14141,1213419662,1213506002,11988065,1108357203,1213506002,11984583,3482,0,189,c7a3f9cf735e16db,1213502400,1213588800,1,0,False,False
ours,tgbn-genre,train,1213588800,1217,1213592402,15337,1213506120,1213592402,12003402,1108357203,1213592402,12000368,3034,0,192,560b1296acc1ce3e,1213588800,1213675200,1,0,False,False
ours,tgbn-genre,train,1213675200,1218,1213678802,15962,1213592403,1213678802,12019364,1108357203,1213678802,12015681,3683,0,202,13e4d6b6e373ae59,1213675200,1213761600,1,0,False,False
ours,tgbn-genre,train,1213761600,1219,1213765144,14945,1213678804,1213765144,12034309,1108357203,1213765144,12030888,3421,0,211,323a3eccbe76ab11,1213761600,1213848000,1,0,False,False
ours,tgbn-genre,train,1213848000,1220,1213851541,15923,1213765203,1213851541,12050232,1108357203,1213851541,12046847,3385,0,217,dfbfabd17301aa1d,1213848000,1213934400,1,0,False,False
ours,tgbn-genre,train,1213934400,1221,1213938001,14931,1213851603,1213938001,12065163,1108357203,1213938001,12062080,3083,0,228,ab883ad569a228db,1213934400,1214020800,1,0,False,False
ours,tgbn-genre,train,1214020800,1222,1214024341,15220,1213938062,1214024341,12080383,1108357203,1214024341,12077757,2626,0,215,984fc840271fbd51,1214020800,1214107200,1,0,False,False
ours,tgbn-genre,train,1214107200,1223,1214110802,12904,1214024461,1214110802,12093287,1108357203,1214110802,12090220,3067,0,194,691d5293e217e706,1214107200,1214193600,1,0,False,False
ours,tgbn-genre,train,1214193600,1224,1214197201,14262,1214110805,1214197201,12107549,1108357203,1214197201,12103958,3591,0,203,ca1c9967ce966440,1214193600,1214280000,1,0,False,False
ours,tgbn-genre,train,1214280000,1225,1214283602,17882,1214197203,1214283602,12125431,1108357203,1214283602,12121379,4052,0,196,a9051cec1ad771cf,1214280000,1214366400,1,0,False,False
ours,tgbn-genre,train,1214366400,1226,1214370001,15821,1214283604,1214370001,12141252,1108357203,1214370001,12137648,3604,0,216,44e439762f5e2290,1214366400,1214452800,1,0,False,False
ours,tgbn-genre,train,1214452800,1227,1214456401,14832,1214370061,1214456401,12156084,1108357203,1214456401,12152951,3133,0,198,69de6dfaf73fffb0,1214452800,1214539200,1,0,False,False
ours,tgbn-genre,train,1214539200,1228,1214542800,16211,1214456403,1214542800,12172295,1108357203,1214542800,12168777,3518,0,219,75577d1ec8ce36d8,1214539200,1214625600,1,0,False,False
ours,tgbn-genre,train,1214625600,1229,1214629202,15448,1214542803,1214629202,12187743,1108357203,1214629202,12185071,2672,0,209,5bfd8b4d60cee2b3,1214625600,1214712000,1,0,False,False
ours,tgbn-genre,train,1214712000,1230,1214715544,15085,1214629205,1214715544,12202828,1108357203,1214715544,12199419,3409,0,177,28cd604fd9240e84,1214712000,1214798400,1,0,False,False
ours,tgbn-genre,train,1214798400,1231,1214801821,14518,1214715604,1214801821,12217346,1108357203,1214801821,12213926,3420,0,191,510092e2425033a5,1214798400,1214884800,1,0,False,False
ours,tgbn-genre,train,1214884800,1232,1214888402,13838,1214802005,1214888402,12231184,1108357203,1214888402,12227611,3573,0,199,9fee79d6228a7288,1214884800,1214971200,1,0,False,False
ours,tgbn-genre,train,1214971200,1233,1214974802,16288,1214888405,1214974802,12247472,1108357203,1214974802,12243411,4061,0,225,b9901b26668eca37,1214971200,1215057600,1,0,False,False
ours,tgbn-genre,train,1215057600,1234,1215061201,16444,1214974803,1215061201,12263916,1108357203,1215061201,12260011,3905,0,231,1839461ac2689903,1215057600,1215144000,1,0,False,False
ours,tgbn-genre,train,1215144000,1235,1215147601,16011,1215061203,1215147601,12279927,1108357203,1215147601,12275917,4010,0,226,dc0a0979dde5fcad,1215144000,1215230400,1,0,False,False
ours,tgbn-genre,train,1215230400,1236,1215234001,14645,1215147605,1215234001,12294572,1108357203,1215234001,12291028,3544,0,219,e250a698c6449fff,1215230400,1215316800,1,0,False,False
ours,tgbn-genre,train,1215316800,1237,1215320401,13420,1215234003,1215320401,12307992,1108357203,1215320401,12304772,3220,0,181,83eff6640e04d264,1215316800,1215403200,1,0,False,False
ours,tgbn-genre,train,1215403200,1238,1215406802,12687,1215320403,1215406802,12320679,1108357203,1215406802,12317666,3013,0,179,7926a5b9f11f49b4,1215403200,1215489600,1,0,False,False
ours,tgbn-genre,train,1215489600,1239,1215493201,15893,1215406804,1215493201,12336572,1108357203,1215493201,12333131,3441,0,225,7cf459294898bca5,1215489600,1215576000,1,0,False,False
ours,tgbn-genre,train,1215576000,1240,1215579544,16490,1215493205,1215579544,12353062,1108357203,1215579544,12349338,3724,0,218,853badb986574525,1215576000,1215662400,1,0,False,False
ours,tgbn-genre,train,1215662400,1241,1215665945,15504,1215579603,1215665945,12368566,1108357203,1215665945,12364682,3884,0,229,d5eb4fab8e328c02,1215662400,1215748800,1,0,False,False
ours,tgbn-genre,train,1215748800,1242,1215752402,16172,1215666004,1215752402,12384738,1108357203,1215752402,12380832,3906,0,223,86644d9e984e1850,1215748800,1215835200,1,0,False,False
ours,tgbn-genre,train,1215835200,1243,1215838802,16270,1215752404,1215838802,12401008,1108357203,1215838802,12397483,3525,0,206,41429c7eb07d3177,1215835200,1215921600,1,0,False,False
ours,tgbn-genre,train,1215921600,1244,1215925200,13414,1215838805,1215925200,12414422,1108357203,1215925200,12412194,2228,0,200,a90d5bb2785253fd,1215921600,1216008000,1,0,False,False
ours,tgbn-genre,train,1216008000,1245,1216011601,13425,1215925205,1216011601,12427847,1108357203,1216011601,12424594,3253,0,199,f8d30b3206332995,1216008000,1216094400,1,0,False,False
ours,tgbn-genre,train,1216094400,1246,1216097945,13664,1216011603,1216097945,12441511,1108357203,1216097945,12438630,2881,0,194,39632a2496c0f4ad,1216094400,1216180800,1,0,False,False
ours,tgbn-genre,train,1216180800,1247,1216184401,16388,1216098003,1216184401,12457899,1108357203,1216184401,12454220,3679,0,219,4c6793e11fed9ee8,1216180800,1216267200,1,0,False,False
ours,tgbn-genre,train,1216267200,1248,1216270800,15758,1216184460,1216270800,12473657,1108357203,1216270800,12469888,3769,0,213,66f4f1d07fcabe3a,1216267200,1216353600,1,0,False,False
ours,tgbn-genre,train,1216353600,1249,1216357200,14949,1216270804,1216357200,12488606,1108357203,1216357200,12485107,3499,0,225,3f57c6299fd94a93,1216353600,1216440000,1,0,False,True
ours,tgbn-genre,val,1216440000,0,1216514161,16030,1216427762,1216514161,12516908,1108357203,1216514161,12500454,16001,453,204,cda37ef608ce01ef,1216440000,1216526400,1,0,True,False
ours,tgbn-genre,val,1216526400,1,1216600504,15953,1216514162,1216600504,12532861,1108357203,1216600504,12516455,16010,396,186,a9d72874efe43182,1216526400,1216612800,1,0,False,False
ours,tgbn-genre,val,1216612800,2,1216686961,14989,1216600563,1216686961,12547850,1108357203,1216686961,12532465,14818,567,188,13dce554afeacd2a,1216612800,1216699200,1,0,False,False
ours,tgbn-genre,val,1216699200,3,1216773361,14477,1216686962,1216773361,12562327,1108357203,1216773361,12547283,14305,739,216,c099c509635c5a1d,1216699200,1216785600,1,0,False,False
ours,tgbn-genre,val,1216785600,4,1216859705,15211,1216773362,1216859705,12577538,1108357203,1216859705,12561588,15465,485,217,b8ef9f9b4adb26ba,1216785600,1216872000,1,0,False,False
ours,tgbn-genre,val,1216872000,5,1216946161,14963,1216859763,1216946161,12592501,1108357203,1216946161,12577053,15026,422,218,c4f94d1adaf5c202,1216872000,1216958400,1,0,False,False
ours,tgbn-genre,val,1216958400,6,1217032560,15108,1216946220,1217032560,12607609,1108357203,1217032560,12592079,14975,555,223,bb824766940d0a95,1216958400,1217044800,1,0,False,False
ours,tgbn-genre,val,1217044800,7,1217118961,14580,1217032564,1217118961,12622189,1108357203,1217118961,12607054,14743,392,205,08008f999603b77b,1217044800,1217131200,1,0,False,False
ours,tgbn-genre,val,1217131200,8,1217205361,12179,1217118964,1217205361,12634368,1108357203,1217205361,12621797,12108,463,176,2e03310a92789e1a,1217131200,1217217600,1,0,False,False
ours,tgbn-genre,val,1217217600,9,1217291761,16843,1217205364,1217291761,12651211,1108357203,1217291761,12633905,16655,651,180,945d81ee12ff6777,1217217600,1217304000,1,0,False,False
ours,tgbn-genre,val,1217304000,10,1217378161,17076,1217291762,1217378161,12668287,1108357203,1217378161,12650560,17186,541,205,6474b9bd518fb5a4,1217304000,1217390400,1,0,False,False
ours,tgbn-genre,val,1217390400,11,1217464505,16950,1217378162,1217464505,12685237,1108357203,1217464505,12667746,16900,591,216,272eeebc33aa2467,1217390400,1217476800,1,0,False,False
ours,tgbn-genre,val,1217476800,12,1217550961,15672,1217464562,1217550961,12700909,1108357203,1217550961,12684646,15725,538,212,7b584c3818f99b9a,1217476800,1217563200,1,0,False,False
ours,tgbn-genre,val,1217563200,13,1217637305,14276,1217550962,1217637305,12715185,1108357203,1217637305,12700371,14390,424,221,152018e7a85393e3,1217563200,1217649600,1,0,False,False
ours,tgbn-genre,val,1217649600,14,1217723761,13713,1217637364,1217723761,12728898,1108357203,1217723761,12714761,13794,343,209,54af820117606fc6,1217649600,1217736000,1,0,False,False
ours,tgbn-genre,val,1217736000,15,1217810161,13997,1217723763,1217810161,12742895,1108357203,1217810161,12728555,13971,369,187,eebf37f6c113f2a0,1217736000,1217822400,1,0,False,False
ours,tgbn-genre,val,1217822400,16,1217896561,13048,1217810162,1217896561,12755943,1108357203,1217896561,12742526,13110,307,183,8105dee1b31352ac,1217822400,1217908800,1,0,False,False
ours,tgbn-genre,val,1217908800,17,1217982905,13255,1217896563,1217982905,12769198,1108357203,1217982905,12755636,13030,532,196,40bc00783ffddeda,1217908800,1217995200,1,0,False,False
ours,tgbn-genre,val,1217995200,18,1218069360,15597,1217982963,1218069360,12784795,1108357203,1218069360,12768666,15721,408,202,8f2586a0d4bfe02c,1217995200,1218081600,1,0,False,False
ours,tgbn-genre,val,1218081600,19,1218155705,15055,1218069362,1218155705,12799850,1108357203,1218155705,12784387,14922,541,197,cf51439e4906d218,1218081600,1218168000,1,0,False,False
ours,tgbn-genre,val,1218168000,20,1218242161,15149,1218155762,1218242161,12814999,1108357203,1218242161,12799309,15128,562,199,86262cd98eb18a71,1218168000,1218254400,1,0,False,False
ours,tgbn-genre,val,1218254400,21,1218328561,13521,1218242164,1218328561,12828520,1108357203,1218328561,12814437,13524,559,194,7ff5128f7ace63e2,1218254400,1218340800,1,0,False,False
ours,tgbn-genre,val,1218340800,22,1218414905,11822,1218328565,1218414905,12840342,1108357203,1218414905,12827961,12065,316,181,faf07ff0bdedacd3,1218340800,1218427200,1,0,False,False
ours,tgbn-genre,val,1218427200,23,1218501303,13603,1218414963,1218501303,12853945,1108357203,1218501303,12840026,13351,568,196,ed96686653043377,1218427200,1218513600,1,0,False,False
ours,tgbn-genre,val,1218513600,24,1218587761,14453,1218501362,1218587761,12868398,1108357203,1218587761,12853377,14102,919,207,b6eb18c8ca8620d5,1218513600,1218600000,1,0,False,False
ours,tgbn-genre,val,1218600000,25,1218674160,15153,1218587763,1218674160,12883551,1108357203,1218674160,12867479,15425,647,238,32ceb93b82d15b55,1218600000,1218686400,1,0,False,False
ours,tgbn-genre,val,1218686400,26,1218760505,13320,1218674162,1218760505,12896871,1108357203,1218760505,12882904,13452,515,235,013cb0d57d87cc90,1218686400,1218772800,1,0,False,False
ours,tgbn-genre,val,1218772800,27,1218846961,13860,1218760563,1218846961,12910731,1108357203,1218846961,12896356,13971,404,233,8492c1bf18f94be3,1218772800,1218859200,1,0,False,False
ours,tgbn-genre,val,1218859200,28,1218933361,14145,1218846962,1218933361,12924876,1108357203,1218933361,12910327,14124,425,236,1fd0d32cc765aa40,1218859200,1218945600,1,0,False,False
ours,tgbn-genre,val,1218945600,29,1219019760,15140,1218933364,1219019760,12940016,1108357203,1219019760,12924451,15062,503,206,14d2b2974133bd12,1218945600,1219032000,1,0,False,False
ours,tgbn-genre,val,1219032000,30,1219106161,13512,1219019762,1219106161,12953528,1108357203,1219106161,12939513,13612,403,195,b279fa7f211b0652,1219032000,1219118400,1,0,False,False
ours,tgbn-genre,val,1219118400,31,1219192561,17224,1219106162,1219192561,12970752,1108357203,1219192561,12953125,16972,655,221,e6e0d99a1497b525,1219118400,1219204800,1,0,False,False
ours,tgbn-genre,val,1219204800,32,1219278960,15498,1219192562,1219278960,12986250,1108357203,1219278960,12970097,15623,530,239,e8abcbc5b0275c74,1219204800,1219291200,1,0,False,False
ours,tgbn-genre,val,1219291200,33,1219365361,15763,1219278964,1219365361,13002013,1108357203,1219365361,12985720,15727,566,244,5600815bb6f23195,1219291200,1219377600,1,0,False,False
ours,tgbn-genre,val,1219377600,34,1219451760,17635,1219365362,1219451760,13019648,1108357203,1219451760,13001447,17619,582,231,20cad86a46fbf87a,1219377600,1219464000,1,0,False,False
ours,tgbn-genre,val,1219464000,35,1219538161,13658,1219451762,1219538161,13033306,1108357203,1219538161,13019066,13826,414,226,46d05121ea41b33a,1219464000,1219550400,1,0,False,False
ours,tgbn-genre,val,1219550400,36,1219624505,15101,1219538162,1219624505,13048407,1108357203,1219624505,13032892,14973,542,213,16671069a8530405,1219550400,1219636800,1,0,False,False
ours,tgbn-genre,val,1219636800,37,1219710961,14753,1219624565,1219710961,13063160,1108357203,1219710961,13047865,14715,580,209,307890b063aa5a4c,1219636800,1219723200,1,0,False,False
ours,tgbn-genre,val,1219723200,38,1219797360,16143,1219710963,1219797360,13079303,1108357203,1219797360,13062580,16133,590,217,027e037c7ff0f33e,1219723200,1219809600,1,0,False,False
ours,tgbn-genre,val,1219809600,39,1219883761,15483,1219797362,1219883761,13094786,1108357203,1219883761,13078713,15611,462,234,151892c151f8ee5f,1219809600,1219896000,1,0,False,False
ours,tgbn-genre,val,1219896000,40,1219970160,14735,1219883765,1219970160,13109521,1108357203,1219970160,13094324,14831,366,239,1e498a52b292217e,1219896000,1219982400,1,0,False,False
ours,tgbn-genre,val,1219982400,41,1220056560,17536,1219970162,1220056560,13127057,1108357203,1220056560,13109155,17328,574,231,b3132be880e72790,1219982400,1220068800,1,0,False,False
ours,tgbn-genre,val,1220068800,42,1220142961,15002,1220056564,1220142961,13142059,1108357203,1220142961,13126483,15212,364,224,0ca334f631aa02bd,1220068800,1220155200,1,0,False,False
ours,tgbn-genre,val,1220155200,43,1220229360,14343,1220142963,1220229360,13156402,1108357203,1220229360,13141695,14347,360,209,3eeffb0a7d10bd51,1220155200,1220241600,1,0,False,False
ours,tgbn-genre,val,1220241600,44,1220315760,16418,1220229363,1220315760,13172820,1108357203,1220315760,13156042,16350,428,221,f3a9ef0f900e4a50,1220241600,1220328000,1,0,False,False
ours,tgbn-genre,val,1220328000,45,1220402161,15780,1220315762,1220402161,13188600,1108357203,1220402161,13172392,15674,534,245,baa2567d484ec765,1220328000,1220414400,1,0,False,False
ours,tgbn-genre,val,1220414400,46,1220488504,16816,1220402162,1220488504,13205416,1108357203,1220488504,13188066,16766,584,252,0456d0f0e6786c89,1220414400,1220500800,1,0,False,False
ours,tgbn-genre,val,1220500800,47,1220574961,16806,1220488564,1220574961,13222222,1108357203,1220574961,13204832,16867,523,253,42ed94b7558f3756,1220500800,1220587200,1,0,False,False
ours,tgbn-genre,val,1220587200,48,1220661360,16966,1220574963,1220661360,13239188,1108357203,1220661360,13221699,16956,533,250,fce8d7589d90a1c7,1220587200,1220673600,1,0,False,False
ours,tgbn-genre,val,1220673600,49,1220747761,17598,1220661363,1220747761,13256786,1108357203,1220747761,13238655,17716,415,246,a5d3157294262731,1220673600,1220760000,1,0,False,False
ours,tgbn-genre,val,1220760000,50,1220834160,16459,1220747762,1220834160,13273245,1108357203,1220834160,13256371,16332,542,225,29d916490d7aa6f5,1220760000,1220846400,1,0,False,False
ours,tgbn-genre,val,1220846400,51,1220920561,17151,1220834163,1220920561,13290396,1108357203,1220920561,13272703,17225,468,213,a0609b925a06aa6b,1220846400,1220932800,1,0,False,False
ours,tgbn-genre,val,1220932800,52,1221006961,17689,1220920562,1221006961,13308085,1108357203,1221006961,13289928,17494,663,241,189c90a225c4dd0f,1220932800,1221019200,1,0,False,False
ours,tgbn-genre,val,1221019200,53,1221093361,16657,1221006962,1221093361,13324742,1108357203,1221093361,13307422,16544,776,237,6e01b4cc4b1ac641,1221019200,1221105600,1,0,False,False
ours,tgbn-genre,val,1221105600,54,1221179761,18726,1221093362,1221179761,13343468,1108357203,1221179761,13323966,18954,548,241,8ef554c309ea3f28,1221105600,1221192000,1,0,False,False
ours,tgbn-genre,val,1221192000,55,1221266161,17437,1221179762,1221266161,13360905,1108357203,1221266161,13342920,17462,523,229,d46b9d39947834a0,1221192000,1221278400,1,0,False,False
ours,tgbn-genre,val,1221278400,56,1221352505,16171,1221266162,1221352505,13377076,1108357203,1221352505,13360382,16232,462,237,2e08b3b0205025e8,1221278400,1221364800,1,0,False,False
ours,tgbn-genre,val,1221364800,57,1221438905,16225,1221352562,1221438905,13393301,1108357203,1221438905,13376614,16148,539,203,3f1c898a7dfb7d4a,1221364800,1221451200,1,0,False,False
ours,tgbn-genre,val,1221451200,58,1221525361,18069,1221438962,1221525361,13411370,1108357203,1221525361,13392762,18073,535,212,f65db4c0444da26d,1221451200,1221537600,1,0,False,False
ours,tgbn-genre,val,1221537600,59,1221611704,17657,1221525362,1221611704,13429027,1108357203,1221611704,13410835,17694,498,235,f0b6e564344bf364,1221537600,1221624000,1,0,False,False
ours,tgbn-genre,val,1221624000,60,1221698160,16014,1221611762,1221698160,13445041,1108357203,1221698160,13428529,15881,631,234,c025edce203e98cd,1221624000,1221710400,1,0,False,False
ours,tgbn-genre,val,1221710400,61,1221784560,17058,1221698162,1221784560,13462099,1108357203,1221784560,13444410,17196,493,225,30e2b6d81acb3fca,1221710400,1221796800,1,0,False,False
ours,tgbn-genre,val,1221796800,62,1221870960,15670,1221784562,1221870960,13477769,1108357203,1221870960,13461606,15672,491,238,b4edb3774a0f8f79,1221796800,1221883200,1,0,False,False
ours,tgbn-genre,val,1221883200,63,1221957360,16509,1221870963,1221957360,13494278,1108357203,1221957360,13477278,16436,564,238,9977856475073128,1221883200,1221969600,1,0,False,False
ours,tgbn-genre,val,1221969600,64,1222043761,15101,1221957362,1222043761,13509379,1108357203,1222043761,13493714,15015,650,211,64fde841fb610cb2,1221969600,1222056000,1,0,False,False
ours,tgbn-genre,val,1222056000,65,1222130160,18052,1222043763,1222130160,13527431,1108357203,1222130160,13508729,17814,888,211,70d280e146980f4f,1222056000,1222142400,1,0,False,False
ours,tgbn-genre,val,1222142400,66,1222216561,17948,1222130163,1222216561,13545379,1108357203,1222216561,13526543,18086,750,244,d635305b1fdde6a3,1222142400,1222228800,1,0,False,False
ours,tgbn-genre,val,1222228800,67,1222302960,20853,1222216562,1222302960,13566232,1108357203,1222302960,13544629,21109,494,232,a50f1f05417f6f57,1222228800,1222315200,1,0,False,False
ours,tgbn-genre,val,1222315200,68,1222389361,18561,1222302962,1222389361,13584793,1108357203,1222389361,13565738,18174,881,220,c99919c912319289,1222315200,1222401600,1,0,False,False
ours,tgbn-genre,val,1222401600,69,1222475761,22811,1222389362,1222475761,13607604,1108357203,1222475761,13583912,23183,509,218,feec55c4c4aea640,1222401600,1222488000,1,0,False,False
ours,tgbn-genre,val,1222488000,70,1222562105,18717,1222475762,1222562105,13626321,1108357203,1222562105,13607095,18538,688,215,571c1204843d03da,1222488000,1222574400,1,0,False,False
ours,tgbn-genre,val,1222574400,71,1222648560,15816,1222562163,1222648560,13642137,1108357203,1222648560,13625633,15778,726,202,21ea8b4bad54dcd0,1222574400,1222660800,1,0,False,False
ours,tgbn-genre,val,1222660800,72,1222734903,20356,1222648563,1222734903,13662493,1108357203,1222734903,13641411,20259,823,220,2d9fb14500ff7056,1222660800,1222747200,1,0,False,False
ours,tgbn-genre,val,1222747200,73,1222821361,19654,1222734964,1222821361,13682147,1108357203,1222821361,13661670,19665,812,235,c50e15ca24f4af34,1222747200,1222833600,1,0,False,False
ours,tgbn-genre,val,1222833600,74,1222907704,17797,1222821362,1222907704,13699944,1108357203,1222907704,13681335,17965,644,229,7b8e92b828bab21a,1222833600,1222920000,1,0,False,False
ours,tgbn-genre,val,1222920000,75,1222994161,17845,1222907762,1222994161,13717789,1108357203,1222994161,13699300,18043,446,234,f42e5bd594655c24,1222920000,1223006400,1,0,False,False
ours,tgbn-genre,val,1223006400,76,1223080504,15630,1222994163,1223080504,13733419,1108357203,1223080504,13717343,15655,421,250,b1b89f8477b56ee3,1223006400,1223092800,1,0,False,False
ours,tgbn-genre,val,1223092800,77,1223166903,15707,1223080563,1223166903,13749126,1108357203,1223166903,13732998,15726,402,230,7d9ecb758e699028,1223092800,1223179200,1,0,False,False
ours,tgbn-genre,val,1223179200,78,1223253361,14281,1223166962,1223253361,13763407,1108357203,1223253361,13748724,14259,424,216,4a969bd306a5e32f,1223179200,1223265600,1,0,False,False
ours,tgbn-genre,val,1223265600,79,1223339761,17357,1223253363,1223339761,13780764,1108357203,1223339761,13762983,17308,473,211,748f3053f73282c8,1223265600,1223352000,1,0,False,False
ours,tgbn-genre,val,1223352000,80,1223426161,14794,1223339763,1223426161,13795558,1108357203,1223426161,13780291,14790,477,239,6087a5c91e01c323,1223352000,1223438400,1,0,False,False
ours,tgbn-genre,val,1223438400,81,1223512502,15615,1223426163,1223512502,13811173,1108357203,1223512502,13795081,15508,584,247,c61a8156171442ae,1223438400,1223524800,1,0,False,False
ours,tgbn-genre,val,1223524800,82,1223598960,17373,1223512562,1223598960,13828546,1108357203,1223598960,13810589,17285,672,248,490c2be0a7530464,1223524800,1223611200,1,0,False,False
ours,tgbn-genre,val,1223611200,83,1223685361,17454,1223598965,1223685361,13846000,1108357203,1223685361,13827874,17319,807,243,c758e4fba616b18a,1223611200,1223697600,1,0,False,False
ours,tgbn-genre,val,1223697600,84,1223771761,17177,1223685363,1223771761,13863177,1108357203,1223771761,13845193,17241,743,244,2bafc09431a6ae08,1223697600,1223784000,1,0,False,False
ours,tgbn-genre,val,1223784000,85,1223858104,18021,1223771762,1223858104,13881198,1108357203,1223858104,13862434,18332,432,221,de47060cd0f12560,1223784000,1223870400,1,0,False,False
ours,tgbn-genre,val,1223870400,86,1223944560,18727,1223858162,1223944560,13899925,1108357203,1223944560,13880766,18362,797,213,3d9e5574168fca95,1223870400,1223956800,1,0,False,False
ours,tgbn-genre,val,1223956800,87,1224030961,19246,1223944563,1224030961,13919171,1108357203,1224030961,13899128,19520,523,240,e314e6ad51d187b2,1223956800,1224043200,1,0,False,False
ours,tgbn-genre,val,1224043200,88,1224117361,18134,1224030962,1224117361,13937305,1108357203,1224117361,13918648,17903,754,247,8fa9541bd39029ca,1224043200,1224129600,1,0,False,False
ours,tgbn-genre,val,1224129600,89,1224203761,16788,1224117362,1224203761,13954093,1108357203,1224203761,13936551,17095,447,238,12e8b1323f433381,1224129600,1224216000,1,0,False,False
ours,tgbn-genre,val,1224216000,90,1224290161,17613,1224203765,1224290161,13971706,1108357203,1224290161,13953646,17410,650,233,be1e0e4189b78c19,1224216000,1224302400,1,0,False,False
ours,tgbn-genre,val,1224302400,91,1224376561,16952,1224290162,1224376561,13988658,1108357203,1224376561,13971056,16975,627,227,aeb641b83608b53e,1224302400,1224388800,1,0,False,False
ours,tgbn-genre,val,1224388800,92,1224462904,15072,1224376562,1224462904,14003730,1108357203,1224462904,13988031,15237,462,213,a641c468d1b19dc1,1224388800,1224475200,1,0,False,False
ours,tgbn-genre,val,1224475200,93,1224549361,17421,1224462962,1224549361,14021151,1108357203,1224549361,14003268,17044,839,224,266ffedbee614352,1224475200,1224561600,1,0,False,False
ours,tgbn-genre,val,1224561600,94,1224635760,18280,1224549363,1224635760,14039431,1108357203,1224635760,14020312,18476,643,224,7c89d960ce432521,1224561600,1224648000,1,0,False,False
ours,tgbn-genre,val,1224648000,95,1224722161,16278,1224635764,1224722161,14055709,1108357203,1224722161,14038788,16359,562,242,ec00027c26f3ac17,1224648000,1224734400,1,0,False,False
ours,tgbn-genre,val,1224734400,96,1224808560,17521,1224722163,1224808560,14073230,1108357203,1224808560,14055147,17280,803,244,133a06a0f4695db1,1224734400,1224820800,1,0,False,False
ours,tgbn-genre,val,1224820800,97,1224894905,16412,1224808563,1224894905,14089642,1108357203,1224894905,14072427,16729,486,233,fa92f56a798cc5dd,1224820800,1224907200,1,0,False,False
ours,tgbn-genre,val,1224907200,98,1224981361,14200,1224894964,1224981361,14103842,1108357203,1224981361,14089156,14201,485,243,78ee25b1575acd89,1224907200,1224993600,1,0,False,False
ours,tgbn-genre,val,1224993600,99,1225067761,16361,1224981420,1225067761,14120203,1108357203,1225067761,14103357,15978,868,215,f204d4d5fee8bb42,1224993600,1225080000,1,0,False,False
ours,tgbn-genre,val,1225080000,100,1225154160,18682,1225067762,1225154160,14138885,1108357203,1225154160,14119335,18888,662,215,7d27b5d7d0c953b3,1225080000,1225166400,1,0,False,False
ours,tgbn-genre,val,1225166400,101,1225240560,18152,1225154163,1225240560,14157037,1108357203,1225240560,14138223,18267,547,240,f726c453235db5cd,1225166400,1225252800,1,0,False,False
ours,tgbn-genre,val,1225252800,102,1225326960,18016,1225240563,1225326960,14175053,1108357203,1225326960,14156490,17813,750,245,3afa44c87b6929d1,1225252800,1225339200,1,0,False,False
ours,tgbn-genre,val,1225339200,103,1225413300,15726,1225327020,1225413300,14190779,1108357203,1225413300,14174303,16049,427,236,ed01b4b6ec5e9386,1225339200,1225425600,1,0,False,False
ours,tgbn-genre,val,1225425600,104,1225499760,19572,1225413364,1225499760,14210351,1108357203,1225499760,14190352,19409,590,255,d976a50b6e6bdcd0,1225425600,1225512000,1,0,False,False
ours,tgbn-genre,val,1225512000,105,1225586104,16442,1225499765,1225586104,14226793,1108357203,1225586104,14209761,16548,484,256,f163c8c78163b8b0,1225512000,1225598400,1,0,False,False
ours,tgbn-genre,val,1225598400,106,1225672561,15122,1225586162,1225672561,14241915,1108357203,1225672561,14226309,15148,458,219,58ca00ba0969713a,1225598400,1225688400,1,0,False,False
ours,tgbn-genre,val,1225688400,107,1225758961,18655,1225672563,1225758961,14260570,1108357203,1225758961,14241457,18242,871,239,217e96212632c767,1225688400,1225774800,1,0,False,False
ours,tgbn-genre,val,1225774800,108,1225845300,17747,1225758962,1225845300,14278317,1108357203,1225845300,14259699,17940,678,237,e3e77822a5099d3c,1225774800,1225861200,1,0,False,False
ours,tgbn-genre,val,1225861200,109,1225931761,17106,1225845362,1225931761,14295423,1108357203,1225931761,14277639,17106,678,234,f17fa7900b5ea823,1225861200,1225947600,1,0,False,False
ours,tgbn-genre,val,1225947600,110,1226018104,17825,1225931764,1226018104,14313248,1108357203,1226018104,14294745,17918,585,241,9b8e6345843b098e,1225947600,1226034000,1,0,False,False
ours,tgbn-genre,val,1226034000,111,1226104560,18023,1226018162,1226104560,14331271,1108357203,1226104560,14312663,18062,546,251,9743d9f26d7bde7a,1226034000,1226120400,1,0,False,False
ours,tgbn-genre,val,1226120400,112,1226190902,15912,1226104562,1226190902,14347183,1108357203,1226190902,14330725,15897,561,236,80c7a383916b0f86,1226120400,1226206800,1,0,False,False
ours,tgbn-genre,val,1226206800,113,1226277361,19320,1226190962,1226277361,14366503,1108357203,1226277361,14346622,19188,693,210,7974d8c4ce4befb9,1226206800,1226293200,1,0,False,False
ours,tgbn-genre,val,1226293200,114,1226363702,18704,1226277362,1226363702,14385207,1108357203,1226363702,14365810,18729,668,238,b568ed8ea964acb4,1226293200,1226379600,1,0,False,False
ours,tgbn-genre,val,1226379600,115,1226450105,15579,1226363762,1226450105,14400786,1108357203,1226450105,14384539,15606,641,244,8c1eccaa20b2f34a,1226379600,1226466000,1,0,False,False
ours,tgbn-genre,val,1226466000,116,1226536561,15619,1226450163,1226536561,14416405,1108357203,1226536561,14400145,15620,640,269,febde186cf1dd5ea,1226466000,1226552400,1,0,False,False
ours,tgbn-genre,val,1226552400,117,1226622960,16811,1226536563,1226622960,14433216,1108357203,1226622960,14415765,16943,508,250,60166035ec5dda1f,1226552400,1226638800,1,0,False,False
ours,tgbn-genre,val,1226638800,118,1226709361,16031,1226622963,1226709361,14449247,1108357203,1226709361,14432708,15776,763,248,822b525ab76ae9dd,1226638800,1226725200,1,0,False,False
ours,tgbn-genre,val,1226725200,119,1226795760,16259,1226709364,1226795760,14465506,1108357203,1226795760,14448484,16472,550,263,0c03d9428c65ecd7,1226725200,1226811600,1,0,False,False
ours,tgbn-genre,val,1226811600,120,1226882161,16752,1226795762,1226882161,14482258,1108357203,1226882161,14464956,16702,600,224,e3e7941531e3b1ec,1226811600,1226898000,1,0,False,False
ours,tgbn-genre,val,1226898000,121,1226968560,17634,1226882162,1226968560,14499892,1108357203,1226968560,14481658,17435,799,242,590af8fa1b22d329,1226898000,1226984400,1,0,False,False
ours,tgbn-genre,val,1226984400,122,1227054961,20505,1226968562,1227054961,14520397,1108357203,1227054961,14499093,20641,663,261,5c8f88a6522a3e9e,1226984400,1227070800,1,0,False,False
ours,tgbn-genre,val,1227070800,123,1227141303,18602,1227054963,1227141303,14538999,1108357203,1227141303,14519734,18667,598,258,e50f6d312942c60c,1227070800,1227157200,1,0,False,False
ours,tgbn-genre,val,1227157200,124,1227227705,17426,1227141362,1227227705,14556425,1108357203,1227227705,14538401,17347,677,260,89bf6d736cd6a79c,1227157200,1227243600,1,0,False,False
ours,tgbn-genre,val,1227243600,125,1227314160,18174,1227227763,1227314160,14574599,1108357203,1227314160,14555748,18261,590,253,1cee80d3645b9f37,1227243600,1227330000,1,0,False,False
ours,tgbn-genre,val,1227330000,126,1227400561,17711,1227314162,1227400561,14592310,1108357203,1227400561,14574009,17694,607,242,6d72935923145d4b,1227330000,1227416400,1,0,False,False
ours,tgbn-genre,val,1227416400,127,1227486905,19129,1227400564,1227486905,14611439,1108357203,1227486905,14591703,18965,771,226,436e00493a757886,1227416400,1227502800,1,0,False,False
ours,tgbn-genre,val,1227502800,128,1227573360,17774,1227486962,1227573360,14629213,1108357203,1227573360,14610668,17902,643,244,3a6acda77715c4d9,1227502800,1227589200,1,0,False,False
ours,tgbn-genre,val,1227589200,129,1227659705,17587,1227573362,1227659705,14646800,1108357203,1227659705,14628570,17453,777,231,5e6d21f682c33aba,1227589200,1227675600,1,0,False,False
ours,tgbn-genre,val,1227675600,130,1227746161,18799,1227659762,1227746161,14665599,1108357203,1227746161,14646023,18686,890,242,28b269f7e51fc86a,1227675600,1227762000,1,0,False,False
ours,tgbn-genre,val,1227762000,131,1227832561,20171,1227746162,1227832561,14685770,1108357203,1227832561,14664709,20439,622,248,9285dc38eba77020,1227762000,1227848400,1,0,False,False
ours,tgbn-genre,val,1227848400,132,1227918905,17292,1227832563,1227918905,14703062,1108357203,1227918905,14685148,17197,717,244,651a25e5daeb33ca,1227848400,1227934800,1,0,False,False
ours,tgbn-genre,val,1227934800,133,1228005361,16428,1227918965,1228005361,14719490,1108357203,1228005361,14702345,16676,469,242,ab611fa8b8d4ffec,1227934800,1228021200,1,0,False,False
ours,tgbn-genre,val,1228021200,134,1228091760,15072,1228005362,1228091760,14734562,1108357203,1228091760,14719021,15179,362,221,9f445a2844bfe4b9,1228021200,1228107600,1,0,False,False
ours,tgbn-genre,val,1228107600,135,1228178161,15722,1228091762,1228178161,14750284,1108357203,1228178161,14734200,15539,545,230,b725ca93a67cf6d5,1228107600,1228194000,1,0,False,False
ours,tgbn-genre,val,1228194000,136,1228264561,19128,1228178162,1228264561,14769412,1108357203,1228264561,14749739,19001,672,239,169de73cc6218299,1228194000,1228280400,1,0,False,False
ours,tgbn-genre,val,1228280400,137,1228350960,17458,1228264562,1228350960,14786870,1108357203,1228350960,14768740,17458,672,247,f957e3a110d1b6b1,1228280400,1228366800,1,0,False,False
ours,tgbn-genre,val,1228366800,138,1228437361,19368,1228350964,1228437361,14806238,1108357203,1228437361,14786198,19311,729,251,02fa273790eb4f1c,1228366800,1228453200,1,0,False,False
ours,tgbn-genre,val,1228453200,139,1228523761,18172,1228437362,1228523761,14824410,1108357203,1228523761,14805509,18386,515,247,3b2a1a76d7ad704b,1228453200,1228539600,1,0,False,False
ours,tgbn-genre,val,1228539600,140,1228610161,15464,1228523762,1228610161,14839874,1108357203,1228610161,14823895,15494,485,234,4e1a450856f4ae82,1228539600,1228626000,1,0,False,False
ours,tgbn-genre,val,1228626000,141,1228696561,15565,1228610220,1228696561,14855439,1108357203,1228696561,14839389,15209,841,207,e7f33c3fb345f1eb,1228626000,1228712400,1,0,False,False
ours,tgbn-genre,val,1228712400,142,1228782961,18384,1228696562,1228782961,14873823,1108357203,1228782961,14854598,18747,478,211,4f2014838c0f41d1,1228712400,1228798800,1,0,False,False
ours,tgbn-genre,val,1228798800,143,1228869305,18653,1228782962,1228869305,14892476,1108357203,1228869305,14873345,18487,644,227,2a6a1e8a1002c6ab,1228798800,1228885200,1,0,False,False
ours,tgbn-genre,val,1228885200,144,1228955761,15564,1228869362,1228955761,14908040,1108357203,1228955761,14891832,15779,429,242,c287cb3aa013440d,1228885200,1228971600,1,0,False,False
ours,tgbn-genre,val,1228971600,145,1229042160,16697,1228955762,1229042160,14924737,1108357203,1229042160,14907611,16588,538,239,6f93bf96bf1aba5b,1228971600,1229058000,1,0,False,False
ours,tgbn-genre,val,1229058000,146,1229128561,17249,1229042221,1229128561,14941986,1108357203,1229128561,14924199,17092,695,226,53317eb9f8c04897,1229058000,1229144400,1,0,False,False
ours,tgbn-genre,val,1229144400,147,1229214961,16109,1229128563,1229214961,14958095,1108357203,1229214961,14941291,16193,611,239,45ad0789e771251b,1229144400,1229230800,1,0,False,False
ours,tgbn-genre,val,1229230800,148,1229301361,14393,1229214962,1229301361,14972488,1108357203,1229301361,14957484,14406,598,211,f8def3f2286255e3,1229230800,1229317200,1,0,False,False
ours,tgbn-genre,val,1229317200,149,1229387760,17256,1229301362,1229387760,14989744,1108357203,1229387760,14971890,17319,535,194,ac8d093e45180b87,1229317200,1229403600,1,0,False,False
ours,tgbn-genre,val,1229403600,150,1229474161,17541,1229387763,1229474161,15007285,1108357203,1229474161,14989209,17472,604,212,d263a027c4abef22,1229403600,1229490000,1,0,False,False
ours,tgbn-genre,val,1229490000,151,1229560561,17751,1229474162,1229560561,15025036,1108357203,1229560561,15006681,17709,646,204,82f8826bbfdddeac,1229490000,1229576400,1,0,False,False
ours,tgbn-genre,val,1229576400,152,1229646961,16793,1229560565,1229646961,15041829,1108357203,1229646961,15024390,16827,612,190,9a3143e8811572b8,1229576400,1229662800,1,0,False,False
ours,tgbn-genre,val,1229662800,153,1229733304,16828,1229646963,1229733304,15058657,1108357203,1229733304,15041217,16855,585,177,26674bf5da0472dd,1229662800,1229749200,1,0,False,False
ours,tgbn-genre,val,1229749200,154,1229819760,14988,1229733363,1229819760,15073645,1108357203,1229819760,15058072,15115,458,168,668031fe9afd8a05,1229749200,1229835600,1,0,False,False
ours,tgbn-genre,val,1229835600,155,1229906103,16710,1229819762,1229906103,15090355,1108357203,1229906103,15073187,16620,548,175,74c247ddbafa84cc,1229835600,1229922000,1,0,False,False
ours,tgbn-genre,val,1229922000,156,1229992502,13836,1229906162,1229992502,15104191,1108357203,1229992502,15089807,13860,524,190,4797b80c715e8a14,1229922000,1230008400,1,0,False,False
ours,tgbn-genre,val,1230008400,157,1230078960,13869,1229992562,1230078960,15118060,1108357203,1230078960,15103667,13766,627,201,3dcbc36d4c410bde,1230008400,1230094800,1,0,False,False
ours,tgbn-genre,val,1230094800,158,1230165303,12468,1230078963,1230165303,15130528,1108357203,1230165303,15117433,12650,445,205,8dbd070cb943f4fd,1230094800,1230181200,1,0,False,False
ours,tgbn-genre,val,1230181200,159,1230251705,12517,1230165363,1230251705,15143045,1108357203,1230251705,15130083,12543,419,191,327d93088ca39f4e,1230181200,1230267600,1,0,False,False
ours,tgbn-genre,val,1230267600,160,1230338161,13810,1230251820,1230338161,15156855,1108357203,1230338161,15142626,13760,469,180,07c34807dd2b646f,1230267600,1230354000,1,0,False,False
ours,tgbn-genre,val,1230354000,161,1230424560,18125,1230338162,1230424560,15174980,1108357203,1230424560,15156386,18196,398,190,84b3da49b75ad7a2,1230354000,1230440400,1,0,False,False
ours,tgbn-genre,val,1230440400,162,1230448624,4658,1230424562,1230448624,15179638,1108357203,1230448624,15174582,5056,0,200,c78f4f7b5bec7f7d,1230440400,1230526800,1,0,False,True
ours,tgbn-genre,test,1230526800,0,1230535083,15532,1230448684,1230535083,15195170,1108357203,1230535083,15189824,5346,0,222,57ad04e079c19295,1230526800,1230613200,1,0,True,False
ours,tgbn-genre,test,1230613200,1,1230621482,15779,1230535140,1230621482,15210949,1108357203,1230621482,15205370,5579,0,219,cd354c840d964b96,1230613200,1230699600,1,0,False,False
ours,tgbn-genre,test,1230699600,2,1230707764,15153,1230621540,1230707764,15226102,1108357203,1230707764,15221264,4838,0,233,32fd61967937aca2,1230699600,1230786000,1,0,False,False
ours,tgbn-genre,test,1230786000,3,1230794283,15081,1230707884,1230794283,15241183,1108357203,1230794283,15236410,4773,0,241,e526bfbd4b24a7bd,1230786000,1230872400,1,0,False,False
ours,tgbn-genre,test,1230872400,4,1230880681,15091,1230794284,1230880681,15256274,1108357203,1230880681,15249973,6301,0,242,a5736b5fca00ec7c,1230872400,1230958800,1,0,False,False
ours,tgbn-genre,test,1230958800,5,1230967082,16704,1230880741,1230967082,15272978,1108357203,1230967082,15266467,6511,0,245,dd13e05475bd9a1b,1230958800,1231045200,1,0,False,False
ours,tgbn-genre,test,1231045200,6,1231053481,18672,1230967084,1231053481,15291650,1108357203,1231053481,15283935,7715,0,231,aa4c7176a3d27a60,1231045200,1231131600,1,0,False,False
ours,tgbn-genre,test,1231131600,7,1231139882,18523,1231053484,1231139882,15310173,1108357203,1231139882,15303138,7035,0,231,27940657a39ee7b0,1231131600,1231218000,1,0,False,False
ours,tgbn-genre,test,1231218000,8,1231226283,16346,1231139884,1231226283,15326519,1108357203,1231226283,15320548,5971,0,240,983df0c565c21754,1231218000,1231304400,1,0,False,False
ours,tgbn-genre,test,1231304400,9,1231312682,18311,1231226285,1231312682,15344830,1108357203,1231312682,15338480,6350,0,237,1d555a6ae55338e3,1231304400,1231390800,1,0,False,False
ours,tgbn-genre,test,1231390800,10,1231399083,18548,1231312684,1231399083,15363378,1108357203,1231399083,15356459,6919,0,247,9a5cdb961670fca6,1231390800,1231477200,1,0,False,False
ours,tgbn-genre,test,1231477200,11,1231485482,21000,1231399140,1231485482,15384378,1108357203,1231485482,15377011,7367,0,230,9c5d30b705bb1d5f,1231477200,1231563600,1,0,False,False
ours,tgbn-genre,test,1231563600,12,1231571882,20359,1231485484,1231571882,15404737,1108357203,1231571882,15398448,6289,0,238,10d03f3d3b2be2fd,1231563600,1231650000,1,0,False,False
ours,tgbn-genre,test,1231650000,13,1231658282,21968,1231571940,1231658282,15426705,1108357203,1231658282,15418355,8350,0,242,4cc7b6c32d8d4f00,1231650000,1231736400,1,0,False,False
ours,tgbn-genre,test,1231736400,14,1231744680,21623,1231658285,1231744680,15448328,1108357203,1231744680,15440961,7367,0,242,38d15a089a5bbcbe,1231736400,1231822800,1,0,False,False
ours,tgbn-genre,test,1231822800,15,1231831083,19081,1231744685,1231831083,15467409,1108357203,1231831083,15460343,7066,0,247,9f0fc35477dd7e97,1231822800,1231909200,1,0,False,False
ours,tgbn-genre,test,1231909200,16,1231917483,18984,1231831084,1231917483,15486393,1108357203,1231917483,15479525,6868,0,253,b31ee7b6152a846c,1231909200,1231995600,1,0,False,False
ours,tgbn-genre,test,1231995600,17,1232003881,19272,1231917484,1232003881,15505665,1108357203,1232003881,15499064,6601,0,262,f39c88785c7f0018,1231995600,1232082000,1,0,False,False
ours,tgbn-genre,test,1232082000,18,1232090282,18160,1232003884,1232090282,15523825,1108357203,1232090282,15515874,7951,0,265,1dce99bbb33a7b90,1232082000,1232168400,1,0,False,False
ours,tgbn-genre,test,1232168400,19,1232176682,21891,1232090284,1232176682,15545716,1108357203,1232176682,15538118,7598,0,260,384d4adf53a92193,1232168400,1232254800,1,0,False,False
ours,tgbn-genre,test,1232254800,20,1232263082,20449,1232176685,1232263082,15566165,1108357203,1232263082,15558271,7894,0,237,c7206534cfc3e74e,1232254800,1232341200,1,0,False,False
ours,tgbn-genre,test,1232341200,21,1232349482,21639,1232263085,1232349482,15587804,1108357203,1232349482,15579816,7988,0,237,43c0e24a44c019e9,1232341200,1232427600,1,0,False,False
ours,tgbn-genre,test,1232427600,22,1232435880,20535,1232349542,1232435880,15608339,1108357203,1232435880,15600853,7486,0,259,1620a915a9ee43f0,1232427600,1232514000,1,0,False,False
ours,tgbn-genre,test,1232514000,23,1232522281,18311,1232435884,1232522281,15626650,1108357203,1232522281,15620868,5782,0,257,db6e76931ad427a8,1232514000,1232600400,1,0,False,False
ours,tgbn-genre,test,1232600400,24,1232608680,18909,1232522341,1232608680,15645559,1108357203,1232608680,15638784,6775,0,254,a96ea8457ebf6db1,1232600400,1232686800,1,0,False,False
ours,tgbn-genre,test,1232686800,25,1232695081,20775,1232608740,1232695081,15666334,1108357203,1232695081,15658715,7619,0,269,b3cdb032f0fa48cd,1232686800,1232773200,1,0,False,False
ours,tgbn-genre,test,1232773200,26,1232781483,19782,1232695140,1232781483,15686116,1108357203,1232781483,15678429,7687,0,256,5bae97aa31dd2841,1232773200,1232859600,1,0,False,False
ours,tgbn-genre,test,1232859600,27,1232867881,21961,1232781540,1232867881,15708077,1108357203,1232867881,15700257,7820,0,241,58a47cb709b99522,1232859600,1232946000,1,0,False,False
ours,tgbn-genre,test,1232946000,28,1232954282,20886,1232867885,1232954282,15728963,1108357203,1232954282,15721181,7782,0,244,e10afc82aefebc29,1232946000,1233032400,1,0,False,False
ours,tgbn-genre,test,1233032400,29,1233040683,18645,1232954284,1233040683,15747608,1108357203,1233040683,15740940,6668,0,253,32b340015dd2a57e,1233032400,1233118800,1,0,False,False
ours,tgbn-genre,test,1233118800,30,1233127025,18707,1233040740,1233127025,15766315,1108357203,1233127025,15758483,7832,0,264,0e9568a478c9f242,1233118800,1233205200,1,0,False,False
ours,tgbn-genre,test,1233205200,31,1233213483,21756,1233127084,1233213483,15788071,1108357203,1233213483,15779272,8799,0,265,a0796695f833cb15,1233205200,1233291600,1,0,False,False
ours,tgbn-genre,test,1233291600,32,1233299882,20694,1233213484,1233299882,15808765,1108357203,1233299882,15801522,7243,0,259,dac3f1c5f5e687a8,1233291600,1233378000,1,0,False,False
ours,tgbn-genre,test,1233378000,33,1233386281,20741,1233299884,1233386281,15829506,1108357203,1233386281,15822418,7088,0,261,3e3a53ee27d6aaa1,1233378000,1233464400,1,0,False,False
ours,tgbn-genre,test,1233464400,34,1233472682,20352,1233386284,1233472682,15849858,1108357203,1233472682,15842294,7564,0,241,d10179566f9c1d89,1233464400,1233550800,1,0,False,False
ours,tgbn-genre,test,1233550800,35,1233559083,22446,1233472740,1233559083,15872304,1108357203,1233559083,15865390,6914,0,236,ebee7dcd6ef19a5e,1233550800,1233637200,1,0,False,False
ours,tgbn-genre,test,1233637200,36,1233645482,21893,1233559084,1233645482,15894197,1108357203,1233645482,15887265,6932,0,264,cb53bd272d261699,1233637200,1233723600,1,0,False,False
ours,tgbn-genre,test,1233723600,37,1233731881,19084,1233645484,1233731881,15913281,1108357203,1233731881,15907231,6050,0,264,b0fd89aa678e8920,1233723600,1233810000,1,0,False,False
ours,tgbn-genre,test,1233810000,38,1233818283,23449,1233731885,1233818283,15936730,1108357203,1233818283,15929357,7373,0,275,bb0c19119265af51,1233810000,1233896400,1,0,False,False
ours,tgbn-genre,test,1233896400,39,1233904683,20131,1233818341,1233904683,15956861,1108357203,1233904683,15949091,7770,0,286,afb5b350594fcb75,1233896400,1233982800,1,0,False,False
ours,tgbn-genre,test,1233982800,40,1233991082,18758,1233904684,1233991082,15975619,1108357203,1233991082,15968861,6758,0,256,e50e742d5b3f827e,1233982800,1234069200,1,0,False,False
ours,tgbn-genre,test,1234069200,41,1234077483,21694,1233991141,1234077483,15997313,1108357203,1234077483,15989712,7601,0,233,ae90008020aa3f5f,1234069200,1234155600,1,0,False,False
ours,tgbn-genre,test,1234155600,42,1234163883,21273,1234077485,1234163883,16018586,1108357203,1234163883,16011397,7189,0,243,efd283e44eba88a9,1234155600,1234242000,1,0,False,False
ours,tgbn-genre,test,1234242000,43,1234250280,19930,1234163884,1234250280,16038516,1108357203,1234250280,16031210,7306,0,249,594ff8994039eca0,1234242000,1234328400,1,0,False,False
ours,tgbn-genre,test,1234328400,44,1234336683,22264,1234250285,1234336683,16060780,1108357203,1234336683,16053736,7044,0,270,f1a17e6e1f2b595f,1234328400,1234414800,1,0,False,False
ours,tgbn-genre,test,1234414800,45,1234423083,22419,1234336685,1234423083,16083199,1108357203,1234423083,16075252,7947,0,280,1a0e4eebd6036bac,1234414800,1234501200,1,0,False,False
ours,tgbn-genre,test,1234501200,46,1234509483,21158,1234423084,1234509483,16104357,1108357203,1234509483,16097743,6614,0,282,8836568164bd0751,1234501200,1234587600,1,0,False,False
ours,tgbn-genre,test,1234587600,47,1234595883,19237,1234509542,1234595883,16123594,1108357203,1234595883,16115518,8076,0,277,afe583e13a8e928b,1234587600,1234674000,1,0,False,False
ours,tgbn-genre,test,1234674000,48,1234682283,21440,1234595884,1234682283,16145034,1108357203,1234682283,16137815,7219,0,231,24e90f9f80e1ee53,1234674000,1234760400,1,0,False,False
ours,tgbn-genre,test,1234760400,49,1234768683,19231,1234682285,1234768683,16164265,1108357203,1234768683,16156872,7393,0,251,c5b8ef4e79f3a75c,1234760400,1234846800,1,0,False,False
ours,tgbn-genre,test,1234846800,50,1234855082,19452,1234768743,1234855082,16183717,1108357203,1234855082,16176651,7066,0,269,7ee1cd6fb39e0c17,1234846800,1234933200,1,0,False,False
ours,tgbn-genre,test,1234933200,51,1234941482,22055,1234855085,1234941482,16205772,1108357203,1234941482,16198459,7313,0,280,4a79e91ca13dc95a,1234933200,1235019600,1,0,False,False
ours,tgbn-genre,test,1235019600,52,1235027883,21675,1234941484,1235027883,16227447,1108357203,1235027883,16219125,8322,0,275,f9f534045b475426,1235019600,1235106000,1,0,False,False
ours,tgbn-genre,test,1235106000,53,1235114280,23479,1235027941,1235114280,16250926,1108357203,1235114280,16243483,7443,0,287,d550e5cb94bd2a75,1235106000,1235192400,1,0,False,False
ours,tgbn-genre,test,1235192400,54,1235200681,21904,1235114285,1235200681,16272830,1108357203,1235200681,16264902,7928,0,274,c22e04b1a4c381e5,1235192400,1235278800,1,0,False,False
ours,tgbn-genre,test,1235278800,55,1235287025,21524,1235200684,1235287025,16294354,1108357203,1235287025,16286599,7755,0,230,cd58f8d01a9555e3,1235278800,1235365200,1,0,False,False
ours,tgbn-genre,test,1235365200,56,1235373481,21883,1235287084,1235373481,16316237,1108357203,1235373481,16308083,8154,0,249,ecf32829b2bef091,1235365200,1235451600,1,0,False,False
ours,tgbn-genre,test,1235451600,57,1235459882,20955,1235373485,1235459882,16337192,1108357203,1235459882,16330019,7173,0,272,7f92ccda83ca2d0a,1235451600,1235538000,1,0,False,False
ours,tgbn-genre,test,1235538000,58,1235546281,22650,1235459942,1235546281,16359842,1108357203,1235546281,16351131,8711,0,269,a43ef172f6c87532,1235538000,1235624400,1,0,False,False
ours,tgbn-genre,test,1235624400,59,1235632683,21157,1235546285,1235632683,16380999,1108357203,1235632683,16374137,6862,0,271,2f27651346406ff0,1235624400,1235710800,1,0,False,False
ours,tgbn-genre,test,1235710800,60,1235719083,20898,1235632745,1235719083,16401897,1108357203,1235719083,16394186,7711,0,266,5f425248fb88e31d,1235710800,1235797200,1,0,False,False
ours,tgbn-genre,test,1235797200,61,1235805482,21873,1235719085,1235805482,16423770,1108357203,1235805482,16416067,7703,0,253,cff455c13b9f855a,1235797200,1235883600,1,0,False,False
ours,tgbn-genre,test,1235883600,62,1235891824,18552,1235805485,1235891824,16442322,1108357203,1235891824,16435922,6400,0,236,79b3bcc6475c3bb9,1235883600,1235970000,1,0,False,False
ours,tgbn-genre,test,1235970000,63,1235978283,19486,1235891942,1235978283,16461808,1108357203,1235978283,16454499,7309,0,251,5d507e8a601b28fa,1235970000,1236056400,1,0,False,False
ours,tgbn-genre,test,1236056400,64,1236064621,19634,1235978284,1236064621,16481442,1108357203,1236064621,16474221,7221,0,263,1e30b62acafee425,1236056400,1236142800,1,0,False,False
ours,tgbn-genre,test,1236142800,65,1236151081,20623,1236064684,1236151081,16502065,1108357203,1236151081,16495246,6819,0,274,f556877f77bbcaf6,1236142800,1236229200,1,0,False,False
ours,tgbn-genre,test,1236229200,66,1236237483,21194,1236151142,1236237483,16523259,1108357203,1236237483,16514732,8527,0,287,027cd169ecad0fd5,1236229200,1236315600,1,0,False,False
ours,tgbn-genre,test,1236315600,67,1236323881,22158,1236237484,1236323881,16545417,1108357203,1236323881,16538776,6641,0,281,282ce9adbe9a8db0,1236315600,1236402000,1,0,False,False
ours,tgbn-genre,test,1236402000,68,1236410283,23969,1236323885,1236410283,16569386,1108357203,1236410283,16560408,8978,0,276,8a5d6f4a892def29,1236402000,1236488400,1,0,False,False
ours,tgbn-genre,test,1236488400,69,1236496683,21661,1236410340,1236496683,16591047,1108357203,1236496683,16583505,7542,0,261,5e551003d814a863,1236488400,1236571200,1,0,False,False
ours,tgbn-genre,test,1236571200,70,1236583083,21272,1236496684,1236583083,16612319,1108357203,1236583083,16604899,7420,0,249,23148d1fa83c5492,1236571200,1236657600,1,0,False,False
ours,tgbn-genre,test,1236657600,71,1236669482,20589,1236583141,1236669482,16632908,1108357203,1236669482,16625919,6989,0,281,b2b513513ae29b6a,1236657600,1236744000,1,0,False,False
ours,tgbn-genre,test,1236744000,72,1236755882,21278,1236669484,1236755882,16654186,1108357203,1236755882,16648494,5692,0,300,ebe856c0febc179c,1236744000,1236830400,1,0,False,False
ours,tgbn-genre,test,1236830400,73,1236842283,20635,1236755940,1236842283,16674821,1108357203,1236842283,16667487,7334,0,276,092f22fe50259968,1236830400,1236916800,1,0,False,False
ours,tgbn-genre,test,1236916800,74,1236928681,20104,1236842285,1236928681,16694925,1108357203,1236928681,16689043,5882,0,252,d18a8cd58934847f,1236916800,1237003200,1,0,False,False
ours,tgbn-genre,test,1237003200,75,1237015083,22701,1236928684,1237015083,16717626,1108357203,1237015083,16710512,7114,0,292,cae4421e10832892,1237003200,1237089600,1,0,False,False
ours,tgbn-genre,test,1237089600,76,1237101481,20257,1237015140,1237101481,16737883,1108357203,1237101481,16730934,6949,0,251,e22c6a96ae13fd27,1237089600,1237176000,1,0,False,False
ours,tgbn-genre,test,1237176000,77,1237187880,22101,1237101484,1237187880,16759984,1108357203,1237187880,16751732,8252,0,254,b31e35ff8481abb9,1237176000,1237262400,1,0,False,False
ours,tgbn-genre,test,1237262400,78,1237274283,21965,1237187884,1237274283,16781949,1108357203,1237274283,16775724,6225,0,287,44ea47d8f5cf2ae0,1237262400,1237348800,1,0,False,False
ours,tgbn-genre,test,1237348800,79,1237360680,22208,1237274285,1237360680,16804157,1108357203,1237360680,16797436,6721,0,289,9332ff61420e13bf,1237348800,1237435200,1,0,False,False
ours,tgbn-genre,test,1237435200,80,1237447083,20484,1237360741,1237447083,16824641,1108357203,1237447083,16818041,6600,0,289,0a762d12536952aa,1237435200,1237521600,1,0,False,False
ours,tgbn-genre,test,1237521600,81,1237533483,21321,1237447084,1237533483,16845962,1108357203,1237533483,16839565,6397,0,279,3bbbeb231394e55a,1237521600,1237608000,1,0,False,False
ours,tgbn-genre,test,1237608000,82,1237619825,24152,1237533540,1237619825,16870114,1108357203,1237619825,16860853,9261,0,263,667771b45f9b9616,1237608000,1237694400,1,0,False,False
ours,tgbn-genre,test,1237694400,83,1237706281,23884,1237619885,1237706281,16893998,1108357203,1237706281,16886742,7256,0,243,139f77685e482841,1237694400,1237780800,1,0,False,False
ours,tgbn-genre,test,1237780800,84,1237792681,19274,1237706285,1237792681,16913272,1108357203,1237792681,16906886,6386,0,244,6e7772a781ec1c70,1237780800,1237867200,1,0,False,False
ours,tgbn-genre,test,1237867200,85,1237879082,22035,1237792740,1237879082,16935307,1108357203,1237879082,16928708,6599,0,273,9da56d2fcc2ca0c8,1237867200,1237953600,1,0,False,False
ours,tgbn-genre,test,1237953600,86,1237965483,21328,1237879145,1237965483,16956635,1108357203,1237965483,16950690,5945,0,259,31799b9c30bf4510,1237953600,1238040000,1,0,False,False
ours,tgbn-genre,test,1238040000,87,1238051881,21737,1237965485,1238051881,16978372,1108357203,1238051881,16972282,6090,0,261,8d33d33645c8fc79,1238040000,1238126400,1,0,False,False
ours,tgbn-genre,test,1238126400,88,1238138283,21342,1238051885,1238138283,16999714,1108357203,1238138283,16992372,7342,0,270,90e497aa76387158,1238126400,1238212800,1,0,False,False
ours,tgbn-genre,test,1238212800,89,1238224682,20475,1238138284,1238224682,17020189,1108357203,1238224682,17013925,6264,0,264,d43fbb0d2f4ad3fb,1238212800,1238299200,1,0,False,False
ours,tgbn-genre,test,1238299200,90,1238311082,19978,1238224684,1238311082,17040167,1108357203,1238311082,17034225,5942,0,226,b974aeeaaee52bc2,1238299200,1238385600,1,0,False,False
ours,tgbn-genre,test,1238385600,91,1238397483,18242,1238311085,1238397483,17058409,1108357203,1238397483,17052889,5520,0,251,1c808badb2339644,1238385600,1238472000,1,0,False,False
ours,tgbn-genre,test,1238472000,92,1238483883,20025,1238397485,1238483883,17078434,1108357203,1238483883,17072800,5634,0,263,52490a3822e599da,1238472000,1238558400,1,0,False,False
ours,tgbn-genre,test,1238558400,93,1238570283,19693,1238483941,1238570283,17098127,1108357203,1238570283,17092374,5753,0,271,631104f2706fd556,1238558400,1238644800,1,0,False,False
ours,tgbn-genre,test,1238644800,94,1238656682,19385,1238570344,1238656682,17117512,1108357203,1238656682,17112027,5485,0,270,d99667dcc294e6b7,1238644800,1238731200,1,0,False,False
ours,tgbn-genre,test,1238731200,95,1238743080,20343,1238656742,1238743080,17137855,1108357203,1238743080,17132083,5772,0,257,7a152e52d6754e6f,1238731200,1238817600,1,0,False,False
ours,tgbn-genre,test,1238817600,96,1238829483,17853,1238743261,1238829483,17155708,1108357203,1238829483,17150622,5086,0,251,d14f8fc1fdb9efb1,1238817600,1238904000,1,0,False,False
ours,tgbn-genre,test,1238904000,97,1238915882,17402,1238829540,1238915882,17173110,1108357203,1238915882,17167782,5328,0,213,be9f99de8c2d0c93,1238904000,1238990400,1,0,False,False
ours,tgbn-genre,test,1238990400,98,1239002282,18396,1238915885,1239002282,17191506,1108357203,1239002282,17185784,5722,0,216,2d7984dd04585492,1238990400,1239076800,1,0,False,False
ours,tgbn-genre,test,1239076800,99,1239088683,19041,1239002340,1239088683,17210547,1108357203,1239088683,17204589,5958,0,245,5fd783fc5ca89b19,1239076800,1239163200,1,0,False,False
ours,tgbn-genre,test,1239163200,100,1239175083,20194,1239088742,1239175083,17230741,1108357203,1239175083,17224140,6601,0,267,337ad745a00b8862,1239163200,1239249600,1,0,False,False
ours,tgbn-genre,test,1239249600,101,1239261482,21537,1239175084,1239261482,17252278,1108357203,1239261482,17245988,6290,0,257,36c20cf47924f798,1239249600,1239336000,1,0,False,False
ours,tgbn-genre,test,1239336000,102,1239347882,18898,1239261540,1239347882,17271176,1108357203,1239347882,17265133,6043,0,262,850ea24e8cbac943,1239336000,1239422400,1,0,False,False
ours,tgbn-genre,test,1239422400,103,1239434282,18918,1239347884,1239434282,17290094,1108357203,1239434282,17285122,4972,0,265,c3c132e2b0dfdf71,1239422400,1239508800,1,0,False,False
ours,tgbn-genre,test,1239508800,104,1239520680,19053,1239434285,1239520680,17309147,1108357203,1239520680,17302954,6193,0,230,c0c474bf49df5e12,1239508800,1239595200,1,0,False,False
ours,tgbn-genre,test,1239595200,105,1239607082,19319,1239520684,1239607082,17328466,1108357203,1239607082,17322788,5678,0,246,008b15d4da0c829f,1239595200,1239681600,1,0,False,False
ours,tgbn-genre,test,1239681600,106,1239693481,21472,1239607084,1239693481,17349938,1108357203,1239693481,17343750,6188,0,264,9551fb9adcde9332,1239681600,1239768000,1,0,False,False
ours,tgbn-genre,test,1239768000,107,1239779883,20624,1239693484,1239779883,17370562,1108357203,1239779883,17363876,6686,0,265,8d2f4978da5f5b87,1239768000,1239854400,1,0,False,False
ours,tgbn-genre,test,1239854400,108,1239866283,18714,1239779884,1239866283,17389276,1108357203,1239866283,17384209,5067,0,269,18fac3ed6708f1c6,1239854400,1239940800,1,0,False,False
ours,tgbn-genre,test,1239940800,109,1239952682,18649,1239866284,1239952682,17407925,1108357203,1239952682,17402149,5776,0,266,70c67477ae8772a3,1239940800,1240027200,1,0,False,False
ours,tgbn-genre,test,1240027200,110,1240039024,20154,1239952742,1240039024,17428079,1108357203,1240039024,17422588,5491,0,268,c865433209607a56,1240027200,1240113600,1,0,False,False
ours,tgbn-genre,test,1240113600,111,1240125424,18152,1240039085,1240125424,17446231,1108357203,1240125424,17440331,5900,0,242,fa2984a60ff33c40,1240113600,1240200000,1,0,False,False
ours,tgbn-genre,test,1240200000,112,1240211883,18116,1240125484,1240211883,17464347,1108357203,1240211883,17458641,5706,0,238,38ef316c9c5aaf62,1240200000,1240286400,1,0,False,False
ours,tgbn-genre,test,1240286400,113,1240298281,18494,1240211885,1240298281,17482841,1108357203,1240298281,17477134,5707,0,244,a04b8d4c9707686c,1240286400,1240372800,1,0,False,False
ours,tgbn-genre,test,1240372800,114,1240384683,20226,1240298341,1240384683,17503067,1108357203,1240384683,17497534,5533,0,236,981fd5b7f7b198c0,1240372800,1240459200,1,0,False,False
ours,tgbn-genre,test,1240459200,115,1240471083,20624,1240384684,1240471083,17523691,1108357203,1240471083,17517902,5789,0,206,23ccc63edcfb7e8e,1240459200,1240545600,1,0,False,False
ours,tgbn-genre,test,1240545600,116,1240557482,19068,1240471143,1240557482,17542759,1108357203,1240557482,17537206,5553,0,151,ab4010afc8c08470,1240545600,1240632000,1,0,False,False
ours,tgbn-genre,test,1240632000,117,1240643882,21613,1240557484,1240643882,17564372,1108357203,1240643882,17559195,5177,0,132,7b51e99888bcd964,1240632000,1240718400,1,0,False,False
ours,tgbn-genre,test,1240718400,118,1240730222,19055,1240643884,1240730222,17583427,1108357203,1240730222,17577977,5450,0,101,4fae63c3f65fa82a,1240718400,1240804800,1,0,False,False
ours,tgbn-genre,test,1240804800,119,1240816682,18731,1240730340,1240816682,17602158,1108357203,1240816682,17596270,5888,0,73,55ef7cbee5ad7c85,1240804800,1240891200,1,0,False,False
ours,tgbn-genre,test,1240891200,120,1240903083,18165,1240816740,1240903083,17620323,1108357203,1240903083,17615130,5193,0,61,b934cf2bd0f63cb1,1240891200,1240977600,1,0,False,False
ours,tgbn-genre,test,1240977600,121,1240989481,18474,1240903084,1240989481,17638797,1108357203,1240989481,17633534,5263,0,64,87ebbffa4a2610f9,1240977600,1241064000,1,0,False,False
ours,tgbn-genre,test,1241064000,122,1241075880,15854,1240989484,1241075880,17654651,1108357203,1241075880,17650748,3903,0,57,6b362007b4876af3,1241064000,1241150400,1,0,False,False
ours,tgbn-genre,test,1241150400,123,1241162283,13589,1241075885,1241162283,17668240,1108357203,1241162283,17664178,4062,0,59,aa58a4f2d8cf937e,1241150400,1241236800,1,0,False,False
ours,tgbn-genre,test,1241236800,124,1241248622,11516,1241162284,1241248622,17679756,1108357203,1241248622,17676667,3089,0,58,9dc091d585dc51ae,1241236800,1241323200,1,0,False,False
ours,tgbn-genre,test,1241323200,125,1241335082,8953,1241248684,1241335082,17688709,1108357203,1241335082,17686047,2662,0,51,64aa0d267faf0467,1241323200,1241409600,1,0,False,False
ours,tgbn-genre,test,1241409600,126,1241421421,8108,1241335200,1241421421,17696817,1108357203,1241421421,17694662,2155,0,54,cd3f2ebf1419c8c3,1241409600,1241496000,1,0,False,False
ours,tgbn-genre,test,1241496000,127,1241507763,5335,1241421542,1241507763,17702152,1108357203,1241507763,17700652,1500,0,60,cc2379a2c9c3bad2,1241496000,1241582400,1,0,False,False
ours,tgbn-genre,test,1241582400,128,1241594283,3670,1241508000,1241594283,17705822,1108357203,1241594283,17704928,894,0,52,8a42542fc8c91693,1241582400,1241668800,1,0,False,False
ours,tgbn-genre,test,1241668800,129,1241680683,4173,1241594342,1241680683,17709995,1108357203,1241680683,17708939,1056,0,59,e43b805f75a8c3d3,1241668800,1241755200,1,0,False,False
ours,tgbn-genre,test,1241755200,130,1241766963,4443,1241680983,1241766963,17714438,1108357203,1241766963,17712813,1625,0,59,ad41d1d18271f4a8,1241755200,1241841600,1,0,False,False
ours,tgbn-genre,test,1241841600,131,1241853305,4544,1241767142,1241853305,17718982,1108357203,1241853305,17717372,1610,0,56,e9396d5c8490f059,1241841600,1241928000,1,0,False,False
ours,tgbn-genre,test,1241928000,132,1241939703,3672,1241853600,1241939703,17722654,1108357203,1241939703,17721731,923,0,50,f2b25d66b5eb3ef2,1241928000,1242014400,1,0,False,False
ours,tgbn-genre,test,1242014400,133,1242026224,4462,1241940062,1242026224,17727116,1108357203,1242026224,17725718,1398,0,46,8923e2519678f0dd,1242014400,1242100800,1,0,False,False
ours,tgbn-genre,test,1242100800,134,1242112625,4580,1242026343,1242112625,17731696,1108357203,1242112625,17730318,1378,0,50,3d267ba9246fe68e,1242100800,1242187200,1,0,False,False
ours,tgbn-genre,test,1242187200,135,1242199024,3478,1242112685,1242199024,17735174,1108357203,1242199024,17734125,1049,0,53,305204d9ca8e7f23,1242187200,1242273600,1,0,False,False
ours,tgbn-genre,test,1242273600,136,1242285480,3899,1242199200,1242285480,17739073,1108357203,1242285480,17737849,1224,0,49,37cd54f21c798fc4,1242273600,1242360000,1,0,False,False
ours,tgbn-genre,test,1242360000,137,1242371823,4003,1242285605,1242371823,17743076,1108357203,1242371823,17742137,939,0,48,b13c4c54c5f6415f,1242360000,1242446400,1,0,False,False
ours,tgbn-genre,test,1242446400,138,1242458225,4503,1242371943,1242458225,17747579,1108357203,1242458225,17746052,1527,0,52,49ee9859b9001a86,1242446400,1242532800,1,0,False,False
ours,tgbn-genre,test,1242532800,139,1242544683,4214,1242458341,1242544683,17751793,1108357203,1242544683,17750615,1178,0,34,7f9aeedae1a4fe73,1242532800,1242619200,1,0,False,False
ours,tgbn-genre,test,1242619200,140,1242631024,3493,1242544801,1242631024,17755286,1108357203,1242631024,17753753,1533,0,44,5ce26cf9a10b758e,1242619200,1242705600,1,0,False,False
ours,tgbn-genre,test,1242705600,141,1242717363,3721,1242631141,1242717363,17759007,1108357203,1242717363,17758074,933,0,48,fe3091b77c95248e,1242705600,1242792000,1,0,False,False
ours,tgbn-genre,test,1242792000,142,1242803882,3731,1242717844,1242803882,17762738,1108357203,1242803882,17761694,1044,0,42,a80ece1fbf0092af,1242792000,1242878400,1,0,False,False
ours,tgbn-genre,test,1242878400,143,1242890103,3971,1242803943,1242890103,17766709,1108357203,1242890103,17765645,1064,0,32,70b38eb94a92c102,1242878400,1242964800,1,0,False,False
ours,tgbn-genre,test,1242964800,144,1242976625,3801,1242890341,1242976625,17770510,1108357203,1242976625,17769541,969,0,36,cb8dd108f60feb3a,1242964800,1243051200,1,0,False,False
ours,tgbn-genre,test,1243051200,145,1243063083,3888,1242976981,1243063083,17774398,1108357203,1243063083,17773013,1385,0,36,cbd3e2ee12d1b8bc,1243051200,1243137600,1,0,False,False
ours,tgbn-genre,test,1243137600,146,1243149241,3504,1243063145,1243149241,17777902,1108357203,1243149241,17777005,897,0,35,7990f29112198543,1243137600,1243224000,1,0,False,False
ours,tgbn-genre,test,1243224000,147,1243235881,3337,1243149542,1243235881,17781239,1108357203,1243235881,17779950,1289,0,38,237ced1c865674a7,1243224000,1243310400,1,0,False,False
ours,tgbn-genre,test,1243310400,148,1243321861,3789,1243235944,1243321861,17785028,1108357203,1243321861,17783827,1201,0,34,9c728e8cd5a210b8,1243310400,1243396800,1,0,False,False
ours,tgbn-genre,test,1243396800,149,1243408561,3499,1243322583,1243408561,17788527,1108357203,1243408561,17787333,1194,0,40,f7bdb24b7ee1c758,1243396800,1243483200,1,0,False,False
ours,tgbn-genre,test,1243483200,150,1243494963,2980,1243409162,1243494963,17791507,1108357203,1243494963,17790341,1166,0,42,ad979e0350db8d20,1243483200,1243569600,1,0,False,False
ours,tgbn-genre,test,1243569600,151,1243581481,2634,1243495202,1243581481,17794141,1108357203,1243581481,17793193,948,0,46,9fd0a609a059abb4,1243569600,1243656000,1,0,False,False
ours,tgbn-genre,test,1243656000,152,1243667761,3450,1243581540,1243667761,17797591,1108357203,1243667761,17796402,1189,0,43,ac46dbd4f879a956,1243656000,1243742400,1,0,False,False
ours,tgbn-genre,test,1243742400,153,1243754165,2778,1243668120,1243754165,17800369,1108357203,1243754165,17799797,572,0,33,1a5e6de624c9133b,1243742400,1243828800,1,0,False,False
ours,tgbn-genre,test,1243828800,154,1243840500,2955,1243754461,1243840500,17803324,1108357203,1243840500,17802165,1159,0,35,50daf12939f4f0b8,1243828800,1243915200,1,0,False,False
ours,tgbn-genre,test,1243915200,155,1243927025,3023,1243840740,1243927025,17806347,1108357203,1243927025,17805324,1023,0,40,f157bfd3489b4bf2,1243915200,1244001600,1,0,False,False
ours,tgbn-genre,test,1244001600,156,1244013482,2954,1243927143,1244013482,17809301,1108357203,1244013482,17808539,762,0,38,556ba5e3551b001a,1244001600,1244088000,1,0,False,False
ours,tgbn-genre,test,1244088000,157,1244099823,3052,1244013544,1244099823,17812353,1108357203,1244099823,17811310,1043,0,38,560f3f9e1a4e7694,1244088000,1244174400,1,0,False,False
ours,tgbn-genre,test,1244174400,158,1244186220,3124,1244100060,1244186220,17815477,1108357203,1244186220,17814589,888,0,39,e43e7060c5545e0f,1244174400,1244260800,1,0,False,False
ours,tgbn-genre,test,1244260800,159,1244272265,3264,1244186404,1244272265,17818741,1108357203,1244272265,17817526,1215,0,41,2dee0c7beb6d49cd,1244260800,1244347200,1,0,False,False
ours,tgbn-genre,test,1244347200,160,1244358960,3170,1244272684,1244358960,17821911,1108357203,1244358960,17820817,1094,0,34,956d01aebb47b9f2,1244347200,1244433600,1,0,False,False
ours,tgbn-genre,test,1244433600,161,1244445422,3033,1244359740,1244445422,17824944,1108357203,1244445422,17823729,1215,0,37,03dcc0f27fbcfb29,1244433600,1244520000,1,0,False,False
ours,tgbn-genre,test,1244520000,162,1244531762,3550,1244445543,1244531762,17828494,1108357203,1244531762,17827539,955,0,26,3cb8dc94748c7dd2,1244520000,1244606400,1,0,False,False
ours,tgbn-genre,test,1244606400,163,1244618101,3532,1244531944,1244618101,17832026,1108357203,1244618101,17831096,930,0,18,1734f32ce3db07f6,1244606400,1244692800,1,0,False,False
ours,tgbn-genre,test,1244692800,164,1244704620,3824,1244618284,1244704620,17835850,1108357203,1244704620,17834334,1516,0,13,f09c180ac0d5d433,1244692800,1244779200,1,0,False,False
ours,tgbn-genre,test,1244779200,165,1244791080,4285,1244704741,1244791080,17840135,1108357203,1244791080,17838552,1583,0,5,8bee10d1f1fe88ed,1244779200,-1,1,0,False,True
official_tgn_example,tgbn-genre,train,1108443600,10,1108458543,200,1108438564,1108458543,2200,1108357203,1108458543,1743,457,0,26,0681c0c3276d9643,1108443600,1108530000,1,0,True,False
official_tgn_example,tgbn-genre,train,1108530000,16,1108546564,200,1108529583,1108546564,3400,1108357203,1108546564,2833,567,0,26,aeed4e10bef2165c,1108530000,1108616400,1,0,False,False
official_tgn_example,tgbn-genre,train,1108616400,23,1108618080,200,1108611481,1108618080,4800,1108357203,1108618080,4208,592,0,27,ea760a6040349654,1108616400,1108702800,1,0,False,False
official_tgn_example,tgbn-genre,train,1108702800,32,1108710125,200,1108701245,1108710125,6600,1108357203,1108710125,5798,802,0,22,1ebbe3092c325076,1108702800,1108789200,1,0,False,False
official_tgn_example,tgbn-genre,train,1108789200,40,1108798084,200,1108788484,1108798084,8200,1108357203,1108798084,7596,604,0,27,3eb4d79219204346,1108789200,1108875600,1,0,False,False
official_tgn_example,tgbn-genre,train,1108875600,48,1108879501,200,1108870143,1108879501,9800,1108357203,1108879501,9392,408,0,25,5b1b2690da210883,1108875600,1108962000,1,0,False,False
official_tgn_example,tgbn-genre,train,1108962000,55,1108973281,200,1108960264,1108973281,11200,1108357203,1108973281,10626,574,0,25,3a59bb1c6fc1bbeb,1108962000,1109048400,1,0,False,False
official_tgn_example,tgbn-genre,train,1109048400,63,1109049902,200,1109040785,1109049902,12800,1108357203,1109049902,12354,446,0,26,5ca4419cb6d42511,1109048400,1109134800,1,0,False,False
official_tgn_example,tgbn-genre,train,1109134800,73,1109137324,200,1109127844,1109137324,14800,1108357203,1109137324,14210,590,0,32,f27cfef448db5ad5,1109134800,1109221200,1,0,False,False
official_tgn_example,tgbn-genre,train,1109221200,85,1109230321,200,1109218624,1109230321,17200,1108357203,1109230321,16561,639,0,23,56716dde930ef9e1,1109221200,1109307600,1,0,False,False
official_tgn_example,tgbn-genre,train,1109307600,92,1109317080,200,1109307300,1109317080,18600,1108357203,1109317080,18007,593,0,28,5116eca896c4c851,1109307600,1109394000,1,0,False,False
official_tgn_example,tgbn-genre,train,1109394000,103,1109394904,200,1109386862,1109394904,20800,1108357203,1109394904,20035,765,0,32,8fa122c5180e29f0,1109394000,1109480400,1,0,False,False
official_tgn_example,tgbn-genre,train,1109480400,108,1109482504,200,1109462764,1109482504,21800,1108357203,1109482504,21597,203,0,26,df954d4f92e4035a,1109480400,1109566800,1,0,False,False
official_tgn_example,tgbn-genre,train,1109566800,114,1109574005,200,1109563801,1109574005,23000,1108357203,1109574005,22520,480,0,27,4b2aed3e41fbc674,1109566800,1109653200,1,0,False,False
official_tgn_example,tgbn-genre,train,1109653200,124,1109661305,200,1109651584,1109661305,25000,1108357203,1109661305,24126,874,0,31,58d85d32279900de,1109653200,1109739600,1,0,False,False
official_tgn_example,tgbn-genre,train,1109739600,131,1109754603,200,1109728380,1109754603,26400,1108357203,1109754603,26111,289,0,31,e92d0f3290778662,1109739600,1109826000,1,0,False,False
official_tgn_example,tgbn-genre,train,1109826000,135,1109832420,200,1109815260,1109832420,27200,1108357203,1109832420,26900,300,0,34,05d02c2fe0b320e6,1109826000,1109912400,1,0,False,False
official_tgn_example,tgbn-genre,train,1109912400,142,1109914983,200,1109905383,1109914983,28600,1108357203,1109914983,28084,516,0,35,a4a4c9cc983015a0,1109912400,1109998800,1,0,False,False
official_tgn_example,tgbn-genre,train,1109998800,151,1110001505,200,1109997183,1110001505,30400,1108357203,1110001505,29701,699,0,30,ab06ab88ceaa7404,1109998800,1110085200,1,0,False,False
official_tgn_example,tgbn-genre,train,1110085200,158,1110092701,200,1110081360,1110092701,31800,1108357203,1110092701,31184,616,0,10,c8a42922b021e575,1110085200,1110171600,1,0,False,False
official_tgn_example,tgbn-genre,train,1110171600,165,1110180062,200,1110166261,1110180062,33200,1108357203,1110180062,32619,581,0,24,3806c53833666d8d,1110171600,1110258000,1,0,False,False
official_tgn_example,tgbn-genre,train,1110258000,172,1110286500,200,1110257763,1110286500,34600,1108357203,1110286500,33951,649,0,29,4b41620dfc437780,1110258000,1110344400,1,0,False,False
official_tgn_example,tgbn-genre,train,1110344400,178,1110347162,200,1110336720,1110347162,35800,1108357203,1110347162,35319,481,0,28,faf3aa92e4e7651d,1110344400,1110430800,1,0,False,False
official_tgn_example,tgbn-genre,train,1110430800,188,1110441722,200,1110424620,1110441722,37800,1108357203,1110441722,37078,722,0,32,e6a92272786460d1,1110430800,1110517200,1,0,False,False
official_tgn_example,tgbn-genre,train,1110517200,197,1110527643,200,1110515825,1110527643,39600,1108357203,1110527643,38747,853,0,27,9af91f038d5f7e89,1110517200,1110603600,1,0,False,False
official_tgn_example,tgbn-genre,train,1110603600,204,1110606063,200,1110594965,1110606063,41000,1108357203,1110606063,40586,414,0,20,64227a82daeb865a,1110603600,1110690000,1,0,False,False
official_tgn_example,tgbn-genre,train,1110690000,206,1110739620,200,1110633902,1110739620,41400,1108357203,1110739620,41242,158,0,19,a293a6242276b4d6,1110690000,1110776400,1,0,False,False
official_tgn_example,tgbn-genre,train,1110776400,211,1110781144,200,1110769502,1110781144,42400,1108357203,1110781144,41908,492,0,22,0745059cf81c8757,1110776400,1110862800,1,0,False,False
official_tgn_example,tgbn-genre,train,1110862800,218,1110865505,200,1110856563,1110865505,43800,1108357203,1110865505,43313,487,0,25,a8bf4962c531bf42,1110862800,1110949200,1,0,False,False
official_tgn_example,tgbn-genre,train,1110949200,227,1110968285,200,1110948663,1110968285,45600,1108357203,1110968285,44816,784,0,30,ebb380624bfb737e,1110949200,1111035600,1,0,False,False
official_tgn_example,tgbn-genre,train,1111035600,235,1111065001,200,1111033624,1111065001,47200,1108357203,1111065001,46530,670,0,27,b442cb12d81d5912,1111035600,1111122000,1,0,False,False
official_tgn_example,tgbn-genre,train,1111122000,239,1111186743,200,1111094705,1111186743,48000,1108357203,1111186743,47827,173,0,25,152190084910d16d,1111122000,1111208400,1,0,False,False
official_tgn_example,tgbn-genre,train,1111208400,244,1111214944,200,1111206842,1111214944,49000,1108357203,1111214944,48097,903,0,22,4d9de2a27505dee9,1111208400,1111294800,1,0,False,False
official_tgn_example,tgbn-genre,train,1111294800,251,1111311302,200,1111293784,1111311302,50400,1108357203,1111311302,49921,479,0,25,4a3553c140814183,1111294800,1111381200,1,0,False,False
official_tgn_example,tgbn-genre,train,1111381200,259,1111387440,200,1111374064,1111387440,52000,1108357203,1111387440,51542,458,0,24,04a6ac12e17dbcb8,1111381200,1111467600,1,0,False,False
official_tgn_example,tgbn-genre,train,1111467600,267,1111473002,200,1111465380,1111473002,53600,1108357203,1111473002,52922,678,0,25,ffa0d66779140cc8,1111467600,1111554000,1,0,False,False
official_tgn_example,tgbn-genre,train,1111554000,278,1111563064,200,1111550940,1111563064,55800,1108357203,1111563064,55018,782,0,28,05b88acf6696a60c,1111554000,1111640400,1,0,False,False
official_tgn_example,tgbn-genre,train,1111640400,286,1111641542,200,1111637760,1111641542,57400,1108357203,1111641542,56885,515,0,32,a8652d63275527f8,1111640400,1111726800,1,0,False,False
official_tgn_example,tgbn-genre,train,1111726800,296,1111726920,200,1111720925,1111726920,59400,1108357203,1111726920,58967,433,0,29,933b9a51febc5cf3,1111726800,1111813200,1,0,False,False
official_tgn_example,tgbn-genre,train,1111813200,307,1111819564,200,1111810801,1111819564,61600,1108357203,1111819564,60915,685,0,27,9f72d3affb6d0d6d,1111813200,1111899600,1,0,False,False
official_tgn_example,tgbn-genre,train,1111899600,316,1111910821,200,1111899005,1111910821,63400,1108357203,1111910821,62525,875,0,25,5031e78311e3843a,1111899600,1111986000,1,0,False,False
official_tgn_example,tgbn-genre,train,1111986000,323,1111988820,200,1111981383,1111988820,64800,1108357203,1111988820,64186,614,0,25,74e081dba1abeefa,1111986000,1112072400,1,0,False,False
official_tgn_example,tgbn-genre,train,1112072400,330,1112073845,200,1112066463,1112073845,66200,1108357203,1112073845,65793,407,0,26,5e978202e01f3373,1112072400,1112158800,1,0,False,False
official_tgn_example,tgbn-genre,train,1112158800,338,1112161505,200,1112151603,1112161505,67800,1108357203,1112161505,67344,456,0,37,9e807f17e245a171,1112158800,1112245200,1,0,False,False
official_tgn_example,tgbn-genre,train,1112245200,348,1112256961,200,1112241125,1112256961,69800,1108357203,1112256961,69263,537,0,36,edb01d6147c07f45,1112245200,1112331600,1,0,False,False
official_tgn_example,tgbn-genre,train,1112331600,353,1112338984,200,1112324942,1112338984,70800,1108357203,1112338984,70399,401,0,34,c22318da2a26b6f3,1112331600,1112418000,1,0,False,False
official_tgn_example,tgbn-genre,train,1112418000,361,1112421664,200,1112415725,1112421664,72400,1108357203,1112421664,71822,578,0,35,f793825a53231916,1112418000,1112504400,1,0,False,False
official_tgn_example,tgbn-genre,train,1112504400,371,1112508904,200,1112500685,1112508904,74400,1108357203,1112508904,73821,579,0,29,81547316352242d8,1112504400,1112587200,1,0,False,False
official_tgn_example,tgbn-genre,train,1112587200,378,1112589783,200,1112584261,1112589783,75800,1108357203,1112589783,75184,616,0,27,a1a36eadd0793ace,1112587200,1112673600,1,0,False,False
official_tgn_example,tgbn-genre,train,1112673600,385,1112676720,200,1112664725,1112676720,77200,1108357203,1112676720,76902,298,0,38,da8aacf9780349ee,1112673600,1112760000,1,0,False,False
official_tgn_example,tgbn-genre,train,1112760000,395,1112767922,200,1112758502,1112767922,79200,1108357203,1112767922,78607,593,0,36,a2dcfc563c35644f,1112760000,1112846400,1,0,False,False
official_tgn_example,tgbn-genre,train,1112846400,407,1112850060,200,1112840040,1112850060,81600,1108357203,1112850060,81085,515,0,34,d9f534de90189b22,1112846400,1112932800,1,0,False,False
official_tgn_example,tgbn-genre,train,1112932800,415,1112934961,200,1112925844,1112934961,83200,1108357203,1112934961,82748,452,0,38,2f0f2b79243b9a55,1112932800,1113019200,1,0,False,False
official_tgn_example,tgbn-genre,train,1113019200,426,1113021180,200,1113011041,1113021180,85400,1108357203,1113021180,84959,441,0,32,c5883028f57cfb34,1113019200,1113105600,1,0,False,False
official_tgn_example,tgbn-genre,train,1113105600,435,1113111125,200,1113105122,1113111125,87200,1108357203,1113111125,86739,461,0,29,d534f0a05bbe0993,1113105600,1113192000,1,0,False,False
official_tgn_example,tgbn-genre,train,1113192000,444,1113198485,200,1113190623,1113198485,89000,1108357203,1113198485,88365,635,0,25,c7a2095b92465087,1113192000,1113278400,1,0,False,False
official_tgn_example,tgbn-genre,train,1113278400,451,1113278880,200,1113270780,1113278880,90400,1108357203,1113278880,90062,338,0,34,2759817fad226805,1113278400,1113364800,1,0,False,False
official_tgn_example,tgbn-genre,train,1113364800,462,1113371280,200,1113363965,1113371280,92600,1108357203,1113371280,91821,779,0,36,a05ddf3aa362162a,1113364800,1113451200,1,0,False,False
official_tgn_example,tgbn-genre,train,1113451200,475,1113454862,200,1113447784,1113454862,95200,1108357203,1113454862,94496,704,0,36,4bfb47024cec8cab,1113451200,1113537600,1,0,False,False
official_tgn_example,tgbn-genre,train,1113537600,485,1113539043,200,1113530044,1113539043,97200,1108357203,1113539043,96660,540,0,38,5040ffe4c65dbd4f,1113537600,1113624000,1,0,False,False
official_tgn_example,tgbn-genre,train,1113624000,497,1113629525,200,1113623404,1113629525,99600,1108357203,1113629525,98876,724,0,40,989efa58694f0098,1113624000,1113710400,1,0,False,False
official_tgn_example,tgbn-genre,train,1113710400,510,1113710521,200,1113706380,1113710521,102200,1108357203,1113710521,101676,524,0,31,e60b5c6a74ac2a07,1113710400,1113796800,1,0,False,False
official_tgn_example,tgbn-genre,train,1113796800,523,1113800342,200,1113796802,1113800342,104800,1108357203,1113800342,104049,751,0,32,f8d42a17083391f0,1113796800,1113883200,1,0,False,False
official_tgn_example,tgbn-genre,train,1113883200,537,1113883444,200,1113879960,1113883444,107600,1108357203,1113883444,106902,698,0,43,1873af6266c02a3a,1113883200,1113969600,1,0,False,False
official_tgn_example,tgbn-genre,train,1113969600,553,1113974520,200,1113967502,1113974520,110800,1108357203,1113974520,110207,593,0,44,62b1561200232d57,1113969600,1114056000,1,0,False,False
official_tgn_example,tgbn-genre,train,1114056000,567,1114057624,200,1114051863,1114057624,113600,1108357203,1114057624,112939,661,0,42,ed8b46e807fe9f1a,1114056000,1114142400,1,0,False,False
official_tgn_example,tgbn-genre,train,1114142400,579,1114143064,200,1114137722,1114143064,116000,1108357203,1114143064,115291,709,0,44,cd6d0f334607ad7b,1114142400,1114228800,1,0,False,False
official_tgn_example,tgbn-genre,train,1114228800,593,1114230360,200,1114224604,1114230360,118800,1108357203,1114230360,117889,911,0,43,dff391db8acc5716,1114228800,1114315200,1,0,False,False
official_tgn_example,tgbn-genre,train,1114315200,609,1114316045,200,1114312444,1114316045,122000,1108357203,1114316045,121195,805,0,35,e4a15e998a4932e0,1114315200,1114401600,1,0,False,False
official_tgn_example,tgbn-genre,train,1114401600,622,1114403042,200,1114399803,1114403042,124600,1108357203,1114403042,123944,656,0,33,3752256b091391e4,1114401600,1114488000,1,0,False,False
official_tgn_example,tgbn-genre,train,1114488000,637,1114490940,200,1114485963,1114490940,127600,1108357203,1114490940,126706,894,0,32,d2368d28f4b398d5,1114488000,1114574400,1,0,False,False
official_tgn_example,tgbn-genre,train,1114574400,652,1114578602,200,1114573745,1114578602,130600,1108357203,1114578602,129726,874,0,39,1847bb5f71b6044f,1114574400,1114660800,1,0,False,False
official_tgn_example,tgbn-genre,train,1114660800,669,1114661523,200,1114655220,1114661523,134000,1108357203,1114661523,133272,728,0,36,266e06b74b76b55b,1114660800,1114747200,1,0,False,False
official_tgn_example,tgbn-genre,train,1114747200,685,1114749722,200,1114744805,1114749722,137200,1108357203,1114749722,136535,665,0,26,2e64dcdf2c21033d,1114747200,1114833600,1,0,False,False
official_tgn_example,tgbn-genre,train,1114833600,698,1114837025,200,1114830365,1114837025,139800,1108357203,1114837025,139237,563,0,23,58cf4d65a174b889,1114833600,1114920000,1,0,False,False
official_tgn_example,tgbn-genre,train,1114920000,713,1114926905,200,1114917541,1114926905,142800,1108357203,1114926905,141968,832,0,17,d3469c0162938217,1114920000,1115006400,1,0,False,False
official_tgn_example,tgbn-genre,train,1115006400,722,1115009945,200,1115005744,1115009945,144600,1108357203,1115009945,143797,803,0,28,9fa97123500dd923,1115006400,1115092800,1,0,False,False
official_tgn_example,tgbn-genre,train,1115092800,735,1115098142,200,1115086924,1115098142,147200,1108357203,1115098142,146613,587,0,36,568d6b1a93737fea,1115092800,1115179200,1,0,False,False
official_tgn_example,tgbn-genre,train,1115179200,749,1115183040,200,1115178543,1115183040,150000,1108357203,1115183040,149214,786,0,42,758dd6243e6f3d70,1115179200,1115265600,1,0,False,False
official_tgn_example,tgbn-genre,train,1115265600,763,1115266261,200,1115259843,1115266261,152800,1108357203,1115266261,152346,454,0,35,2175d27d94fe5a72,1115265600,1115352000,1,0,False,False
official_tgn_example,tgbn-genre,train,1115352000,770,1115366345,200,1115346541,1115366345,154200,1108357203,1115366345,153790,410,0,40,b659bc984fe6527b,1115352000,1115438400,1,0,False,False
official_tgn_example,tgbn-genre,train,1115438400,778,1115438765,200,1115433065,1115438765,155800,1108357203,1115438765,155217,583,0,36,c6450bb4a29526bc,1115438400,1115524800,1,0,False,False
official_tgn_example,tgbn-genre,train,1115524800,784,1115530620,200,1115523605,1115530620,157000,1108357203,1115530620,156501,499,0,24,abedf256551c7ecf,1115524800,1115611200,1,0,False,False
official_tgn_example,tgbn-genre,train,1115611200,792,1115614265,200,1115606580,1115614265,158600,1108357203,1115614265,158226,374,0,34,00d23d693331976f,1115611200,1115697600,1,0,False,False
official_tgn_example,tgbn-genre,train,1115697600,803,1115699103,200,1115695082,1115699103,160800,1108357203,1115699103,160068,732,0,36,7a5bf8232de048ce,1115697600,1115784000,1,0,False,False
official_tgn_example,tgbn-genre,train,1115784000,816,1115786884,200,1115782200,1115786884,163400,1108357203,1115786884,162620,780,0,36,f43088deffe34158,1115784000,1115870400,1,0,False,False
official_tgn_example,tgbn-genre,train,1115870400,828,1115872200,200,1115868842,1115872200,165800,1108357203,1115872200,165242,558,0,39,fc67ba6f8e73849a,1115870400,1115956800,1,0,False,False
official_tgn_example,tgbn-genre,train,1115956800,845,1115957163,200,1115952061,1115957163,169200,1108357203,1115957163,168479,721,0,38,c595bddce989c0c8,1115956800,1116043200,1,0,False,False
official_tgn_example,tgbn-genre,train,1116043200,860,1116053702,200,1116040565,1116053702,172200,1108357203,1116053702,171601,599,0,32,7e215dec1b06b51d,1116043200,1116129600,1,0,False,False
official_tgn_example,tgbn-genre,train,1116129600,871,1116131524,200,1116126483,1116131524,174400,1108357203,1116131524,173804,596,0,29,14140c6cd3c583fb,1116129600,1116216000,1,0,False,False
official_tgn_example,tgbn-genre,train,1116216000,885,1116220202,200,1116215943,1116220202,177200,1108357203,1116220202,176344,856,0,33,543edb5dbd38a374,1116216000,1116302400,1,0,False,False
official_tgn_example,tgbn-genre,train,1116302400,897,1116305403,200,1116299701,1116305403,179600,1108357203,1116305403,178944,656,0,32,3f2f052691d3c30c,1116302400,1116388800,1,0,False,False
official_tgn_example,tgbn-genre,train,1116388800,908,1116390300,200,1116383162,1116390300,181800,1108357203,1116390300,181296,504,0,37,bd4f826ebc783c4e,1116388800,1116475200,1,0,False,False
official_tgn_example,tgbn-genre,train,1116475200,919,1116502440,200,1116468905,1116502440,184000,1108357203,1116502440,183532,468,0,36,4a9539a5a291c5ce,1116475200,1116561600,1,0,False,False
official_tgn_example,tgbn-genre,train,1116561600,927,1116564545,200,1116555303,1116564545,185600,1108357203,1116564545,185226,374,0,33,cec088aee7924be2,1116561600,1116648000,1,0,False,False
official_tgn_example,tgbn-genre,train,1116648000,941,1116666185,200,1116642663,1116666185,188400,1108357203,1116666185,187820,580,0,40,8a290b57999528a0,1116648000,1116734400,1,0,False,False
official_tgn_example,tgbn-genre,train,1116734400,951,1116740761,200,1116731945,1116740761,190400,1108357203,1116740761,189809,591,0,31,b69e77df6df7a811,1116734400,1116820800,1,0,False,False
official_tgn_example,tgbn-genre,train,1116820800,968,1116821102,200,1116814145,1116821102,193800,1108357203,1116821102,193113,687,0,30,e530dc063027d420,1116820800,1116907200,1,0,False,False
official_tgn_example,tgbn-genre,train,1116907200,985,1116908461,200,1116903542,1116908461,197200,1108357203,1116908461,196574,626,0,32,a4b9b51c15b61b70,1116907200,1116993600,1,0,False,False
official_tgn_example,tgbn-genre,train,1116993600,1001,1117002363,200,1116992762,1117002363,200400,1108357203,1117002363,199541,859,0,32,02f2bc0b721be7ee,1116993600,1117080000,1,0,False,False
official_tgn_example,tgbn-genre,train,1117080000,1011,1117092602,200,1117077303,1117092602,202400,1108357203,1117092602,201824,576,0,40,9c0b9d277cf57b46,1117080000,1117166400,1,0,False,False
official_tgn_example,tgbn-genre,train,1117166400,1022,1117171201,200,1117164304,1117171201,204600,1108357203,1117171201,203758,842,0,40,2436ef80846582a1,1117166400,1117252800,1,0,False,False
official_tgn_example,tgbn-genre,train,1117252800,1039,1117265581,200,1117247643,1117265581,208000,1108357203,1117265581,207511,489,0,36,252e0b87302f98b8,1117252800,1117339200,1,0,False,False
official_tgn_example,tgbn-genre,train,1117339200,1051,1117344605,200,1117336142,1117344605,210400,1108357203,1117344605,209902,498,0,29,34debce3eb3b3aa4,1117339200,1117425600,1,0,False,False
official_tgn_example,tgbn-genre,train,1117425600,1062,1117425845,200,1117419120,1117425845,212600,1108357203,1117425845,212048,552,0,31,51bad1fca6efe2fc,1117425600,1117512000,1,0,False,False
official_tgn_example,tgbn-genre,train,1117512000,1075,1117514401,200,1117507622,1117514401,215200,1108357203,1117514401,214786,414,0,37,7c36e7a1432c91fc,1117512000,1117598400,1,0,False,False
official_tgn_example,tgbn-genre,train,1117598400,1092,1117599124,200,1117593063,1117599124,218600,1108357203,1117599124,217887,713,0,36,c14b543936d2497f,1117598400,1117684800,1,0,False,False
official_tgn_example,tgbn-genre,train,1117684800,1106,1117692000,200,1117684444,1117692000,221400,1108357203,1117692000,220766,634,0,37,b0a051a17403e706,1117684800,1117771200,1,0,False,False
official_tgn_example,tgbn-genre,train,1117771200,1121,1117776183,200,1117769285,1117776183,224400,1108357203,1117776183,223723,677,0,33,24141d4739979cf7,1117771200,1117857600,1,0,False,False
official_tgn_example,tgbn-genre,train,1117857600,1134,1117860485,200,1117855022,1117860485,227000,1108357203,1117860485,226324,676,0,32,bdbe0cf7286c8882,1117857600,1117944000,1,0,False,False
official_tgn_example,tgbn-genre,train,1117944000,1146,1117947780,200,1117937580,1117947780,229400,1108357203,1117947780,228851,549,0,29,ea49a2a7f0e7c2b7,1117944000,1118030400,1,0,False,False
official_tgn_example,tgbn-genre,train,1118030400,1160,1118030944,200,1118026623,1118030944,232200,1108357203,1118030944,231514,686,0,28,251703fb055a126f,1118030400,1118116800,1,0,False,False
official_tgn_example,tgbn-genre,train,1118116800,1176,1118123042,200,1118112304,1118123042,235400,1108357203,1118123042,234604,796,0,37,d05573903da91a37,1118116800,1118203200,1,0,False,False
official_tgn_example,tgbn-genre,train,1118203200,1190,1118203260,200,1118198703,1118203260,238200,1108357203,1118203260,237465,735,0,41,f5bef946771c7983,1118203200,1118289600,1,0,False,False
official_tgn_example,tgbn-genre,train,1118289600,1211,1118292663,200,1118285343,1118292663,242400,1108357203,1118292663,241731,669,0,35,daeac5edeb92248a,1118289600,1118376000,1,0,False,False
official_tgn_example,tgbn-genre,train,1118376000,1224,1118378584,200,1118374984,1118378584,245000,1108357203,1118378584,244457,543,0,30,032707aabaf14e73,1118376000,1118462400,1,0,False,False
official_tgn_example,tgbn-genre,train,1118462400,1236,1118462583,200,1118456760,1118462583,247400,1108357203,1118462583,247035,365,0,37,92e975675e626f83,1118462400,1118548800,1,0,False,False
official_tgn_example,tgbn-genre,train,1118548800,1251,1118554080,200,1118548685,1118554080,250400,1108357203,1118554080,249725,675,0,26,413f17654335efef,1118548800,1118635200,1,0,False,False
official_tgn_example,tgbn-genre,train,1118635200,1267,1118636521,200,1118629804,1118636521,253600,1108357203,1118636521,253104,496,0,31,8d8706df77df911c,1118635200,1118721600,1,0,False,False
official_tgn_example,tgbn-genre,train,1118721600,1281,1118731084,200,1118721485,1118731084,256400,1108357203,1118731084,255668,732,0,38,9b7998bb2902c5bd,1118721600,1118808000,1,0,False,False
official_tgn_example,tgbn-genre,train,1118808000,1297,1118811122,200,1118804882,1118811122,259600,1108357203,1118811122,258645,955,0,41,0f64e7e08a63ee90,1118808000,1118894400,1,0,False,False
official_tgn_example,tgbn-genre,train,1118894400,1313,1118894523,200,1118891225,1118894523,262800,1108357203,1118894523,262195,605,0,38,c413a4bcd79a807d,1118894400,1118980800,1,0,False,False
official_tgn_example,tgbn-genre,train,1118980800,1327,1118981463,200,1118974144,1118981463,265600,1108357203,1118981463,265245,355,0,41,0c68c0ddc49fd035,1118980800,1119067200,1,0,False,False
official_tgn_example,tgbn-genre,train,1119067200,1338,1119078005,200,1119065522,1119078005,267800,1108357203,1119078005,267392,408,0,40,60cce8fd311988df,1119067200,1119153600,1,0,False,False
official_tgn_example,tgbn-genre,train,1119153600,1350,1119156060,200,1119150780,1119156060,270200,1108357203,1119156060,269580,620,0,29,26e269ea82f00a01,1119153600,1119240000,1,0,False,False
official_tgn_example,tgbn-genre,train,1119240000,1367,1119241684,200,1119234845,1119241684,273600,1108357203,1119241684,273075,525,0,35,89267d353b64b93c,1119240000,1119326400,1,0,False,False
official_tgn_example,tgbn-genre,train,1119326400,1384,1119329405,200,1119324603,1119329405,277000,1108357203,1119329405,276100,900,0,43,991e159a7d80844e,1119326400,1119412800,1,0,False,False
official_tgn_example,tgbn-genre,train,1119412800,1399,1119413763,200,1119408840,1119413763,280000,1108357203,1119413763,279333,667,0,42,7eb981891c8224db,1119412800,1119499200,1,0,False,False
official_tgn_example,tgbn-genre,train,1119499200,1412,1119499500,200,1119492485,1119499500,282600,1108357203,1119499500,282075,525,0,39,e718f4b869132b93,1119499200,1119585600,1,0,False,False
official_tgn_example,tgbn-genre,train,1119585600,1425,1119589504,200,1119583862,1119589504,285200,1108357203,1119589504,284448,752,0,39,441e6c1a14e69e35,1119585600,1119672000,1,0,False,False
official_tgn_example,tgbn-genre,train,1119672000,1440,1119673201,200,1119668460,1119673201,288200,1108357203,1119673201,287634,566,0,32,2e9e7c0a6ac51e5b,1119672000,1119758400,1,0,False,False
official_tgn_example,tgbn-genre,train,1119758400,1452,1119768665,200,1119757260,1119768665,290600,1108357203,1119768665,289981,619,0,21,5ae252384f3c4bdc,1119758400,1119844800,1,0,False,False
official_tgn_example,tgbn-genre,train,1119844800,1465,1119846721,200,1119839584,1119846721,293200,1108357203,1119846721,292614,586,0,30,a894aa7c6d10ef6d,1119844800,1119931200,1,0,False,False
official_tgn_example,tgbn-genre,train,1119931200,1476,1119933120,200,1119923821,1119933120,295400,1108357203,1119933120,295039,361,0,30,f66ecb50df9821e7,1119931200,1120017600,1,0,False,False
official_tgn_example,tgbn-genre,train,1120017600,1490,1120020420,200,1120013883,1120020420,298200,1108357203,1120020420,297600,600,0,38,5ed17fa52ab020e2,1120017600,1120104000,1,0,False,False
official_tgn_example,tgbn-genre,train,1120104000,1503,1120109521,200,1120103764,1120109521,300800,1108357203,1120109521,300091,709,0,38,4b6e36dd8bd11a68,1120104000,1120190400,1,0,False,False
official_tgn_example,tgbn-genre,train,1120190400,1515,1120194242,200,1120185781,1120194242,303200,1108357203,1120194242,302584,616,0,37,3f3a665b170d47ed,1120190400,1120276800,1,0,False,False
official_tgn_example,tgbn-genre,train,1120276800,1523,1120279200,200,1120267201,1120279200,304800,1108357203,1120279200,304469,331,0,33,a9338cb8ba47fd3b,1120276800,1120363200,1,0,False,False
official_tgn_example,tgbn-genre,train,1120363200,1532,1120364640,200,1120357504,1120364640,306600,1108357203,1120364640,306144,456,0,33,9bfa5ae224d6b56b,1120363200,1120449600,1,0,False,False
official_tgn_example,tgbn-genre,train,1120449600,1546,1120451885,200,1120445404,1120451885,309400,1108357203,1120451885,308862,538,0,35,7578108396724b69,1120449600,1120536000,1,0,False,False
official_tgn_example,tgbn-genre,train,1120536000,1561,1120536245,200,1120531683,1120536245,312400,1108357203,1120536245,311595,805,0,39,1e55ffd2622a6e22,1120536000,1120622400,1,0,False,False
official_tgn_example,tgbn-genre,train,1120622400,1572,1120626660,200,1120620302,1120626660,314600,1108357203,1120626660,313877,723,0,38,e258ff67500fb046,1120622400,1120708800,1,0,False,False
official_tgn_example,tgbn-genre,train,1120708800,1587,1120715583,200,1120707603,1120715583,317600,1108357203,1120715583,316969,631,0,39,b226c7f61030f96a,1120708800,1120795200,1,0,False,False
official_tgn_example,tgbn-genre,train,1120795200,1600,1120799224,200,1120793522,1120799224,320200,1108357203,1120799224,319465,735,0,33,c1c14af55ac58a24,1120795200,1120881600,1,0,False,False
official_tgn_example,tgbn-genre,train,1120881600,1609,1120882503,200,1120867682,1120882503,322000,1108357203,1120882503,321790,210,0,27,b4b402b4b57a3860,1120881600,1120968000,1,0,False,False
official_tgn_example,tgbn-genre,train,1120968000,1619,1120974121,200,1120966502,1120974121,324000,1108357203,1120974121,323547,453,0,32,a6f205c0fdd19af5,1120968000,1121054400,1,0,False,False
official_tgn_example,tgbn-genre,train,1121054400,1629,1121057941,200,1121051642,1121057941,326000,1108357203,1121057941,325347,653,0,32,3142a642f0aee55b,1121054400,1121140800,1,0,False,False
official_tgn_example,tgbn-genre,train,1121140800,1644,1121146982,200,1121139485,1121146982,329000,1108357203,1121146982,328097,903,0,40,2b933a35ab385920,1121140800,1121227200,1,0,False,False
official_tgn_example,tgbn-genre,train,1121227200,1660,1121228104,200,1121223964,1121228104,332200,1108357203,1121228104,331474,726,0,41,3b243df74f1d17a0,1121227200,1121313600,1,0,False,False
official_tgn_example,tgbn-genre,train,1121313600,1677,1121313840,200,1121308445,1121313840,335600,1108357203,1121313840,335076,524,0,40,e46d535778b5a17c,1121313600,1121400000,1,0,False,False
official_tgn_example,tgbn-genre,train,1121400000,1688,1121402162,200,1121396582,1121402162,337800,1108357203,1121402162,337298,502,0,38,7ed124e1e62c9fab,1121400000,1121486400,1,0,False,False
official_tgn_example,tgbn-genre,train,1121486400,1702,1121490604,200,1121483701,1121490604,340600,1108357203,1121490604,340054,546,0,42,9348ce3ae51ad905,1121486400,1121572800,1,0,False,False
official_tgn_example,tgbn-genre,train,1121572800,1714,1121578864,200,1121570343,1121578864,343000,1108357203,1121578864,342266,734,0,35,17345f51b0233874,1121572800,1121659200,1,0,False,False
official_tgn_example,tgbn-genre,train,1121659200,1725,1121665144,200,1121658724,1121665144,345200,1108357203,1121665144,344532,668,0,30,4034a86f2a5bfbcb,1121659200,1121745600,1,0,False,False
official_tgn_example,tgbn-genre,train,1121745600,1737,1121746983,200,1121741821,1121746983,347600,1108357203,1121746983,347067,533,0,38,f5009d72c8b2581c,1121745600,1121832000,1,0,False,False
official_tgn_example,tgbn-genre,train,1121832000,1752,1121834701,200,1121829663,1121834701,350600,1108357203,1121834701,350020,580,0,42,4437885281966deb,1121832000,1121918400,1,0,False,False
official_tgn_example,tgbn-genre,train,1121918400,1771,1121920444,200,1121917444,1121920444,354400,1108357203,1121920444,353426,974,0,42,7233fb8bcc7cd2bc,1121918400,1122004800,1,0,False,False
official_tgn_example,tgbn-genre,train,1122004800,1790,1122010204,200,1122002820,1122010204,358200,1108357203,1122010204,357448,752,0,38,51d5110c4fa08e4d,1122004800,1122091200,1,0,False,False
official_tgn_example,tgbn-genre,train,1122091200,1807,1122094744,200,1122088260,1122094744,361600,1108357203,1122094744,360768,832,0,41,f4921a61b49d01e9,1122091200,1122177600,1,0,False,False
official_tgn_example,tgbn-genre,train,1122177600,1823,1122178322,200,1122174783,1122178322,364800,1108357203,1122178322,363884,916,0,36,6094d3d367e6f8cf,1122177600,1122264000,1,0,False,False
official_tgn_example,tgbn-genre,train,1122264000,1838,1122269402,200,1122260703,1122269402,367800,1108357203,1122269402,367189,611,0,33,130b298583b35255,1122264000,1122350400,1,0,False,False
official_tgn_example,tgbn-genre,train,1122350400,1852,1122352745,200,1122347820,1122352745,370600,1108357203,1122352745,369923,677,0,34,a47a0be3e2ab5e64,1122350400,1122436800,1,0,False,False
official_tgn_example,tgbn-genre,train,1122436800,1871,1122438004,200,1122431704,1122438004,374400,1108357203,1122438004,373818,582,0,36,aa9f95bc4062d757,1122436800,1122523200,1,0,False,False
official_tgn_example,tgbn-genre,train,1122523200,1887,1122526501,200,1122518581,1122526501,377600,1108357203,1122526501,377072,528,0,42,6d867f41d2880c1d,1122523200,1122609600,1,0,False,False
official_tgn_example,tgbn-genre,train,1122609600,1900,1122614701,200,1122605044,1122614701,380200,1108357203,1122614701,379660,540,0,41,ef879606b018320a,1122609600,1122696000,1,0,False,False
official_tgn_example,tgbn-genre,train,1122696000,1911,1122697925,200,1122687241,1122697925,382400,1108357203,1122697925,381990,410,0,34,546d8db7b58cc92f,1122696000,1122782400,1,0,False,False
official_tgn_example,tgbn-genre,train,1122782400,1921,1122783062,200,1122775205,1122783062,384400,1108357203,1122783062,384013,387,0,15,996e26df608ea3c3,1122782400,1122868800,1,0,False,False
official_tgn_example,tgbn-genre,train,1122868800,1930,1122869283,200,1122866223,1122869283,386200,1108357203,1122869283,385549,651,0,24,e257e383b65edac1,1122868800,1122955200,1,0,False,False
official_tgn_example,tgbn-genre,train,1122955200,1944,1122962461,200,1122954123,1122962461,389000,1108357203,1122962461,388276,724,0,35,61ee01f4640db3b6,1122955200,1123041600,1,0,False,False
official_tgn_example,tgbn-genre,train,1123041600,1960,1123047182,200,1123040400,1123047182,392200,1108357203,1123047182,391045,1155,0,40,630cd6866bfd6cf3,1123041600,1123128000,1,0,False,False
official_tgn_example,tgbn-genre,train,1123128000,1973,1123130284,200,1123125723,1123130284,394800,1108357203,1123130284,393912,888,0,37,aa17a31655bd70b1,1123128000,1123214400,1,0,False,False
official_tgn_example,tgbn-genre,train,1123214400,1987,1123230541,200,1123213625,1123230541,397600,1108357203,1123230541,396753,847,0,40,61046ac74de14dcb,1123214400,1123300800,1,0,False,False
official_tgn_example,tgbn-genre,train,1123300800,1994,1123305901,200,1123300625,1123305901,399000,1108357203,1123305901,398408,592,0,47,6d1a973a544b8e05,1123300800,1123387200,1,0,False,False
official_tgn_example,tgbn-genre,train,1123387200,1998,1123439944,200,1123331281,1123439944,399800,1108357203,1123439944,399663,137,0,37,8cac7a1bbeac1da6,1123387200,1123473600,1,0,False,False
official_tgn_example,tgbn-genre,train,1123473600,2003,1123479841,200,1123473121,1123479841,400800,1108357203,1123479841,400255,545,0,44,fd170446f320931b,1123473600,1123560000,1,0,False,False
official_tgn_example,tgbn-genre,train,1123560000,2011,1123563544,200,1123558984,1123563544,402400,1108357203,1123563544,401808,592,0,49,3c0b4c620d159648,1123560000,1123646400,1,0,False,False
official_tgn_example,tgbn-genre,train,1123646400,2023,1123648141,200,1123642385,1123648141,404800,1108357203,1123648141,404074,726,0,44,4cf1dc1d5f2a068d,1123646400,1123732800,1,0,False,False
official_tgn_example,tgbn-genre,train,1123732800,2037,1123742820,200,1123731185,1123742820,407600,1108357203,1123742820,406821,779,0,50,eb1cdb1c34ebb852,1123732800,1123819200,1,0,False,False
official_tgn_example,tgbn-genre,train,1123819200,2053,1123824181,200,1123816921,1123824181,410800,1108357203,1123824181,409972,828,0,48,d86b408ea74e4a7a,1123819200,1123905600,1,0,False,False
official_tgn_example,tgbn-genre,train,1123905600,2071,1123906323,200,1123901523,1123906323,414400,1108357203,1123906323,413721,679,0,47,38526d36471d119c,1123905600,1123992000,1,0,False,False
official_tgn_example,tgbn-genre,train,1123992000,2084,1123996744,200,1123990141,1123996744,417000,1108357203,1123996744,416476,524,0,43,3fd01a90866b82b3,1123992000,1124078400,1,0,False,False
official_tgn_example,tgbn-genre,train,1124078400,2099,1124080143,200,1124076781,1124080143,420000,1108357203,1124080143,418971,1029,0,44,d09e4dd0f5c477aa,1124078400,1124164800,1,0,False,False
official_tgn_example,tgbn-genre,train,1124164800,2124,1124166843,200,1124163002,1124166843,425000,1108357203,1124166843,423968,1032,0,39,85450f456fbba6d5,1124164800,1124251200,1,0,False,False
official_tgn_example,tgbn-genre,train,1124251200,2143,1124251744,200,1124247783,1124251744,428800,1108357203,1124251744,428106,694,0,52,5c7604ab9cf351a2,1124251200,1124337600,1,0,False,False
official_tgn_example,tgbn-genre,train,1124337600,2161,1124340422,200,1124334603,1124340422,432400,1108357203,1124340422,431595,805,0,49,8665d977c6419bd8,1124337600,1124424000,1,0,False,False
official_tgn_example,tgbn-genre,train,1124424000,2178,1124429341,200,1124421722,1124429341,435800,1108357203,1124429341,434918,882,0,47,dec2bc2b2b5f80ea,1124424000,1124510400,1,0,False,False
official_tgn_example,tgbn-genre,train,1124510400,2195,1124516460,200,1124510340,1124516460,439200,1108357203,1124516460,438456,744,0,52,bfd5dee1e723c4c0,1124510400,1124596800,1,0,False,False
official_tgn_example,tgbn-genre,train,1124596800,2211,1124598543,200,1124595663,1124598543,442400,1108357203,1124598543,441095,1305,0,46,360e14bb1703e092,1124596800,1124683200,1,0,False,False
official_tgn_example,tgbn-genre,train,1124683200,2233,1124684163,200,1124678523,1124684163,446800,1108357203,1124684163,445991,809,0,43,db49fb9a734939c6,1124683200,1124769600,1,0,False,False
official_tgn_example,tgbn-genre,train,1124769600,2254,1124773444,200,1124768641,1124773444,451000,1108357203,1124773444,449948,1052,0,48,f6f80fc58a16da53,1124769600,1124856000,1,0,False,False
official_tgn_example,tgbn-genre,train,1124856000,2274,1124862424,200,1124855642,1124862424,455000,1108357203,1124862424,454330,670,0,48,8f947fbaf9f28b23,1124856000,1124942400,1,0,False,False
official_tgn_example,tgbn-genre,train,1124942400,2297,1124945761,200,1124940720,1124945761,459600,1108357203,1124945761,458303,1297,0,46,d3535d49c20b7ae5,1124942400,1125028800,1,0,False,False
official_tgn_example,tgbn-genre,train,1125028800,2314,1125034923,200,1125028682,1125034923,463000,1108357203,1125034923,462057,943,0,47,8fb69aaa999e176b,1125028800,1125115200,1,0,False,False
official_tgn_example,tgbn-genre,train,1125115200,2327,1125116585,200,1125112862,1125116585,465600,1108357203,1125116585,464929,671,0,57,baa857cc8ed112a9,1125115200,1125201600,1,0,False,False
official_tgn_example,tgbn-genre,train,1125201600,2343,1125201845,200,1125199560,1125201845,468800,1108357203,1125201845,467837,963,0,46,6ef3e0ce427436f4,1125201600,1125288000,1,0,False,False
official_tgn_example,tgbn-genre,train,1125288000,2358,1125288845,200,1125285004,1125288845,471800,1108357203,1125288845,470965,835,0,45,e2add88ae72befac,1125288000,1125374400,1,0,False,False
official_tgn_example,tgbn-genre,train,1125374400,2375,1125378000,200,1125374103,1125378000,475200,1108357203,1125378000,474305,895,0,50,4de3d772fd7a7ad6,1125374400,1125460800,1,0,False,False
official_tgn_example,tgbn-genre,train,1125460800,2392,1125464821,200,1125460624,1125464821,478600,1108357203,1125464821,477657,943,0,52,0d7e8540410671d6,1125460800,1125547200,1,0,False,False
official_tgn_example,tgbn-genre,train,1125547200,2412,1125547384,200,1125546060,1125547384,482600,1108357203,1125547384,481969,631,0,48,a105bc4baec30ae4,1125547200,1125633600,1,0,False,False
official_tgn_example,tgbn-genre,train,1125633600,2433,1125635460,200,1125631924,1125635460,486800,1108357203,1125635460,485795,1005,0,55,f1b5629ca161f0db,1125633600,1125720000,1,0,False,False
official_tgn_example,tgbn-genre,train,1125720000,2451,1125721562,200,1125717720,1125721562,490400,1108357203,1125721562,489461,939,0,43,c1798f42a7d93add,1125720000,1125806400,1,0,False,False
official_tgn_example,tgbn-genre,train,1125806400,2476,1125812882,200,1125806164,1125812882,495400,1108357203,1125812882,494339,1061,0,42,b37a28766837ddb3,1125806400,1125892800,1,0,False,False
official_tgn_example,tgbn-genre,train,1125892800,2496,1125894781,200,1125891003,1125894781,499400,1108357203,1125894781,498480,920,0,47,9895f01428fb4061,1125892800,1125979200,1,0,False,False
official_tgn_example,tgbn-genre,train,1125979200,2516,1125982263,200,1125976324,1125982263,503400,1108357203,1125982263,502684,716,0,55,7120f2d70c26218a,1125979200,1126065600,1,0,False,False
official_tgn_example,tgbn-genre,train,1126065600,2533,1126070640,200,1126065364,1126070640,506800,1108357203,1126070640,505691,1109,0,56,24f676970246a9b7,1126065600,1126152000,1,0,False,False
official_tgn_example,tgbn-genre,train,1126152000,2547,1126159865,200,1126151343,1126159865,509600,1108357203,1126159865,508656,944,0,58,90d4ae378e7a6d60,1126152000,1126238400,1,0,False,False
official_tgn_example,tgbn-genre,train,1126238400,2562,1126240204,200,1126233842,1126240204,512600,1108357203,1126240204,511940,660,0,57,2b5ee183b7c8f7ab,1126238400,1126324800,1,0,False,False
official_tgn_example,tgbn-genre,train,1126324800,2575,1126328522,200,1126319163,1126328522,515200,1108357203,1126328522,514584,616,0,50,9000f09d6b57b8ed,1126324800,1126411200,1,0,False,False
official_tgn_example,tgbn-genre,train,1126411200,2590,1126414924,200,1126409223,1126414924,518200,1108357203,1126414924,517280,920,0,46,e489ef3ee2c0c273,1126411200,1126497600,1,0,False,False
official_tgn_example,tgbn-genre,train,1126497600,2604,1126498984,200,1126492743,1126498984,521000,1108357203,1126498984,520263,737,0,47,bed2088f11039f0a,1126497600,1126584000,1,0,False,False
official_tgn_example,tgbn-genre,train,1126584000,2618,1126588623,200,1126583460,1126588623,523800,1108357203,1126588623,523005,795,0,55,8e15001325f7c845,1126584000,1126670400,1,0,False,False
official_tgn_example,tgbn-genre,train,1126670400,2632,1126670884,200,1126667464,1126670884,526600,1108357203,1126670884,525956,644,0,49,0f7f9b57aaa2c4d8,1126670400,1126756800,1,0,False,False
official_tgn_example,tgbn-genre,train,1126756800,2647,1126760520,200,1126751705,1126760520,529600,1108357203,1126760520,528918,682,0,58,174406db260637da,1126756800,1126843200,1,0,False,False
official_tgn_example,tgbn-genre,train,1126843200,2662,1126844582,200,1126838343,1126844582,532600,1108357203,1126844582,531794,806,0,55,011c76f41272ad60,1126843200,1126929600,1,0,False,False
official_tgn_example,tgbn-genre,train,1126929600,2677,1126934760,200,1126929424,1126934760,535600,1108357203,1126934760,534818,782,0,53,4c311dd20b4cc8fa,1126929600,1127016000,1,0,False,False
official_tgn_example,tgbn-genre,train,1127016000,2694,1127017440,200,1127013544,1127017440,539000,1108357203,1127017440,538078,922,0,43,ac3d0358248eb8d7,1127016000,1127102400,1,0,False,False
official_tgn_example,tgbn-genre,train,1127102400,2714,1127103365,200,1127100185,1127103365,543000,1108357203,1127103365,541674,1326,0,49,737aadf4aed3782d,1127102400,1127188800,1,0,False,False
official_tgn_example,tgbn-genre,train,1127188800,2743,1127192884,200,1127188080,1127192884,548800,1108357203,1127192884,547960,840,0,53,68cd9ff87d36fb53,1127188800,1127275200,1,0,False,False
official_tgn_example,tgbn-genre,train,1127275200,2762,1127277242,200,1127273522,1127277242,552600,1108357203,1127277242,551677,923,0,54,5cd4554eb34dfa76,1127275200,1127361600,1,0,False,False
official_tgn_example,tgbn-genre,train,1127361600,2779,1127362863,200,1127358663,1127362863,556000,1108357203,1127362863,555099,901,0,52,c70e4c6af8decb22,1127361600,1127448000,1,0,False,False
official_tgn_example,tgbn-genre,train,1127448000,2797,1127449862,200,1127446204,1127449862,559600,1108357203,1127449862,558767,833,0,49,140fcb979c44159d,1127448000,1127534400,1,0,False,False
official_tgn_example,tgbn-genre,train,1127534400,2812,1127538842,200,1127533744,1127538842,562600,1108357203,1127538842,561855,745,0,58,15e3c6f772b7be0a,1127534400,1127620800,1,0,False,False
official_tgn_example,tgbn-genre,train,1127620800,2829,1127624160,200,1127620680,1127624160,566000,1108357203,1127624160,565009,991,0,51,81776d6c4c036ae6,1127620800,1127707200,1,0,False,False
official_tgn_example,tgbn-genre,train,1127707200,2845,1127708523,200,1127703365,1127708523,569200,1108357203,1127708523,568579,621,0,42,1fd7f09d54c9c3c0,1127707200,1127793600,1,0,False,False
official_tgn_example,tgbn-genre,train,1127793600,2866,1127794322,200,1127788082,1127794322,573400,1108357203,1127794322,572555,845,0,58,d997136cb449f53f,1127793600,1127880000,1,0,False,False
official_tgn_example,tgbn-genre,train,1127880000,2883,1127881920,200,1127878861,1127881920,576800,1108357203,1127881920,576065,735,0,60,24c7de678011e233,1127880000,1127966400,1,0,False,False
official_tgn_example,tgbn-genre,train,1127966400,2902,1127969342,200,1127965745,1127969342,580600,1108357203,1127969342,579602,998,0,61,2beb6cf1f079e4d8,1127966400,1128052800,1,0,False,False
official_tgn_example,tgbn-genre,train,1128052800,2921,1128055323,200,1128050280,1128055323,584400,1108357203,1128055323,583404,996,0,56,bf55f8494c06c883,1128052800,1128139200,1,0,False,False
official_tgn_example,tgbn-genre,train,1128139200,2941,1128139922,200,1128135601,1128139922,588400,1108357203,1128139922,587552,848,0,58,ae47269044077c6c,1128139200,1128225600,1,0,False,False
official_tgn_example,tgbn-genre,train,1128225600,2962,1128230343,200,1128224341,1128230343,592600,1108357203,1128230343,591769,831,0,50,d5ecb15254b12858,1128225600,1128312000,1,0,False,False
official_tgn_example,tgbn-genre,train,1128312000,2980,1128312605,200,1128306244,1128312605,596200,1108357203,1128312605,595612,588,0,54,bb2e3b48151c2ad0,1128312000,1128398400,1,0,False,False
official_tgn_example,tgbn-genre,train,1128398400,3005,1128398765,200,1128394325,1128398765,601200,1108357203,1128398765,599894,1306,0,57,debfbc523a846775,1128398400,1128484800,1,0,False,False
official_tgn_example,tgbn-genre,train,1128484800,3028,1128488225,200,1128483541,1128488225,605800,1108357203,1128488225,604970,830,0,56,0dc31e049ec9687f,1128484800,1128571200,1,0,False,False
official_tgn_example,tgbn-genre,train,1128571200,3046,1128574142,200,1128568805,1128574142,609400,1108357203,1128574142,608233,1167,0,63,64fa31ea00f92c1e,1128571200,1128657600,1,0,False,False
official_tgn_example,tgbn-genre,train,1128657600,3065,1128657781,200,1128654960,1128657781,613200,1108357203,1128657781,612023,1177,0,59,1def2e07c4a4232b,1128657600,1128744000,1,0,False,False
official_tgn_example,tgbn-genre,train,1128744000,3087,1128744242,200,1128740104,1128744242,617600,1108357203,1128744242,616666,934,0,57,47f2c6e66892bb05,1128744000,1128830400,1,0,False,False
official_tgn_example,tgbn-genre,train,1128830400,3110,1128837181,200,1128829380,1128837181,622200,1108357203,1128837181,620932,1268,0,52,b44be0d41ec80ded,1128830400,1128916800,1,0,False,False
official_tgn_example,tgbn-genre,train,1128916800,3131,1128918725,200,1128915720,1128918725,626400,1108357203,1128918725,625239,1161,0,57,da657f451b08e907,1128916800,1129003200,1,0,False,False
official_tgn_example,tgbn-genre,train,1129003200,3149,1129006444,200,1129001102,1129006444,630000,1108357203,1129006444,628938,1062,0,60,2ee114f591e27291,1129003200,1129089600,1,0,False,False
official_tgn_example,tgbn-genre,train,1129089600,3168,1129094464,200,1129089420,1129094464,633800,1108357203,1129094464,632585,1215,0,66,5fdbb5f1a2ff905c,1129089600,1129176000,1,0,False,False
official_tgn_example,tgbn-genre,train,1129176000,3190,1129176181,200,1129171380,1129176181,638200,1108357203,1129176181,637264,936,0,68,5c6deb7d3d2c0734,1129176000,1129262400,1,0,False,False
official_tgn_example,tgbn-genre,train,1129262400,3209,1129262763,200,1129258023,1129262763,642000,1108357203,1129262763,641144,856,0,61,1059eaa0da67bc70,1129262400,1129348800,1,0,False,False
official_tgn_example,tgbn-genre,train,1129348800,3226,1129349941,200,1129346641,1129349941,645400,1108357203,1129349941,644412,988,0,59,b57d55bfd672ce8d,1129348800,1129435200,1,0,False,False
official_tgn_example,tgbn-genre,train,1129435200,3248,1129437423,200,1129433582,1129437423,649800,1108357203,1129437423,648735,1065,0,49,410993dba82ac72c,1129435200,1129521600,1,0,False,False
official_tgn_example,tgbn-genre,train,1129521600,3269,1129525562,200,1129521305,1129525562,654000,1108357203,1129525562,652901,1099,0,50,b3f70bc639736125,1129521600,1129608000,1,0,False,False
official_tgn_example,tgbn-genre,train,1129608000,3289,1129610885,200,1129606924,1129610885,658000,1108357203,1129610885,656741,1259,0,73,dd43d2d0ae6b65ad,1129608000,1129694400,1,0,False,False
official_tgn_example,tgbn-genre,train,1129694400,3311,1129696202,200,1129692120,1129696202,662400,1108357203,1129696202,661323,1077,0,74,69b9bc267fcebb7c,1129694400,1129780800,1,0,False,False
official_tgn_example,tgbn-genre,train,1129780800,3333,1129784581,200,1129779425,1129784581,666800,1108357203,1129784581,665656,1144,0,77,340f2a163cf9262d,1129780800,1129867200,1,0,False,False
official_tgn_example,tgbn-genre,train,1129867200,3355,1129867383,200,1129864083,1129867383,671200,1108357203,1129867383,670124,1076,0,71,fa83fb81f643206e,1129867200,1129953600,1,0,False,False
official_tgn_example,tgbn-genre,train,1129953600,3376,1129957981,200,1129952345,1129957981,675400,1108357203,1129957981,674211,1189,0,66,a83b2a72e2e7e121,1129953600,1130040000,1,0,False,False
official_tgn_example,tgbn-genre,train,1130040000,3395,1130040661,200,1130036641,1130040661,679200,1108357203,1130040661,678189,1011,0,58,cf9bf0e5d431febd,1130040000,1130126400,1,0,False,False
official_tgn_example,tgbn-genre,train,1130126400,3416,1130126820,200,1130123643,1130126820,683400,1108357203,1130126820,682150,1250,0,59,9ceecdf1a500b0fe,1130126400,1130212800,1,0,False,False
official_tgn_example,tgbn-genre,train,1130212800,3441,1130215382,200,1130211782,1130215382,688400,1108357203,1130215382,687256,1144,0,57,1bd8be50c14c187d,1130212800,1130299200,1,0,False,False
official_tgn_example,tgbn-genre,train,1130299200,3464,1130301720,200,1130297702,1130301720,693000,1108357203,1130301720,691690,1310,0,68,6ba84a2289468e61,1130299200,1130385600,1,0,False,False
official_tgn_example,tgbn-genre,train,1130385600,3486,1130387580,200,1130384101,1130387580,697400,1108357203,1130387580,696360,1040,0,70,d50cea8277953455,1130385600,1130472000,1,0,False,False
official_tgn_example,tgbn-genre,train,1130472000,3506,1130472960,200,1130468943,1130472960,701400,1108357203,1130472960,700221,1179,0,66,56ce69db12af302f,1130472000,1130558400,1,0,False,False
official_tgn_example,tgbn-genre,train,1130558400,3521,1130558763,200,1130555401,1130558763,704400,1108357203,1130558763,703453,947,0,67,ad1ef7837aa274dc,1130558400,1130644800,1,0,False,False
official_tgn_example,tgbn-genre,train,1130644800,3541,1130648461,200,1130644743,1130648461,708400,1108357203,1130648461,707172,1228,0,52,54b6bd09bc550311,1130644800,1130734800,1,0,False,False
official_tgn_example,tgbn-genre,train,1130734800,3558,1130735521,200,1130732823,1130735521,711800,1108357203,1130735521,710460,1340,0,69,6e4d17cf3458fbfd,1130734800,1130821200,1,0,False,False
official_tgn_example,tgbn-genre,train,1130821200,3580,1130825105,200,1130820304,1130825105,716200,1108357203,1130825105,715072,1128,0,67,5063ec70dd4ed8cd,1130821200,1130907600,1,0,False,False
official_tgn_example,tgbn-genre,train,1130907600,3599,1130909282,200,1130906400,1130909282,720000,1108357203,1130909282,718447,1553,0,75,613daa4d9847dcf5,1130907600,1130994000,1,0,False,False
official_tgn_example,tgbn-genre,train,1130994000,3619,1130997540,200,1130992862,1130997540,724000,1108357203,1130997540,722859,1141,0,74,6c5763fa16039428,1130994000,1131080400,1,0,False,False
official_tgn_example,tgbn-genre,train,1131080400,3637,1131081481,200,1131077344,1131081481,727600,1108357203,1131081481,726508,1092,0,66,8d35bcca63bd7568,1131080400,1131166800,1,0,False,False
official_tgn_example,tgbn-genre,train,1131166800,3659,1131169203,200,1131166081,1131169203,732000,1108357203,1131169203,730638,1362,0,74,2426ffea2490e8c1,1131166800,1131253200,1,0,False,False
official_tgn_example,tgbn-genre,train,1131253200,3675,1131253741,200,1131250681,1131253741,735200,1108357203,1131253741,734304,896,0,65,c109c8bad598f550,1131253200,1131339600,1,0,False,False
official_tgn_example,tgbn-genre,train,1131339600,3695,1131342003,200,1131338825,1131342003,739200,1108357203,1131342003,737733,1467,0,68,25a1d7ed9f8d6ec5,1131339600,1131426000,1,0,False,False
official_tgn_example,tgbn-genre,train,1131426000,3720,1131427801,200,1131425161,1131427801,744200,1108357203,1131427801,742851,1349,0,72,1acfb2f725b389e8,1131426000,1131512400,1,0,False,False
official_tgn_example,tgbn-genre,train,1131512400,3743,1131513303,200,1131510180,1131513303,748800,1108357203,1131513303,747443,1357,0,80,d34141c0911b5145,1131512400,1131598800,1,0,False,False
official_tgn_example,tgbn-genre,train,1131598800,3764,1131598980,200,1131596161,1131598980,753000,1108357203,1131598980,751465,1535,0,78,69279cf229deef24,1131598800,1131685200,1,0,False,False
official_tgn_example,tgbn-genre,train,1131685200,3786,1131686580,200,1131683580,1131686580,757400,1108357203,1131686580,756347,1053,0,76,180ecdf35ff9d599,1131685200,1131771600,1,0,False,False
official_tgn_example,tgbn-genre,train,1131771600,3812,1131771660,200,1131769804,1131771660,762600,1108357203,1131771660,761026,1574,0,70,8a4d816bb14b69d2,1131771600,1131858000,1,0,False,False
official_tgn_example,tgbn-genre,train,1131858000,3833,1131861424,200,1131856985,1131861424,766800,1108357203,1131861424,765584,1216,0,56,392024f502fe698c,1131858000,1131944400,1,0,False,False
official_tgn_example,tgbn-genre,train,1131944400,3855,1131948180,200,1131943380,1131948180,771200,1108357203,1131948180,769421,1779,0,61,ca13de2683e7e613,1131944400,1132030800,1,0,False,False
official_tgn_example,tgbn-genre,train,1132030800,3879,1132032241,200,1132029784,1132032241,776000,1108357203,1132032241,774217,1783,0,66,58aec999a6c84533,1132030800,1132117200,1,0,False,False
official_tgn_example,tgbn-genre,train,1132117200,3904,1132117383,200,1132114981,1132117383,781000,1108357203,1132117383,779109,1891,0,70,96cdd76e60830add,1132117200,1132203600,1,0,False,False
official_tgn_example,tgbn-genre,train,1132203600,3929,1132206360,200,1132201560,1132206360,786000,1108357203,1132206360,784569,1431,0,77,6178825c56087028,1132203600,1132290000,1,0,False,False
official_tgn_example,tgbn-genre,train,1132290000,3951,1132290482,200,1132287062,1132290482,790400,1108357203,1132290482,789374,1026,0,67,7c77595f3c984095,1132290000,1132376400,1,0,False,False
official_tgn_example,tgbn-genre,train,1132376400,3971,1132379524,200,1132373101,1132379524,794400,1108357203,1132379524,793542,858,0,55,aa19bcf67041b4cb,1132376400,1132462800,1,0,False,False
official_tgn_example,tgbn-genre,train,1132462800,3985,1132468500,200,1132462262,1132468500,797200,1108357203,1132468500,795968,1232,0,60,66b3f8f8583bde11,1132462800,1132549200,1,0,False,False
official_tgn_example,tgbn-genre,train,1132549200,4001,1132553401,200,1132546565,1132553401,800400,1108357203,1132553401,799218,1182,0,61,006e80ec174a2dde,1132549200,1132635600,1,0,False,False
official_tgn_example,tgbn-genre,train,1132635600,4022,1132636863,200,1132632964,1132636863,804600,1108357203,1132636863,803075,1525,0,69,00922b003501c52a,1132635600,1132722000,1,0,False,False
official_tgn_example,tgbn-genre,train,1132722000,4047,1132723022,200,1132720203,1132723022,809600,1108357203,1132723022,807768,1832,0,81,8d336f7ca157ba4d,1132722000,1132808400,1,0,False,False
official_tgn_example,tgbn-genre,train,1132808400,4078,1132813920,200,1132808044,1132813920,815800,1108357203,1132813920,814000,1800,0,86,b152d43a213fe460,1132808400,1132894800,1,0,False,False
official_tgn_example,tgbn-genre,train,1132894800,4099,1132906145,200,1132893961,1132906145,820000,1108357203,1132906145,818397,1603,0,82,2fd195739d0243d9,1132894800,1132981200,1,0,False,False
official_tgn_example,tgbn-genre,train,1132981200,4116,1132985044,200,1132980905,1132985044,823400,1108357203,1132985044,822192,1208,0,77,d3d7ac3af17e4f2a,1132981200,1133067600,1,0,False,False
official_tgn_example,tgbn-genre,train,1133067600,4135,1133068021,200,1133063944,1133068021,827200,1108357203,1133068021,825812,1388,0,67,7869b79e5a87824a,1133067600,1133154000,1,0,False,False
official_tgn_example,tgbn-genre,train,1133154000,4156,1133156103,200,1133152143,1133156103,831400,1108357203,1133156103,829560,1840,0,68,8d3ac0fa24e27bbc,1133154000,1133240400,1,0,False,False
official_tgn_example,tgbn-genre,train,1133240400,4181,1133244244,200,1133239742,1133244244,836400,1108357203,1133244244,834567,1833,0,80,b2c2874977edd0f3,1133240400,1133326800,1,0,False,False
official_tgn_example,tgbn-genre,train,1133326800,4209,1133330520,200,1133326265,1133330520,842000,1108357203,1133330520,840364,1636,0,81,f5b8a0d0cce744e5,1133326800,1133413200,1,0,False,False
official_tgn_example,tgbn-genre,train,1133413200,4232,1133414283,200,1133410441,1133414283,846600,1108357203,1133414283,845165,1435,0,80,97c4dd3cb17bfd66,1133413200,1133499600,1,0,False,False
official_tgn_example,tgbn-genre,train,1133499600,4255,1133500324,200,1133496840,1133500324,851200,1108357203,1133500324,849430,1770,0,83,059619931ab36ced,1133499600,1133586000,1,0,False,False
official_tgn_example,tgbn-genre,train,1133586000,4284,1133586785,200,1133583240,1133586785,857000,1108357203,1133586785,855440,1560,0,79,4f7e929b1f0e00eb,1133586000,1133672400,1,0,False,False
official_tgn_example,tgbn-genre,train,1133672400,4312,1133672940,200,1133670240,1133672940,862600,1108357203,1133672940,860692,1908,0,73,e059a74321a4f963,1133672400,1133758800,1,0,False,False
official_tgn_example,tgbn-genre,train,1133758800,4341,1133760245,200,1133758085,1133760245,868400,1108357203,1133760245,866546,1854,0,73,0088cb47102a9573,1133758800,1133845200,1,0,False,False
official_tgn_example,tgbn-genre,train,1133845200,4374,1133845620,200,1133843943,1133845620,875000,1108357203,1133845620,873159,1841,0,82,11a658962071f03e,1133845200,1133931600,1,0,False,False
official_tgn_example,tgbn-genre,train,1133931600,4405,1133933101,200,1133931600,1133933101,881200,1108357203,1133933101,879398,1802,0,84,9e2bc4ca5f6004f7,1133931600,1134018000,1,0,False,False
official_tgn_example,tgbn-genre,train,1134018000,4439,1134018060,200,1134017404,1134018060,888000,1108357203,1134018060,885701,2299,0,82,5fa2c4e44bdb0506,1134018000,1134104400,1,0,False,False
official_tgn_example,tgbn-genre,train,1134104400,4470,1134105300,200,1134104042,1134105300,894200,1108357203,1134105300,892500,1700,0,84,dc73c427257d7c81,1134104400,1134190800,1,0,False,False
official_tgn_example,tgbn-genre,train,1134190800,4505,1134193560,200,1134190803,1134193560,901200,1108357203,1134193560,899382,1818,0,89,6048e44e184b4a89,1134190800,1134277200,1,0,False,False
official_tgn_example,tgbn-genre,train,1134277200,4537,1134277323,200,1134274742,1134277323,907600,1108357203,1134277323,906219,1381,0,82,6aa3f0b661528dde,1134277200,1134363600,1,0,False,False
official_tgn_example,tgbn-genre,train,1134363600,4569,1134364085,200,1134360783,1134364085,914000,1108357203,1134364085,912286,1714,0,83,48930762fa402e36,1134363600,1134450000,1,0,False,False
official_tgn_example,tgbn-genre,train,1134450000,4598,1134450541,200,1134448564,1134450541,919800,1108357203,1134450541,917985,1815,0,84,46c345c2dbc9f7d8,1134450000,1134536400,1,0,False,False
official_tgn_example,tgbn-genre,train,1134536400,4635,1134541263,200,1134535981,1134541263,927200,1108357203,1134541263,924894,2306,0,94,b2ae7d498cf8bfe6,1134536400,1134622800,1,0,False,False
official_tgn_example,tgbn-genre,train,1134622800,4668,1134624060,200,1134622144,1134624060,933800,1108357203,1134624060,931488,2312,0,87,7075a41073d317be,1134622800,1134709200,1,0,False,False
official_tgn_example,tgbn-genre,train,1134709200,4696,1134709443,200,1134706985,1134709443,939400,1108357203,1134709443,937809,1591,0,88,6a047a5553d71dac,1134709200,1134795600,1,0,False,False
official_tgn_example,tgbn-genre,train,1134795600,4727,1134797044,200,1134795003,1134797044,945600,1108357203,1134797044,943591,2009,0,71,b85a04a1f03d504d,1134795600,1134882000,1,0,False,False
official_tgn_example,tgbn-genre,train,1134882000,4761,1134882065,200,1134881702,1134882065,952400,1108357203,1134882065,949707,2693,0,62,54bbb729bc6c50f7,1134882000,1134968400,1,0,False,False
official_tgn_example,tgbn-genre,train,1134968400,4797,1134969722,200,1134967981,1134969722,959600,1108357203,1134969722,957709,1891,0,60,14363a74e1fe9d42,1134968400,1135054800,1,0,False,False
official_tgn_example,tgbn-genre,train,1135054800,4823,1135055642,200,1135053002,1135055642,964800,1108357203,1135055642,962905,1895,0,74,2b6f9918a6717c5e,1135054800,1135141200,1,0,False,False
official_tgn_example,tgbn-genre,train,1135141200,4853,1135144022,200,1135140601,1135144022,970800,1108357203,1135144022,968900,1900,0,71,32dae81b2a3f132b,1135141200,1135227600,1,0,False,False
official_tgn_example,tgbn-genre,train,1135227600,4880,1135229521,200,1135226280,1135229521,976200,1108357203,1135229521,974687,1513,0,73,79b9652b0221cc5d,1135227600,1135314000,1,0,False,False
official_tgn_example,tgbn-genre,train,1135314000,4907,1135315805,200,1135313523,1135315805,981600,1108357203,1135315805,980038,1562,0,73,2dabcaacfa08399c,1135314000,1135400400,1,0,False,False
official_tgn_example,tgbn-genre,train,1135400400,4930,1135402745,200,1135398303,1135402745,986200,1108357203,1135402745,985007,1193,0,75,d32951760ad72977,1135400400,1135486800,1,0,False,False
official_tgn_example,tgbn-genre,train,1135486800,4951,1135489985,200,1135485783,1135489985,990400,1108357203,1135489985,989455,945,0,2,79439cdd693f4d1b,1135486800,1135573200,1,0,False,False
official_tgn_example,tgbn-genre,train,1135573200,4971,1135574285,200,1135570741,1135574285,994400,1108357203,1135574285,993312,1088,0,55,5b816e943675a3bc,1135573200,1135659600,1,0,False,False
official_tgn_example,tgbn-genre,train,1135659600,4995,1135660445,200,1135658222,1135660445,999200,1108357203,1135660445,997599,1601,0,72,312771cb8d408d45,1135659600,1135746000,1,0,False,False
official_tgn_example,tgbn-genre,train,1135746000,5020,1135747441,200,1135744982,1135747441,1004200,1108357203,1135747441,1002405,1795,0,87,b4a67b1ae2a030b6,1135746000,1135832400,1,0,False,False
official_tgn_example,tgbn-genre,train,1135832400,5048,1135835942,200,1135831560,1135835942,1009800,1108357203,1135835942,1007943,1857,0,100,bbeeefb5f511245b,1135832400,1135918800,1,0,False,False
official_tgn_example,tgbn-genre,train,1135918800,5069,1135919043,200,1135916700,1135919043,1014000,1108357203,1135919043,1012779,1221,0,100,d3b82715b56553a9,1135918800,1136005200,1,0,False,False
official_tgn_example,tgbn-genre,train,1136005200,5091,1136136721,200,1135997461,1136136721,1018332,1108357203,1136034964,1017586,746,0,98,7fa1457cbbcacb4d,1136005200,1136091600,1,0,False,False
official_tgn_example,tgbn-genre,train,1136091600,5092,1136141644,200,1136136721,1136141644,1018600,1108357203,1136141644,1018332,268,0,89,c18503c532ef9d73,1136091600,1136178000,1,0,False,False
official_tgn_example,tgbn-genre,train,1136178000,5105,1136180223,200,1136177642,1136180223,1021200,1108357203,1136180223,1019552,1648,0,92,74cbdc3b4c9a0958,1136178000,1136264400,1,0,False,False
official_tgn_example,tgbn-genre,train,1136264400,5131,1136265601,200,1136263925,1136265601,1026400,1108357203,1136265601,1024825,1575,0,110,3af4fcbea8b3f3d9,1136264400,1136350800,1,0,False,False
official_tgn_example,tgbn-genre,train,1136350800,5165,1136353204,200,1136350682,1136353204,1033200,1108357203,1136353204,1031090,2110,0,101,4c205d8a70dd76e4,1136350800,1136437200,1,0,False,False
official_tgn_example,tgbn-genre,train,1136437200,5201,1136438880,200,1136436600,1136438880,1040400,1108357203,1136438880,1038111,2289,0,94,7fcae5fbe6ac7e12,1136437200,1136523600,1,0,False,False
official_tgn_example,tgbn-genre,train,1136523600,5241,1136524620,200,1136522521,1136524620,1048400,1108357203,1136524620,1046126,2274,0,98,276d2b79972a78d7,1136523600,1136610000,1,0,False,False
official_tgn_example,tgbn-genre,train,1136610000,5273,1136611263,200,1136608384,1136611263,1054800,1108357203,1136611263,1053203,1597,0,90,49db5fe7ff3269a6,1136610000,1136696400,1,0,False,False
official_tgn_example,tgbn-genre,train,1136696400,5316,1136697485,200,1136694365,1136697485,1063400,1108357203,1136697485,1060678,2722,0,86,f9a2ad3e166e89fb,1136696400,1136782800,1,0,False,False
official_tgn_example,tgbn-genre,train,1136782800,5348,1136783221,200,1136782201,1136783221,1069800,1108357203,1136783221,1067046,2754,0,94,1c89881e07db412a,1136782800,1136869200,1,0,False,False
official_tgn_example,tgbn-genre,train,1136869200,5386,1136870642,200,1136868542,1136870642,1077400,1108357203,1136870642,1074916,2484,0,97,6eac678955be5482,1136869200,1136955600,1,0,False,False
official_tgn_example,tgbn-genre,train,1136955600,5421,1136956685,200,1136954821,1136956685,1084400,1108357203,1136956685,1082085,2315,0,100,e31fdf8f6066929a,1136955600,1137042000,1,0,False,False
official_tgn_example,tgbn-genre,train,1137042000,5453,1137043083,200,1137040861,1137043083,1090800,1108357203,1137043083,1088677,2123,0,99,40efbd79190d56bd,1137042000,1137128400,1,0,False,False
official_tgn_example,tgbn-genre,train,1137128400,5481,1137129900,200,1137127561,1137129900,1096400,1108357203,1137129900,1094270,2130,0,102,8ee2afb8c3c47e47,1137128400,1137214800,1,0,False,False
official_tgn_example,tgbn-genre,train,1137214800,5510,1137216905,200,1137214743,1137216905,1102200,1108357203,1137216905,1100244,1956,0,90,acd3c8e07f221bdb,1137214800,1137301200,1,0,False,False
official_tgn_example,tgbn-genre,train,1137301200,5543,1137304260,200,1137300782,1137304260,1108800,1108357203,1137304260,1106683,2117,0,87,36fd1a2333f88f6e,1137301200,1137387600,1,0,False,False
official_tgn_example,tgbn-genre,train,1137387600,5575,1137387960,200,1137385024,1137387960,1115200,1108357203,1137387960,1112798,2402,0,52,02c00bb72ae87755,1137387600,1137474000,1,0,False,False
official_tgn_example,tgbn-genre,train,1137474000,5612,1137476522,200,1137473283,1137476522,1122600,1108357203,1137476522,1120217,2383,0,91,12a67b57757dc925,1137474000,1137560400,1,0,False,False
official_tgn_example,tgbn-genre,train,1137560400,5645,1137561603,200,1137559680,1137561603,1129200,1108357203,1137561603,1126957,2243,0,108,a2fc954979bb90ae,1137560400,1137646800,1,0,False,False
official_tgn_example,tgbn-genre,train,1137646800,5675,1137646860,200,1137644105,1137646860,1135200,1108357203,1137646860,1133298,1902,0,102,c2b6d886f703feb0,1137646800,1137733200,1,0,False,False
official_tgn_example,tgbn-genre,train,1137733200,5704,1137733501,200,1137731280,1137733501,1141000,1108357203,1137733501,1139248,1752,0,98,da2e9a04906ade5f,1137733200,1137819600,1,0,False,False
official_tgn_example,tgbn-genre,train,1137819600,5740,1137820981,200,1137818941,1137820981,1148200,1108357203,1137820981,1145755,2445,0,102,037c1961246eb3a5,1137819600,1137906000,1,0,False,False
official_tgn_example,tgbn-genre,train,1137906000,5779,1137907204,200,1137905341,1137907204,1156000,1108357203,1137907204,1153452,2548,0,82,23bb2f2b61b5b673,1137906000,1137992400,1,0,False,False
official_tgn_example,tgbn-genre,train,1137992400,5790,1137993545,200,1137946381,1137993545,1158200,1108357203,1137993545,1158197,3,0,84,8477041d1062670a,1137992400,1138078800,1,0,False,False
official_tgn_example,tgbn-genre,train,1138078800,5825,1138080305,200,1138078323,1138080305,1165200,1108357203,1138080305,1162784,2416,0,110,31a50fed4417c06f,1138078800,1138165200,1,0,False,False
official_tgn_example,tgbn-genre,train,1138165200,5859,1138165562,200,1138163345,1138165562,1172000,1108357203,1138165562,1169682,2318,0,105,b0c9f80f33395f91,1138165200,1138251600,1,0,False,False
official_tgn_example,tgbn-genre,train,1138251600,5892,1138252742,200,1138250704,1138252742,1178600,1108357203,1138252742,1176711,1889,0,104,8ded45ac818f469c,1138251600,1138338000,1,0,False,False
official_tgn_example,tgbn-genre,train,1138338000,5924,1138340882,200,1138337880,1138340882,1185000,1108357203,1138340882,1182876,2124,0,109,71c032cb436d328c,1138338000,1138424400,1,0,False,False
official_tgn_example,tgbn-genre,train,1138424400,5959,1138425663,200,1138424342,1138425663,1192000,1108357203,1138425663,1189803,2197,0,92,3a23f5f5b2e3fd1d,1138424400,1138510800,1,0,False,False
official_tgn_example,tgbn-genre,train,1138510800,5989,1138514641,200,1138510505,1138514641,1198000,1108357203,1138514641,1196301,1699,0,99,809fb14a3007fb5d,1138510800,1138597200,1,0,False,False
official_tgn_example,tgbn-genre,train,1138597200,6022,1138598824,200,1138596964,1138598824,1204600,1108357203,1138598824,1201502,3098,0,106,8d3deaaae69a0acf,1138597200,1138683600,1,0,False,False
official_tgn_example,tgbn-genre,train,1138683600,6059,1138686005,200,1138682823,1138686005,1212000,1108357203,1138686005,1209926,2074,0,107,00655a1d9a8ebc56,1138683600,1138770000,1,0,False,False
official_tgn_example,tgbn-genre,train,1138770000,6093,1138771201,200,1138767483,1138771201,1218800,1108357203,1138771201,1216676,2124,0,113,64ffcedd281c913b,1138770000,1138856400,1,0,False,False
official_tgn_example,tgbn-genre,train,1138856400,6125,1138858860,200,1138855681,1138858860,1225200,1108357203,1138858860,1223220,1980,0,110,7f5f869f596e0f3d,1138856400,1138942800,1,0,False,False
official_tgn_example,tgbn-genre,train,1138942800,6159,1138943644,200,1138942023,1138943644,1232000,1108357203,1138943644,1229732,2268,0,114,cc97c259edffcd6e,1138942800,1139029200,1,0,False,False
official_tgn_example,tgbn-genre,train,1139029200,6187,1139031005,200,1139028421,1139031005,1237600,1108357203,1139031005,1235789,1811,0,98,665cb795b257a4d5,1139029200,1139115600,1,0,False,False
official_tgn_example,tgbn-genre,train,1139115600,6218,1139116140,200,1139114281,1139116140,1243800,1108357203,1139116140,1241794,2006,0,89,36c0657d91215fbe,1139115600,1139202000,1,0,False,False
official_tgn_example,tgbn-genre,train,1139202000,6252,1139203444,200,1139200922,1139203444,1250600,1108357203,1139203444,1248136,2464,0,102,749b585ed1c63356,1139202000,1139288400,1,0,False,False
official_tgn_example,tgbn-genre,train,1139288400,6287,1139291042,200,1139288163,1139291042,1257600,1108357203,1139291042,1255414,2186,0,109,29100f18eb48a6b2,1139288400,1139374800,1,0,False,False
official_tgn_example,tgbn-genre,train,1139374800,6325,1139375701,200,1139372762,1139375701,1265200,1108357203,1139375701,1263231,1969,0,109,ab2b18d16f648ca4,1139374800,1139461200,1,0,False,False
official_tgn_example,tgbn-genre,train,1139461200,6361,1139461684,200,1139458921,1139461684,1272400,1108357203,1139461684,1270363,2037,0,108,9ff641411558fd4a,1139461200,1139547600,1,0,False,False
official_tgn_example,tgbn-genre,train,1139547600,6402,1139548504,200,1139544723,1139548504,1280600,1108357203,1139548504,1278563,2037,0,105,325e8bd74142aae9,1139547600,1139634000,1,0,False,False
official_tgn_example,tgbn-genre,train,1139634000,6437,1139634903,200,1139632803,1139634903,1287600,1108357203,1139634903,1285227,2373,0,96,4321e5e24282e296,1139634000,1139720400,1,0,False,False
official_tgn_example,tgbn-genre,train,1139720400,6472,1139722502,200,1139720285,1139722502,1294600,1108357203,1139722502,1292422,2178,0,92,d393b724b4e1ab31,1139720400,1139806800,1,0,False,False
official_tgn_example,tgbn-genre,train,1139806800,6511,1139807942,200,1139806323,1139807942,1302400,1108357203,1139807942,1300169,2231,0,96,879976d5e228e19a,1139806800,1139893200,1,0,False,False
official_tgn_example,tgbn-genre,train,1139893200,6550,1139893380,200,1139891584,1139893380,1310200,1108357203,1139893380,1307770,2430,0,121,03c82e43013b717f,1139893200,1139979600,1,0,False,False
official_tgn_example,tgbn-genre,train,1139979600,6584,1139980324,200,1139977444,1139980324,1317000,1108357203,1139980324,1314910,2090,0,116,598685a423cac33b,1139979600,1140066000,1,0,False,False
official_tgn_example,tgbn-genre,train,1140066000,6625,1140066422,200,1140065584,1140066422,1325200,1108357203,1140066422,1322489,2711,0,111,ee61a305480feade,1140066000,1140152400,1,0,False,False
official_tgn_example,tgbn-genre,train,1140152400,6665,1140153240,200,1140151202,1140153240,1333200,1108357203,1140153240,1330847,2353,0,118,05540349d69ebc80,1140152400,1140238800,1,0,False,False
official_tgn_example,tgbn-genre,train,1140238800,6703,1140240063,200,1140238563,1140240063,1340800,1108357203,1140240063,1338462,2338,0,112,64c4cb95cb28b650,1140238800,1140325200,1,0,False,False
official_tgn_example,tgbn-genre,train,1140325200,6741,1140326525,200,1140324062,1140326525,1348400,1108357203,1140326525,1345737,2663,0,95,ab0f17dc8737656b,1140325200,1140411600,1,0,False,False
official_tgn_example,tgbn-genre,train,1140411600,6777,1140412200,200,1140410100,1140412200,1355600,1108357203,1140412200,1353649,1951,0,98,e54e6f58ae6acfe4,1140411600,1140498000,1,0,False,False
official_tgn_example,tgbn-genre,train,1140498000,6828,1140498903,200,1140496980,1140498903,1365800,1108357203,1140498903,1363077,2723,0,118,050f487cfc4997ea,1140498000,1140584400,1,0,False,False
official_tgn_example,tgbn-genre,train,1140584400,6871,1140585723,200,1140583985,1140585723,1374400,1108357203,1140585723,1371584,2816,0,118,006a67b8142eb385,1140584400,1140670800,1,0,False,False
official_tgn_example,tgbn-genre,train,1140670800,6907,1140671282,200,1140669423,1140671282,1381600,1108357203,1140671282,1379234,2366,0,126,695e66868584edc5,1140670800,1140757200,1,0,False,False
official_tgn_example,tgbn-genre,train,1140757200,6950,1140759244,200,1140756905,1140759244,1390200,1108357203,1140759244,1387529,2671,0,132,4bf46be2a57dae79,1140757200,1140843600,1,0,False,False
official_tgn_example,tgbn-genre,train,1140843600,6990,1140844442,200,1140842525,1140844442,1398200,1108357203,1140844442,1395346,2854,0,132,c4c9832662e8edad,1140843600,1140930000,1,0,False,False
official_tgn_example,tgbn-genre,train,1140930000,7030,1140932102,200,1140929583,1140932102,1406200,1108357203,1140932102,1403723,2477,0,110,37032e0e20a4d16b,1140930000,1141016400,1,0,False,False
official_tgn_example,tgbn-genre,train,1141016400,7068,1141016462,200,1141014725,1141016462,1413800,1108357203,1141016462,1411577,2223,0,117,e4022f1f6f54fba2,1141016400,1141102800,1,0,False,False
official_tgn_example,tgbn-genre,train,1141102800,7107,1141102920,200,1141100284,1141102920,1421600,1108357203,1141102920,1419357,2243,0,135,d87aaf568ffb325c,1141102800,1141189200,1,0,False,False
official_tgn_example,tgbn-genre,train,1141189200,7151,1141189381,200,1141188005,1141189381,1430400,1108357203,1141189381,1427437,2963,0,130,f058ba3e892243e4,1141189200,1141275600,1,0,False,False
official_tgn_example,tgbn-genre,train,1141275600,7194,1141277223,200,1141274643,1141277223,1439000,1108357203,1141277223,1436596,2404,0,128,e99b6116fc66a69c,1141275600,1141362000,1,0,False,False
official_tgn_example,tgbn-genre,train,1141362000,7241,1141362605,200,1141361220,1141362605,1448400,1108357203,1141362605,1445324,3076,0,125,dfd52e96905ade3f,1141362000,1141448400,1,0,False,False
official_tgn_example,tgbn-genre,train,1141448400,7280,1141450203,200,1141447981,1141450203,1456200,1108357203,1141450203,1454002,2198,0,117,d8e34b47cfeb099d,1141448400,1141534800,1,0,False,False
official_tgn_example,tgbn-genre,train,1141534800,7317,1141534801,200,1141531744,1141534801,1463600,1108357203,1141534801,1461907,1693,0,116,c5616e64425ba930,1141534800,1141621200,1,0,False,False
official_tgn_example,tgbn-genre,train,1141621200,7353,1141623304,200,1141620425,1141623304,1470800,1108357203,1141623304,1468788,2012,0,115,407a232ec6a42c9c,1141621200,1141707600,1,0,False,False
official_tgn_example,tgbn-genre,train,1141707600,7389,1141708260,200,1141705740,1141708260,1478000,1108357203,1141708260,1475884,2116,0,130,fc948f9bd3cc2d5a,1141707600,1141794000,1,0,False,False
official_tgn_example,tgbn-genre,train,1141794000,7426,1141794063,200,1141792205,1141794063,1485400,1108357203,1141794063,1483179,2221,0,139,b972cbbec667a94f,1141794000,1141880400,1,0,False,False
official_tgn_example,tgbn-genre,train,1141880400,7470,1141881481,200,1141879083,1141881481,1494200,1108357203,1141881481,1492285,1915,0,124,3326226ce979873a,1141880400,1141966800,1,0,False,False
official_tgn_example,tgbn-genre,train,1141966800,7509,1141967463,200,1141965183,1141967463,1502000,1108357203,1141967463,1499420,2580,0,125,255cda6cf5dd52da,1141966800,1142053200,1,0,False,False
official_tgn_example,tgbn-genre,train,1142053200,7545,1142056260,200,1142052365,1142056260,1509200,1108357203,1142056260,1507078,2122,0,128,d2b72dc89cfd99eb,1142053200,1142139600,1,0,False,False
official_tgn_example,tgbn-genre,train,1142139600,7581,1142140142,200,1142137141,1142140142,1516400,1108357203,1142140142,1514206,2194,0,118,33b8f7908108fd95,1142139600,1142226000,1,0,False,False
official_tgn_example,tgbn-genre,train,1142226000,7619,1142227563,200,1142224142,1142227563,1524000,1108357203,1142227563,1521860,2140,0,130,6ff94a47bbb135c6,1142226000,1142312400,1,0,False,False
official_tgn_example,tgbn-genre,train,1142312400,7667,1142314503,200,1142311860,1142314503,1533600,1108357203,1142314503,1530018,3582,0,131,45c4b5ee2d36493e,1142312400,1142398800,1,0,False,False
official_tgn_example,tgbn-genre,train,1142398800,7710,1142399700,200,1142397664,1142399700,1542200,1108357203,1142399700,1539484,2716,0,138,2617035d0ad260f9,1142398800,1142485200,1,0,False,False
official_tgn_example,tgbn-genre,train,1142485200,7749,1142485203,200,1142483885,1142485203,1550000,1108357203,1142485203,1547391,2609,0,138,2aa8db2d4adcd101,1142485200,1142571600,1,0,False,False
official_tgn_example,tgbn-genre,train,1142571600,7790,1142572805,200,1142570825,1142572805,1558200,1108357203,1142572805,1555848,2352,0,135,7efc9177c2e947ad,1142571600,1142658000,1,0,False,False
official_tgn_example,tgbn-genre,train,1142658000,7836,1142659441,200,1142657401,1142659441,1567400,1108357203,1142659441,1564722,2678,0,137,ec44a841797d781d,1142658000,1142744400,1,0,False,False
official_tgn_example,tgbn-genre,train,1142744400,7880,1142744643,200,1142743445,1142744643,1576200,1108357203,1142744643,1573122,3078,0,135,fe8307ee51f03ffc,1142744400,1142830800,1,0,False,False
official_tgn_example,tgbn-genre,train,1142830800,7937,1142831761,200,1142830320,1142831761,1587600,1108357203,1142831761,1584605,2995,0,135,7f7fc3072799bcb5,1142830800,1142917200,1,0,False,False
official_tgn_example,tgbn-genre,train,1142917200,7985,1142917261,200,1142915402,1142917261,1597200,1108357203,1142917261,1594248,2952,0,123,b9e59cf8670cc2cb,1142917200,1143003600,1,0,False,False
official_tgn_example,tgbn-genre,train,1143003600,8034,1143003905,200,1143002524,1143003905,1607000,1108357203,1143003905,1604200,2800,0,129,9cfaa65d4310eb42,1143003600,1143090000,1,0,False,False
official_tgn_example,tgbn-genre,train,1143090000,8084,1143090065,200,1143088320,1143090065,1617000,1108357203,1143090065,1613667,3333,0,141,582f68f61ebba3f2,1143090000,1143176400,1,0,False,False
official_tgn_example,tgbn-genre,train,1143176400,8135,1143177061,200,1143175445,1143177061,1627200,1108357203,1143177061,1624288,2912,0,152,d04186c15f4bcf19,1143176400,1143262800,1,0,False,False
official_tgn_example,tgbn-genre,train,1143262800,8184,1143265262,200,1143262562,1143265262,1637000,1108357203,1143265262,1634348,2652,0,145,a1b41c44e76979f8,1143262800,1143349200,1,0,False,False
official_tgn_example,tgbn-genre,train,1143349200,8226,1143349684,200,1143347343,1143349684,1645400,1108357203,1143349684,1643140,2260,0,127,1910dfc2f0e447bb,1143349200,1143435600,1,0,False,False
official_tgn_example,tgbn-genre,train,1143435600,8268,1143435722,200,1143433924,1143435722,1653800,1108357203,1143435722,1651452,2348,0,127,cf8eab472505cad3,1143435600,1143522000,1,0,False,False
official_tgn_example,tgbn-genre,train,1143522000,8307,1143522480,200,1143520082,1143522480,1661600,1108357203,1143522480,1659368,2232,0,142,c20b27cc751ad091,1143522000,1143608400,1,0,False,False
official_tgn_example,tgbn-genre,train,1143608400,8347,1143609605,200,1143607562,1143609605,1669600,1108357203,1143609605,1667257,2343,0,142,6eab90df622054ab,1143608400,1143694800,1,0,False,False
official_tgn_example,tgbn-genre,train,1143694800,8390,1143695465,200,1143694142,1143695465,1678200,1108357203,1143695465,1675708,2492,0,146,e45e607d86952cfd,1143694800,1143781200,1,0,False,False
official_tgn_example,tgbn-genre,train,1143781200,8443,1143781443,200,1143780121,1143781443,1688800,1108357203,1143781443,1685589,3211,0,152,10414f504a314ebf,1143781200,1143867600,1,0,False,False
official_tgn_example,tgbn-genre,train,1143867600,8492,1143868504,200,1143866521,1143868504,1698600,1108357203,1143868504,1695841,2759,0,147,a9c151e7dce6cbde,1143867600,1143954000,1,0,False,False
official_tgn_example,tgbn-genre,train,1143954000,8539,1143954062,200,1143952562,1143954062,1708000,1108357203,1143954062,1705687,2313,0,125,8c8d48daa178b476,1143954000,1144036800,1,0,False,False
official_tgn_example,tgbn-genre,train,1144036800,8587,1144037700,200,1144035663,1144037700,1717600,1108357203,1144037700,1715268,2332,0,128,a9ccb6ba01ccc585,1144036800,1144123200,1,0,False,False
official_tgn_example,tgbn-genre,train,1144123200,8635,1144123204,200,1144121824,1144123204,1727200,1108357203,1144123204,1724922,2278,0,128,29f4f83ae7aa3407,1144123200,1144209600,1,0,False,False
official_tgn_example,tgbn-genre,train,1144209600,8685,1144210141,200,1144208825,1144210141,1737200,1108357203,1144210141,1734750,2450,0,137,aceda9e6d7c1912b,1144209600,1144296000,1,0,False,False
official_tgn_example,tgbn-genre,train,1144296000,8734,1144296301,200,1144294741,1144296301,1747000,1108357203,1144296301,1744560,2440,0,131,15afad87c0e33e9a,1144296000,1144382400,1,0,False,False
official_tgn_example,tgbn-genre,train,1144382400,8782,1144382525,200,1144380601,1144382525,1756600,1108357203,1144382525,1754392,2208,0,138,28cb211fd81b66eb,1144382400,1144468800,1,0,False,False
official_tgn_example,tgbn-genre,train,1144468800,8832,1144470420,200,1144468382,1144470420,1766600,1108357203,1144470420,1764273,2327,0,126,37cd1c274d26bf0a,1144468800,1144555200,1,0,False,False
official_tgn_example,tgbn-genre,train,1144555200,8877,1144556464,200,1144554603,1144556464,1775600,1108357203,1144556464,1773550,2050,0,126,1dc51ba8bd9e2f6c,1144555200,1144641600,1,0,False,False
official_tgn_example,tgbn-genre,train,1144641600,8919,1144643344,200,1144641124,1144643344,1784000,1108357203,1144643344,1781782,2218,0,115,1fffc30e8aec4a9b,1144641600,1144728000,1,0,False,False
official_tgn_example,tgbn-genre,train,1144728000,8963,1144729020,200,1144727220,1144729020,1792800,1108357203,1144729020,1790743,2057,0,146,bf3115f84ed06251,1144728000,1144814400,1,0,False,False
official_tgn_example,tgbn-genre,train,1144814400,9013,1144816382,200,1144813624,1144816382,1802800,1108357203,1144816382,1800298,2502,0,158,b1d0461f775e98f3,1144814400,1144900800,1,0,False,False
official_tgn_example,tgbn-genre,train,1144900800,9060,1144902183,200,1144900385,1144902183,1812200,1108357203,1144902183,1809746,2454,0,152,000b288720275585,1144900800,1144987200,1,0,False,False
official_tgn_example,tgbn-genre,train,1144987200,9105,1144987560,200,1144985460,1144987560,1821200,1108357203,1144987560,1819545,1655,0,154,abb87e9c359d1ecf,1144987200,1145073600,1,0,False,False
official_tgn_example,tgbn-genre,train,1145073600,9147,1145074445,200,1145072522,1145074445,1829600,1108357203,1145074445,1827897,1703,0,145,d344f7488ff3b26f,1145073600,1145160000,1,0,False,False
official_tgn_example,tgbn-genre,train,1145160000,9186,1145161561,200,1145158985,1145161561,1837400,1108357203,1145161561,1835548,1852,0,89,30aa08c39dba598e,1145160000,1145246400,1,0,False,False
official_tgn_example,tgbn-genre,train,1145246400,9233,1145248685,200,1145246285,1145248685,1846800,1108357203,1145248685,1844121,2679,0,125,732a04f33cd1a230,1145246400,1145332800,1,0,False,False
official_tgn_example,tgbn-genre,train,1145332800,9287,1145334481,200,1145332684,1145334481,1857600,1108357203,1145334481,1855161,2439,0,147,4c5cf628fc52b578,1145332800,1145419200,1,0,False,False
official_tgn_example,tgbn-genre,train,1145419200,9345,1145420583,200,1145418544,1145420583,1869200,1108357203,1145420583,1866669,2531,0,147,3b35becbb953f0d2,1145419200,1145505600,1,0,False,False
official_tgn_example,tgbn-genre,train,1145505600,9398,1145506080,200,1145504760,1145506080,1879800,1108357203,1145506080,1877234,2566,0,151,65a3329a50944383,1145505600,1145592000,1,0,False,False
official_tgn_example,tgbn-genre,train,1145592000,9451,1145592781,200,1145590922,1145592781,1890400,1108357203,1145592781,1887885,2515,0,157,f6cc4f577e478cf2,1145592000,1145678400,1,0,False,False
official_tgn_example,tgbn-genre,train,1145678400,9497,1145680084,200,1145677805,1145680084,1899600,1108357203,1145680084,1897497,2103,0,144,24b1900c879d785a,1145678400,1145764800,1,0,False,False
official_tgn_example,tgbn-genre,train,1145764800,9521,1145765645,200,1145763063,1145765645,1904400,1108357203,1145765645,1903278,1122,0,135,0ce3eeea116330a0,1145764800,1145851200,1,0,False,False
official_tgn_example,tgbn-genre,train,1145851200,9560,1145851263,200,1145849225,1145851263,1912200,1108357203,1145851263,1910225,1975,0,130,bc158aae8a1522ec,1145851200,1145937600,1,0,False,False
official_tgn_example,tgbn-genre,train,1145937600,9612,1145938924,200,1145937185,1145938924,1922600,1108357203,1145938924,1920133,2467,0,145,92b9c0895f8f73b7,1145937600,1146024000,1,0,False,False
official_tgn_example,tgbn-genre,train,1146024000,9656,1146024905,200,1146021965,1146024905,1931400,1108357203,1146024905,1929163,2237,0,147,343fc18a438624a1,1146024000,1146110400,1,0,False,False
official_tgn_example,tgbn-genre,train,1146110400,9703,1146110764,200,1146109385,1146110764,1940800,1108357203,1146110764,1938579,2221,0,154,95ffc7d623e8e9fe,1146110400,1146196800,1,0,False,False
official_tgn_example,tgbn-genre,train,1146196800,9754,1146199443,200,1146196082,1146199443,1951000,1108357203,1146199443,1948655,2345,0,152,7592e15f9e7b939b,1146196800,1146283200,1,0,False,False
official_tgn_example,tgbn-genre,train,1146283200,9799,1146283984,200,1146282485,1146283984,1960000,1108357203,1146283984,1957724,2276,0,152,d3d39e11f42f37e3,1146283200,1146369600,1,0,False,False
official_tgn_example,tgbn-genre,train,1146369600,9840,1146371702,200,1146368522,1146371702,1968200,1108357203,1146371702,1966667,1533,0,141,998e9765bf1452df,1146369600,1146456000,1,0,False,False
official_tgn_example,tgbn-genre,train,1146456000,9877,1146456903,200,1146455103,1146456903,1975600,1108357203,1146456903,1973677,1923,0,143,cdb10ceaa9fdd6c3,1146456000,1146542400,1,0,False,False
official_tgn_example,tgbn-genre,train,1146542400,9925,1146543481,200,1146541385,1146543481,1985200,1108357203,1146543481,1982707,2493,0,165,9155d911b60f759e,1146542400,1146628800,1,0,False,False
official_tgn_example,tgbn-genre,train,1146628800,9965,1146629524,200,1146627420,1146629524,1993200,1108357203,1146629524,1991237,1963,0,153,3818219d65d73d55,1146628800,1146715200,1,0,False,False
official_tgn_example,tgbn-genre,train,1146715200,10008,1146715620,200,1146713104,1146715620,2001800,1108357203,1146715620,1999898,1902,0,170,bc4f18a63197ac5d,1146715200,1146801600,1,0,False,False
official_tgn_example,tgbn-genre,train,1146801600,10052,1146803764,200,1146801600,1146803764,2010600,1108357203,1146803764,2008177,2423,0,158,fc7e01668952c84d,1146801600,1146888000,1,0,False,False
official_tgn_example,tgbn-genre,train,1146888000,10098,1146889680,200,1146888000,1146889680,2019800,1108357203,1146889680,2018061,1739,0,148,bac9de5ffb14724e,1146888000,1146974400,1,0,False,False
official_tgn_example,tgbn-genre,train,1146974400,10141,1146976381,200,1146973985,1146976381,2028400,1108357203,1146976381,2026614,1786,0,142,585c18d8de5ef4b1,1146974400,1147060800,1,0,False,False
official_tgn_example,tgbn-genre,train,1147060800,10186,1147061465,200,1147059783,1147061465,2037400,1108357203,1147061465,2035049,2351,0,147,6e8185a85ed66fe1,1147060800,1147147200,1,0,False,False
official_tgn_example,tgbn-genre,train,1147147200,10235,1147148161,200,1147146305,1147148161,2047200,1108357203,1147148161,2044556,2644,0,154,04479f7200a81d06,1147147200,1147233600,1,0,False,False
official_tgn_example,tgbn-genre,train,1147233600,10286,1147235340,200,1147233243,1147235340,2057400,1108357203,1147235340,2054992,2408,0,170,711f7ceee8750edc,1147233600,1147320000,1,0,False,False
official_tgn_example,tgbn-genre,train,1147320000,10331,1147321141,200,1147318263,1147321141,2066400,1108357203,1147321141,2064277,2123,0,165,9e5c9607080e6d30,1147320000,1147406400,1,0,False,False
official_tgn_example,tgbn-genre,train,1147406400,10375,1147407422,200,1147405443,1147407422,2075200,1108357203,1147407422,2073178,2022,0,168,93c48753f21a9ec0,1147406400,1147492800,1,0,False,False
official_tgn_example,tgbn-genre,train,1147492800,10423,1147493880,200,1147491782,1147493880,2084800,1108357203,1147493880,2082969,1831,0,159,5913e5efefa52c69,1147492800,1147579200,1,0,False,False
official_tgn_example,tgbn-genre,train,1147579200,10474,1147580283,200,1147579144,1147580283,2095000,1108357203,1147580283,2092410,2590,0,148,30b137af05d14a07,1147579200,1147665600,1,0,False,False
official_tgn_example,tgbn-genre,train,1147665600,10532,1147666860,200,1147665181,1147666860,2106600,1108357203,1147666860,2103868,2732,0,154,7b4c8bfb2f679832,1147665600,1147752000,1,0,False,False
official_tgn_example,tgbn-genre,train,1147752000,10590,1147752424,200,1147751522,1147752424,2118200,1108357203,1147752424,2115375,2825,0,159,0ead5997fba6e42d,1147752000,1147838400,1,0,False,False
official_tgn_example,tgbn-genre,train,1147838400,10650,1147839242,200,1147837384,1147839242,2130200,1108357203,1147839242,2127887,2313,0,174,3d366c74bf1be95d,1147838400,1147924800,1,0,False,False
official_tgn_example,tgbn-genre,train,1147924800,10699,1147926122,200,1147924623,1147926122,2140000,1108357203,1147926122,2138125,1875,0,172,ba3359022d18d791,1147924800,1148011200,1,0,False,False
official_tgn_example,tgbn-genre,train,1148011200,10753,1148013662,200,1148011083,1148013662,2150800,1108357203,1148013662,2148675,2125,0,169,b022adc786662870,1148011200,1148097600,1,0,False,False
official_tgn_example,tgbn-genre,train,1148097600,10801,1148099825,200,1148097360,1148099825,2160400,1108357203,1148099825,2158472,1928,0,168,42d92016f419a3be,1148097600,1148184000,1,0,False,False
official_tgn_example,tgbn-genre,train,1148184000,10843,1148184660,200,1148182620,1148184660,2168800,1108357203,1148184660,2167245,1555,0,139,3e7b6b1f9510566b,1148184000,1148270400,1,0,False,False
official_tgn_example,tgbn-genre,train,1148270400,10891,1148270881,200,1148268123,1148270881,2178400,1108357203,1148270881,2176985,1415,0,149,34c994330f0f4536,1148270400,1148356800,1,0,False,False
official_tgn_example,tgbn-genre,train,1148356800,10941,1148357162,200,1148355482,1148357162,2188400,1108357203,1148357162,2185714,2686,0,157,72149b0e52765f90,1148356800,1148443200,1,0,False,False
official_tgn_example,tgbn-genre,train,1148443200,10988,1148444281,200,1148442065,1148444281,2197800,1108357203,1148444281,2195761,2039,0,161,ec8cd0e398c24d4f,1148443200,1148529600,1,0,False,False
official_tgn_example,tgbn-genre,train,1148529600,11042,1148529662,200,1148527921,1148529662,2208600,1108357203,1148529662,2205973,2627,0,165,128ed1a914053409,1148529600,1148616000,1,0,False,False
official_tgn_example,tgbn-genre,train,1148616000,11105,1148616242,200,1148614863,1148616242,2221200,1108357203,1148616242,2218571,2629,0,154,32905098b968186d,1148616000,1148702400,1,0,False,False
official_tgn_example,tgbn-genre,train,1148702400,11159,1148703303,200,1148701504,1148703303,2232000,1108357203,1148703303,2229719,2281,0,134,43b262ebeec4a116,1148702400,1148788800,1,0,False,False
official_tgn_example,tgbn-genre,train,1148788800,11203,1148788863,200,1148786643,1148788863,2240800,1108357203,1148788863,2238815,1985,0,156,4b4606d5c15c457d,1148788800,1148875200,1,0,False,False
official_tgn_example,tgbn-genre,train,1148875200,11254,1148877065,200,1148873700,1148877065,2251000,1108357203,1148877065,2248818,2182,0,161,e35666a921b69391,1148875200,1148961600,1,0,False,False
official_tgn_example,tgbn-genre,train,1148961600,11293,1148961725,200,1148959982,1148961725,2258800,1108357203,1148961725,2256891,1909,0,168,d88d91cbe08a9d63,1148961600,1149048000,1,0,False,False
official_tgn_example,tgbn-genre,train,1149048000,11341,1149048120,200,1149045602,1149048120,2268400,1108357203,1149048120,2266638,1762,0,172,449a267ab3033cf6,1149048000,1149134400,1,0,False,False
official_tgn_example,tgbn-genre,train,1149134400,11390,1149134821,200,1149133201,1149134821,2278200,1108357203,1149134821,2275459,2741,0,174,3fb51f7bb593359c,1149134400,1149220800,1,0,False,False
official_tgn_example,tgbn-genre,train,1149220800,11437,1149221940,200,1149220320,1149221940,2287600,1108357203,1149221940,2285555,2045,0,171,4882dadb6295a579,1149220800,1149307200,1,0,False,False
official_tgn_example,tgbn-genre,train,1149307200,11480,1149307803,200,1149306420,1149307803,2296200,1108357203,1149307803,2294202,1998,0,167,2689afd61d268646,1149307200,1149393600,1,0,False,False
official_tgn_example,tgbn-genre,train,1149393600,11528,1149393962,200,1149391805,1149393962,2305800,1108357203,1149393962,2303733,2067,0,143,0c7486f7d817a770,1149393600,1149480000,1,0,False,False
official_tgn_example,tgbn-genre,train,1149480000,11580,1149480545,200,1149479701,1149480545,2316200,1108357203,1149480545,2313554,2646,0,159,bcdd53e95a7369d9,1149480000,1149566400,1,0,False,False
official_tgn_example,tgbn-genre,train,1149566400,11633,1149567303,200,1149565983,1149567303,2326800,1108357203,1149567303,2323870,2930,0,164,7ab8504be8c1e8aa,1149566400,1149652800,1,0,False,False
official_tgn_example,tgbn-genre,train,1149652800,11685,1149654365,200,1149652742,1149654365,2337200,1108357203,1149654365,2334804,2396,0,168,20867e9258a558b9,1149652800,1149739200,1,0,False,False
official_tgn_example,tgbn-genre,train,1149739200,11738,1149739563,200,1149737705,1149739563,2347800,1108357203,1149739563,2345598,2202,0,161,744faa2e890a3581,1149739200,1149825600,1,0,False,False
official_tgn_example,tgbn-genre,train,1149825600,11787,1149827042,200,1149825120,1149827042,2357600,1108357203,1149827042,2355870,1730,0,155,f7ef9b215d847e86,1149825600,1149912000,1,0,False,False
official_tgn_example,tgbn-genre,train,1149912000,11836,1149913443,200,1149911885,1149913443,2367400,1108357203,1149913443,2365324,2076,0,152,825113eae6b1a302,1149912000,1149998400,1,0,False,False
official_tgn_example,tgbn-genre,train,1149998400,11884,1149999000,200,1149996903,1149999000,2377000,1108357203,1149999000,2374980,2020,0,151,d70bcc2654e37ded,1149998400,1150084800,1,0,False,False
official_tgn_example,tgbn-genre,train,1150084800,11934,1150085045,200,1150083363,1150085045,2387000,1108357203,1150085045,2384816,2184,0,147,5b707e642b5d2146,1150084800,1150171200,1,0,False,False
official_tgn_example,tgbn-genre,train,1150171200,11984,1150172761,200,1150170184,1150172761,2397000,1108357203,1150172761,2394850,2150,0,172,764f3689bff4a974,1150171200,1150257600,1,0,False,False
official_tgn_example,tgbn-genre,train,1150257600,12031,1150259342,200,1150257544,1150259342,2406400,1108357203,1150259342,2404366,2034,0,164,562db8d2dcd2f748,1150257600,1150344000,1,0,False,False
official_tgn_example,tgbn-genre,train,1150344000,12076,1150345560,200,1150343405,1150345560,2415400,1108357203,1150345560,2413493,1907,0,172,fb931fb68730150b,1150344000,1150430400,1,0,False,False
official_tgn_example,tgbn-genre,train,1150430400,12121,1150430825,200,1150428965,1150430825,2424400,1108357203,1150430825,2422101,2299,0,180,e4667f4242f46f28,1150430400,1150516800,1,0,False,False
official_tgn_example,tgbn-genre,train,1150516800,12171,1150518660,200,1150516741,1150518660,2434400,1108357203,1150518660,2432381,2019,0,166,81872d3b01e8580c,1150516800,1150603200,1,0,False,False
official_tgn_example,tgbn-genre,train,1150603200,12218,1150603624,200,1150602002,1150603624,2443800,1108357203,1150603624,2441762,2038,0,146,ef921c9eecb80383,1150603200,1150689600,1,0,False,False
official_tgn_example,tgbn-genre,train,1150689600,12260,1150690864,200,1150689240,1150690864,2452200,1108357203,1150690864,2450205,1995,0,147,04860e1c99e9eb5a,1150689600,1150776000,1,0,False,False
official_tgn_example,tgbn-genre,train,1150776000,12313,1150776480,200,1150775764,1150776480,2462800,1108357203,1150776480,2460354,2446,0,159,7439b84b8bfe4a35,1150776000,1150862400,1,0,False,False
official_tgn_example,tgbn-genre,train,1150862400,12366,1150863062,200,1150861620,1150863062,2473400,1108357203,1150863062,2471262,2138,0,163,de756c0e4a84b271,1150862400,1150948800,1,0,False,False
official_tgn_example,tgbn-genre,train,1150948800,12421,1150950061,200,1150948143,1150950061,2484400,1108357203,1150950061,2481745,2655,0,177,ab0a7059c35383f1,1150948800,1151035200,1,0,False,False
official_tgn_example,tgbn-genre,train,1151035200,12479,1151036280,200,1151035025,1151036280,2496000,1108357203,1151036280,2493184,2816,0,169,9d08ca91f090090c,1151035200,1151121600,1,0,False,False
official_tgn_example,tgbn-genre,train,1151121600,12529,1151121721,200,1151119983,1151121721,2506000,1108357203,1151121721,2503902,2098,0,146,a790e00fdb4fe8a0,1151121600,1151208000,1,0,False,False
official_tgn_example,tgbn-genre,train,1151208000,12573,1151208781,200,1151207100,1151208781,2514800,1108357203,1151208781,2512703,2097,0,144,3c331a53b093ecc1,1151208000,1151294400,1,0,False,False
official_tgn_example,tgbn-genre,train,1151294400,12624,1151296923,200,1151294104,1151296923,2525000,1108357203,1151296923,2523107,1893,0,131,1b8f89dd7397843d,1151294400,1151380800,1,0,False,False
official_tgn_example,tgbn-genre,train,1151380800,12671,1151381224,200,1151380320,1151381224,2534400,1108357203,1151381224,2531833,2567,0,137,ea2935c00cb798b2,1151380800,1151467200,1,0,False,False
official_tgn_example,tgbn-genre,train,1151467200,12729,1151469125,200,1151466362,1151469125,2546000,1108357203,1151469125,2543550,2450,0,137,5e7f40393a1dad89,1151467200,1151553600,1,0,False,False
official_tgn_example,tgbn-genre,train,1151553600,12774,1151554203,200,1151552165,1151554203,2555000,1108357203,1151554203,2553164,1836,0,153,1ee6c520c85c99ec,1151553600,1151640000,1,0,False,False
official_tgn_example,tgbn-genre,train,1151640000,12823,1151641440,200,1151639403,1151641440,2564800,1108357203,1151641440,2562684,2116,0,160,b2bf8c8259a7bdd0,1151640000,1151726400,1,0,False,False
official_tgn_example,tgbn-genre,train,1151726400,12872,1151727602,200,1151725801,1151727602,2574600,1108357203,1151727602,2572381,2219,0,157,8c1b277a24a28b9e,1151726400,1151812800,1,0,False,False
official_tgn_example,tgbn-genre,train,1151812800,12913,1151813401,200,1151811662,1151813401,2582800,1108357203,1151813401,2580892,1908,0,137,ff35bf1d77966e81,1151812800,1151899200,1,0,False,False
official_tgn_example,tgbn-genre,train,1151899200,12963,1151900040,200,1151898665,1151900040,2592800,1108357203,1151900040,2590772,2028,0,147,e0f5a81bf6b5dab2,1151899200,1151985600,1,0,False,False
official_tgn_example,tgbn-genre,train,1151985600,13002,1151986981,200,1151984221,1151986981,2600600,1108357203,1151986981,2598597,2003,0,170,a519370fa1cc93e9,1151985600,1152072000,1,0,False,False
official_tgn_example,tgbn-genre,train,1152072000,13053,1152072185,200,1152069902,1152072185,2610800,1108357203,1152072185,2609128,1672,0,169,a504c5bd31f8cd53,1152072000,1152158400,1,0,False,False
official_tgn_example,tgbn-genre,train,1152158400,13106,1152159840,200,1152157680,1152159840,2621400,1108357203,1152159840,2619378,2022,0,177,35edb7771e355e57,1152158400,1152244800,1,0,False,False
official_tgn_example,tgbn-genre,train,1152244800,13162,1152245522,200,1152243961,1152245522,2632600,1108357203,1152245522,2630188,2412,0,175,b66137d18496232c,1152244800,1152331200,1,0,False,False
official_tgn_example,tgbn-genre,train,1152331200,13210,1152332583,200,1152330121,1152332583,2642200,1108357203,1152332583,2640006,2194,0,167,1b6f10a78b93c9dd,1152331200,1152417600,1,0,False,False
official_tgn_example,tgbn-genre,train,1152417600,13259,1152417605,200,1152416104,1152417605,2652000,1108357203,1152417605,2649446,2554,0,147,ca03ed081fb41c71,1152417600,1152504000,1,0,False,False
official_tgn_example,tgbn-genre,train,1152504000,13310,1152504543,200,1152502865,1152504543,2662200,1108357203,1152504543,2660009,2191,0,143,6d7be3fb1d213c24,1152504000,1152590400,1,0,False,False
official_tgn_example,tgbn-genre,train,1152590400,13377,1152590760,200,1152589800,1152590760,2675600,1108357203,1152590760,2672818,2782,0,158,883073183dd28d27,1152590400,1152676800,1,0,False,False
official_tgn_example,tgbn-genre,train,1152676800,13438,1152678120,200,1152676020,1152678120,2687800,1108357203,1152678120,2685087,2713,0,163,f6b0d9a5a41657b1,1152676800,1152763200,1,0,False,False
official_tgn_example,tgbn-genre,train,1152763200,13495,1152763505,200,1152762241,1152763505,2699200,1108357203,1152763505,2696770,2430,0,175,aece931a7b8b8d2b,1152763200,1152849600,1,0,False,False
official_tgn_example,tgbn-genre,train,1152849600,13547,1152850323,200,1152848885,1152850323,2709600,1108357203,1152850323,2706541,3059,0,163,6eadff2ac9af992c,1152849600,1152936000,1,0,False,False
official_tgn_example,tgbn-genre,train,1152936000,13601,1152936240,200,1152934144,1152936240,2720400,1108357203,1152936240,2718538,1862,0,182,479bfe8c15b46a44,1152936000,1153022400,1,0,False,False
official_tgn_example,tgbn-genre,train,1153022400,13649,1153022525,200,1153021262,1153022525,2730000,1108357203,1153022525,2727715,2285,0,154,b54029c9ba330fbf,1153022400,1153108800,1,0,False,False
official_tgn_example,tgbn-genre,train,1153108800,13698,1153109885,200,1153107482,1153109885,2739800,1108357203,1153109885,2737915,1885,0,149,ee8c7344b88f73a1,1153108800,1153195200,1,0,False,False
official_tgn_example,tgbn-genre,train,1153195200,13757,1153196643,200,1153195024,1153196643,2751600,1108357203,1153196643,2748407,3193,0,160,7718fb68d59110c7,1153195200,1153281600,1,0,False,False
official_tgn_example,tgbn-genre,train,1153281600,13809,1153282865,200,1153280880,1153282865,2762000,1108357203,1153282865,2759784,2216,0,172,11c085208ff4ebc9,1153281600,1153368000,1,0,False,False
official_tgn_example,tgbn-genre,train,1153368000,13860,1153368121,200,1153366022,1153368121,2772200,1108357203,1153368121,2770358,1842,0,169,776018d802c1f532,1153368000,1153454400,1,0,False,False
official_tgn_example,tgbn-genre,train,1153454400,13921,1153454700,200,1153452962,1153454700,2784400,1108357203,1153454700,2781722,2678,0,167,e09e6a31a710381d,1153454400,1153540800,1,0,False,False
official_tgn_example,tgbn-genre,train,1153540800,13979,1153542180,200,1153540501,1153542180,2796000,1108357203,1153542180,2794156,1844,0,158,60152d387fa5313a,1153540800,1153627200,1,0,False,False
official_tgn_example,tgbn-genre,train,1153627200,14040,1153627744,200,1153626182,1153627744,2808200,1108357203,1153627744,2805814,2386,0,140,18c7aa7ce5074af4,1153627200,1153713600,1,0,False,False
official_tgn_example,tgbn-genre,train,1153713600,14089,1153714924,200,1153712942,1153714924,2818000,1108357203,1153714924,2815690,2310,0,144,b307eb196cabfec9,1153713600,1153800000,1,0,False,False
official_tgn_example,tgbn-genre,train,1153800000,14145,1153801685,200,1153799824,1153801685,2829200,1108357203,1153801685,2826324,2876,0,153,b43ebaa04ece77fb,1153800000,1153886400,1,0,False,False
official_tgn_example,tgbn-genre,train,1153886400,14202,1153887422,200,1153886104,1153887422,2840600,1108357203,1153887422,2838240,2360,0,163,0b2472630355766e,1153886400,1153972800,1,0,False,False
official_tgn_example,tgbn-genre,train,1153972800,14251,1153973104,200,1153972143,1153973104,2850400,1108357203,1153973104,2848064,2336,0,152,5689d149ecaa042c,1153972800,1154059200,1,0,False,False
official_tgn_example,tgbn-genre,train,1154059200,14304,1154060465,200,1154058663,1154060465,2861000,1108357203,1154060465,2858661,2339,0,151,2f4bbbfb90bbb89e,1154059200,1154145600,1,0,False,False
official_tgn_example,tgbn-genre,train,1154145600,14352,1154147040,200,1154145304,1154147040,2870600,1108357203,1154147040,2868499,2101,0,158,7d7402964df40704,1154145600,1154232000,1,0,False,False
official_tgn_example,tgbn-genre,train,1154232000,14399,1154232122,200,1154230684,1154232122,2880000,1108357203,1154232122,2877877,2123,0,143,af05950538fb0c53,1154232000,1154318400,1,0,False,False
official_tgn_example,tgbn-genre,train,1154318400,14454,1154319364,200,1154317800,1154319364,2891000,1108357203,1154319364,2888873,2127,0,151,c70dfd0b5d01d0a6,1154318400,1154404800,1,0,False,False
official_tgn_example,tgbn-genre,train,1154404800,14512,1154405465,200,1154404205,1154405465,2902600,1108357203,1154405465,2899871,2729,0,159,210f88cde4f47d6c,1154404800,1154491200,1,0,False,False
official_tgn_example,tgbn-genre,train,1154491200,14575,1154491863,200,1154490243,1154491863,2915200,1108357203,1154491863,2912461,2739,0,165,ed357158609e5d88,1154491200,1154577600,1,0,False,False
official_tgn_example,tgbn-genre,train,1154577600,14626,1154578865,200,1154577363,1154578865,2925400,1108357203,1154578865,2922843,2557,0,161,79e5f8e8ddabff98,1154577600,1154664000,1,0,False,False
official_tgn_example,tgbn-genre,train,1154664000,14679,1154664243,200,1154662263,1154664243,2936000,1108357203,1154664243,2933775,2225,0,166,02b31e983cf6a426,1154664000,1154750400,1,0,False,False
official_tgn_example,tgbn-genre,train,1154750400,14736,1154750760,200,1154749021,1154750760,2947400,1108357203,1154750760,2945093,2307,0,169,041f43051fcc0ffd,1154750400,1154836800,1,0,False,False
official_tgn_example,tgbn-genre,train,1154836800,14781,1154837763,200,1154836140,1154837763,2956400,1108357203,1154837763,2954209,2191,0,145,f803898de3320342,1154836800,1154923200,1,0,False,False
official_tgn_example,tgbn-genre,train,1154923200,14837,1154924583,200,1154922781,1154924583,2967600,1108357203,1154924583,2965133,2467,0,151,04aaa0fa00a7cd5c,1154923200,1155009600,1,0,False,False
official_tgn_example,tgbn-genre,train,1155009600,14893,1155010505,200,1155009242,1155010505,2978800,1108357203,1155010505,2976184,2616,0,167,36c9f4bd0d6ab845,1155009600,1155096000,1,0,False,False
official_tgn_example,tgbn-genre,train,1155096000,14944,1155096605,200,1155094562,1155096605,2989000,1108357203,1155096605,2986998,2002,0,174,d3e52f2e77cc7980,1155096000,1155182400,1,0,False,False
official_tgn_example,tgbn-genre,train,1155182400,14998,1155183600,200,1155181743,1155183600,2999800,1108357203,1155183600,2997517,2283,0,165,eabaa1e6acc8d835,1155182400,1155268800,1,0,False,False
official_tgn_example,tgbn-genre,train,1155268800,15054,1155269103,200,1155267843,1155269103,3011000,1108357203,1155269103,3008219,2781,0,165,3381d50963e53da3,1155268800,1155355200,1,0,False,False
official_tgn_example,tgbn-genre,train,1155355200,15114,1155355505,200,1155354123,1155355505,3023000,1108357203,1155355505,3020739,2261,0,169,00f80c0ed2fa09e6,1155355200,1155441600,1,0,False,False
official_tgn_example,tgbn-genre,train,1155441600,15155,1155442020,200,1155440824,1155442020,3031200,1108357203,1155442020,3029372,1828,0,165,35db88c426443913,1155441600,1155528000,1,0,False,False
official_tgn_example,tgbn-genre,train,1155528000,15218,1155528843,200,1155527642,1155528843,3043800,1108357203,1155528843,3040822,2978,0,163,25fd3cf987f6a75c,1155528000,1155614400,1,0,False,False
official_tgn_example,tgbn-genre,train,1155614400,15292,1155615601,200,1155614344,1155615601,3058600,1108357203,1155615601,3055759,2841,0,180,7494433acca5696f,1155614400,1155700800,1,0,False,False
official_tgn_example,tgbn-genre,train,1155700800,15355,1155701402,200,1155699904,1155701402,3071200,1108357203,1155701402,3068269,2931,0,166,f536107d38f288fe,1155700800,1155787200,1,0,False,False
official_tgn_example,tgbn-genre,train,1155787200,15412,1155787681,200,1155785883,1155787681,3082600,1108357203,1155787681,3080387,2213,0,181,17e2d42779032b5d,1155787200,1155873600,1,0,False,False
official_tgn_example,tgbn-genre,train,1155873600,15473,1155874200,200,1155872820,1155874200,3094800,1108357203,1155874200,3092206,2594,0,168,f2ded1ccc563a0e2,1155873600,1155960000,1,0,False,False
official_tgn_example,tgbn-genre,train,1155960000,15533,1155961383,200,1155959522,1155961383,3106800,1108357203,1155961383,3103978,2822,0,173,571541f4928cdfeb,1155960000,1156046400,1,0,False,False
official_tgn_example,tgbn-genre,train,1156046400,15590,1156047182,200,1156046045,1156047182,3118200,1108357203,1156047182,3115769,2431,0,150,ba95ad8a2f191c38,1156046400,1156132800,1,0,False,False
official_tgn_example,tgbn-genre,train,1156132800,15649,1156133281,200,1156132263,1156133281,3130000,1108357203,1156133281,3127376,2624,0,147,06d6ec1f8a488c68,1156132800,1156219200,1,0,False,False
official_tgn_example,tgbn-genre,train,1156219200,15710,1156220281,200,1156218784,1156220281,3142200,1108357203,1156220281,3139263,2937,0,163,658a90cf0e5a94d9,1156219200,1156305600,1,0,False,False
official_tgn_example,tgbn-genre,train,1156305600,15769,1156306920,200,1156305301,1156306920,3154000,1108357203,1156306920,3151617,2383,0,178,4cca2f2b4256dce0,1156305600,1156392000,1,0,False,False
official_tgn_example,tgbn-genre,train,1156392000,15816,1156392605,200,1156390924,1156392605,3163400,1108357203,1156392605,3161228,2172,0,189,7afc2d227fa395a5,1156392000,1156478400,1,0,False,False
official_tgn_example,tgbn-genre,train,1156478400,15868,1156478700,200,1156476844,1156478700,3173800,1108357203,1156478700,3171615,2185,0,183,e265141c11af85cb,1156478400,1156564800,1,0,False,False
official_tgn_example,tgbn-genre,train,1156564800,15923,1156566604,200,1156564202,1156566604,3184800,1108357203,1156566604,3182579,2221,0,173,16dcb41c19ef95f4,1156564800,1156651200,1,0,False,False
official_tgn_example,tgbn-genre,train,1156651200,15975,1156652940,200,1156651141,1156652940,3195200,1108357203,1156652940,3192773,2427,0,151,ff3bf4cb4cb37ad5,1156651200,1156737600,1,0,False,False
official_tgn_example,tgbn-genre,train,1156737600,16030,1156738624,200,1156736941,1156738624,3206200,1108357203,1156738624,3203245,2955,0,161,e652943ed0caaa12,1156737600,1156824000,1,0,False,False
official_tgn_example,tgbn-genre,train,1156824000,16082,1156824965,200,1156823222,1156824965,3216600,1108357203,1156824965,3214353,2247,0,184,7233129fe2ba5b17,1156824000,1156910400,1,0,False,False
official_tgn_example,tgbn-genre,train,1156910400,16139,1156910823,200,1156908785,1156910823,3228000,1108357203,1156910823,3225672,2328,0,184,0c1e324fca7b45c3,1156910400,1156996800,1,0,False,False
official_tgn_example,tgbn-genre,train,1156996800,16203,1156998184,200,1156995960,1156998184,3240800,1108357203,1156998184,3238318,2482,0,197,b71d0b914daef3e2,1156996800,1157083200,1,0,False,False
official_tgn_example,tgbn-genre,train,1157083200,16262,1157084104,200,1157082302,1157084104,3252600,1108357203,1157084104,3250148,2452,0,188,025fce95363764d9,1157083200,1157169600,1,0,False,False
official_tgn_example,tgbn-genre,train,1157169600,16314,1157170260,200,1157168345,1157170260,3263000,1108357203,1157170260,3260813,2187,0,203,76b1fcea69ea7c2c,1157169600,1157256000,1,0,False,False
official_tgn_example,tgbn-genre,train,1157256000,16359,1157256060,200,1157253665,1157256060,3272000,1108357203,1157256060,3270048,1952,0,173,0c0b4f68f09dfd3c,1157256000,1157342400,1,0,False,False
official_tgn_example,tgbn-genre,train,1157342400,16416,1157343004,200,1157341625,1157343004,3283400,1108357203,1157343004,3280850,2550,0,174,6b3dd232ce2459af,1157342400,1157428800,1,0,False,False
official_tgn_example,tgbn-genre,train,1157428800,16480,1157429941,200,1157428383,1157429941,3296200,1108357203,1157429941,3293883,2317,0,190,342212dd4851e8c7,1157428800,1157515200,1,0,False,False
official_tgn_example,tgbn-genre,train,1157515200,16548,1157515443,200,1157513822,1157515443,3309800,1108357203,1157515443,3306950,2850,0,190,e06168d151f304e0,1157515200,1157601600,1,0,False,False
official_tgn_example,tgbn-genre,train,1157601600,16621,1157602201,200,1157600884,1157602201,3324400,1108357203,1157602201,3321077,3323,0,188,4f639eea6f23af19,1157601600,1157688000,1,0,False,False
official_tgn_example,tgbn-genre,train,1157688000,16680,1157689263,200,1157687764,1157689263,3336200,1108357203,1157689263,3333870,2330,0,182,3e4fe7ab14213327,1157688000,1157774400,1,0,False,False
official_tgn_example,tgbn-genre,train,1157774400,16741,1157775122,200,1157774041,1157775122,3348400,1108357203,1157775122,3345534,2866,0,173,9e74e8827fe5ae7c,1157774400,1157860800,1,0,False,False
official_tgn_example,tgbn-genre,train,1157860800,16797,1157860865,200,1157859604,1157860865,3359600,1108357203,1157860865,3357683,1917,0,152,77b31cc040d91fee,1157860800,1157947200,1,0,False,False
official_tgn_example,tgbn-genre,train,1157947200,16851,1157947563,200,1157946421,1157947563,3370400,1108357203,1157947563,3368087,2313,0,169,ffdb20a897d9c846,1157947200,1158033600,1,0,False,False
official_tgn_example,tgbn-genre,train,1158033600,16921,1158033963,200,1158033185,1158033963,3384400,1108357203,1158033963,3381061,3339,0,171,0c7e0a5071c32454,1158033600,1158120000,1,0,False,False
official_tgn_example,tgbn-genre,train,1158120000,16972,1158120300,200,1158117780,1158120300,3394600,1108357203,1158120300,3392658,1942,0,190,65339d376a4b8010,1158120000,1158206400,1,0,False,False
official_tgn_example,tgbn-genre,train,1158206400,17032,1158207543,200,1158206222,1158207543,3406600,1108357203,1158207543,3404513,2087,0,187,0410c95566cb087f,1158206400,1158292800,1,0,False,False
official_tgn_example,tgbn-genre,train,1158292800,17086,1158294540,200,1158292745,1158294540,3417400,1108357203,1158294540,3415360,2040,0,189,a98a8c71f3d871f6,1158292800,1158379200,1,0,False,False
official_tgn_example,tgbn-genre,train,1158379200,17134,1158380464,200,1158378185,1158380464,3427000,1108357203,1158380464,3425191,1809,0,181,81dba566c486ec9d,1158379200,1158465600,1,0,False,False
official_tgn_example,tgbn-genre,train,1158465600,17180,1158466201,200,1158464761,1158466201,3436200,1108357203,1158466201,3434235,1965,0,165,2f56a666e6e830eb,1158465600,1158552000,1,0,False,False
official_tgn_example,tgbn-genre,train,1158552000,17232,1158553205,200,1158551582,1158553205,3446600,1108357203,1158553205,3444537,2063,0,189,53ccd39cd4541ce5,1158552000,1158638400,1,0,False,False
official_tgn_example,tgbn-genre,train,1158638400,17281,1158639484,200,1158637262,1158639484,3456400,1108357203,1158639484,3453967,2433,0,199,9d2460eba47dd176,1158638400,1158724800,1,0,False,False
official_tgn_example,tgbn-genre,train,1158724800,17342,1158725702,200,1158724625,1158725702,3468600,1108357203,1158725702,3465957,2643,0,183,f560cf6fd6287f6c,1158724800,1158811200,1,0,False,False
official_tgn_example,tgbn-genre,train,1158811200,17397,1158812281,200,1158810664,1158812281,3479600,1108357203,1158812281,3477380,2220,0,204,b2f1071b59bc0aad,1158811200,1158897600,1,0,False,False
official_tgn_example,tgbn-genre,train,1158897600,17455,1158898980,200,1158897423,1158898980,3491200,1108357203,1158898980,3488915,2285,0,199,fb9ab1bd7a90ba6a,1158897600,1158984000,1,0,False,False
official_tgn_example,tgbn-genre,train,1158984000,17503,1158984124,200,1158982445,1158984124,3500800,1108357203,1158984124,3498751,2049,0,190,a151d100dfe32145,1158984000,1159070400,1,0,False,False
official_tgn_example,tgbn-genre,train,1159070400,17551,1159070945,200,1159069502,1159070945,3510400,1108357203,1159070945,3508329,2071,0,169,611c06d6b7ee0a6a,1159070400,1159156800,1,0,False,False
official_tgn_example,tgbn-genre,train,1159156800,17610,1159156801,200,1159155302,1159156801,3522200,1108357203,1159156801,3519387,2813,0,179,757db8777b4d817e,1159156800,1159243200,1,0,False,False
official_tgn_example,tgbn-genre,train,1159243200,17670,1159244703,200,1159242662,1159244703,3534200,1108357203,1159244703,3531385,2815,0,198,17955ecb704ef794,1159243200,1159329600,1,0,False,False
official_tgn_example,tgbn-genre,train,1159329600,17724,1159330983,200,1159329064,1159330983,3545000,1108357203,1159330983,3542673,2327,0,196,45adbe88c78d8e81,1159329600,1159416000,1,0,False,False
official_tgn_example,tgbn-genre,train,1159416000,17787,1159416122,200,1159414325,1159416122,3557600,1108357203,1159416122,3555254,2346,0,202,7de1d456b54ff1e8,1159416000,1159502400,1,0,False,False
official_tgn_example,tgbn-genre,train,1159502400,17841,1159503605,200,1159501685,1159503605,3568400,1108357203,1159503605,3565944,2456,0,204,123de0f32be1b7b0,1159502400,1159588800,1,0,False,False
official_tgn_example,tgbn-genre,train,1159588800,17898,1159588923,200,1159586102,1159588923,3579800,1108357203,1159588923,3577711,2089,0,202,8fd556501baadee7,1159588800,1159675200,1,0,False,False
official_tgn_example,tgbn-genre,train,1159675200,17952,1159676525,200,1159674782,1159676525,3590600,1108357203,1159676525,3588239,2361,0,177,f26d0ae14f9bb3c2,1159675200,1159761600,1,0,False,False
official_tgn_example,tgbn-genre,train,1159761600,18017,1159762982,200,1159761242,1159762982,3603600,1108357203,1159762982,3601176,2424,0,190,391adde5baccf9a6,1159761600,1159848000,1,0,False,False
official_tgn_example,tgbn-genre,train,1159848000,18081,1159848302,200,1159847160,1159848302,3616400,1108357203,1159848302,3613424,2976,0,191,1994ce01661ec1ee,1159848000,1159934400,1,0,False,False
official_tgn_example,tgbn-genre,train,1159934400,18146,1159934582,200,1159932664,1159934582,3629400,1108357203,1159934582,3626907,2493,0,194,cefbebdd778f2867,1159934400,1160020800,1,0,False,False
official_tgn_example,tgbn-genre,train,1160020800,18215,1160021885,200,1160020504,1160021885,3643200,1108357203,1160021885,3640287,2913,0,190,223258828f7eca8c,1160020800,1160107200,1,0,False,False
official_tgn_example,tgbn-genre,train,1160107200,18277,1160108461,200,1160107083,1160108461,3655600,1108357203,1160108461,3652672,2928,0,181,6e8afaf09075b06d,1160107200,1160193600,1,0,False,False
official_tgn_example,tgbn-genre,train,1160193600,18335,1160193723,200,1160192163,1160193723,3667200,1108357203,1160193723,3665115,2085,0,188,1eab32519d89c024,1160193600,1160280000,1,0,False,False
official_tgn_example,tgbn-genre,train,1160280000,18390,1160280542,200,1160278621,1160280542,3678200,1108357203,1160280542,3675921,2279,0,163,67ac4dc402f9fd61,1160280000,1160366400,1,0,False,False
official_tgn_example,tgbn-genre,train,1160366400,18451,1160366702,200,1160365624,1160366702,3690400,1108357203,1160366702,3687924,2476,0,173,54fbd38c80a79d3d,1160366400,1160452800,1,0,False,False
official_tgn_example,tgbn-genre,train,1160452800,18507,1160453700,200,1160452262,1160453700,3701600,1108357203,1160453700,3698532,3068,0,185,47ab3e80de05475c,1160452800,1160539200,1,0,False,False
official_tgn_example,tgbn-genre,train,1160539200,18563,1160540041,200,1160538961,1160540041,3712800,1108357203,1160540041,3710446,2354,0,186,a1789ba07606c337,1160539200,1160625600,1,0,False,False
official_tgn_example,tgbn-genre,train,1160625600,18625,1160625963,200,1160624820,1160625963,3725200,1108357203,1160625963,3721991,3209,0,188,37cc2c903a97a587,1160625600,1160712000,1,0,False,False
official_tgn_example,tgbn-genre,train,1160712000,18681,1160712785,200,1160711221,1160712785,3736400,1108357203,1160712785,3734044,2356,0,183,095664a48c8e7072,1160712000,1160798400,1,0,False,False
official_tgn_example,tgbn-genre,train,1160798400,18738,1160799904,200,1160798340,1160799904,3747800,1108357203,1160799904,3745256,2544,0,175,4e3e461d3375635c,1160798400,1160884800,1,0,False,False
official_tgn_example,tgbn-genre,train,1160884800,18795,1160885762,200,1160884200,1160885762,3759200,1108357203,1160885762,3756748,2452,0,160,dfc777529e7c9adb,1160884800,1160971200,1,0,False,False
official_tgn_example,tgbn-genre,train,1160971200,18850,1160971562,200,1160969701,1160971562,3770200,1108357203,1160971562,3767811,2389,0,177,94bcdd5c8a819b1d,1160971200,1161057600,1,0,False,False
official_tgn_example,tgbn-genre,train,1161057600,18908,1161058200,200,1161056342,1161058200,3781800,1108357203,1161058200,3779344,2456,0,175,b80af8176eacb201,1161057600,1161144000,1,0,False,False
official_tgn_example,tgbn-genre,train,1161144000,18961,1161144483,200,1161143461,1161144483,3792400,1108357203,1161144483,3789735,2665,0,189,231e3dd82d71dc38,1161144000,1161230400,1,0,False,False
official_tgn_example,tgbn-genre,train,1161230400,19022,1161231062,200,1161229924,1161231062,3804600,1108357203,1161231062,3802068,2532,0,197,66c860dc947548eb,1161230400,1161316800,1,0,False,False
official_tgn_example,tgbn-genre,train,1161316800,19076,1161318661,200,1161316205,1161318661,3815400,1108357203,1161318661,3812954,2446,0,195,3d0ff702c64e83cd,1161316800,1161403200,1,0,False,False
official_tgn_example,tgbn-genre,train,1161403200,19127,1161404464,200,1161402123,1161404464,3825600,1108357203,1161404464,3823685,1915,0,178,acf7b7833ea6802f,1161403200,1161489600,1,0,False,False
official_tgn_example,tgbn-genre,train,1161489600,19181,1161490505,200,1161488942,1161490505,3836400,1108357203,1161490505,3834120,2280,0,156,f0194cb6c3782a3a,1161489600,1161576000,1,0,False,False
official_tgn_example,tgbn-genre,train,1161576000,19241,1161576781,200,1161575224,1161576781,3848400,1108357203,1161576781,3845634,2766,0,178,50b68a3aa3be79cd,1161576000,1161662400,1,0,False,False
official_tgn_example,tgbn-genre,train,1161662400,19298,1161663120,200,1161661863,1161663120,3859800,1108357203,1161663120,3856840,2960,0,182,77cd55be5e62de5f,1161662400,1161748800,1,0,False,False
official_tgn_example,tgbn-genre,train,1161748800,19360,1161749941,200,1161747660,1161749941,3872200,1108357203,1161749941,3869474,2726,0,186,89e79e1275f34e8e,1161748800,1161835200,1,0,False,False
official_tgn_example,tgbn-genre,train,1161835200,19418,1161835983,200,1161834481,1161835983,3883800,1108357203,1161835983,3880947,2853,0,185,ec06e0f6227a59c2,1161835200,1161921600,1,0,False,False
official_tgn_example,tgbn-genre,train,1161921600,19478,1161923404,200,1161921362,1161923404,3895800,1108357203,1161923404,3893012,2788,0,194,ba86f4e7432837c2,1161921600,1162008000,1,0,False,False
official_tgn_example,tgbn-genre,train,1162008000,19536,1162008484,200,1162007223,1162008484,3907400,1108357203,1162008484,3905055,2345,0,194,5e577452bccb570d,1162008000,1162094400,1,0,False,False
official_tgn_example,tgbn-genre,train,1162094400,19588,1162095182,200,1162093324,1162095182,3917800,1108357203,1162095182,3915752,2048,0,183,11ddd691cf51c131,1162094400,1162184400,1,0,False,False
official_tgn_example,tgbn-genre,train,1162184400,19643,1162184700,200,1162183140,1162184700,3928800,1108357203,1162184700,3925956,2844,0,175,b55b92b1f744d7ef,1162184400,1162270800,1,0,False,False
official_tgn_example,tgbn-genre,train,1162270800,19701,1162272304,200,1162270683,1162272304,3940400,1108357203,1162272304,3937071,3329,0,189,030c3c83db82c349,1162270800,1162357200,1,0,False,False
official_tgn_example,tgbn-genre,train,1162357200,19754,1162357802,200,1162355944,1162357802,3951000,1108357203,1162357802,3948102,2898,0,195,f76715de3c38c4c0,1162357200,1162443600,1,0,False,False
official_tgn_example,tgbn-genre,train,1162443600,19810,1162444442,200,1162443600,1162444442,3962200,1108357203,1162444442,3958271,3929,0,187,f1eeb3825ef92e73,1162443600,1162530000,1,0,False,False
official_tgn_example,tgbn-genre,train,1162530000,19873,1162530720,200,1162529584,1162530720,3974800,1108357203,1162530720,3971031,3769,0,197,b455aba776c0325e,1162530000,1162616400,1,0,False,False
official_tgn_example,tgbn-genre,train,1162616400,19933,1162616641,200,1162615680,1162616641,3986800,1108357203,1162616641,3983310,3490,0,192,76c8588837080be6,1162616400,1162702800,1,0,False,False
official_tgn_example,tgbn-genre,train,1162702800,19992,1162703641,200,1162702320,1162703641,3998600,1108357203,1162703641,3995318,3282,0,185,cbcb44ea703c5888,1162702800,1162789200,1,0,False,False
official_tgn_example,tgbn-genre,train,1162789200,20046,1162789562,200,1162788241,1162789562,4009400,1108357203,1162789562,4006083,3317,0,186,bceb11cc29bd0b25,1162789200,1162875600,1,0,False,False
official_tgn_example,tgbn-genre,train,1162875600,20109,1162876022,200,1162874642,1162876022,4022000,1108357203,1162876022,4018245,3755,0,201,27a5e6a1adc2c77d,1162875600,1162962000,1,0,False,False
official_tgn_example,tgbn-genre,train,1162962000,20172,1162963023,200,1162961524,1162963023,4034600,1108357203,1162963023,4030739,3861,0,217,396348abdc958b9c,1162962000,1163048400,1,0,False,False
official_tgn_example,tgbn-genre,train,1163048400,20231,1163049604,200,1163048225,1163049604,4046400,1108357203,1163049604,4042665,3735,0,193,d1fac3321a26daf4,1163048400,1163134800,1,0,False,False
official_tgn_example,tgbn-genre,train,1163134800,20295,1163135464,200,1163134142,1163135464,4059200,1108357203,1163135464,4055386,3814,0,191,9cf7e54f0cc34ac8,1163134800,1163221200,1,0,False,False
official_tgn_example,tgbn-genre,train,1163221200,20362,1163221982,200,1163220843,1163221982,4072600,1108357203,1163221982,4068469,4131,0,187,0d50fe706bd6dea8,1163221200,1163307600,1,0,False,False
official_tgn_example,tgbn-genre,train,1163307600,20431,1163307901,200,1163307121,1163307901,4086400,1108357203,1163307901,4082501,3899,0,165,38d74a8647f25622,1163307600,1163394000,1,0,False,False
official_tgn_example,tgbn-genre,train,1163394000,20502,1163394784,200,1163393462,1163394784,4100600,1108357203,1163394784,4096354,4246,0,187,93692291d2010883,1163394000,1163480400,1,0,False,False
official_tgn_example,tgbn-genre,train,1163480400,20568,1163480584,200,1163479984,1163480584,4113800,1108357203,1163480584,4109374,4426,0,197,0fff63c0b249d610,1163480400,1163566800,1,0,False,False
official_tgn_example,tgbn-genre,train,1163566800,20638,1163566862,200,1163565841,1163566862,4127800,1108357203,1163566862,4124151,3649,0,210,c932277aca46fc14,1163566800,1163653200,1,0,False,False
official_tgn_example,tgbn-genre,train,1163653200,20715,1163653802,200,1163653023,1163653802,4143200,1108357203,1163653802,4138585,4615,0,207,05da67f30e9b79ef,1163653200,1163739600,1,0,False,False
official_tgn_example,tgbn-genre,train,1163739600,20784,1163740864,200,1163739481,1163740864,4157000,1108357203,1163740864,4153311,3689,0,201,af2d152f1b4a21bd,1163739600,1163826000,1,0,False,False
official_tgn_example,tgbn-genre,train,1163826000,20849,1163826304,200,1163825040,1163826304,4170000,1108357203,1163826304,4166269,3731,0,192,8888971b1897e82a,1163826000,1163912400,1,0,False,False
official_tgn_example,tgbn-genre,train,1163912400,20905,1163912765,200,1163911621,1163912765,4181200,1108357203,1163912765,4178008,3192,0,182,53c3796e70c8fff4,1163912400,1163998800,1,0,False,False
official_tgn_example,tgbn-genre,train,1163998800,20968,1163999821,200,1163998385,1163999821,4193800,1108357203,1163999821,4189602,4198,0,205,0bef937b506c19bf,1163998800,1164085200,1,0,False,False
official_tgn_example,tgbn-genre,train,1164085200,21032,1164085862,200,1164085020,1164085862,4206600,1108357203,1164085862,4201969,4631,0,203,385dabb8acd0fc9b,1164085200,1164171600,1,0,False,False
official_tgn_example,tgbn-genre,train,1164171600,21102,1164172321,200,1164170820,1164172321,4220600,1108357203,1164172321,4216497,4103,0,204,819446ac30296243,1164171600,1164258000,1,0,False,False
official_tgn_example,tgbn-genre,train,1164258000,21164,1164259143,200,1164257281,1164259143,4233000,1108357203,1164259143,4229335,3665,0,186,698cdf356ecc8435,1164258000,1164344400,1,0,False,False
official_tgn_example,tgbn-genre,train,1164344400,21218,1164345065,200,1164343023,1164345065,4243800,1108357203,1164345065,4240228,3572,0,191,41031fc9220626c3,1164344400,1164430800,1,0,False,False
official_tgn_example,tgbn-genre,train,1164430800,21277,1164431763,200,1164430024,1164431763,4255600,1108357203,1164431763,4252242,3358,0,191,f6e1ae0327d75e5b,1164430800,1164517200,1,0,False,False
official_tgn_example,tgbn-genre,train,1164517200,21340,1164517745,200,1164516665,1164517745,4268200,1108357203,1164517745,4264750,3450,0,182,e943cc8fcfc866d7,1164517200,1164603600,1,0,False,False
official_tgn_example,tgbn-genre,train,1164603600,21398,1164603722,200,1164602340,1164603722,4279800,1108357203,1164603722,4276255,3545,0,202,eeae8389c9c6cca4,1164603600,1164690000,1,0,False,False
official_tgn_example,tgbn-genre,train,1164690000,21456,1164690481,200,1164689100,1164690481,4291400,1108357203,1164690481,4287286,4114,0,216,1a098252e06a4c14,1164690000,1164776400,1,0,False,False
official_tgn_example,tgbn-genre,train,1164776400,21518,1164776942,200,1164775383,1164776942,4303800,1108357203,1164776942,4300523,3277,0,210,d0bfb77ccfa74840,1164776400,1164862800,1,0,False,False
official_tgn_example,tgbn-genre,train,1164862800,21576,1164863704,200,1164862685,1164863704,4315400,1108357203,1164863704,4311954,3446,0,207,cd306610ec0d9f47,1164862800,1164949200,1,0,False,False
official_tgn_example,tgbn-genre,train,1164949200,21628,1164951184,200,1164949143,1164951184,4325800,1108357203,1164951184,4322050,3750,0,201,fd585232832d8585,1164949200,1165035600,1,0,False,False
official_tgn_example,tgbn-genre,train,1165035600,21687,1165035660,200,1165034042,1165035660,4337600,1108357203,1165035660,4334082,3518,0,209,a65337fa9b505983,1165035600,1165122000,1,0,False,False
official_tgn_example,tgbn-genre,train,1165122000,21757,1165123204,200,1165121821,1165123204,4351600,1108357203,1165123204,4347366,4234,0,201,2c1bd878c04c8ffc,1165122000,1165208400,1,0,False,False
official_tgn_example,tgbn-genre,train,1165208400,21830,1165208404,200,1165207204,1165208404,4366200,1108357203,1165208404,4361912,4288,0,181,a8b64301b9c6d1d9,1165208400,1165294800,1,0,False,False
official_tgn_example,tgbn-genre,train,1165294800,21895,1165295585,200,1165294440,1165295585,4379200,1108357203,1165295585,4375045,4155,0,197,ee6f8691382af159,1165294800,1165381200,1,0,False,False
official_tgn_example,tgbn-genre,train,1165381200,21968,1165382283,200,1165381083,1165382283,4393800,1108357203,1165382283,4389039,4761,0,208,88caa8d12c93d11e,1165381200,1165467600,1,0,False,False
official_tgn_example,tgbn-genre,train,1165467600,22044,1165468321,200,1165467064,1165468321,4409000,1108357203,1165468321,4404302,4698,0,221,638855a8c8d6824e,1165467600,1165554000,1,0,False,False
official_tgn_example,tgbn-genre,train,1165554000,22111,1165554305,200,1165553524,1165554305,4422400,1108357203,1165554305,4418855,3545,0,219,f7db036ede52200e,1165554000,1165640400,1,0,False,False
official_tgn_example,tgbn-genre,train,1165640400,22178,1165640943,200,1165640043,1165640943,4435800,1108357203,1165640943,4431932,3868,0,213,be56d7da7ca72ffd,1165640400,1165726800,1,0,False,False
official_tgn_example,tgbn-genre,train,1165726800,22249,1165727700,200,1165726800,1165727700,4450000,1108357203,1165727700,4445620,4380,0,188,7ce3443c5b0fb49a,1165726800,1165813200,1,0,False,False
official_tgn_example,tgbn-genre,train,1165813200,22316,1165813263,200,1165812305,1165813263,4463400,1108357203,1165813263,4459340,4060,0,212,6ba74b2da8e80128,1165813200,1165899600,1,0,False,False
official_tgn_example,tgbn-genre,train,1165899600,22381,1165900385,200,1165899544,1165900385,4476400,1108357203,1165900385,4472131,4269,0,211,ad0ebc2d89c3c5d1,1165899600,1165986000,1,0,False,False
official_tgn_example,tgbn-genre,train,1165986000,22450,1165987201,200,1165985585,1165987201,4490200,1108357203,1165987201,4486231,3969,0,216,e6cae9714d9acfe1,1165986000,1166072400,1,0,False,False
official_tgn_example,tgbn-genre,train,1166072400,22523,1166073123,200,1166071680,1166073123,4504800,1108357203,1166073123,4501071,3729,0,201,c4c2b6ed0de3705d,1166072400,1166158800,1,0,False,False
official_tgn_example,tgbn-genre,train,1166158800,22593,1166159761,200,1166158503,1166159761,4518800,1108357203,1166159761,4514659,4141,0,198,42bd4be211d5b159,1166158800,1166245200,1,0,False,False
official_tgn_example,tgbn-genre,train,1166245200,22659,1166245624,200,1166244724,1166245624,4532000,1108357203,1166245624,4528454,3546,0,189,0b318f8a63f2c5c0,1166245200,1166331600,1,0,False,False
official_tgn_example,tgbn-genre,train,1166331600,22727,1166332443,200,1166331421,1166332443,4545600,1108357203,1166332443,4541787,3813,0,185,1485ab9fda112fb4,1166331600,1166418000,1,0,False,False
official_tgn_example,tgbn-genre,train,1166418000,22798,1166418780,200,1166417582,1166418780,4559800,1108357203,1166418780,4555712,4088,0,177,62c765fe05587e20,1166418000,1166504400,1,0,False,False
official_tgn_example,tgbn-genre,train,1166504400,22865,1166505243,200,1166504103,1166505243,4573200,1108357203,1166505243,4569155,4045,0,148,e109850d26634285,1166504400,1166590800,1,0,False,False
official_tgn_example,tgbn-genre,train,1166590800,22929,1166591764,200,1166590625,1166591764,4586000,1108357203,1166591764,4582770,3230,0,168,c99c677fbf2725ea,1166590800,1166677200,1,0,False,False
official_tgn_example,tgbn-genre,train,1166677200,22988,1166677560,200,1166676661,1166677560,4597800,1108357203,1166677560,4594600,3200,0,192,9a007983cd3d5057,1166677200,1166763600,1,0,False,False
official_tgn_example,tgbn-genre,train,1166763600,23051,1166764562,200,1166763004,1166764562,4610400,1108357203,1166764562,4606883,3517,0,166,def32d293947c589,1166763600,1166850000,1,0,False,False
official_tgn_example,tgbn-genre,train,1166850000,23113,1166851381,200,1166849942,1166851381,4622800,1108357203,1166851381,4619466,3334,0,166,0fa897de59db5610,1166850000,1166936400,1,0,False,False
official_tgn_example,tgbn-genre,train,1166936400,23176,1166937005,200,1166935805,1166937005,4635400,1108357203,1166937005,4631659,3741,0,171,953a285dc81f99d7,1166936400,1167022800,1,0,False,False
official_tgn_example,tgbn-genre,train,1167022800,23237,1167023582,200,1167021424,1167023582,4647600,1108357203,1167023582,4644079,3521,0,158,ccc957217f653d16,1167022800,1167109200,1,0,False,False
official_tgn_example,tgbn-genre,train,1167109200,23284,1167109860,200,1167108783,1167109860,4657000,1108357203,1167109860,4653900,3100,0,147,388aee24536a36f9,1167109200,1167195600,1,0,False,False
official_tgn_example,tgbn-genre,train,1167195600,23343,1167196144,200,1167195061,1167196144,4668800,1108357203,1167196144,4665277,3523,0,168,4b732199e8e22c7e,1167195600,1167282000,1,0,False,False
official_tgn_example,tgbn-genre,train,1167282000,23409,1167283021,200,1167281283,1167283021,4682000,1108357203,1167283021,4677800,4200,0,182,e3ebc64beca8310a,1167282000,1167368400,1,0,False,False
official_tgn_example,tgbn-genre,train,1167368400,23463,1167368643,200,1167367505,1167368643,4692800,1108357203,1167368643,4690019,2781,0,191,fe10d3e4313ffded,1167368400,1167454800,1,0,False,False
official_tgn_example,tgbn-genre,train,1167454800,23522,1167454922,200,1167453540,1167454922,4704600,1108357203,1167454922,4701391,3209,0,199,8c33f9142a932492,1167454800,1167541200,1,0,False,False
official_tgn_example,tgbn-genre,train,1167541200,23580,1167542820,200,1167541082,1167542820,4716200,1108357203,1167542820,4713022,3178,0,190,3283bc310e83752f,1167541200,1167627600,1,0,False,False
official_tgn_example,tgbn-genre,train,1167627600,23636,1167629585,200,1167627542,1167629585,4727400,1108357203,1167629585,4724404,2996,0,192,65f1a1af869d93d7,1167627600,1167714000,1,0,False,False
official_tgn_example,tgbn-genre,train,1167714000,23687,1167715925,200,1167713945,1167715925,4737600,1108357203,1167715925,4733943,3657,0,198,9c84d9fddd6de834,1167714000,1167800400,1,0,False,False
official_tgn_example,tgbn-genre,train,1167800400,23750,1167800461,200,1167799442,1167800461,4750200,1108357203,1167800461,4746481,3719,0,195,1153d2c235603f70,1167800400,1167886800,1,0,False,False
official_tgn_example,tgbn-genre,train,1167886800,23814,1167887400,200,1167886382,1167887400,4763000,1108357203,1167887400,4758453,4547,0,202,63b8f7dd78700863,1167886800,1167973200,1,0,False,False
official_tgn_example,tgbn-genre,train,1167973200,23891,1167973443,200,1167972662,1167973443,4778400,1108357203,1167973443,4774373,4027,0,194,db938bc79c0dc85b,1167973200,1168059600,1,0,False,False
official_tgn_example,tgbn-genre,train,1168059600,23966,1168059841,200,1168058583,1168059841,4793400,1108357203,1168059841,4789385,4015,0,189,a883d20da8cd0c79,1168059600,1168146000,1,0,False,False
official_tgn_example,tgbn-genre,train,1168146000,24034,1168146185,200,1168144920,1168146185,4807000,1108357203,1168146185,4802989,4011,0,181,32d7d0f82a854671,1168146000,1168232400,1,0,False,False
official_tgn_example,tgbn-genre,train,1168232400,24109,1168233663,200,1168232102,1168233663,4822000,1108357203,1168233663,4817930,4070,0,188,faf2c3b0ac405138,1168232400,1168318800,1,0,False,False
official_tgn_example,tgbn-genre,train,1168318800,24172,1168318983,200,1168317901,1168318983,4834600,1108357203,1168318983,4830425,4175,0,188,b8d84bf07b8a0f99,1168318800,1168405200,1,0,False,False
official_tgn_example,tgbn-genre,train,1168405200,24240,1168406102,200,1168404484,1168406102,4848200,1108357203,1168406102,4844163,4037,0,199,3f30035fb4d018ec,1168405200,1168491600,1,0,False,False
official_tgn_example,tgbn-genre,train,1168491600,24307,1168492860,200,1168491301,1168492860,4861600,1108357203,1168492860,4857778,3822,0,205,f7e6bd1a95dce24b,1168491600,1168578000,1,0,False,False
official_tgn_example,tgbn-genre,train,1168578000,24365,1168579503,200,1168577943,1168579503,4873200,1108357203,1168579503,4869525,3675,0,196,050e63640f23b6fa,1168578000,1168664400,1,0,False,False
official_tgn_example,tgbn-genre,train,1168664400,24428,1168665302,200,1168664285,1168665302,4885800,1108357203,1168665302,4881966,3834,0,201,94bf23da28f3adc5,1168664400,1168750800,1,0,False,False
official_tgn_example,tgbn-genre,train,1168750800,24479,1168751100,200,1168750205,1168751100,4896000,1108357203,1168751100,4892807,3193,0,199,dba068e87672af5b,1168750800,1168837200,1,0,False,False
official_tgn_example,tgbn-genre,train,1168837200,24549,1168839901,200,1168837021,1168839901,4910000,1108357203,1168839901,4906182,3818,0,187,9cc8c9c85d6295db,1168837200,1168923600,1,0,False,False
official_tgn_example,tgbn-genre,train,1168923600,24612,1168924561,200,1168923245,1168924561,4922600,1108357203,1168924561,4917956,4644,0,200,6b40f77e96ef9279,1168923600,1169010000,1,0,False,False
official_tgn_example,tgbn-genre,train,1169010000,24684,1169010120,200,1169009223,1169010120,4937000,1108357203,1169010120,4932479,4521,0,206,9b7e35e116069c89,1169010000,1169096400,1,0,False,False
official_tgn_example,tgbn-genre,train,1169096400,24757,1169097481,200,1169095862,1169097481,4951600,1108357203,1169097481,4946978,4622,0,199,82c72a6474346b94,1169096400,1169182800,1,0,False,False
official_tgn_example,tgbn-genre,train,1169182800,24822,1169183220,200,1169182141,1169183220,4964600,1108357203,1169183220,4960859,3741,0,199,1aa16794ed6a7b77,1169182800,1169269200,1,0,False,False
official_tgn_example,tgbn-genre,train,1169269200,24887,1169270283,200,1169268905,1169270283,4977600,1108357203,1169270283,4973625,3975,0,206,db6d5b5734a1548a,1169269200,1169355600,1,0,False,False
official_tgn_example,tgbn-genre,train,1169355600,24957,1169356501,200,1169355423,1169356501,4991600,1108357203,1169356501,4987866,3734,0,188,2c5ffadd6e539a03,1169355600,1169442000,1,0,False,False
official_tgn_example,tgbn-genre,train,1169442000,25019,1169442480,200,1169440743,1169442480,5004000,1108357203,1169442480,5000486,3514,0,205,16410e27aa3223b8,1169442000,1169528400,1,0,False,False
official_tgn_example,tgbn-genre,train,1169528400,25089,1169528700,200,1169527624,1169528700,5018000,1108357203,1169528700,5012951,5049,0,209,eef3ae810cd6dab5,1169528400,1169614800,1,0,False,False
official_tgn_example,tgbn-genre,train,1169614800,25157,1169615704,200,1169614565,1169615704,5031600,1108357203,1169615704,5027857,3743,0,215,88c2bc6bfdaa179d,1169614800,1169701200,1,0,False,False
official_tgn_example,tgbn-genre,train,1169701200,25224,1169701623,200,1169700361,1169701623,5045000,1108357203,1169701623,5041456,3544,0,215,5553c6c0b7e9f85e,1169701200,1169787600,1,0,False,False
official_tgn_example,tgbn-genre,train,1169787600,25289,1169788740,200,1169787425,1169788740,5058000,1108357203,1169788740,5053660,4340,0,219,6f907191662894f4,1169787600,1169874000,1,0,False,False
official_tgn_example,tgbn-genre,train,1169874000,25350,1169874660,200,1169872681,1169874660,5070200,1108357203,1169874660,5066785,3415,0,213,5464e5dff1fa4036,1169874000,1169960400,1,0,False,False
official_tgn_example,tgbn-genre,train,1169960400,25414,1169960704,200,1169959620,1169960704,5083000,1108357203,1169960704,5079919,3081,0,184,da4caa3088dca7f7,1169960400,1170046800,1,0,False,False
official_tgn_example,tgbn-genre,train,1170046800,25483,1170046862,200,1170045843,1170046862,5096800,1108357203,1170046862,5092775,4025,0,189,316eacc1092fc34a,1170046800,1170133200,1,0,False,False
official_tgn_example,tgbn-genre,train,1170133200,25562,1170134041,200,1170132844,1170134041,5112600,1108357203,1170134041,5107950,4650,0,205,a54445e4c053c679,1170133200,1170219600,1,0,False,False
official_tgn_example,tgbn-genre,train,1170219600,25637,1170219961,200,1170218043,1170219961,5127600,1108357203,1170219961,5123193,4407,0,205,8b999047ad092db3,1170219600,1170306000,1,0,False,False
official_tgn_example,tgbn-genre,train,1170306000,25708,1170306663,200,1170305463,1170306663,5141800,1108357203,1170306663,5137829,3971,0,202,a4479bbd11b1c1a3,1170306000,1170392400,1,0,False,False
official_tgn_example,tgbn-genre,train,1170392400,25777,1170392943,200,1170392162,1170392943,5155600,1108357203,1170392943,5151643,3957,0,210,7fef2738c3acf337,1170392400,1170478800,1,0,False,False
official_tgn_example,tgbn-genre,train,1170478800,25840,1170479882,200,1170478740,1170479882,5168200,1108357203,1170479882,5164380,3820,0,201,8407c2412f3b61b8,1170478800,1170565200,1,0,False,False
official_tgn_example,tgbn-genre,train,1170565200,25910,1170566042,200,1170564962,1170566042,5182200,1108357203,1170566042,5178311,3889,0,192,2b91686586c92e43,1170565200,1170651600,1,0,False,False
official_tgn_example,tgbn-genre,train,1170651600,25973,1170652921,200,1170651364,1170652921,5194800,1108357203,1170652921,5191287,3513,0,203,114c34d7a5a6761c,1170651600,1170738000,1,0,False,False
official_tgn_example,tgbn-genre,train,1170738000,26046,1170738060,200,1170736861,1170738060,5209400,1108357203,1170738060,5204911,4489,0,218,b12fdad4c047ba4d,1170738000,1170824400,1,0,False,False
official_tgn_example,tgbn-genre,train,1170824400,26123,1170825603,200,1170823920,1170825603,5224800,1108357203,1170825603,5220605,4195,0,217,8abcac8460b996fd,1170824400,1170910800,1,0,False,False
official_tgn_example,tgbn-genre,train,1170910800,26199,1170911342,200,1170910084,1170911342,5240000,1108357203,1170911342,5235425,4575,0,206,e0ded0fee1cf7676,1170910800,1170997200,1,0,False,False
official_tgn_example,tgbn-genre,train,1170997200,26278,1170997745,200,1170996663,1170997745,5255800,1108357203,1170997745,5250805,4995,0,222,b2af0f18ee80954e,1170997200,1171083600,1,0,False,False
official_tgn_example,tgbn-genre,train,1171083600,26359,1171083720,200,1171082700,1171083720,5272000,1108357203,1171083720,5267726,4274,0,216,783df5eaf1e6e4ea,1171083600,1171170000,1,0,False,False
official_tgn_example,tgbn-genre,train,1171170000,26436,1171171560,200,1171169943,1171171560,5287400,1108357203,1171171560,5283645,3755,0,188,963a58dd3c195090,1171170000,1171256400,1,0,False,False
official_tgn_example,tgbn-genre,train,1171256400,26500,1171256883,200,1171255502,1171256883,5300200,1108357203,1171256883,5296341,3859,0,195,f3cdd9b72ed618bc,1171256400,1171342800,1,0,False,False
official_tgn_example,tgbn-genre,train,1171342800,26573,1171342804,200,1171341662,1171342804,5314800,1108357203,1171342804,5310425,4375,0,205,32aa18eec3670d73,1171342800,1171429200,1,0,False,False
official_tgn_example,tgbn-genre,train,1171429200,26649,1171429743,200,1171428484,1171429743,5330000,1108357203,1171429743,5325713,4287,0,211,836fcae1b83d17ac,1171429200,1171515600,1,0,False,False
official_tgn_example,tgbn-genre,train,1171515600,26724,1171516983,200,1171515123,1171516983,5345000,1108357203,1171516983,5339984,5016,0,210,01cce063d6c2746f,1171515600,1171602000,1,0,False,False
official_tgn_example,tgbn-genre,train,1171602000,26797,1171602243,200,1171601463,1171602243,5359600,1108357203,1171602243,5355140,4460,0,213,368c85dc846b9933,1171602000,1171688400,1,0,False,False
official_tgn_example,tgbn-genre,train,1171688400,26866,1171688644,200,1171687503,1171688644,5373400,1108357203,1171688644,5370170,3230,0,211,bf3c322b11e291f9,1171688400,1171774800,1,0,False,False
official_tgn_example,tgbn-genre,train,1171774800,26933,1171774984,200,1171773722,1171774984,5386800,1108357203,1171774984,5383551,3249,0,195,ca3c005ce51b5729,1171774800,1171861200,1,0,False,False
official_tgn_example,tgbn-genre,train,1171861200,26997,1171862221,200,1171861145,1171862221,5399600,1108357203,1171862221,5395548,4052,0,190,cbc41e9a67c12da0,1171861200,1171947600,1,0,False,False
official_tgn_example,tgbn-genre,train,1171947600,27083,1171947904,200,1171947123,1171947904,5416800,1108357203,1171947904,5412209,4591,0,207,7059a168778dbf10,1171947600,1172034000,1,0,False,False
official_tgn_example,tgbn-genre,train,1172034000,27159,1172034361,200,1172033283,1172034361,5432000,1108357203,1172034361,5427320,4680,0,205,fca2ea3c7f9bd4e7,1172034000,1172120400,1,0,False,False
official_tgn_example,tgbn-genre,train,1172120400,27232,1172121540,200,1172119564,1172121540,5446600,1108357203,1172121540,5442128,4472,0,198,d202ba0e592a83ff,1172120400,1172206800,1,0,False,False
official_tgn_example,tgbn-genre,train,1172206800,27310,1172206925,200,1172205783,1172206925,5462200,1108357203,1172206925,5457312,4888,0,200,d8c5df64ab258677,1172206800,1172293200,1,0,False,False
official_tgn_example,tgbn-genre,train,1172293200,27389,1172293563,200,1172292542,1172293563,5478000,1108357203,1172293563,5473582,4418,0,207,6ba39f613a6ed654,1172293200,1172379600,1,0,False,False
official_tgn_example,tgbn-genre,train,1172379600,27461,1172379602,200,1172378164,1172379602,5492400,1108357203,1172379602,5488254,4146,0,175,a4ce0596e3064ce2,1172379600,1172466000,1,0,False,False
official_tgn_example,tgbn-genre,train,1172466000,27533,1172466965,200,1172465884,1172466965,5506800,1108357203,1172466965,5502043,4757,0,199,66c66bd1d11247cc,1172466000,1172552400,1,0,False,False
official_tgn_example,tgbn-genre,train,1172552400,27605,1172553242,200,1172552222,1172553242,5521200,1108357203,1172553242,5516882,4318,0,197,94b2ece01ba3e0f4,1172552400,1172638800,1,0,False,False
official_tgn_example,tgbn-genre,train,1172638800,27685,1172639163,200,1172638085,1172639163,5537200,1108357203,1172639163,5532401,4799,0,200,d919b033447450db,1172638800,1172725200,1,0,False,False
official_tgn_example,tgbn-genre,train,1172725200,27758,1172725443,200,1172724123,1172725443,5551800,1108357203,1172725443,5547870,3930,0,196,4ab1d6d1f3d2f5ea,1172725200,1172811600,1,0,False,False
official_tgn_example,tgbn-genre,train,1172811600,27829,1172811904,200,1172810585,1172811904,5566000,1108357203,1172811904,5562207,3793,0,211,43789fae200d56da,1172811600,1172898000,1,0,False,False
official_tgn_example,tgbn-genre,train,1172898000,27901,1172898604,200,1172897343,1172898604,5580400,1108357203,1172898604,5576789,3611,0,212,8f6f04ebca6e88e9,1172898000,1172984400,1,0,False,False
official_tgn_example,tgbn-genre,train,1172984400,27969,1172984462,200,1172983442,1172984462,5594000,1108357203,1172984462,5590681,3319,0,197,df30aa5d6060c6eb,1172984400,1173070800,1,0,False,False
official_tgn_example,tgbn-genre,train,1173070800,28048,1173072303,200,1173070682,1173072303,5609800,1108357203,1173072303,5604876,4924,0,190,215da16681e3a99e,1173070800,1173157200,1,0,False,False
official_tgn_example,tgbn-genre,train,1173157200,28116,1173158100,200,1173157083,1173158100,5623400,1108357203,1173158100,5619005,4395,0,207,5cd2b1e64ae958e3,1173157200,1173243600,1,0,False,False
official_tgn_example,tgbn-genre,train,1173243600,28185,1173244800,200,1173243244,1173244800,5637200,1108357203,1173244800,5632824,4376,0,197,50bdf0241e8817c6,1173243600,1173330000,1,0,False,False
official_tgn_example,tgbn-genre,train,1173330000,28239,1173331021,200,1173329281,1173331021,5648000,1108357203,1173331021,5644740,3260,0,201,74810d03a62c1216,1173330000,1173416400,1,0,False,False
official_tgn_example,tgbn-genre,train,1173416400,28307,1173417060,200,1173416101,1173417060,5661600,1108357203,1173417060,5657026,4574,0,205,580971666ede4a24,1173416400,1173502800,1,0,False,False
official_tgn_example,tgbn-genre,train,1173502800,28377,1173503340,200,1173502081,1173503340,5675600,1108357203,1173503340,5671245,4355,0,189,4b6fb5c3715c09cf,1173502800,1173589200,1,0,False,False
official_tgn_example,tgbn-genre,train,1173589200,28466,1173590163,200,1173588480,1173590163,5693400,1108357203,1173590163,5689790,3610,0,183,3cd449e29fd83681,1173589200,1173672000,1,0,False,False
official_tgn_example,tgbn-genre,train,1173672000,28538,1173672182,200,1173671161,1173672182,5707800,1108357203,1173672182,5704410,3390,0,194,e611fef0d37c798e,1173672000,1173758400,1,0,False,False
official_tgn_example,tgbn-genre,train,1173758400,28610,1173758522,200,1173757321,1173758522,5722200,1108357203,1173758522,5718596,3604,0,215,d850a96cf2748ec0,1173758400,1173844800,1,0,False,False
official_tgn_example,tgbn-genre,train,1173844800,28672,1173844983,200,1173843363,1173844983,5734600,1108357203,1173844983,5732048,2552,0,209,6baf69f7deee163f,1173844800,1173931200,1,0,False,False
official_tgn_example,tgbn-genre,train,1173931200,28738,1173932161,200,1173930724,1173932161,5747800,1108357203,1173932161,5744596,3204,0,207,56baf8f9edc9aaf9,1173931200,1174017600,1,0,False,False
official_tgn_example,tgbn-genre,train,1174017600,28795,1174018024,200,1174016882,1174018024,5759200,1108357203,1174018024,5756785,2415,0,195,c21458736a5b7028,1174017600,1174104000,1,0,False,False
official_tgn_example,tgbn-genre,train,1174104000,28855,1174104180,200,1174102385,1174104180,5771200,1108357203,1174104180,5768971,2229,0,197,90973ac9b0abceeb,1174104000,1174190400,1,0,False,False
official_tgn_example,tgbn-genre,train,1174190400,28919,1174190945,200,1174189683,1174190945,5784000,1108357203,1174190945,5780943,3057,0,179,0221fc29240733dd,1174190400,1174276800,1,0,False,False
official_tgn_example,tgbn-genre,train,1174276800,28990,1174277043,200,1174275782,1174277043,5798200,1108357203,1174277043,5795130,3070,0,175,2dbe7b381266f227,1174276800,1174363200,1,0,False,False
official_tgn_example,tgbn-genre,train,1174363200,29053,1174363561,200,1174362003,1174363561,5810800,1108357203,1174363561,5807710,3090,0,209,016f2bf52b908100,1174363200,1174449600,1,0,False,False
official_tgn_example,tgbn-genre,train,1174449600,29122,1174450320,200,1174449482,1174450320,5824600,1108357203,1174450320,5821530,3070,0,210,b2daf9c931190739,1174449600,1174536000,1,0,False,False
official_tgn_example,tgbn-genre,train,1174536000,29186,1174537383,200,1174535944,1174537383,5837400,1108357203,1174537383,5833976,3424,0,208,28170e56b6d0cad3,1174536000,1174622400,1,0,False,False
official_tgn_example,tgbn-genre,train,1174622400,29247,1174623545,200,1174622344,1174623545,5849600,1108357203,1174623545,5846419,3181,0,208,0df827fe207a4e8e,1174622400,1174708800,1,0,False,False
official_tgn_example,tgbn-genre,train,1174708800,29294,1174713905,200,1174703702,1174713905,5859000,1108357203,1174713905,5858380,620,0,191,ec738c2c41795de1,1174708800,1174795200,1,0,False,False
official_tgn_example,tgbn-genre,train,1174795200,29333,1174795681,200,1174793525,1174795681,5866800,1108357203,1174795681,5864773,2027,0,180,9ce6bd9321489cdc,1174795200,1174881600,1,0,False,False
official_tgn_example,tgbn-genre,train,1174881600,29392,1174881965,200,1174880460,1174881965,5878600,1108357203,1174881965,5875546,3054,0,182,92513aee764e3c8c,1174881600,1174968000,1,0,False,False
official_tgn_example,tgbn-genre,train,1174968000,29466,1174969083,200,1174967462,1174969083,5893400,1108357203,1174969083,5890017,3383,0,188,d3675bbfac36e231,1174968000,1175054400,1,0,False,False
official_tgn_example,tgbn-genre,train,1175054400,29537,1175055243,200,1175053564,1175055243,5907600,1108357203,1175055243,5904631,2969,0,208,680f3fb993a55510,1175054400,1175140800,1,0,False,False
official_tgn_example,tgbn-genre,train,1175140800,29602,1175141043,200,1175139723,1175141043,5920600,1108357203,1175141043,5918105,2495,0,206,8b1f7131ebd15b70,1175140800,1175227200,1,0,False,False
official_tgn_example,tgbn-genre,train,1175227200,29673,1175227680,200,1175226360,1175227680,5934800,1108357203,1175227680,5932015,2785,0,210,aad8e3d7c1ef1326,1175227200,1175313600,1,0,False,False
official_tgn_example,tgbn-genre,train,1175313600,29743,1175315161,200,1175313004,1175315161,5948800,1108357203,1175315161,5945464,3336,0,189,70cf6b326ba8f864,1175313600,1175400000,1,0,False,False
official_tgn_example,tgbn-genre,train,1175400000,29804,1175401380,200,1175399885,1175401380,5961000,1108357203,1175401380,5958386,2614,0,176,616ee3474c934311,1175400000,1175486400,1,0,False,False
official_tgn_example,tgbn-genre,train,1175486400,29874,1175486944,200,1175485804,1175486944,5975000,1108357203,1175486944,5972106,2894,0,186,5719f5a20e3b32ed,1175486400,1175572800,1,0,False,False
official_tgn_example,tgbn-genre,train,1175572800,29936,1175575260,200,1175572561,1175575260,5987400,1108357203,1175575260,5985115,2285,0,186,19476b2727c96899,1175572800,1175659200,1,0,False,False
official_tgn_example,tgbn-genre,train,1175659200,29993,1175659205,200,1175657464,1175659205,5998800,1108357203,1175659205,5996382,2418,0,198,f2d15e72c88a5acc,1175659200,1175745600,1,0,False,False
official_tgn_example,tgbn-genre,train,1175745600,30061,1175746142,200,1175745064,1175746142,6012400,1108357203,1175746142,6009153,3247,0,205,809066aa42028460,1175745600,1175832000,1,0,False,False
official_tgn_example,tgbn-genre,train,1175832000,30134,1175832960,200,1175831340,1175832960,6027000,1108357203,1175832960,6024192,2808,0,214,322e52507a7871ea,1175832000,1175918400,1,0,False,False
official_tgn_example,tgbn-genre,train,1175918400,30198,1175918582,200,1175916845,1175918582,6039800,1108357203,1175918582,6037390,2410,0,197,3bc32353a9609e93,1175918400,1176004800,1,0,False,False
official_tgn_example,tgbn-genre,train,1176004800,30263,1176006122,200,1176004625,1176006122,6052800,1108357203,1176006122,6049815,2985,0,184,3e1474632592631f,1176004800,1176091200,1,0,False,False
official_tgn_example,tgbn-genre,train,1176091200,30327,1176091384,200,1176090425,1176091384,6065600,1108357203,1176091384,6062942,2658,0,215,730b582252c2ae36,1176091200,1176177600,1,0,False,False
official_tgn_example,tgbn-genre,train,1176177600,30396,1176178741,200,1176177185,1176178741,6079400,1108357203,1176178741,6076721,2679,0,211,203393fcff813496,1176177600,1176264000,1,0,False,False
official_tgn_example,tgbn-genre,train,1176264000,30465,1176264420,200,1176262980,1176264420,6093200,1108357203,1176264420,6090572,2628,0,214,0affefc8023566c1,1176264000,1176350400,1,0,False,False
official_tgn_example,tgbn-genre,train,1176350400,30541,1176350580,200,1176349263,1176350580,6108400,1108357203,1176350580,6105485,2915,0,215,8b3dd62b20da8ce0,1176350400,1176436800,1,0,False,False
official_tgn_example,tgbn-genre,train,1176436800,30603,1176437043,200,1176435421,1176437043,6120800,1108357203,1176437043,6118933,1867,0,203,c0235deb81f90590,1176436800,1176523200,1,0,False,False
official_tgn_example,tgbn-genre,train,1176523200,30666,1176523264,200,1176522245,1176523264,6133400,1108357203,1176523264,6131005,2395,0,209,e63cbefb05479856,1176523200,1176609600,1,0,False,False
official_tgn_example,tgbn-genre,train,1176609600,30733,1176610323,200,1176608884,1176610323,6146800,1108357203,1176610323,6144218,2582,0,192,ee4c50c33adbbfda,1176609600,1176696000,1,0,False,False
official_tgn_example,tgbn-genre,train,1176696000,30805,1176696363,200,1176695400,1176696363,6161200,1108357203,1176696363,6158342,2858,0,197,941d2b93d502d70b,1176696000,1176782400,1,0,False,False
official_tgn_example,tgbn-genre,train,1176782400,30877,1176782945,200,1176781742,1176782945,6175600,1108357203,1176782945,6172676,2924,0,211,19b229a61a9a8eac,1176782400,1176868800,1,0,False,False
official_tgn_example,tgbn-genre,train,1176868800,30949,1176869821,200,1176868260,1176869821,6190000,1108357203,1176869821,6187285,2715,0,203,43882ca8b9fe0622,1176868800,1176955200,1,0,False,False
official_tgn_example,tgbn-genre,train,1176955200,31017,1176955444,200,1176954421,1176955444,6203600,1108357203,1176955444,6200709,2891,0,199,ff1459f2fee1f2c6,1176955200,1177041600,1,0,False,False
official_tgn_example,tgbn-genre,train,1177041600,31088,1177043280,200,1177041485,1177043280,6217800,1108357203,1177043280,6215016,2784,0,196,8ff24ed8af2c8354,1177041600,1177128000,1,0,False,False
official_tgn_example,tgbn-genre,train,1177128000,31147,1177129142,200,1177127281,1177129142,6229600,1108357203,1177129142,6226764,2836,0,192,f105140bdff44a02,1177128000,1177214400,1,0,False,False
official_tgn_example,tgbn-genre,train,1177214400,31213,1177214522,200,1177213143,1177214522,6242800,1108357203,1177214522,6240517,2283,0,173,e5ff61c0869325ca,1177214400,1177300800,1,0,False,False
official_tgn_example,tgbn-genre,train,1177300800,31286,1177301760,200,1177300500,1177301760,6257400,1108357203,1177301760,6253650,3750,0,187,1433927c57cadeba,1177300800,1177387200,1,0,False,False
official_tgn_example,tgbn-genre,train,1177387200,31355,1177387625,200,1177385401,1177387625,6271200,1108357203,1177387625,6268787,2413,0,199,c920c16779f9edb5,1177387200,1177473600,1,0,False,False
official_tgn_example,tgbn-genre,train,1177473600,31416,1177475403,200,1177473420,1177475403,6283400,1108357203,1177475403,6280647,2753,0,198,587677e12c28796d,1177473600,1177560000,1,0,False,False
official_tgn_example,tgbn-genre,train,1177560000,31480,1177560181,200,1177558321,1177560181,6296200,1108357203,1177560181,6293618,2582,0,190,92166594a802a363,1177560000,1177646400,1,0,False,False
official_tgn_example,tgbn-genre,train,1177646400,31547,1177647065,200,1177645441,1177647065,6309600,1108357203,1177647065,6306901,2699,0,209,e0de2ae748489671,1177646400,1177732800,1,0,False,False
official_tgn_example,tgbn-genre,train,1177732800,31602,1177733222,200,1177730763,1177733222,6320600,1108357203,1177733222,6318273,2327,0,205,28cfb2041bbeebeb,1177732800,1177819200,1,0,False,False
official_tgn_example,tgbn-genre,train,1177819200,31653,1177819440,200,1177817705,1177819440,6330800,1108357203,1177819440,6328538,2262,0,183,5a9f439159edc1b9,1177819200,1177905600,1,0,False,False
official_tgn_example,tgbn-genre,train,1177905600,31718,1177906260,200,1177904283,1177906260,6343800,1108357203,1177906260,6341213,2587,0,186,9178aea086d777e4,1177905600,1177992000,1,0,False,False
official_tgn_example,tgbn-genre,train,1177992000,31788,1177992122,200,1177990622,1177992122,6357800,1108357203,1177992122,6354837,2963,0,206,5fb68f8bcf39ba5f,1177992000,1178078400,1,0,False,False
official_tgn_example,tgbn-genre,train,1178078400,31859,1178078764,200,1178077265,1178078764,6372000,1108357203,1178078764,6369253,2747,0,211,d0c951116c582f33,1178078400,1178164800,1,0,False,False
official_tgn_example,tgbn-genre,train,1178164800,31942,1178165225,200,1178163961,1178165225,6388600,1108357203,1178165225,6386010,2590,0,204,24a9b3ea91a7dca4,1178164800,1178251200,1,0,False,False
official_tgn_example,tgbn-genre,train,1178251200,32015,1178251441,200,1178250303,1178251441,6403200,1108357203,1178251441,6400258,2942,0,215,961f43022b551b6f,1178251200,1178337600,1,0,False,False
official_tgn_example,tgbn-genre,train,1178337600,32094,1178337660,200,1178336402,1178337660,6419000,1108357203,1178337660,6416327,2673,0,204,bfaa191e6beabf0f,1178337600,1178424000,1,0,False,False
official_tgn_example,tgbn-genre,train,1178424000,32164,1178424301,200,1178422984,1178424301,6433000,1108357203,1178424301,6429985,3015,0,196,e9a80f4afe95fadf,1178424000,1178510400,1,0,False,False
official_tgn_example,tgbn-genre,train,1178510400,32248,1178510464,200,1178509623,1178510464,6449800,1108357203,1178510464,6446703,3097,0,199,68bf0f683f6e77e6,1178510400,1178596800,1,0,False,False
official_tgn_example,tgbn-genre,train,1178596800,32327,1178597822,200,1178596140,1178597822,6465600,1108357203,1178597822,6462408,3192,0,228,dd23e5c8403ace52,1178596800,1178683200,1,0,False,False
official_tgn_example,tgbn-genre,train,1178683200,32402,1178683623,200,1178682180,1178683623,6480600,1108357203,1178683623,6477597,3003,0,214,2b8720caa6f4a094,1178683200,1178769600,1,0,False,False
official_tgn_example,tgbn-genre,train,1178769600,32480,1178770205,200,1178768882,1178770205,6496200,1108357203,1178770205,6493182,3018,0,206,8e1b77c7b61520fd,1178769600,1178856000,1,0,False,False
official_tgn_example,tgbn-genre,train,1178856000,32548,1178856245,200,1178854684,1178856245,6509800,1108357203,1178856245,6507498,2302,0,209,dddbffded1a445bf,1178856000,1178942400,1,0,False,False
official_tgn_example,tgbn-genre,train,1178942400,32617,1178942880,200,1178941442,1178942880,6523600,1108357203,1178942880,6521215,2385,0,203,1ec25b7c97fbb316,1178942400,1179028800,1,0,False,False
official_tgn_example,tgbn-genre,train,1179028800,32685,1179030124,200,1179028500,1179030124,6537200,1108357203,1179030124,6534834,2366,0,183,621f49c31dd9abf0,1179028800,1179115200,1,0,False,False
official_tgn_example,tgbn-genre,train,1179115200,32767,1179115620,200,1179114783,1179115620,6553600,1108357203,1179115620,6549579,4021,0,197,f75decbcb47ad7cf,1179115200,1179201600,1,0,False,False
official_tgn_example,tgbn-genre,train,1179201600,32844,1179201661,200,1179200764,1179201661,6569000,1108357203,1179201661,6565455,3545,0,210,762d0388ef5a65e8,1179201600,1179288000,1,0,False,False
official_tgn_example,tgbn-genre,train,1179288000,32919,1179288665,200,1179287041,1179288665,6584000,1108357203,1179288665,6580815,3185,0,218,cb0270bd91c45002,1179288000,1179374400,1,0,False,False
official_tgn_example,tgbn-genre,train,1179374400,32996,1179374463,200,1179373262,1179374463,6599400,1108357203,1179374463,6596515,2885,0,198,4001290c8e823e41,1179374400,1179460800,1,0,False,False
official_tgn_example,tgbn-genre,train,1179460800,33072,1179463383,200,1179460621,1179463383,6614600,1108357203,1179463383,6611600,3000,0,207,08ca23fe5048ab6b,1179460800,1179547200,1,0,False,False
official_tgn_example,tgbn-genre,train,1179547200,33131,1179548285,200,1179546542,1179548285,6626400,1108357203,1179548285,6623869,2531,0,209,608271a6913d4490,1179547200,1179633600,1,0,False,False
official_tgn_example,tgbn-genre,train,1179633600,33189,1179634025,200,1179632940,1179634025,6638000,1108357203,1179634025,6635516,2484,0,194,2464873e6c25ff14,1179633600,1179720000,1,0,False,False
official_tgn_example,tgbn-genre,train,1179720000,33250,1179721740,200,1179719885,1179721740,6650200,1108357203,1179721740,6647677,2523,0,192,5cba248ec37e7c2d,1179720000,1179806400,1,0,False,False
official_tgn_example,tgbn-genre,train,1179806400,33313,1179807124,200,1179805024,1179807124,6662800,1108357203,1179807124,6660003,2797,0,193,bc3542f3bb89fa53,1179806400,1179892800,1,0,False,False
official_tgn_example,tgbn-genre,train,1179892800,33384,1179892983,200,1179890943,1179892983,6677000,1108357203,1179892983,6674215,2785,0,218,ec855e43d6a93450,1179892800,1179979200,1,0,False,False
official_tgn_example,tgbn-genre,train,1179979200,33452,1179979684,200,1179978422,1179979684,6690600,1108357203,1179979684,6688012,2588,0,222,44e1e4a6cdcd06b7,1179979200,1180065600,1,0,False,False
official_tgn_example,tgbn-genre,train,1180065600,33516,1180066860,200,1180064701,1180066860,6703400,1108357203,1180066860,6700424,2976,0,216,e52a84696c5b321e,1180065600,1180152000,1,0,False,False
official_tgn_example,tgbn-genre,train,1180152000,33582,1180153262,200,1180151402,1180153262,6716600,1108357203,1180153262,6714235,2365,0,186,590722dd2a422a0f,1180152000,1180238400,1,0,False,False
official_tgn_example,tgbn-genre,train,1180238400,33646,1180239125,200,1180237683,1180239125,6729400,1108357203,1180239125,6727528,1872,0,188,658f154f6b9760de,1180238400,1180324800,1,0,False,False
official_tgn_example,tgbn-genre,train,1180324800,33712,1180324860,200,1180323240,1180324860,6742600,1108357203,1180324860,6740354,2246,0,187,96ae57e61e6e7dfb,1180324800,1180411200,1,0,False,False
official_tgn_example,tgbn-genre,train,1180411200,33778,1180412102,200,1180410601,1180412102,6755800,1108357203,1180412102,6753387,2413,0,207,c2fa0297a90bf28e,1180411200,1180497600,1,0,False,False
official_tgn_example,tgbn-genre,train,1180497600,33842,1180498021,200,1180496945,1180498021,6768600,1108357203,1180498021,6765874,2726,0,200,c07af8ec025085b3,1180497600,1180584000,1,0,False,False
official_tgn_example,tgbn-genre,train,1180584000,33899,1180585263,200,1180583703,1180585263,6780000,1108357203,1180585263,6777765,2235,0,210,d5b2ae695cb33a96,1180584000,1180670400,1,0,False,False
official_tgn_example,tgbn-genre,train,1180670400,33965,1180670705,200,1180669264,1180670705,6793200,1108357203,1180670705,6790140,3060,0,199,6f8b2bd0b1f0de9b,1180670400,1180756800,1,0,False,False
official_tgn_example,tgbn-genre,train,1180756800,34032,1180757525,200,1180755962,1180757525,6806600,1108357203,1180757525,6804210,2390,0,193,8cc577011594cdfa,1180756800,1180843200,1,0,False,False
official_tgn_example,tgbn-genre,train,1180843200,34087,1180843620,200,1180841944,1180843620,6817600,1108357203,1180843620,6815319,2281,0,181,30c757793b01bdd7,1180843200,1180929600,1,0,False,False
official_tgn_example,tgbn-genre,train,1180929600,34149,1180930801,200,1180929480,1180930801,6830000,1108357203,1180930801,6827498,2502,0,187,8161383201513174,1180929600,1181016000,1,0,False,False
official_tgn_example,tgbn-genre,train,1181016000,34215,1181016420,200,1181014201,1181016420,6843200,1108357203,1181016420,6840888,2312,0,199,9a40751f6343ed3c,1181016000,1181102400,1,0,False,False
official_tgn_example,tgbn-genre,train,1181102400,34282,1181102940,200,1181101382,1181102940,6856600,1108357203,1181102940,6853806,2794,0,202,738b668066a70e85,1181102400,1181188800,1,0,False,False
official_tgn_example,tgbn-genre,train,1181188800,34369,1181188984,200,1181187845,1181188984,6874000,1108357203,1181188984,6869768,4232,0,193,a3fe0af56525c7d0,1181188800,1181275200,1,0,False,False
official_tgn_example,tgbn-genre,train,1181275200,34443,1181276045,200,1181274480,1181276045,6888800,1108357203,1181276045,6885605,3195,0,195,bb9fbc782577b88d,1181275200,1181361600,1,0,False,False
official_tgn_example,tgbn-genre,train,1181361600,34514,1181362744,200,1181361423,1181362744,6903000,1108357203,1181362744,6899742,3258,0,190,fa1c06facc49d090,1181361600,1181448000,1,0,False,False
official_tgn_example,tgbn-genre,train,1181448000,34577,1181448784,200,1181447463,1181448784,6915600,1108357203,1181448784,6913098,2502,0,162,ca54d3e83974e527,1181448000,1181534400,1,0,False,False
official_tgn_example,tgbn-genre,train,1181534400,34642,1181535660,200,1181533442,1181535660,6928600,1108357203,1181535660,6925775,2825,0,170,0b07a6d37e2181ed,1181534400,1181620800,1,0,False,False
official_tgn_example,tgbn-genre,train,1181620800,34707,1181621700,200,1181620141,1181621700,6941600,1108357203,1181621700,6938914,2686,0,196,89e63a11e7f83d4d,1181620800,1181707200,1,0,False,False
official_tgn_example,tgbn-genre,train,1181707200,34774,1181708522,200,1181706422,1181708522,6955000,1108357203,1181708522,6952623,2377,0,213,007ad2104e7eabea,1181707200,1181793600,1,0,False,False
official_tgn_example,tgbn-genre,train,1181793600,34832,1181794981,200,1181792163,1181794981,6966600,1108357203,1181794981,6964356,2244,0,202,79ec7db436ca96ff,1181793600,1181880000,1,0,False,False
official_tgn_example,tgbn-genre,train,1181880000,34891,1181880242,200,1181878925,1181880242,6978400,1108357203,1181880242,6975909,2491,0,187,2c264e82c6d4d17d,1181880000,1181966400,1,0,False,False
official_tgn_example,tgbn-genre,train,1181966400,34952,1181967660,200,1181966284,1181967660,6990600,1108357203,1181967660,6988345,2255,0,187,60c0fa00b7c75006,1181966400,1182052800,1,0,False,False
official_tgn_example,tgbn-genre,train,1182052800,35010,1182053765,200,1182052321,1182053765,7002200,1108357203,1182053765,6999681,2519,0,148,c4a61eccc3cfd68b,1182052800,1182139200,1,0,False,False
official_tgn_example,tgbn-genre,train,1182139200,35069,1182140041,200,1182138965,1182140041,7014000,1108357203,1182140041,7011268,2732,0,159,4cc921995eefd6ae,1182139200,1182225600,1,0,False,False
official_tgn_example,tgbn-genre,train,1182225600,35133,1182226680,200,1182225240,1182226680,7026800,1108357203,1182226680,7023904,2896,0,183,21649bdfe54fd4ac,1182225600,1182312000,1,0,False,False
official_tgn_example,tgbn-genre,train,1182312000,35196,1182312540,200,1182311045,1182312540,7039400,1108357203,1182312540,7036191,3209,0,216,1faa9792c9429cbd,1182312000,1182398400,1,0,False,False
official_tgn_example,tgbn-genre,train,1182398400,35257,1182399604,200,1182398280,1182399604,7051600,1108357203,1182399604,7048728,2872,0,203,256ffbf03b60a67d,1182398400,1182484800,1,0,False,False
official_tgn_example,tgbn-genre,train,1182484800,35325,1182484862,200,1182483600,1182484862,7065200,1108357203,1182484862,7062888,2312,0,210,9c8b6f26ed76a668,1182484800,1182571200,1,0,False,False
official_tgn_example,tgbn-genre,train,1182571200,35398,1182571442,200,1182569644,1182571442,7079800,1108357203,1182571442,7077691,2109,0,197,179ac7d64c57e9c0,1182571200,1182657600,1,0,False,False
official_tgn_example,tgbn-genre,train,1182657600,35450,1182658144,200,1182656941,1182658144,7090200,1108357203,1182658144,7088053,2147,0,179,f974a70054f16105,1182657600,1182744000,1,0,False,False
official_tgn_example,tgbn-genre,train,1182744000,35513,1182744004,200,1182742083,1182744004,7102800,1108357203,1182744004,7100994,1806,0,178,0af160b5aaa47367,1182744000,1182830400,1,0,False,False
official_tgn_example,tgbn-genre,train,1182830400,35582,1182830640,200,1182829141,1182830640,7116600,1108357203,1182830640,7113642,2958,0,199,19f29a3077e73157,1182830400,1182916800,1,0,False,False
official_tgn_example,tgbn-genre,train,1182916800,35655,1182918961,200,1182916680,1182918961,7131200,1108357203,1182918961,7128259,2941,0,207,4d4181b3c974c459,1182916800,1183003200,1,0,False,False
official_tgn_example,tgbn-genre,train,1183003200,35724,1183003445,200,1183002301,1183003445,7145000,1108357203,1183003445,7142230,2770,0,185,ea4d88a08ad0cb48,1183003200,1183089600,1,0,False,False
official_tgn_example,tgbn-genre,train,1183089600,35796,1183089843,200,1183087984,1183089843,7159400,1108357203,1183089843,7156674,2726,0,189,f8018c2264449838,1183089600,1183176000,1,0,False,False
official_tgn_example,tgbn-genre,train,1183176000,35855,1183176182,200,1183174205,1183176182,7171200,1108357203,1183176182,7169087,2113,0,184,428b19ed9d579a36,1183176000,1183262400,1,0,False,False
official_tgn_example,tgbn-genre,train,1183262400,35918,1183263480,200,1183262101,1183263480,7183800,1108357203,1183263480,7181225,2575,0,166,6b3ddb0a0ab895b4,1183262400,1183348800,1,0,False,False
official_tgn_example,tgbn-genre,train,1183348800,35976,1183350060,200,1183348081,1183350060,7195400,1108357203,1183350060,7192790,2610,0,171,1a5c5c37763a8c3e,1183348800,1183435200,1,0,False,False
official_tgn_example,tgbn-genre,train,1183435200,36040,1183435925,200,1183434724,1183435925,7208200,1108357203,1183435925,7205759,2441,0,184,39ddd763d3a6e686,1183435200,1183521600,1,0,False,False
official_tgn_example,tgbn-genre,train,1183521600,36102,1183523341,200,1183520762,1183523341,7220600,1108357203,1183523341,7218047,2553,0,203,cb5f72437c52bca3,1183521600,1183608000,1,0,False,False
official_tgn_example,tgbn-genre,train,1183608000,36167,1183608604,200,1183606923,1183608604,7233600,1108357203,1183608604,7231013,2587,0,199,6ff2972a158ebcb5,1183608000,1183694400,1,0,False,False
official_tgn_example,tgbn-genre,train,1183694400,36236,1183695123,200,1183693625,1183695123,7247400,1108357203,1183695123,7244236,3164,0,185,0d49f64eebf1d597,1183694400,1183780800,1,0,False,False
official_tgn_example,tgbn-genre,train,1183780800,36299,1183782600,200,1183780261,1183782600,7260000,1108357203,1183782600,7257860,2140,0,195,1ccde63c17a22e8e,1183780800,1183867200,1,0,False,False
official_tgn_example,tgbn-genre,train,1183867200,36349,1183867625,200,1183866182,1183867625,7270000,1108357203,1183867625,7267850,2150,0,180,20e4756772694a9d,1183867200,1183953600,1,0,False,False
official_tgn_example,tgbn-genre,train,1183953600,36410,1183954261,200,1183952824,1183954261,7282200,1108357203,1183954261,7279670,2530,0,162,1e1df4be7e009689,1183953600,1184040000,1,0,False,False
official_tgn_example,tgbn-genre,train,1184040000,36466,1184041442,200,1184039703,1184041442,7293400,1108357203,1184041442,7291005,2395,0,193,747296e51c6ec13d,1184040000,1184126400,1,0,False,False
official_tgn_example,tgbn-genre,train,1184126400,36539,1184126944,200,1184125565,1184126944,7308000,1108357203,1184126944,7305046,2954,0,203,9cb0aa960e222a96,1184126400,1184212800,1,0,False,False
official_tgn_example,tgbn-genre,train,1184212800,36606,1184213703,200,1184212264,1184213703,7321400,1108357203,1184213703,7319005,2395,0,192,4eedd0f9a576a760,1184212800,1184299200,1,0,False,False
official_tgn_example,tgbn-genre,train,1184299200,36670,1184300040,200,1184298482,1184300040,7334200,1108357203,1184300040,7331439,2761,0,192,2d7eaba00cb6bafd,1184299200,1184385600,1,0,False,False
official_tgn_example,tgbn-genre,train,1184385600,36750,1184386203,200,1184385120,1184386203,7350200,1108357203,1184386203,7347113,3087,0,188,bf3e00cb8689c72e,1184385600,1184472000,1,0,False,False
official_tgn_example,tgbn-genre,train,1184472000,36815,1184472302,200,1184471160,1184472302,7363200,1108357203,1184472302,7360178,3022,0,168,4b2cefef17f8c1a9,1184472000,1184558400,1,0,False,False
official_tgn_example,tgbn-genre,train,1184558400,36871,1184558582,200,1184557504,1184558582,7374400,1108357203,1184558582,7371975,2425,0,163,b14094a8ce8b5cf4,1184558400,1184644800,1,0,False,False
official_tgn_example,tgbn-genre,train,1184644800,36943,1184646001,200,1184644624,1184646001,7388800,1108357203,1184646001,7385655,3145,0,183,d2821103c874d0a3,1184644800,1184731200,1,0,False,False
official_tgn_example,tgbn-genre,train,1184731200,37004,1184731500,200,1184729460,1184731500,7401000,1108357203,1184731500,7399119,1881,0,194,53e9a9c2d1043ecb,1184731200,1184817600,1,0,False,False
official_tgn_example,tgbn-genre,train,1184817600,37070,1184819225,200,1184817303,1184819225,7414200,1108357203,1184819225,7411738,2462,0,207,9407ddb4788ba34b,1184817600,1184904000,1,0,False,False
official_tgn_example,tgbn-genre,train,1184904000,37134,1184905443,200,1184903644,1184905443,7427000,1108357203,1184905443,7424351,2649,0,190,2a343b5e2869fd78,1184904000,1184990400,1,0,False,False
official_tgn_example,tgbn-genre,train,1184990400,37195,1184991723,200,1184990044,1184991723,7439200,1108357203,1184991723,7436841,2359,0,199,66eced8969f970f6,1184990400,1185076800,1,0,False,False
official_tgn_example,tgbn-genre,train,1185076800,37242,1185078243,200,1185076441,1185078243,7448600,1108357203,1185078243,7446377,2223,0,163,744dab30609aeef6,1185076800,1185163200,1,0,False,False
official_tgn_example,tgbn-genre,train,1185163200,37294,1185164525,200,1185162063,1185164525,7459000,1108357203,1185164525,7456942,2058,0,162,50dc82e0697ce220,1185163200,1185249600,1,0,False,False
official_tgn_example,tgbn-genre,train,1185249600,37354,1185250745,200,1185249122,1185250745,7471000,1108357203,1185250745,7468349,2651,0,182,5e6a21e25b8112ae,1185249600,1185336000,1,0,False,False
official_tgn_example,tgbn-genre,train,1185336000,37411,1185337924,200,1185335880,1185337924,7482400,1108357203,1185337924,7479707,2693,0,195,501166f840dc39be,1185336000,1185422400,1,0,False,False
official_tgn_example,tgbn-genre,train,1185422400,37477,1185422463,200,1185421500,1185422463,7495600,1108357203,1185422463,7492592,3008,0,189,136f05f7af2c6095,1185422400,1185508800,1,0,False,False
official_tgn_example,tgbn-genre,train,1185508800,37533,1185510485,200,1185508442,1185510485,7506800,1108357203,1185510485,7504425,2375,0,167,1e79df04f2c6b6bb,1185508800,1185595200,1,0,False,False
official_tgn_example,tgbn-genre,train,1185595200,37585,1185596764,200,1185595020,1185596764,7517200,1108357203,1185596764,7514981,2219,0,167,9267762c049ca4d2,1185595200,1185681600,1,0,False,False
official_tgn_example,tgbn-genre,train,1185681600,37644,1185682320,200,1185681304,1185682320,7529000,1108357203,1185682320,7526493,2507,0,157,a54eb77c086e733e,1185681600,1185768000,1,0,False,False
official_tgn_example,tgbn-genre,train,1185768000,37698,1185769563,200,1185767880,1185769563,7539800,1108357203,1185769563,7537147,2653,0,160,8c7f0e2054d7555d,1185768000,1185854400,1,0,False,False
official_tgn_example,tgbn-genre,train,1185854400,37754,1185854703,200,1185853204,1185854703,7551000,1108357203,1185854703,7548481,2519,0,172,fd622ac766e8161c,1185854400,1185940800,1,0,False,False
official_tgn_example,tgbn-genre,train,1185940800,37819,1185942363,200,1185940204,1185942363,7564000,1108357203,1185942363,7561192,2808,0,183,eb6ee7eb0cd3a503,1185940800,1186027200,1,0,False,False
official_tgn_example,tgbn-genre,train,1186027200,37877,1186028523,200,1186026003,1186028523,7575600,1108357203,1186028523,7573014,2586,0,197,f16b1574af16b938,1186027200,1186113600,1,0,False,False
official_tgn_example,tgbn-genre,train,1186113600,37939,1186114020,200,1186112644,1186114020,7588000,1108357203,1186114020,7585210,2790,0,188,409512f9cffb1e4a,1186113600,1186200000,1,0,False,False
official_tgn_example,tgbn-genre,train,1186200000,37998,1186200602,200,1186199102,1186200602,7599800,1108357203,1186200602,7596884,2916,0,190,02d647080b2bac0d,1186200000,1186286400,1,0,False,False
official_tgn_example,tgbn-genre,train,1186286400,38057,1186287721,200,1186286342,1186287721,7611600,1108357203,1186287721,7608820,2780,0,156,8ea2bf34413da49b,1186286400,1186372800,1,0,False,False
official_tgn_example,tgbn-genre,train,1186372800,38107,1186372802,200,1186371003,1186372802,7621600,1108357203,1186372802,7619258,2342,0,163,a5b726a516a2b1fe,1186372800,1186459200,1,0,False,False
official_tgn_example,tgbn-genre,train,1186459200,38171,1186459504,200,1186457701,1186459504,7634400,1108357203,1186459504,7631814,2586,0,183,c37378b988b767a9,1186459200,1186545600,1,0,False,False
official_tgn_example,tgbn-genre,train,1186545600,38237,1186546920,200,1186544645,1186546920,7647600,1108357203,1186546920,7644760,2840,0,185,7bbb8132ff3c8d53,1186545600,1186632000,1,0,False,False
official_tgn_example,tgbn-genre,train,1186632000,38298,1186632424,200,1186630862,1186632424,7659800,1108357203,1186632424,7657419,2381,0,198,446c7261807550c8,1186632000,1186718400,1,0,False,False
official_tgn_example,tgbn-genre,train,1186718400,38357,1186719005,200,1186717382,1186719005,7671600,1108357203,1186719005,7669347,2253,0,187,ecce15eb3b19ca09,1186718400,1186804800,1,0,False,False
official_tgn_example,tgbn-genre,train,1186804800,38418,1186805100,200,1186803121,1186805100,7683800,1108357203,1186805100,7681613,2187,0,194,673532a12134ad8a,1186804800,1186891200,1,0,False,False
official_tgn_example,tgbn-genre,train,1186891200,38474,1186891565,200,1186889522,1186891565,7695000,1108357203,1186891565,7692943,2057,0,185,6710ba7dc0c255f6,1186891200,1186977600,1,0,False,False
official_tgn_example,tgbn-genre,train,1186977600,38529,1186978264,200,1186976580,1186978264,7706000,1108357203,1186978264,7703772,2228,0,177,f9fa8d3a2a2978dc,1186977600,1187064000,1,0,False,False
official_tgn_example,tgbn-genre,train,1187064000,38601,1187065021,200,1187063343,1187065021,7720400,1108357203,1187065021,7717563,2837,0,185,e66d72d8cdce0907,1187064000,1187150400,1,0,False,False
official_tgn_example,tgbn-genre,train,1187150400,38664,1187150824,200,1187149562,1187150824,7733000,1108357203,1187150824,7730321,2679,0,192,9f7ae20f334fd2c6,1187150400,1187236800,1,0,False,False
official_tgn_example,tgbn-genre,train,1187236800,38730,1187237942,200,1187235602,1187237942,7746200,1108357203,1187237942,7743307,2893,0,187,b4edb063184e0306,1187236800,1187323200,1,0,False,False
official_tgn_example,tgbn-genre,train,1187323200,38789,1187324221,200,1187322842,1187324221,7758000,1108357203,1187324221,7755653,2347,0,190,86777a52a33de54d,1187323200,1187409600,1,0,False,False
official_tgn_example,tgbn-genre,train,1187409600,38854,1187410082,200,1187408282,1187410082,7771000,1108357203,1187410082,7768620,2380,0,195,404851a55b27228d,1187409600,1187496000,1,0,False,False
official_tgn_example,tgbn-genre,train,1187496000,38918,1187496005,200,1187494203,1187496005,7783800,1108357203,1187496005,7781428,2372,0,170,8044dec88ec86301,1187496000,1187582400,1,0,False,False
official_tgn_example,tgbn-genre,train,1187582400,38976,1187582522,200,1187581325,1187582522,7795400,1108357203,1187582522,7793132,2268,0,172,3e0596004c3bff29,1187582400,1187668800,1,0,False,False
official_tgn_example,tgbn-genre,train,1187668800,39033,1187669403,200,1187667781,1187669403,7806800,1108357203,1187669403,7804756,2044,0,197,abdb76d14359a065,1187668800,1187755200,1,0,False,False
official_tgn_example,tgbn-genre,train,1187755200,39099,1187756344,200,1187754904,1187756344,7820000,1108357203,1187756344,7817740,2260,0,195,0844e4ab7628548c,1187755200,1187841600,1,0,False,False
official_tgn_example,tgbn-genre,train,1187841600,39158,1187842804,200,1187841060,1187842804,7831800,1108357203,1187842804,7829565,2235,0,205,82cd751db934a53e,1187841600,1187928000,1,0,False,False
official_tgn_example,tgbn-genre,train,1187928000,39219,1187928364,200,1187926145,1187928364,7844000,1108357203,1187928364,7841690,2310,0,216,e0a0dcacc897c819,1187928000,1188014400,1,0,False,False
official_tgn_example,tgbn-genre,train,1188014400,39278,1188014583,200,1188013022,1188014583,7855800,1108357203,1188014583,7853041,2759,0,209,d7bc1f60991e7d1e,1188014400,1188100800,1,0,False,False
official_tgn_example,tgbn-genre,train,1188100800,39339,1188101220,200,1188099542,1188101220,7868000,1108357203,1188101220,7865704,2296,0,194,67fb9f047badc5f1,1188100800,1188187200,1,0,False,False
official_tgn_example,tgbn-genre,train,1188187200,39399,1188188345,200,1188186841,1188188345,7880000,1108357203,1188188345,7877317,2683,0,199,d4962f856340e5d9,1188187200,1188273600,1,0,False,False
official_tgn_example,tgbn-genre,train,1188273600,39466,1188273665,200,1188271920,1188273665,7893400,1108357203,1188273665,7890557,2843,0,201,ae6e2886f337fbee,1188273600,1188360000,1,0,False,False
official_tgn_example,tgbn-genre,train,1188360000,39532,1188360662,200,1188358864,1188360662,7906600,1108357203,1188360662,7904263,2337,0,225,3abf794b638f8f53,1188360000,1188446400,1,0,False,False
official_tgn_example,tgbn-genre,train,1188446400,39605,1188446645,200,1188445320,1188446645,7921200,1108357203,1188446645,7918121,3079,0,215,11b8941ba3ab6987,1188446400,1188532800,1,0,False,False
official_tgn_example,tgbn-genre,train,1188532800,39677,1188533402,200,1188531905,1188533402,7935600,1108357203,1188533402,7932163,3437,0,214,15f44b62c25dcd58,1188532800,1188619200,1,0,False,False
official_tgn_example,tgbn-genre,train,1188619200,39758,1188620041,200,1188618661,1188620041,7951800,1108357203,1188620041,7948768,3032,0,208,11b39a3bb73c2214,1188619200,1188705600,1,0,False,False
official_tgn_example,tgbn-genre,train,1188705600,39827,1188706925,200,1188705482,1188706925,7965600,1108357203,1188706925,7963057,2543,0,175,b9eb3d7b5f565d57,1188705600,1188792000,1,0,False,False
official_tgn_example,tgbn-genre,train,1188792000,39887,1188793023,200,1188791580,1188793023,7977600,1108357203,1188793023,7974916,2684,0,186,e259abb2372c0daa,1188792000,1188878400,1,0,False,False
official_tgn_example,tgbn-genre,train,1188878400,39962,1188879064,200,1188877861,1188879064,7992600,1108357203,1188879064,7989237,3363,0,201,54fc65fdce0f9005,1188878400,1188964800,1,0,False,False
official_tgn_example,tgbn-genre,train,1188964800,40040,1188964980,200,1188963725,1188964980,8008200,1108357203,1188964980,8004872,3328,0,214,b83d8301d0aa7720,1188964800,1189051200,1,0,False,False
official_tgn_example,tgbn-genre,train,1189051200,40105,1189052100,200,1189050723,1189052100,8021200,1108357203,1189052100,8018916,2284,0,213,408c630d32f1a57c,1189051200,1189137600,1,0,False,False
official_tgn_example,tgbn-genre,train,1189137600,40177,1189138802,200,1189136765,1189138802,8035600,1108357203,1189138802,8033013,2587,0,218,edf7b692d8dc0239,1189137600,1189224000,1,0,False,False
official_tgn_example,tgbn-genre,train,1189224000,40250,1189224424,200,1189222921,1189224424,8050200,1108357203,1189224424,8047531,2669,0,214,5cd5a75a7f739b23,1189224000,1189310400,1,0,False,False
official_tgn_example,tgbn-genre,train,1189310400,40319,1189310581,200,1189309143,1189310581,8064000,1108357203,1189310581,8061075,2925,0,179,b808402f22de87be,1189310400,1189396800,1,0,False,False
official_tgn_example,tgbn-genre,train,1189396800,40393,1189398420,200,1189396325,1189398420,8078800,1108357203,1189398420,8075831,2969,0,191,dc6c1eeb57bb3a11,1189396800,1189483200,1,0,False,False
official_tgn_example,tgbn-genre,train,1189483200,40462,1189483624,200,1189482060,1189483624,8092600,1108357203,1189483624,8089686,2914,0,228,49f62130211a256b,1189483200,1189569600,1,0,False,False
official_tgn_example,tgbn-genre,train,1189569600,40527,1189570445,200,1189569301,1189570445,8105600,1108357203,1189570445,8102579,3021,0,212,080168ebce732eca,1189569600,1189656000,1,0,False,False
official_tgn_example,tgbn-genre,train,1189656000,40600,1189657745,200,1189655765,1189657745,8120200,1108357203,1189657745,8117182,3018,0,240,263860e614afb0a8,1189656000,1189742400,1,0,False,False
official_tgn_example,tgbn-genre,train,1189742400,40668,1189743841,200,1189742341,1189743841,8133800,1108357203,1189743841,8130577,3223,0,226,0c6b045812cd78eb,1189742400,1189828800,1,0,False,False
official_tgn_example,tgbn-genre,train,1189828800,40733,1189830243,200,1189828564,1189830243,8146800,1108357203,1189830243,8144398,2402,0,206,5feaecc87c03e8c5,1189828800,1189915200,1,0,False,False
official_tgn_example,tgbn-genre,train,1189915200,40799,1189916041,200,1189914660,1189916041,8160000,1108357203,1189916041,8157583,2417,0,192,c7ed7e56c67f4451,1189915200,1190001600,1,0,False,False
official_tgn_example,tgbn-genre,train,1190001600,40865,1190002623,200,1190001004,1190002623,8173200,1108357203,1190002623,8170391,2809,0,192,77705e4fc2bad8db,1190001600,1190088000,1,0,False,False
official_tgn_example,tgbn-genre,train,1190088000,40930,1190089263,200,1190087823,1190089263,8186200,1108357203,1190089263,8183557,2643,0,223,4f122e2e7c535c1a,1190088000,1190174400,1,0,False,False
official_tgn_example,tgbn-genre,train,1190174400,40989,1190174463,200,1190172300,1190174463,8198000,1108357203,1190174463,8195510,2490,0,227,a10da4ce6324b8eb,1190174400,1190260800,1,0,False,False
official_tgn_example,tgbn-genre,train,1190260800,41061,1190260861,200,1190259244,1190260861,8212400,1108357203,1190260861,8209612,2788,0,228,2707679c9d3ce61f,1190260800,1190347200,1,0,False,False
official_tgn_example,tgbn-genre,train,1190347200,41128,1190347861,200,1190345884,1190347861,8225800,1108357203,1190347861,8223016,2784,0,214,2ef0418e90e6e455,1190347200,1190433600,1,0,False,False
official_tgn_example,tgbn-genre,train,1190433600,41195,1190433784,200,1190431980,1190433784,8239200,1108357203,1190433784,8236159,3041,0,219,dc1bfb409e69e73c,1190433600,1190520000,1,0,False,False
official_tgn_example,tgbn-genre,train,1190520000,41256,1190520004,200,1190518863,1190520004,8251400,1108357203,1190520004,8248918,2482,0,181,4bb362528d75c1cb,1190520000,1190606400,1,0,False,False
official_tgn_example,tgbn-genre,train,1190606400,41324,1190607420,200,1190606340,1190607420,8265000,1108357203,1190607420,8262226,2774,0,195,ddc9ccccdd950b96,1190606400,1190692800,1,0,False,False
official_tgn_example,tgbn-genre,train,1190692800,41400,1190693942,200,1190691604,1190693942,8280200,1108357203,1190693942,8277399,2801,0,216,9709d9ceb19ff1fb,1190692800,1190779200,1,0,False,False
official_tgn_example,tgbn-genre,train,1190779200,41473,1190779862,200,1190778664,1190779862,8294800,1108357203,1190779862,8292104,2696,0,221,c9cc8e651e937c3b,1190779200,1190865600,1,0,False,False
official_tgn_example,tgbn-genre,train,1190865600,41546,1190866201,200,1190864581,1190866201,8309400,1108357203,1190866201,8306842,2558,0,218,6ca3d2b5bc29be8e,1190865600,1190952000,1,0,False,False
official_tgn_example,tgbn-genre,train,1190952000,41618,1190952303,200,1190950804,1190952303,8323800,1108357203,1190952303,8321169,2631,0,217,21d3275a34975f5b,1190952000,1191038400,1,0,False,False
official_tgn_example,tgbn-genre,train,1191038400,41679,1191038705,200,1191036183,1191038705,8336000,1108357203,1191038705,8333520,2480,0,214,95d49344a4b844e3,1191038400,1191124800,1,0,False,False
official_tgn_example,tgbn-genre,train,1191124800,41728,1191125641,200,1191123063,1191125641,8345800,1108357203,1191125641,8343827,1973,0,193,de9c66e7398a3b20,1191124800,1191211200,1,0,False,False
official_tgn_example,tgbn-genre,train,1191211200,41789,1191211561,200,1191210540,1191211561,8358000,1108357203,1191211561,8355489,2511,0,211,f71a90113a3c7467,1191211200,1191297600,1,0,False,False
official_tgn_example,tgbn-genre,train,1191297600,41853,1191299404,200,1191297362,1191299404,8370800,1108357203,1191299404,8368483,2317,0,222,4920f269ef6150d7,1191297600,1191384000,1,0,False,False
official_tgn_example,tgbn-genre,train,1191384000,41922,1191384724,200,1191382205,1191384724,8384600,1108357203,1191384724,8382178,2422,0,217,ec529b91ad995f4b,1191384000,1191470400,1,0,False,False
official_tgn_example,tgbn-genre,train,1191470400,41999,1191471722,200,1191469865,1191471722,8400000,1108357203,1191471722,8397649,2351,0,231,e0b1d61b42a21a4d,1191470400,1191556800,1,0,False,False
official_tgn_example,tgbn-genre,train,1191556800,42065,1191558062,200,1191556560,1191558062,8413200,1108357203,1191558062,8410457,2743,0,220,4d67a3736f79cbf8,1191556800,1191643200,1,0,False,False
official_tgn_example,tgbn-genre,train,1191643200,42131,1191643503,200,1191641645,1191643503,8426400,1108357203,1191643503,8423628,2772,0,221,9a6d21cd0471052f,1191643200,1191729600,1,0,False,False
official_tgn_example,tgbn-genre,train,1191729600,42190,1191730620,200,1191728943,1191730620,8438200,1108357203,1191730620,8435579,2621,0,192,4426ffef43da0f82,1191729600,1191816000,1,0,False,False
official_tgn_example,tgbn-genre,train,1191816000,42259,1191816843,200,1191815460,1191816843,8452000,1108357203,1191816843,8448679,3321,0,199,117e4a6e574ee039,1191816000,1191902400,1,0,False,False
official_tgn_example,tgbn-genre,train,1191902400,42332,1191902704,200,1191901863,1191902704,8466600,1108357203,1191902704,8463244,3356,0,230,757a00e4b29f1146,1191902400,1191988800,1,0,False,False
official_tgn_example,tgbn-genre,train,1191988800,42398,1191989764,200,1191988143,1191989764,8479800,1108357203,1191989764,8477268,2532,0,216,d511769fad17a623,1191988800,1192075200,1,0,False,False
official_tgn_example,tgbn-genre,train,1192075200,42464,1192077001,200,1192074780,1192077001,8493000,1108357203,1192077001,8490497,2503,0,220,e94c5f61bf984b48,1192075200,1192161600,1,0,False,False
official_tgn_example,tgbn-genre,train,1192161600,42529,1192162443,200,1192161061,1192162443,8506000,1108357203,1192162443,8503504,2496,0,231,0f285eb7adba3217,1192161600,1192248000,1,0,False,False
official_tgn_example,tgbn-genre,train,1192248000,42599,1192249680,200,1192247824,1192249680,8520000,1108357203,1192249680,8516987,3013,0,210,ec314bc38932a389,1192248000,1192334400,1,0,False,False
official_tgn_example,tgbn-genre,train,1192334400,42673,1192335304,200,1192333325,1192335304,8534800,1108357203,1192335304,8532214,2586,0,193,f58b3ea145727b71,1192334400,1192420800,1,0,False,False
official_tgn_example,tgbn-genre,train,1192420800,42735,1192421044,200,1192419361,1192421044,8547200,1108357203,1192421044,8545192,2008,0,186,6b80fa1fb339d653,1192420800,1192507200,1,0,False,False
official_tgn_example,tgbn-genre,train,1192507200,42809,1192508644,200,1192507085,1192508644,8562000,1108357203,1192508644,8558458,3542,0,212,939e09188c900d0e,1192507200,1192593600,1,0,False,False
official_tgn_example,tgbn-genre,train,1192593600,42876,1192594622,200,1192592943,1192594622,8575400,1108357203,1192594622,8572848,2552,0,222,10b65cc9a2c51dc2,1192593600,1192680000,1,0,False,False
official_tgn_example,tgbn-genre,train,1192680000,42942,1192680903,200,1192679044,1192680903,8588600,1108357203,1192680903,8586385,2215,0,217,e21d036bfee2b25e,1192680000,1192766400,1,0,False,False
official_tgn_example,tgbn-genre,train,1192766400,43011,1192767423,200,1192766041,1192767423,8602400,1108357203,1192767423,8598999,3401,0,217,5286aac92e005896,1192766400,1192852800,1,0,False,False
official_tgn_example,tgbn-genre,train,1192852800,43084,1192853280,200,1192852082,1192853280,8617000,1108357203,1192853280,8613665,3335,0,237,257fffa80d1a78fd,1192852800,1192939200,1,0,False,False
official_tgn_example,tgbn-genre,train,1192939200,43155,1192940041,200,1192938721,1192940041,8631200,1108357203,1192940041,8628612,2588,0,182,36f10e5ff6247e2d,1192939200,1193025600,1,0,False,False
official_tgn_example,tgbn-genre,train,1193025600,43210,1193026081,200,1193025003,1193026081,8642200,1108357203,1193026081,8639831,2369,0,198,934a2144a536ab9d,1193025600,1193112000,1,0,False,False
official_tgn_example,tgbn-genre,train,1193112000,43274,1193113080,200,1193111942,1193113080,8655000,1108357203,1193113080,8652441,2559,0,222,4896c2d39b0f79d1,1193112000,1193198400,1,0,False,False
official_tgn_example,tgbn-genre,train,1193198400,43343,1193200325,200,1193198285,1193200325,8668800,1108357203,1193200325,8665955,2845,0,229,69bcb14a6d361ea1,1193198400,1193284800,1,0,False,False
official_tgn_example,tgbn-genre,train,1193284800,43413,1193284860,200,1193282820,1193284860,8682800,1108357203,1193284860,8680124,2676,0,230,b0c401750f6a5438,1193284800,1193371200,1,0,False,False
official_tgn_example,tgbn-genre,train,1193371200,43483,1193372343,200,1193370965,1193372343,8696800,1108357203,1193372343,8693278,3522,0,221,dc66c419882eebaf,1193371200,1193457600,1,0,False,False
official_tgn_example,tgbn-genre,train,1193457600,43553,1193458323,200,1193456821,1193458323,8710800,1108357203,1193458323,8707918,2882,0,232,024e1cfb1ac601ec,1193457600,1193544000,1,0,False,False
official_tgn_example,tgbn-genre,train,1193544000,43614,1193544905,200,1193543283,1193544905,8723000,1108357203,1193544905,8719918,3082,0,208,7d69ab54b1bf72f8,1193544000,1193630400,1,0,False,False
official_tgn_example,tgbn-genre,train,1193630400,43684,1193631243,200,1193630224,1193631243,8737000,1108357203,1193631243,8733714,3286,0,214,8b301b46180ff7c7,1193630400,1193716800,1,0,False,False
official_tgn_example,tgbn-genre,train,1193716800,43763,1193716984,200,1193716200,1193716984,8752800,1108357203,1193716984,8749270,3530,0,218,127956b5fd998322,1193716800,1193803200,1,0,False,False
official_tgn_example,tgbn-genre,train,1193803200,43841,1193803683,200,1193802600,1193803683,8768400,1108357203,1193803683,8765253,3147,0,220,ae81c2b7c153cc18,1193803200,1193889600,1,0,False,False
official_tgn_example,tgbn-genre,train,1193889600,43918,1193890321,200,1193889541,1193890321,8783800,1108357203,1193890321,8780181,3619,0,242,f9f5f0adb0592bed,1193889600,1193976000,1,0,False,False
official_tgn_example,tgbn-genre,train,1193976000,43989,1193976364,200,1193974920,1193976364,8798000,1108357203,1193976364,8794580,3420,0,236,2b995abf53274c82,1193976000,1194062400,1,0,False,False
official_tgn_example,tgbn-genre,train,1194062400,44064,1194063002,200,1194062104,1194063002,8813000,1108357203,1194063002,8809183,3817,0,233,488633052567a4e2,1194062400,1194148800,1,0,False,False
official_tgn_example,tgbn-genre,train,1194148800,44140,1194149704,200,1194148680,1194149704,8828200,1108357203,1194149704,8824744,3456,0,215,67fb7173a8043edf,1194148800,1194238800,1,0,False,False
official_tgn_example,tgbn-genre,train,1194238800,44207,1194238922,200,1194237725,1194238922,8841600,1108357203,1194238922,8837851,3749,0,203,ee61e6694fe6b148,1194238800,1194325200,1,0,False,False
official_tgn_example,tgbn-genre,train,1194325200,44284,1194325680,200,1194324423,1194325680,8857000,1108357203,1194325680,8852176,4824,0,217,ae530e9dafd481c5,1194325200,1194411600,1,0,False,False
official_tgn_example,tgbn-genre,train,1194411600,44364,1194412265,200,1194411300,1194412265,8873000,1108357203,1194412265,8867625,5375,0,244,47d5c896b246b039,1194411600,1194498000,1,0,False,False
official_tgn_example,tgbn-genre,train,1194498000,44435,1194498725,200,1194497225,1194498725,8887200,1108357203,1194498725,8882953,4247,0,236,b1a6e8f0ed231040,1194498000,1194584400,1,0,False,False
official_tgn_example,tgbn-genre,train,1194584400,44511,1194585185,200,1194583982,1194585185,8902400,1108357203,1194585185,8897929,4471,0,236,64e2c9c0ec21abdb,1194584400,1194670800,1,0,False,False
official_tgn_example,tgbn-genre,train,1194670800,44580,1194670984,200,1194669603,1194670984,8916200,1108357203,1194670984,8912305,3895,0,217,5148468b285ec9ae,1194670800,1194757200,1,0,False,False
official_tgn_example,tgbn-genre,train,1194757200,44654,1194757384,200,1194756545,1194757384,8931000,1108357203,1194757384,8927350,3650,0,198,2f65aa451b711095,1194757200,1194843600,1,0,False,False
official_tgn_example,tgbn-genre,train,1194843600,44731,1194844021,200,1194842761,1194844021,8946400,1108357203,1194844021,8942605,3795,0,201,d998a018f48a6c41,1194843600,1194930000,1,0,False,False
official_tgn_example,tgbn-genre,train,1194930000,44806,1194930844,200,1194929700,1194930844,8961400,1108357203,1194930844,8956819,4581,0,226,6d0ddef51a3e1f5f,1194930000,1195016400,1,0,False,False
official_tgn_example,tgbn-genre,train,1195016400,44880,1195017122,200,1195015923,1195017122,8976200,1108357203,1195017122,8971977,4223,0,232,59debae76573d959,1195016400,1195102800,1,0,False,False
official_tgn_example,tgbn-genre,train,1195102800,44955,1195102862,200,1195102140,1195102862,8991200,1108357203,1195102862,8986595,4605,0,216,05bf9da8ed837885,1195102800,1195189200,1,0,False,False
official_tgn_example,tgbn-genre,train,1195189200,45037,1195190165,200,1195188485,1195190165,9007600,1108357203,1195190165,9003596,4004,0,229,88a61347ca684659,1195189200,1195275600,1,0,False,False
official_tgn_example,tgbn-genre,train,1195275600,45106,1195275665,200,1195274522,1195275665,9021400,1108357203,1195275665,9017162,4238,0,203,f3a448a1612682ea,1195275600,1195362000,1,0,False,False
official_tgn_example,tgbn-genre,train,1195362000,45172,1195362123,200,1195361160,1195362123,9034600,1108357203,1195362123,9030820,3780,0,201,462bca044fa9dbba,1195362000,1195448400,1,0,False,False
official_tgn_example,tgbn-genre,train,1195448400,45236,1195448405,200,1195447740,1195448405,9047400,1108357203,1195448405,9044316,3084,0,226,5c434d044a95c6d9,1195448400,1195534800,1,0,False,False
official_tgn_example,tgbn-genre,train,1195534800,45316,1195535885,200,1195534625,1195535885,9063400,1108357203,1195535885,9059221,4179,0,231,cee8d6c4312a2700,1195534800,1195621200,1,0,False,False
official_tgn_example,tgbn-genre,train,1195621200,45386,1195622344,200,1195621204,1195622344,9077400,1108357203,1195622344,9072875,4525,0,227,7a42243b29cf1377,1195621200,1195707600,1,0,False,False
official_tgn_example,tgbn-genre,train,1195707600,45457,1195707664,200,1195706402,1195707664,9091600,1108357203,1195707664,9087575,4025,0,231,598307402ca0985a,1195707600,1195794000,1,0,False,False
official_tgn_example,tgbn-genre,train,1195794000,45536,1195794062,200,1195793463,1195794062,9107400,1108357203,1195794062,9102895,4505,0,227,19b0a58be4afcef9,1195794000,1195880400,1,0,False,False
official_tgn_example,tgbn-genre,train,1195880400,45612,1195881061,200,1195880220,1195881061,9122600,1108357203,1195881061,9118506,4094,0,218,94786b029f13bcb7,1195880400,1195966800,1,0,False,False
official_tgn_example,tgbn-genre,train,1195966800,45687,1195967581,200,1195966684,1195967581,9137600,1108357203,1195967581,9133385,4215,0,205,3fe0d68052f47405,1195966800,1196053200,1,0,False,False
official_tgn_example,tgbn-genre,train,1196053200,45761,1196053321,200,1196052480,1196053321,9152400,1108357203,1196053321,9147640,4760,0,221,ca62eb7cc4d59f2b,1196053200,1196139600,1,0,False,False
official_tgn_example,tgbn-genre,train,1196139600,45834,1196140200,200,1196138942,1196140200,9167000,1108357203,1196140200,9163154,3846,0,221,4849789b8443a1a4,1196139600,1196226000,1,0,False,False
official_tgn_example,tgbn-genre,train,1196226000,45906,1196226842,200,1196225341,1196226842,9181400,1108357203,1196226842,9177266,4134,0,229,0070d24f6f939dae,1196226000,1196312400,1,0,False,False
official_tgn_example,tgbn-genre,train,1196312400,45983,1196312401,200,1196311322,1196312401,9196800,1108357203,1196312401,9192900,3900,0,241,46c15728415a7752,1196312400,1196398800,1,0,False,False
official_tgn_example,tgbn-genre,train,1196398800,46055,1196398920,200,1196397723,1196398920,9211200,1108357203,1196398920,9207512,3688,0,224,e0c6963fa011b913,1196398800,1196485200,1,0,False,False
official_tgn_example,tgbn-genre,train,1196485200,46133,1196485805,200,1196484840,1196485805,9226800,1108357203,1196485805,9222584,4216,0,226,8df8083a743e42df,1196485200,1196571600,1,0,False,False
official_tgn_example,tgbn-genre,train,1196571600,46224,1196572203,200,1196571424,1196572203,9245000,1108357203,1196572203,9240805,4195,0,201,6159e49a46bbb904,1196571600,1196658000,1,0,False,False
official_tgn_example,tgbn-genre,train,1196658000,46299,1196658301,200,1196657165,1196658301,9260000,1108357203,1196658301,9255660,4340,0,201,501918d637650426,1196658000,1196744400,1,0,False,False
official_tgn_example,tgbn-genre,train,1196744400,46372,1196744884,200,1196743863,1196744884,9274600,1108357203,1196744884,9270101,4499,0,221,7e7d937bdb982271,1196744400,1196830800,1,0,False,False
official_tgn_example,tgbn-genre,train,1196830800,46450,1196832600,200,1196830743,1196832600,9290200,1108357203,1196832600,9285573,4627,0,227,7e09dbe126edfea0,1196830800,1196917200,1,0,False,False
official_tgn_example,tgbn-genre,train,1196917200,46523,1196917265,200,1196916482,1196917265,9304800,1108357203,1196917265,9300793,4007,0,220,b736018430d923aa,1196917200,1197003600,1,0,False,False
official_tgn_example,tgbn-genre,train,1197003600,46592,1197004805,200,1197003301,1197004805,9318600,1108357203,1197004805,9314518,4082,0,224,4ac6c5c7bd5e9e6a,1197003600,1197090000,1,0,False,False
official_tgn_example,tgbn-genre,train,1197090000,46655,1197090721,200,1197089523,1197090721,9331200,1108357203,1197090721,9327867,3333,0,224,65e8f04b62e53f76,1197090000,1197176400,1,0,False,False
official_tgn_example,tgbn-genre,train,1197176400,46716,1197176404,200,1197175320,1197176404,9343400,1108357203,1197176404,9340422,2978,0,196,aef84d9d0c4caa84,1197176400,1197262800,1,0,False,False
official_tgn_example,tgbn-genre,train,1197262800,46783,1197263944,200,1197262384,1197263944,9356800,1108357203,1197263944,9353104,3696,0,211,2a31c5c14c9acb77,1197262800,1197349200,1,0,False,False
official_tgn_example,tgbn-genre,train,1197349200,46863,1197349445,200,1197348480,1197349445,9372800,1108357203,1197349445,9368244,4556,0,221,bb95f878a7b9ad18,1197349200,1197435600,1,0,False,False
official_tgn_example,tgbn-genre,train,1197435600,46931,1197435602,200,1197434882,1197435602,9386400,1108357203,1197435602,9382673,3727,0,238,406925eba160c628,1197435600,1197522000,1,0,False,False
official_tgn_example,tgbn-genre,train,1197522000,47006,1197522541,200,1197521221,1197522541,9401400,1108357203,1197522541,9397147,4253,0,228,6e566424c2b4dbae,1197522000,1197608400,1,0,False,False
official_tgn_example,tgbn-genre,train,1197608400,47080,1197608765,200,1197607802,1197608765,9416200,1108357203,1197608765,9412030,4170,0,199,01906ae58eaaa02d,1197608400,1197694800,1,0,False,False
official_tgn_example,tgbn-genre,train,1197694800,47156,1197695465,200,1197694381,1197695465,9431400,1108357203,1197695465,9427651,3749,0,201,751707674a55034f,1197694800,1197781200,1,0,False,False
official_tgn_example,tgbn-genre,train,1197781200,47222,1197781261,200,1197780181,1197781261,9444600,1108357203,1197781261,9441802,2798,0,184,5d83f1f697373df0,1197781200,1197867600,1,0,False,False
official_tgn_example,tgbn-genre,train,1197867600,47291,1197867724,200,1197866820,1197867724,9458400,1108357203,1197867724,9454503,3897,0,194,cf23259d44aa55c4,1197867600,1197954000,1,0,False,False
official_tgn_example,tgbn-genre,train,1197954000,47370,1197954305,200,1197953521,1197954305,9474200,1108357203,1197954305,9469596,4604,0,183,551af3a6b313a27a,1197954000,1198040400,1,0,False,False
official_tgn_example,tgbn-genre,train,1198040400,47445,1198040761,200,1198039020,1198040761,9489200,1108357203,1198040761,9486009,3191,0,175,16321dc6079f13a1,1198040400,1198126800,1,0,False,False
official_tgn_example,tgbn-genre,train,1198126800,47511,1198126860,200,1198125305,1198126860,9502400,1108357203,1198126860,9498646,3754,0,173,04765c665d7e328c,1198126800,1198213200,1,0,False,False
official_tgn_example,tgbn-genre,train,1198213200,47582,1198213382,200,1198212125,1198213382,9516600,1108357203,1198213382,9512760,3840,0,174,5b2873d7f43ecb25,1198213200,1198299600,1,0,False,False
official_tgn_example,tgbn-genre,train,1198299600,47649,1198299664,200,1198298164,1198299664,9530000,1108357203,1198299664,9526694,3306,0,177,2ed2f7456a1ac860,1198299600,1198386000,1,0,False,False
official_tgn_example,tgbn-genre,train,1198386000,47710,1198387864,200,1198385644,1198387864,9542200,1108357203,1198387864,9538704,3496,0,187,dd696ad597ef3119,1198386000,1198472400,1,0,False,False
official_tgn_example,tgbn-genre,train,1198472400,47780,1198472883,200,1198471740,1198472883,9556200,1108357203,1198472883,9551531,4669,0,192,f58c59353d4f19b9,1198472400,1198558800,1,0,False,False
official_tgn_example,tgbn-genre,train,1198558800,47840,1198560604,200,1198558623,1198560604,9568200,1108357203,1198560604,9564741,3459,0,177,ee0d28846808729e,1198558800,1198645200,1,0,False,False
official_tgn_example,tgbn-genre,train,1198645200,47887,1198646161,200,1198645084,1198646161,9577600,1108357203,1198646161,9574304,3296,0,156,4f71172556a59a3f,1198645200,1198731600,1,0,False,False
official_tgn_example,tgbn-genre,train,1198731600,47941,1198732140,200,1198731061,1198732140,9588400,1108357203,1198732140,9585051,3349,0,189,42becc6139a28fe7,1198731600,1198818000,1,0,False,False
official_tgn_example,tgbn-genre,train,1198818000,48000,1198818005,200,1198816500,1198818005,9600200,1108357203,1198818005,9596765,3435,0,209,73433435f5b43695,1198818000,1198904400,1,0,False,False
official_tgn_example,tgbn-genre,train,1198904400,48057,1198904762,200,1198903622,1198904762,9611600,1108357203,1198904762,9607914,3686,0,209,485bae20776f4430,1198904400,1198990800,1,0,False,False
official_tgn_example,tgbn-genre,train,1198990800,48120,1198991884,200,1198990145,1198991884,9624200,1108357203,1198991884,9620521,3679,0,199,91e4b9767bfeb293,1198990800,1199077200,1,0,False,False
official_tgn_example,tgbn-genre,train,1199077200,48179,1199077260,200,1199076002,1199077260,9636000,1108357203,1199077260,9632935,3065,0,198,43f2e247addd67ad,1199077200,1199163600,1,0,False,False
official_tgn_example,tgbn-genre,train,1199163600,48238,1199164021,200,1199162581,1199164021,9647800,1108357203,1199164021,9644910,2890,0,207,82975adc55541117,1199163600,1199250000,1,0,False,False
official_tgn_example,tgbn-genre,train,1199250000,48291,1199251321,200,1199249705,1199251321,9658400,1108357203,1199251321,9655439,2961,0,217,89bdd10046b15fec,1199250000,1199336400,1,0,False,False
official_tgn_example,tgbn-genre,train,1199336400,48355,1199337962,200,1199336282,1199337962,9671200,1108357203,1199337962,9667013,4187,0,220,a9246a8b34ae400d,1199336400,1199422800,1,0,False,False
official_tgn_example,tgbn-genre,train,1199422800,48427,1199423044,200,1199421663,1199423044,9685600,1108357203,1199423044,9681338,4262,0,220,6b7b18a2d3b82952,1199422800,1199509200,1,0,False,False
official_tgn_example,tgbn-genre,train,1199509200,48494,1199509921,200,1199508725,1199509921,9699000,1108357203,1199509921,9694615,4385,0,217,b2504a933f999b3f,1199509200,1199595600,1,0,False,False
official_tgn_example,tgbn-genre,train,1199595600,48553,1199596441,200,1199595422,1199596441,9710800,1108357203,1199596441,9707578,3222,0,222,804bcb274e03b359,1199595600,1199682000,1,0,False,False
official_tgn_example,tgbn-genre,train,1199682000,48616,1199682901,200,1199681883,1199682901,9723400,1108357203,1199682901,9719629,3771,0,210,a6fc6fa3022779ba,1199682000,1199768400,1,0,False,False
official_tgn_example,tgbn-genre,train,1199768400,48675,1199768821,200,1199767320,1199768821,9735200,1108357203,1199768821,9731944,3256,0,236,273728b41d06a08a,1199768400,1199854800,1,0,False,False
official_tgn_example,tgbn-genre,train,1199854800,48740,1199854864,200,1199853725,1199854864,9748200,1108357203,1199854864,9744568,3632,0,221,b47d52d5a9fccfde,1199854800,1199941200,1,0,False,False
official_tgn_example,tgbn-genre,train,1199941200,48807,1199942821,200,1199940965,1199942821,9761600,1108357203,1199942821,9758036,3564,0,218,ae7469f73700b56b,1199941200,1200027600,1,0,False,False
official_tgn_example,tgbn-genre,train,1200027600,48871,1200028742,200,1200027000,1200028742,9774400,1108357203,1200028742,9770920,3480,0,212,de42e367593c8004,1200027600,1200114000,1,0,False,False
official_tgn_example,tgbn-genre,train,1200114000,48942,1200115025,200,1200113641,1200115025,9788600,1108357203,1200115025,9784656,3944,0,214,5b1ff33a5fc1373a,1200114000,1200200400,1,0,False,False
official_tgn_example,tgbn-genre,train,1200200400,49008,1200201004,200,1200199681,1200201004,9801800,1108357203,1200201004,9798067,3733,0,200,011c7facf35a1ca0,1200200400,1200286800,1,0,False,False
official_tgn_example,tgbn-genre,train,1200286800,49068,1200287285,200,1200285900,1200287285,9813800,1108357203,1200287285,9809981,3819,0,210,5ab5910ae72795da,1200286800,1200373200,1,0,False,False
official_tgn_example,tgbn-genre,train,1200373200,49138,1200373381,200,1200372065,1200373381,9827800,1108357203,1200373381,9823427,4373,0,219,707f8b837861bef9,1200373200,1200459600,1,0,False,False
official_tgn_example,tgbn-genre,train,1200459600,49217,1200460441,200,1200459300,1200460441,9843600,1108357203,1200460441,9838508,5092,0,222,579c19d2234e9533,1200459600,1200546000,1,0,False,False
official_tgn_example,tgbn-genre,train,1200546000,49289,1200547084,200,1200545404,1200547084,9858000,1108357203,1200547084,9853157,4843,0,234,38c18a21475d2e24,1200546000,1200632400,1,0,False,False
official_tgn_example,tgbn-genre,train,1200632400,49355,1200633542,200,1200631805,1200633542,9871200,1108357203,1200633542,9866739,4461,0,215,e8d097ee8f084555,1200632400,1200718800,1,0,False,False
official_tgn_example,tgbn-genre,train,1200718800,49424,1200719585,200,1200718503,1200719585,9885000,1108357203,1200719585,9880421,4579,0,224,a782dbe75f4ce632,1200718800,1200805200,1,0,False,False
official_tgn_example,tgbn-genre,train,1200805200,49488,1200806044,200,1200805142,1200806044,9897800,1108357203,1200806044,9894239,3561,0,205,53af4e4a0c8acef4,1200805200,1200891600,1,0,False,False
official_tgn_example,tgbn-genre,train,1200891600,49555,1200892504,200,1200891361,1200892504,9911200,1108357203,1200892504,9907677,3523,0,217,c3235ad1cf2294b1,1200891600,1200978000,1,0,False,False
official_tgn_example,tgbn-genre,train,1200978000,49627,1200978904,200,1200977825,1200978904,9925600,1108357203,1200978904,9921625,3975,0,221,b55a1ff21c0312be,1200978000,1201064400,1,0,False,False
official_tgn_example,tgbn-genre,train,1201064400,49698,1201065123,200,1201063921,1201065123,9939800,1108357203,1201065123,9935655,4145,0,225,3b28dc854f6254eb,1201064400,1201150800,1,0,False,False
official_tgn_example,tgbn-genre,train,1201150800,49768,1201151220,200,1201149840,1201151220,9953800,1108357203,1201151220,9950332,3468,0,244,0f89c77d5a5def30,1201150800,1201237200,1,0,False,False
official_tgn_example,tgbn-genre,train,1201237200,49834,1201237380,200,1201236122,1201237380,9967000,1108357203,1201237380,9963330,3670,0,218,81646af01aad1c55,1201237200,1201323600,1,0,False,False
official_tgn_example,tgbn-genre,train,1201323600,49903,1201324803,200,1201323420,1201324803,9980800,1108357203,1201324803,9977751,3049,0,207,ae786ea760dd39d4,1201323600,1201410000,1,0,False,False
official_tgn_example,tgbn-genre,train,1201410000,49973,1201410302,200,1201409461,1201410302,9994800,1108357203,1201410302,9990815,3985,0,193,2f01185f16612b0c,1201410000,1201496400,1,0,False,False
official_tgn_example,tgbn-genre,train,1201496400,50050,1201497721,200,1201496223,1201497721,10010200,1108357203,1201497721,10005743,4457,0,201,022cd309e8fc843f,1201496400,1201582800,1,0,False,False
official_tgn_example,tgbn-genre,train,1201582800,50111,1201583760,200,1201581540,1201583760,10022400,1108357203,1201583760,10019034,3366,0,210,9caa1260e9a4049b,1201582800,1201669200,1,0,False,False
official_tgn_example,tgbn-genre,train,1201669200,50182,1201670221,200,1201668781,1201670221,10036600,1108357203,1201670221,10031939,4661,0,231,3e794128e33ebf07,1201669200,1201755600,1,0,False,False
official_tgn_example,tgbn-genre,train,1201755600,50257,1201755661,200,1201754102,1201755661,10051600,1108357203,1201755661,10047631,3969,0,222,1ac8e5aa77ee4eee,1201755600,1201842000,1,0,False,False
official_tgn_example,tgbn-genre,train,1201842000,50319,1201842901,200,1201841942,1201842901,10064000,1108357203,1201842901,10060443,3557,0,221,6a3be7b8ee3824c5,1201842000,1201928400,1,0,False,False
official_tgn_example,tgbn-genre,train,1201928400,50377,1201929362,200,1201927861,1201929362,10075600,1108357203,1201929362,10072389,3211,0,215,6e25cff3d01699f5,1201928400,1202014800,1,0,False,False
official_tgn_example,tgbn-genre,train,1202014800,50453,1202015164,200,1202013724,1202015164,10090800,1108357203,1202015164,10086431,4369,0,195,3772b53b9238c0ff,1202014800,1202101200,1,0,False,False
official_tgn_example,tgbn-genre,train,1202101200,50521,1202102403,200,1202101083,1202102403,10104400,1108357203,1202102403,10100677,3723,0,193,91b88cc2f5c9f9be,1202101200,1202187600,1,0,False,False
official_tgn_example,tgbn-genre,train,1202187600,50588,1202188805,200,1202186884,1202188805,10117800,1108357203,1202188805,10113956,3844,0,225,517f985c7aaf27bd,1202187600,1202274000,1,0,False,False
official_tgn_example,tgbn-genre,train,1202274000,50664,1202274241,200,1202272924,1202274241,10133000,1108357203,1202274241,10128605,4395,0,234,b153058a66296db4,1202274000,1202360400,1,0,False,False
official_tgn_example,tgbn-genre,train,1202360400,50730,1202361961,200,1202360340,1202361961,10146200,1108357203,1202361961,10142798,3402,0,226,bb902e53d6bbc009,1202360400,1202446800,1,0,False,False
official_tgn_example,tgbn-genre,train,1202446800,50801,1202447281,200,1202446140,1202447281,10160400,1108357203,1202447281,10156298,4102,0,225,f537deb618a1cf62,1202446800,1202533200,1,0,False,False
official_tgn_example,tgbn-genre,train,1202533200,50868,1202534465,200,1202532240,1202534465,10173800,1108357203,1202534465,10170099,3701,0,207,4898baf39426888e,1202533200,1202619600,1,0,False,False
official_tgn_example,tgbn-genre,train,1202619600,50934,1202620501,200,1202618943,1202620501,10187000,1108357203,1202620501,10183663,3337,0,186,2512c3d65ed92ba3,1202619600,1202706000,1,0,False,False
official_tgn_example,tgbn-genre,train,1202706000,51002,1202707021,200,1202705761,1202707021,10200600,1108357203,1202707021,10196673,3927,0,202,2bc07281af3c3bdc,1202706000,1202792400,1,0,False,False
official_tgn_example,tgbn-genre,train,1202792400,51077,1202792705,200,1202791860,1202792705,10215600,1108357203,1202792705,10211268,4332,0,209,20a6c1958520a3f4,1202792400,1202878800,1,0,False,False
official_tgn_example,tgbn-genre,train,1202878800,51148,1202879225,200,1202878440,1202879225,10229800,1108357203,1202879225,10225379,4421,0,210,857598857c9e2d42,1202878800,1202965200,1,0,False,False
official_tgn_example,tgbn-genre,train,1202965200,51225,1202965800,200,1202964302,1202965800,10245200,1108357203,1202965800,10240993,4207,0,228,1c60556b0dc334ab,1202965200,1203051600,1,0,False,False
official_tgn_example,tgbn-genre,train,1203051600,51300,1203052022,200,1203051000,1203052022,10260200,1108357203,1203052022,10256476,3724,0,219,18ab4bafa4db5e85,1203051600,1203138000,1,0,False,False
official_tgn_example,tgbn-genre,train,1203138000,51371,1203139080,200,1203137822,1203139080,10274400,1108357203,1203139080,10271016,3384,0,213,042113898abf3244,1203138000,1203224400,1,0,False,False
official_tgn_example,tgbn-genre,train,1203224400,51435,1203225905,200,1203224223,1203225905,10287200,1108357203,1203225905,10284301,2899,0,192,9cbdba897aaa62c4,1203224400,1203310800,1,0,False,False
official_tgn_example,tgbn-genre,train,1203310800,51499,1203310982,200,1203308880,1203310982,10300000,1108357203,1203310982,10296214,3786,0,199,d8bd6456b69a599c,1203310800,1203397200,1,0,False,False
official_tgn_example,tgbn-genre,train,1203397200,51573,1203397802,200,1203396543,1203397802,10314800,1108357203,1203397802,10310170,4630,0,206,8d614e34205406a2,1203397200,1203483600,1,0,False,False
official_tgn_example,tgbn-genre,train,1203483600,51647,1203484861,200,1203482825,1203484861,10329600,1108357203,1203484861,10325747,3853,0,226,5d9a89e3a2c46b0b,1203483600,1203570000,1,0,False,False
official_tgn_example,tgbn-genre,train,1203570000,51723,1203570240,200,1203569280,1203570240,10344800,1108357203,1203570240,10339785,5015,0,231,9f6e2a69d6e93b77,1203570000,1203656400,1,0,False,False
official_tgn_example,tgbn-genre,train,1203656400,51796,1203657185,200,1203656045,1203657185,10359400,1108357203,1203657185,10354861,4539,0,228,3474dc47c4e2acd1,1203656400,1203742800,1,0,False,False
official_tgn_example,tgbn-genre,train,1203742800,51870,1203743345,200,1203742205,1203743345,10374200,1108357203,1203743345,10369727,4473,0,226,0eb11a0fffd0d50e,1203742800,1203829200,1,0,False,False
official_tgn_example,tgbn-genre,train,1203829200,51938,1203829325,200,1203828540,1203829325,10387800,1108357203,1203829325,10383420,4380,0,199,59d210acb1291e2b,1203829200,1203915600,1,0,False,False
official_tgn_example,tgbn-genre,train,1203915600,52009,1203916984,200,1203915062,1203916984,10402000,1108357203,1203916984,10397962,4038,0,210,d7ec643dd7b93769,1203915600,1204002000,1,0,False,False
official_tgn_example,tgbn-genre,train,1204002000,52072,1204002544,200,1204001583,1204002544,10414600,1108357203,1204002544,10410762,3838,0,231,1994124db63e334f,1204002000,1204088400,1,0,False,False
official_tgn_example,tgbn-genre,train,1204088400,52144,1204088525,200,1204087623,1204088525,10429000,1108357203,1204088525,10425123,3877,0,238,6ae82b3e97c002fa,1204088400,1204174800,1,0,False,False
official_tgn_example,tgbn-genre,train,1204174800,52214,1204175700,200,1204174082,1204175700,10443000,1108357203,1204175700,10438974,4026,0,216,8d2589f4050ec47c,1204174800,1204261200,1,0,False,False
official_tgn_example,tgbn-genre,train,1204261200,52279,1204262220,200,1204261082,1204262220,10456000,1108357203,1204262220,10451989,4011,0,223,ebbf7267f8d93ac7,1204261200,1204347600,1,0,False,False
official_tgn_example,tgbn-genre,train,1204347600,52342,1204349281,200,1204347481,1204349281,10468600,1108357203,1204349281,10464864,3736,0,231,0bb4a95a2dbf4dfb,1204347600,1204434000,1,0,False,False
official_tgn_example,tgbn-genre,train,1204434000,52403,1204434664,200,1204433042,1204434664,10480800,1108357203,1204434664,10477733,3067,0,196,ea7b1b9cdc6513ee,1204434000,1204520400,1,0,False,False
official_tgn_example,tgbn-genre,train,1204520400,52469,1204520884,200,1204520224,1204520884,10494000,1108357203,1204520884,10489818,4182,0,209,07218ff0401c8d88,1204520400,1204606800,1,0,False,False
official_tgn_example,tgbn-genre,train,1204606800,52534,1204607224,200,1204605781,1204607224,10507000,1108357203,1204607224,10502820,4180,0,215,bac80829065ef3ab,1204606800,1204693200,1,0,False,False
official_tgn_example,tgbn-genre,train,1204693200,52600,1204693864,200,1204692780,1204693864,10520200,1108357203,1204693864,10516259,3941,0,219,23395e63c5e2e5f9,1204693200,1204779600,1,0,False,False
official_tgn_example,tgbn-genre,train,1204779600,52665,1204780624,200,1204779543,1204780624,10533200,1108357203,1204780624,10529121,4079,0,242,4451ed8ea77b5419,1204779600,1204866000,1,0,False,False
official_tgn_example,tgbn-genre,train,1204866000,52730,1204867025,200,1204865764,1204867025,10546200,1108357203,1204867025,10542218,3982,0,224,a39bacad0b460efe,1204866000,1204952400,1,0,False,False
official_tgn_example,tgbn-genre,train,1204952400,52800,1204953540,200,1204952343,1204953540,10560200,1108357203,1204953540,10556295,3905,0,206,7c4e560f66b7a49a,1204952400,1205038800,1,0,False,False
official_tgn_example,tgbn-genre,train,1205038800,52870,1205040065,200,1205038563,1205040065,10574200,1108357203,1205040065,10570039,4161,0,193,66b3af62292cfedf,1205038800,1205121600,1,0,False,False
official_tgn_example,tgbn-genre,train,1205121600,52939,1205121960,200,1205120821,1205121960,10588000,1108357203,1205121960,10585147,2853,0,189,163a8d7316486a5b,1205121600,1205208000,1,0,False,False
official_tgn_example,tgbn-genre,train,1205208000,53004,1205208002,200,1205206682,1205208002,10601000,1108357203,1205208002,10598074,2926,0,209,1c2db43280e3dc2b,1205208000,1205294400,1,0,False,False
official_tgn_example,tgbn-genre,train,1205294400,53081,1205295300,200,1205293985,1205295300,10616400,1108357203,1205295300,10612581,3819,0,224,414e917212f338b1,1205294400,1205380800,1,0,False,False
official_tgn_example,tgbn-genre,train,1205380800,53154,1205381940,200,1205380561,1205381940,10631000,1108357203,1205381940,10627744,3256,0,222,75296741e4e1ad1f,1205380800,1205467200,1,0,False,False
official_tgn_example,tgbn-genre,train,1205467200,53228,1205469125,200,1205467200,1205469125,10645800,1108357203,1205469125,10642375,3425,0,221,146acdb0d76bcd73,1205467200,1205553600,1,0,False,False
official_tgn_example,tgbn-genre,train,1205553600,53295,1205554621,200,1205553124,1205554621,10659200,1108357203,1205554621,10655953,3247,0,189,22632cbda64e092f,1205553600,1205640000,1,0,False,False
official_tgn_example,tgbn-genre,train,1205640000,53372,1205640725,200,1205639945,1205640725,10674600,1108357203,1205640725,10671324,3276,0,190,0733e675daafc6d0,1205640000,1205726400,1,0,False,False
official_tgn_example,tgbn-genre,train,1205726400,53448,1205727485,200,1205726045,1205727485,10689800,1108357203,1205727485,10687227,2573,0,191,3321f80da98083da,1205726400,1205812800,1,0,False,False
official_tgn_example,tgbn-genre,train,1205812800,53522,1205813702,200,1205812565,1205813702,10704600,1108357203,1205813702,10701289,3311,0,213,35f7717990cf3ce1,1205812800,1205899200,1,0,False,False
official_tgn_example,tgbn-genre,train,1205899200,53596,1205899982,200,1205899140,1205899982,10719400,1108357203,1205899982,10716428,2972,0,221,35e98653209becea,1205899200,1205985600,1,0,False,False
official_tgn_example,tgbn-genre,train,1205985600,53667,1205986740,200,1205985065,1205986740,10733600,1108357203,1205986740,10730694,2906,0,211,ea95be2c456acb78,1205985600,1206072000,1,0,False,False
official_tgn_example,tgbn-genre,train,1206072000,53741,1206072124,200,1206070980,1206072124,10748400,1108357203,1206072124,10745087,3313,0,224,aa02f0f1d743b0b4,1206072000,1206158400,1,0,False,False
official_tgn_example,tgbn-genre,train,1206158400,53815,1206159005,200,1206157802,1206159005,10763200,1108357203,1206159005,10759479,3721,0,220,06c2005d581ec1c8,1206158400,1206244800,1,0,False,False
official_tgn_example,tgbn-genre,train,1206244800,53887,1206245400,200,1206243903,1206245400,10777600,1108357203,1206245400,10774142,3458,0,182,bc76d53fd0021769,1206244800,1206331200,1,0,False,False
official_tgn_example,tgbn-genre,train,1206331200,53957,1206332223,200,1206331144,1206332223,10791600,1108357203,1206332223,10787926,3674,0,194,38a6c0fe27e10e4c,1206331200,1206417600,1,0,False,False
official_tgn_example,tgbn-genre,train,1206417600,54033,1206418262,200,1206417302,1206418262,10806800,1108357203,1206418262,10803531,3269,0,219,56ca8e40d64d9e50,1206417600,1206504000,1,0,False,False
official_tgn_example,tgbn-genre,train,1206504000,54109,1206504782,200,1206503401,1206504782,10822000,1108357203,1206504782,10818667,3333,0,240,1819c34e8eeb67c7,1206504000,1206590400,1,0,False,False
official_tgn_example,tgbn-genre,train,1206590400,54176,1206591181,200,1206590103,1206591181,10835400,1108357203,1206591181,10832820,2580,0,218,de020024b71e05fc,1206590400,1206676800,1,0,False,False
official_tgn_example,tgbn-genre,train,1206676800,54240,1206677224,200,1206675904,1206677224,10848200,1108357203,1206677224,10845154,3046,0,231,6b40e9a79c8a03f9,1206676800,1206763200,1,0,False,False
official_tgn_example,tgbn-genre,train,1206763200,54308,1206763922,200,1206761702,1206763922,10861800,1108357203,1206763922,10859028,2772,0,208,6bf077311d5eca2e,1206763200,1206849600,1,0,False,False
official_tgn_example,tgbn-genre,train,1206849600,54366,1206849903,200,1206848523,1206849903,10873400,1108357203,1206849903,10870574,2826,0,197,7bb359bdbdaffd62,1206849600,1206936000,1,0,False,False
official_tgn_example,tgbn-genre,train,1206936000,54428,1206936544,200,1206935342,1206936544,10885800,1108357203,1206936544,10883336,2464,0,199,83bb676551ebb721,1206936000,1207022400,1,0,False,False
official_tgn_example,tgbn-genre,train,1207022400,54493,1207023181,200,1207022105,1207023181,10898800,1108357203,1207023181,10896116,2684,0,213,1da4c0983f8bfb6d,1207022400,1207108800,1,0,False,False
official_tgn_example,tgbn-genre,train,1207108800,54557,1207108925,200,1207107121,1207108925,10911600,1108357203,1207108925,10909048,2552,0,214,5d5dbc0bca3bdfd7,1207108800,1207195200,1,0,False,False
official_tgn_example,tgbn-genre,train,1207195200,54621,1207195261,200,1207193165,1207195261,10924400,1108357203,1207195261,10922416,1984,0,212,0807ea20255f2a24,1207195200,1207281600,1,0,False,False
official_tgn_example,tgbn-genre,train,1207281600,54698,1207281662,200,1207280581,1207281662,10939800,1108357203,1207281662,10936202,3598,0,217,926b30765ecc9e69,1207281600,1207368000,1,0,False,False
official_tgn_example,tgbn-genre,train,1207368000,54758,1207368605,200,1207367163,1207368605,10951800,1108357203,1207368605,10949265,2535,0,208,84e7563961602acf,1207368000,1207454400,1,0,False,False
official_tgn_example,tgbn-genre,train,1207454400,54821,1207454642,200,1207453441,1207454642,10964400,1108357203,1207454642,10961792,2608,0,194,abeb6753a804d14a,1207454400,1207540800,1,0,False,False
official_tgn_example,tgbn-genre,train,1207540800,54886,1207541580,200,1207540383,1207541580,10977400,1108357203,1207541580,10974843,2557,0,193,42054c3183359334,1207540800,1207627200,1,0,False,False
official_tgn_example,tgbn-genre,train,1207627200,54949,1207627860,200,1207626604,1207627860,10990000,1108357203,1207627860,10987182,2818,0,211,420be55e13b45701,1207627200,1207713600,1,0,False,False
official_tgn_example,tgbn-genre,train,1207713600,55014,1207714084,200,1207712764,1207714084,11003000,1108357203,1207714084,11000104,2896,0,220,392fa50f444c33db,1207713600,1207800000,1,0,False,False
official_tgn_example,tgbn-genre,train,1207800000,55085,1207800542,200,1207798382,1207800542,11017200,1108357203,1207800542,11014423,2777,0,205,5a52ee8d4f55f10b,1207800000,1207886400,1,0,False,False
official_tgn_example,tgbn-genre,train,1207886400,55150,1207888320,200,1207886222,1207888320,11030200,1108357203,1207888320,11027192,3008,0,214,ab02df1237411e0c,1207886400,1207972800,1,0,False,False
official_tgn_example,tgbn-genre,train,1207972800,55209,1207973701,200,1207972745,1207973701,11042000,1108357203,1207973701,11039130,2870,0,212,1e1d850163e14f58,1207972800,1208059200,1,0,False,False
official_tgn_example,tgbn-genre,train,1208059200,55264,1208059923,200,1208057760,1208059923,11053000,1108357203,1208059923,11050889,2111,0,174,d2b3cc0386ecab71,1208059200,1208145600,1,0,False,False
official_tgn_example,tgbn-genre,train,1208145600,55328,1208145781,200,1208144462,1208145781,11065800,1108357203,1208145781,11063213,2587,0,197,029be080b80fa9b8,1208145600,1208232000,1,0,False,False
official_tgn_example,tgbn-genre,train,1208232000,55395,1208233860,200,1208231763,1208233860,11079200,1108357203,1208233860,11076252,2948,0,199,77cb0c5ee8b1361f,1208232000,1208318400,1,0,False,False
official_tgn_example,tgbn-genre,train,1208318400,55459,1208319004,200,1208316541,1208319004,11092000,1108357203,1208319004,11089606,2394,0,204,2ec57f01114418e1,1208318400,1208404800,1,0,False,False
official_tgn_example,tgbn-genre,train,1208404800,55524,1208404805,200,1208403425,1208404805,11105000,1108357203,1208404805,11102012,2988,0,209,56c6d068158a09b2,1208404800,1208491200,1,0,False,False
official_tgn_example,tgbn-genre,train,1208491200,55594,1208491321,200,1208490242,1208491321,11119000,1108357203,1208491321,11116429,2571,0,209,b619c78e21471024,1208491200,1208577600,1,0,False,False
official_tgn_example,tgbn-genre,train,1208577600,55660,1208577840,200,1208576165,1208577840,11132200,1108357203,1208577840,11129765,2435,0,207,80e2e12c76c95d37,1208577600,1208664000,1,0,False,False
official_tgn_example,tgbn-genre,train,1208664000,55725,1208665382,200,1208663221,1208665382,11145200,1108357203,1208665382,11142784,2416,0,197,ae68cdcac6dfaeea,1208664000,1208750400,1,0,False,False
official_tgn_example,tgbn-genre,train,1208750400,55792,1208750881,200,1208749864,1208750881,11158600,1108357203,1208750881,11155928,2672,0,206,3c9e1c818742f047,1208750400,1208836800,1,0,False,False
official_tgn_example,tgbn-genre,train,1208836800,55863,1208837283,200,1208835361,1208837283,11172800,1108357203,1208837283,11170057,2743,0,218,e42b71146bf9c4ea,1208836800,1208923200,1,0,False,False
official_tgn_example,tgbn-genre,train,1208923200,55930,1208923561,200,1208922061,1208923561,11186200,1108357203,1208923561,11183594,2606,0,230,1749e785d7419ef5,1208923200,1209009600,1,0,False,False
official_tgn_example,tgbn-genre,train,1209009600,56004,1209010381,200,1209009060,1209010381,11201000,1108357203,1209010381,11197950,3050,0,206,e040f004e1f2c94e,1209009600,1209096000,1,0,False,False
official_tgn_example,tgbn-genre,train,1209096000,56081,1209096902,200,1209095764,1209096902,11216400,1108357203,1209096902,11213281,3119,0,212,0239f8ef69adcbb0,1209096000,1209182400,1,0,False,False
official_tgn_example,tgbn-genre,train,1209182400,56144,1209183243,200,1209181624,1209183243,11229000,1108357203,1209183243,11226470,2530,0,196,23355bb2614ea0f6,1209182400,1209268800,1,0,False,False
official_tgn_example,tgbn-genre,train,1209268800,56213,1209269104,200,1209268202,1209269104,11242800,1108357203,1209269104,11239883,2917,0,171,38606354213bd037,1209268800,1209355200,1,0,False,False
official_tgn_example,tgbn-genre,train,1209355200,56282,1209355501,200,1209354062,1209355501,11256600,1108357203,1209355501,11253989,2611,0,184,fa8efc7d5d69a9fd,1209355200,1209441600,1,0,False,False
official_tgn_example,tgbn-genre,train,1209441600,56355,1209442384,200,1209441420,1209442384,11271200,1108357203,1209442384,11268304,2896,0,205,dfed74ed21d03e66,1209441600,1209528000,1,0,False,False
official_tgn_example,tgbn-genre,train,1209528000,56425,1209528664,200,1209526860,1209528664,11285200,1108357203,1209528664,11282704,2496,0,213,1e767f5a9af495c1,1209528000,1209614400,1,0,False,False
official_tgn_example,tgbn-genre,train,1209614400,56484,1209614581,200,1209613261,1209614581,11297000,1108357203,1209614581,11294484,2516,0,200,9579936b021aa9b4,1209614400,1209700800,1,0,False,False
official_tgn_example,tgbn-genre,train,1209700800,56563,1209700865,200,1209699244,1209700865,11312800,1108357203,1209700865,11309813,2987,0,200,f563218d640fc049,1209700800,1209787200,1,0,False,False
official_tgn_example,tgbn-genre,train,1209787200,56634,1209787320,200,1209786002,1209787320,11327000,1108357203,1209787320,11324668,2332,0,206,3d55f2960e7ca96a,1209787200,1209873600,1,0,False,False
official_tgn_example,tgbn-genre,train,1209873600,56702,1209874025,200,1209872885,1209874025,11340600,1108357203,1209874025,11337782,2818,0,196,660bd3ba23a78ba3,1209873600,1209960000,1,0,False,False
official_tgn_example,tgbn-genre,train,1209960000,56762,1209961021,200,1209959345,1209961021,11352600,1108357203,1209961021,11350442,2158,0,197,b7b6cd3283140c38,1209960000,1210046400,1,0,False,False
official_tgn_example,tgbn-genre,train,1210046400,56827,1210047362,200,1210045624,1210047362,11365600,1108357203,1210047362,11362743,2857,0,212,1b159a5b12f0f661,1210046400,1210132800,1,0,False,False
official_tgn_example,tgbn-genre,train,1210132800,56896,1210133702,200,1210131605,1210133702,11379400,1108357203,1210133702,11376543,2857,0,227,864d9ae27ecd30a3,1210132800,1210219200,1,0,False,False
official_tgn_example,tgbn-genre,train,1210219200,56962,1210220585,200,1210219200,1210220585,11392600,1108357203,1210220585,11389648,2952,0,220,e61ad0d75e6d237e,1210219200,1210305600,1,0,False,False
official_tgn_example,tgbn-genre,train,1210305600,57028,1210305905,200,1210303863,1210305905,11405800,1108357203,1210305905,11403419,2381,0,218,6febf942523e1410,1210305600,1210392000,1,0,False,False
official_tgn_example,tgbn-genre,train,1210392000,57096,1210392244,200,1210391162,1210392244,11419400,1108357203,1210392244,11415957,3443,0,210,65e0220b61ad8c45,1210392000,1210478400,1,0,False,False
official_tgn_example,tgbn-genre,train,1210478400,57164,1210478763,200,1210477985,1210478763,11433000,1108357203,1210478763,11430025,2975,0,202,7f44963533eea6ee,1210478400,1210564800,1,0,False,False
official_tgn_example,tgbn-genre,train,1210564800,57232,1210565282,200,1210564443,1210565282,11446600,1108357203,1210565282,11444283,2317,0,214,93caa947576dc0e2,1210564800,1210651200,1,0,False,False
official_tgn_example,tgbn-genre,train,1210651200,57305,1210651324,200,1210650060,1210651324,11461200,1108357203,1210651324,11458178,3022,0,218,5501f33a2ad06286,1210651200,1210737600,1,0,False,False
official_tgn_example,tgbn-genre,train,1210737600,57378,1210737960,200,1210736285,1210737960,11475800,1108357203,1210737960,11472921,2879,0,212,a266b2f653bb3e13,1210737600,1210824000,1,0,False,False
official_tgn_example,tgbn-genre,train,1210824000,57460,1210824780,200,1210823583,1210824780,11492200,1108357203,1210824780,11488848,3352,0,228,468d3106e55d23fd,1210824000,1210910400,1,0,False,False
official_tgn_example,tgbn-genre,train,1210910400,57538,1210910881,200,1210909925,1210910881,11507800,1108357203,1210910881,11504110,3690,0,231,8dc86c5d6fd26042,1210910400,1210996800,1,0,False,False
official_tgn_example,tgbn-genre,train,1210996800,57608,1210996804,200,1210995362,1210996804,11521800,1108357203,1210996804,11519132,2668,0,227,4a82470d88084d8b,1210996800,1211083200,1,0,False,False
official_tgn_example,tgbn-genre,train,1211083200,57677,1211083504,200,1211081940,1211083504,11535600,1108357203,1211083504,11532997,2603,0,206,55bf933354e0feec,1211083200,1211169600,1,0,False,False
official_tgn_example,tgbn-genre,train,1211169600,57752,1211169965,200,1211169001,1211169965,11550600,1108357203,1211169965,11547643,2957,0,204,2af1d286b4b58f37,1211169600,1211256000,1,0,False,False
official_tgn_example,tgbn-genre,train,1211256000,57834,1211257382,200,1211255820,1211257382,11567000,1108357203,1211257382,11563894,3106,0,214,a2874ecf1a76a6dd,1211256000,1211342400,1,0,False,False
official_tgn_example,tgbn-genre,train,1211342400,57903,1211342583,200,1211341084,1211342583,11580800,1108357203,1211342583,11577880,2920,0,230,d154f81e47ec5ead,1211342400,1211428800,1,0,False,False
official_tgn_example,tgbn-genre,train,1211428800,57987,1211429700,200,1211428565,1211429700,11597600,1108357203,1211429700,11594167,3433,0,237,0ecfa05f97fc8e10,1211428800,1211515200,1,0,False,False
official_tgn_example,tgbn-genre,train,1211515200,58065,1211515980,200,1211514842,1211515980,11613200,1108357203,1211515980,11609687,3513,0,232,71ec56763b399976,1211515200,1211601600,1,0,False,False
official_tgn_example,tgbn-genre,train,1211601600,58144,1211602025,200,1211600764,1211602025,11629000,1108357203,1211602025,11625920,3080,0,226,add729c44718a976,1211601600,1211688000,1,0,False,False
official_tgn_example,tgbn-genre,train,1211688000,58224,1211688901,200,1211687822,1211688901,11645000,1108357203,1211688901,11642064,2936,0,198,3459b0d471b2fef4,1211688000,1211774400,1,0,False,False
official_tgn_example,tgbn-genre,train,1211774400,58298,1211774762,200,1211773800,1211774762,11659800,1108357203,1211774762,11656371,3429,0,210,4df01b55fb825d4b,1211774400,1211860800,1,0,False,False
official_tgn_example,tgbn-genre,train,1211860800,58385,1211861525,200,1211860383,1211861525,11677200,1108357203,1211861525,11673796,3404,0,229,2a670b1f54917698,1211860800,1211947200,1,0,False,False
official_tgn_example,tgbn-genre,train,1211947200,58478,1211947742,200,1211947022,1211947742,11695800,1108357203,1211947742,11691956,3844,0,225,41eeec0c7a23a30a,1211947200,1212033600,1,0,False,False
official_tgn_example,tgbn-genre,train,1212033600,58556,1212034924,200,1212033365,1212034924,11711400,1108357203,1212034924,11708296,3104,0,226,07dcbd2790956da8,1212033600,1212120000,1,0,False,False
official_tgn_example,tgbn-genre,train,1212120000,58637,1212120002,200,1212119160,1212120002,11727600,1108357203,1212120002,11723983,3617,0,234,c028ab863d13e3fb,1212120000,1212206400,1,0,False,False
official_tgn_example,tgbn-genre,train,1212206400,58724,1212206583,200,1212205263,1212206583,11745000,1108357203,1212206583,11741715,3285,0,233,337de0dd372c4743,1212206400,1212292800,1,0,False,False
official_tgn_example,tgbn-genre,train,1212292800,58799,1212293102,200,1212292142,1212293102,11760000,1108357203,1212293102,11756984,3016,0,192,9cbfecbe8ef98fb0,1212292800,1212379200,1,0,False,False
official_tgn_example,tgbn-genre,train,1212379200,58877,1212379865,200,1212378603,1212379865,11775600,1108357203,1212379865,11772199,3401,0,190,e51134e454d520fc,1212379200,1212465600,1,0,False,False
official_tgn_example,tgbn-genre,train,1212465600,58969,1212465840,200,1212464881,1212465840,11794000,1108357203,1212465840,11789986,4014,0,212,dd390c77527516c2,1212465600,1212552000,1,0,False,False
official_tgn_example,tgbn-genre,train,1212552000,59071,1212552841,200,1212551401,1212552841,11814400,1108357203,1212552841,11810587,3813,0,219,81b85161345b742c,1212552000,1212638400,1,0,False,False
official_tgn_example,tgbn-genre,train,1212638400,59160,1212638884,200,1212637803,1212638884,11832200,1108357203,1212638884,11827719,4481,0,216,21786537c75990dd,1212638400,1212724800,1,0,False,False
official_tgn_example,tgbn-genre,train,1212724800,59245,1212725162,200,1212724442,1212725162,11849200,1108357203,1212725162,11844964,4236,0,233,4b0c2c76037407d2,1212724800,1212811200,1,0,False,False
official_tgn_example,tgbn-genre,train,1212811200,59338,1212811564,200,1212810121,1212811564,11867800,1108357203,1212811564,11864427,3373,0,209,9fc7a52af61bbbbf,1212811200,1212897600,1,0,False,False
official_tgn_example,tgbn-genre,train,1212897600,59409,1212897602,200,1212896342,1212897602,11882000,1108357203,1212897602,11879522,2478,0,195,3e2141ce8950936f,1212897600,1212984000,1,0,False,False
official_tgn_example,tgbn-genre,train,1212984000,59484,1212985024,200,1212983403,1212985024,11897000,1108357203,1212985024,11893649,3351,0,201,5dbda72d88081d76,1212984000,1213070400,1,0,False,False
official_tgn_example,tgbn-genre,train,1213070400,59565,1213070883,200,1213069564,1213070883,11913200,1108357203,1213070883,11910149,3051,0,211,1d60116c4cc4d88d,1213070400,1213156800,1,0,False,False
official_tgn_example,tgbn-genre,train,1213156800,59639,1213157462,200,1213155961,1213157462,11928000,1108357203,1213157462,11925298,2702,0,220,c0cc5b0b2be05c11,1213156800,1213243200,1,0,False,False
official_tgn_example,tgbn-genre,train,1213243200,59717,1213243205,200,1213241881,1213243205,11943600,1108357203,1213243205,11940082,3518,0,215,9c7695cd219627eb,1213243200,1213329600,1,0,False,False
official_tgn_example,tgbn-genre,train,1213329600,59789,1213329962,200,1213328820,1213329962,11958000,1108357203,1213329962,11954995,3005,0,210,30ef6f86843a28ce,1213329600,1213416000,1,0,False,False
official_tgn_example,tgbn-genre,train,1213416000,59866,1213416184,200,1213414800,1213416184,11973400,1108357203,1213416184,11970649,2751,0,212,66af60308ecff6ed,1213416000,1213502400,1,0,False,False
official_tgn_example,tgbn-genre,train,1213502400,59937,1213503602,200,1213502045,1213503602,11987600,1108357203,1213503602,11984583,3017,0,189,c7a3f9cf735e16db,1213502400,1213588800,1,0,False,False
official_tgn_example,tgbn-genre,train,1213588800,60014,1213589222,200,1213587720,1213589222,12003000,1108357203,1213589222,12000368,2632,0,192,560b1296acc1ce3e,1213588800,1213675200,1,0,False,False
official_tgn_example,tgbn-genre,train,1213675200,60094,1213676160,200,1213674840,1213676160,12019000,1108357203,1213676160,12015681,3319,0,202,13e4d6b6e373ae59,1213675200,1213761600,1,0,False,False
official_tgn_example,tgbn-genre,train,1213761600,60169,1213762444,200,1213760825,1213762444,12034000,1108357203,1213762444,12030888,3112,0,211,323a3eccbe76ab11,1213761600,1213848000,1,0,False,False
official_tgn_example,tgbn-genre,train,1213848000,60248,1213848662,200,1213847462,1213848662,12049800,1108357203,1213848662,12046847,2953,0,217,dfbfabd17301aa1d,1213848000,1213934400,1,0,False,False
official_tgn_example,tgbn-genre,train,1213934400,60323,1213934582,200,1213932962,1213934582,12064800,1108357203,1213934582,12062080,2720,0,228,ab883ad569a228db,1213934400,1214020800,1,0,False,False
official_tgn_example,tgbn-genre,train,1214020800,60399,1214021040,200,1214019361,1214021040,12080000,1108357203,1214021040,12077757,2243,0,215,984fc840271fbd51,1214020800,1214107200,1,0,False,False
official_tgn_example,tgbn-genre,train,1214107200,60464,1214108464,200,1214106901,1214108464,12093000,1108357203,1214108464,12090220,2780,0,194,691d5293e217e706,1214107200,1214193600,1,0,False,False
official_tgn_example,tgbn-genre,train,1214193600,60534,1214193725,200,1214192823,1214193725,12107000,1108357203,1214193725,12103958,3042,0,203,ca1c9967ce966440,1214193600,1214280000,1,0,False,False
official_tgn_example,tgbn-genre,train,1214280000,60625,1214281323,200,1214279764,1214281323,12125200,1108357203,1214281323,12121379,3821,0,196,a9051cec1ad771cf,1214280000,1214366400,1,0,False,False
official_tgn_example,tgbn-genre,train,1214366400,60704,1214367905,200,1214366103,1214367905,12141000,1108357203,1214367905,12137648,3352,0,216,44e439762f5e2290,1214366400,1214452800,1,0,False,False
official_tgn_example,tgbn-genre,train,1214452800,60778,1214453882,200,1214452444,1214453882,12155800,1108357203,1214453882,12152951,2849,0,198,69de6dfaf73fffb0,1214452800,1214539200,1,0,False,False
official_tgn_example,tgbn-genre,train,1214539200,60858,1214539321,200,1214537940,1214539321,12171800,1108357203,1214539321,12168777,3023,0,219,75577d1ec8ce36d8,1214539200,1214625600,1,0,False,False
official_tgn_example,tgbn-genre,train,1214625600,60936,1214627221,200,1214625541,1214627221,12187400,1108357203,1214627221,12185071,2329,0,209,5bfd8b4d60cee2b3,1214625600,1214712000,1,0,False,False
official_tgn_example,tgbn-genre,train,1214712000,61011,1214712062,200,1214711045,1214712062,12202400,1108357203,1214712062,12199419,2981,0,177,28cd604fd9240e84,1214712000,1214798400,1,0,False,False
official_tgn_example,tgbn-genre,train,1214798400,61084,1214799003,200,1214797500,1214799003,12217000,1108357203,1214799003,12213926,3074,0,191,510092e2425033a5,1214798400,1214884800,1,0,False,False
official_tgn_example,tgbn-genre,train,1214884800,61153,1214885404,200,1214884323,1214885404,12230800,1108357203,1214885404,12227611,3189,0,199,9fee79d6228a7288,1214884800,1214971200,1,0,False,False
official_tgn_example,tgbn-genre,train,1214971200,61235,1214972581,200,1214971201,1214972581,12247200,1108357203,1214972581,12243411,3789,0,225,b9901b26668eca37,1214971200,1215057600,1,0,False,False
official_tgn_example,tgbn-genre,train,1215057600,61317,1215058742,200,1215057602,1215058742,12263600,1108357203,1215058742,12260011,3589,0,231,1839461ac2689903,1215057600,1215144000,1,0,False,False
official_tgn_example,tgbn-genre,train,1215144000,61396,1215144125,200,1215143161,1215144125,12279400,1108357203,1215144125,12275917,3483,0,226,dc0a0979dde5fcad,1215144000,1215230400,1,0,False,False
official_tgn_example,tgbn-genre,train,1215230400,61469,1215230580,200,1215229140,1215230580,12294000,1108357203,1215230580,12291028,2972,0,219,e250a698c6449fff,1215230400,1215316800,1,0,False,False
official_tgn_example,tgbn-genre,train,1215316800,61536,1215316802,200,1215315120,1215316802,12307400,1108357203,1215316802,12304772,2628,0,181,83eff6640e04d264,1215316800,1215403200,1,0,False,False
official_tgn_example,tgbn-genre,train,1215403200,61601,1215404704,200,1215403084,1215404704,12320400,1108357203,1215404704,12317666,2734,0,179,7926a5b9f11f49b4,1215403200,1215489600,1,0,False,False
official_tgn_example,tgbn-genre,train,1215489600,61680,1215489844,200,1215488765,1215489844,12336200,1108357203,1215489844,12333131,3069,0,225,7cf459294898bca5,1215489600,1215576000,1,0,False,False
official_tgn_example,tgbn-genre,train,1215576000,61763,1215577564,200,1215575942,1215577564,12352800,1108357203,1215577564,12349338,3462,0,218,853badb986574525,1215576000,1215662400,1,0,False,False
official_tgn_example,tgbn-genre,train,1215662400,61839,1215662884,200,1215661561,1215662884,12368000,1108357203,1215662884,12364682,3318,0,229,d5eb4fab8e328c02,1215662400,1215748800,1,0,False,False
official_tgn_example,tgbn-genre,train,1215748800,61921,1215749761,200,1215748203,1215749761,12384400,1108357203,1215749761,12380832,3568,0,223,86644d9e984e1850,1215748800,1215835200,1,0,False,False
official_tgn_example,tgbn-genre,train,1215835200,62002,1215835382,200,1215833942,1215835382,12400600,1108357203,1215835382,12397483,3117,0,206,41429c7eb07d3177,1215835200,1215921600,1,0,False,False
official_tgn_example,tgbn-genre,train,1215921600,62070,1215923225,200,1215921001,1215923225,12414200,1108357203,1215923225,12412194,2006,0,200,a90d5bb2785253fd,1215921600,1216008000,1,0,False,False
official_tgn_example,tgbn-genre,train,1216008000,62136,1216008721,200,1216007043,1216008721,12427400,1108357203,1216008721,12424594,2806,0,199,f8d30b3206332995,1216008000,1216094400,1,0,False,False
official_tgn_example,tgbn-genre,train,1216094400,62205,1216095840,200,1216094161,1216095840,12441200,1108357203,1216095840,12438630,2570,0,194,39632a2496c0f4ad,1216094400,1216180800,1,0,False,False
official_tgn_example,tgbn-genre,train,1216180800,62287,1216181702,200,1216180080,1216181702,12457600,1108357203,1216181702,12454220,3380,0,219,4c6793e11fed9ee8,1216180800,1216267200,1,0,False,False
official_tgn_example,tgbn-genre,train,1216267200,62365,1216267681,200,1216265880,1216267681,12473200,1108357203,1216267681,12469888,3312,0,213,66f4f1d07fcabe3a,1216267200,1216353600,1,0,False,False
official_tgn_example,tgbn-genre,train,1216353600,62440,1216353605,200,1216352585,1216353605,12488200,1108357203,1216353605,12485107,3093,0,225,3f57c6299fd94a93,1216353600,1216440000,1,0,False,True
official_tgn_example,tgbn-genre,val,1216440000,15,1216440903,200,1216439763,1216440903,12504078,1108357203,1216440903,12500454,3624,0,204,cda37ef608ce01ef,1216440000,1216526400,1,0,True,False
official_tgn_example,tgbn-genre,val,1216526400,98,1216527540,200,1216526281,1216527540,12520678,1108357203,1216527540,12516455,4223,0,186,a9d72874efe43182,1216526400,1216612800,1,0,False,False
official_tgn_example,tgbn-genre,val,1216612800,172,1216614002,200,1216612744,1216614002,12535478,1108357203,1216614002,12532465,3013,0,188,13dce554afeacd2a,1216612800,1216699200,1,0,False,False
official_tgn_example,tgbn-genre,val,1216699200,246,1216699260,200,1216697943,1216699260,12550278,1108357203,1216699260,12547283,2995,0,216,c099c509635c5a1d,1216699200,1216785600,1,0,False,False
official_tgn_example,tgbn-genre,val,1216785600,319,1216786505,200,1216784764,1216786505,12564878,1108357203,1216786505,12561588,3290,0,217,b8ef9f9b4adb26ba,1216785600,1216872000,1,0,False,False
official_tgn_example,tgbn-genre,val,1216872000,395,1216872962,200,1216871521,1216872962,12580078,1108357203,1216872962,12577053,3025,0,218,c4f94d1adaf5c202,1216872000,1216958400,1,0,False,False
official_tgn_example,tgbn-genre,val,1216958400,467,1216959840,200,1216957740,1216959840,12594478,1108357203,1216959840,12592079,2399,0,223,bb824766940d0a95,1216958400,1217044800,1,0,False,False
official_tgn_example,tgbn-genre,val,1217044800,546,1217045402,200,1217044320,1217045402,12610278,1108357203,1217045402,12607054,3224,0,205,08008f999603b77b,1217044800,1217131200,1,0,False,False
official_tgn_example,tgbn-genre,val,1217131200,616,1217132040,200,1217131140,1217132040,12624278,1108357203,1217132040,12621797,2481,0,176,2e03310a92789e1a,1217131200,1217217600,1,0,False,False
official_tgn_example,tgbn-genre,val,1217217600,680,1217217780,200,1217216883,1217217780,12637078,1108357203,1217217780,12633905,3173,0,180,945d81ee12ff6777,1217217600,1217304000,1,0,False,False
official_tgn_example,tgbn-genre,val,1217304000,764,1217304063,200,1217303285,1217304063,12653878,1108357203,1217304063,12650560,3318,0,205,6474b9bd518fb5a4,1217304000,1217390400,1,0,False,False
official_tgn_example,tgbn-genre,val,1217390400,850,1217390642,200,1217389322,1217390642,12671078,1108357203,1217390642,12667746,3332,0,216,272eeebc33aa2467,1217390400,1217476800,1,0,False,False
official_tgn_example,tgbn-genre,val,1217476800,933,1217478063,200,1217476683,1217478063,12687678,1108357203,1217478063,12684646,3032,0,212,7b584c3818f99b9a,1217476800,1217563200,1,0,False,False
official_tgn_example,tgbn-genre,val,1217563200,1013,1217563743,200,1217562543,1217563743,12703678,1108357203,1217563743,12700371,3307,0,221,152018e7a85393e3,1217563200,1217649600,1,0,False,False
official_tgn_example,tgbn-genre,val,1217649600,1083,1217649665,200,1217648523,1217649665,12717678,1108357203,1217649665,12714761,2917,0,209,54af820117606fc6,1217649600,1217736000,1,0,False,False
official_tgn_example,tgbn-genre,val,1217736000,1152,1217736301,200,1217735344,1217736301,12731478,1108357203,1217736301,12728555,2923,0,187,eebf37f6c113f2a0,1217736000,1217822400,1,0,False,False
official_tgn_example,tgbn-genre,val,1217822400,1219,1217823840,200,1217822340,1217823840,12744878,1108357203,1217823840,12742526,2352,0,183,8105dee1b31352ac,1217822400,1217908800,1,0,False,False
official_tgn_example,tgbn-genre,val,1217908800,1287,1217909462,200,1217908383,1217909462,12758478,1108357203,1217909462,12755636,2842,0,196,40bc00783ffddeda,1217908800,1217995200,1,0,False,False
official_tgn_example,tgbn-genre,val,1217995200,1354,1217996224,200,1217994841,1217996224,12771878,1108357203,1217996224,12768666,3212,0,202,8f2586a0d4bfe02c,1217995200,1218081600,1,0,False,False
official_tgn_example,tgbn-genre,val,1218081600,1430,1218082860,200,1218081420,1218082860,12787078,1108357203,1218082860,12784387,2691,0,197,cf51439e4906d218,1218081600,1218168000,1,0,False,False
official_tgn_example,tgbn-genre,val,1218168000,1508,1218169382,200,1218167883,1218169382,12802678,1108357203,1218169382,12799309,3369,0,199,86262cd98eb18a71,1218168000,1218254400,1,0,False,False
official_tgn_example,tgbn-genre,val,1218254400,1582,1218255060,200,1218253743,1218255060,12817478,1108357203,1218255060,12814437,3041,0,194,7ff5128f7ace63e2,1218254400,1218340800,1,0,False,False
official_tgn_example,tgbn-genre,val,1218340800,1648,1218342060,200,1218340503,1218342060,12830678,1108357203,1218342060,12827961,2717,0,181,faf07ff0bdedacd3,1218340800,1218427200,1,0,False,False
official_tgn_example,tgbn-genre,val,1218427200,1708,1218428105,200,1218426965,1218428105,12842678,1108357203,1218428105,12840026,2652,0,196,ed96686653043377,1218427200,1218513600,1,0,False,False
official_tgn_example,tgbn-genre,val,1218513600,1779,1218514145,200,1218513063,1218514145,12856878,1108357203,1218514145,12853377,3501,0,207,b6eb18c8ca8620d5,1218513600,1218600000,1,0,False,False
official_tgn_example,tgbn-genre,val,1218600000,1855,1218601565,200,1218599462,1218601565,12872078,1108357203,1218601565,12867479,4599,0,238,32ceb93b82d15b55,1218600000,1218686400,1,0,False,False
official_tgn_example,tgbn-genre,val,1218686400,1930,1218687540,200,1218685440,1218687540,12887078,1108357203,1218687540,12882904,4174,0,235,013cb0d57d87cc90,1218686400,1218772800,1,0,False,False
official_tgn_example,tgbn-genre,val,1218772800,1991,1218773884,200,1218771963,1218773884,12899278,1108357203,1218773884,12896356,2922,0,233,8492c1bf18f94be3,1218772800,1218859200,1,0,False,False
official_tgn_example,tgbn-genre,val,1218859200,2060,1218860161,200,1218859143,1218860161,12913078,1108357203,1218860161,12910327,2751,0,236,1fd0d32cc765aa40,1218859200,1218945600,1,0,False,False
official_tgn_example,tgbn-genre,val,1218945600,2132,1218945602,200,1218944823,1218945602,12927478,1108357203,1218945602,12924451,3027,0,206,14d2b2974133bd12,1218945600,1219032000,1,0,False,False
official_tgn_example,tgbn-genre,val,1219032000,2206,1219032545,200,1219031344,1219032545,12942278,1108357203,1219032545,12939513,2765,0,195,b279fa7f211b0652,1219032000,1219118400,1,0,False,False
official_tgn_example,tgbn-genre,val,1219118400,2275,1219118520,200,1219117742,1219118520,12956078,1108357203,1219118520,12953125,2953,0,221,e6e0d99a1497b525,1219118400,1219204800,1,0,False,False
official_tgn_example,tgbn-genre,val,1219204800,2363,1219205401,200,1219204144,1219205401,12973678,1108357203,1219205401,12970097,3581,0,239,e8abcbc5b0275c74,1219204800,1219291200,1,0,False,False
official_tgn_example,tgbn-genre,val,1219291200,2439,1219291863,200,1219290725,1219291863,12988878,1108357203,1219291863,12985720,3158,0,244,5600815bb6f23195,1219291200,1219377600,1,0,False,False
official_tgn_example,tgbn-genre,val,1219377600,2518,1219378021,200,1219376585,1219378021,13004678,1108357203,1219378021,13001447,3231,0,231,20cad86a46fbf87a,1219377600,1219464000,1,0,False,False
official_tgn_example,tgbn-genre,val,1219464000,2607,1219465205,200,1219463824,1219465205,13022478,1108357203,1219465205,13019066,3412,0,226,46d05121ea41b33a,1219464000,1219550400,1,0,False,False
official_tgn_example,tgbn-genre,val,1219550400,2672,1219550520,200,1219548903,1219550520,13035478,1108357203,1219550520,13032892,2586,0,213,16671069a8530405,1219550400,1219636800,1,0,False,False
official_tgn_example,tgbn-genre,val,1219636800,2749,1219636804,200,1219636023,1219636804,13050878,1108357203,1219636804,13047865,3013,0,209,307890b063aa5a4c,1219636800,1219723200,1,0,False,False
official_tgn_example,tgbn-genre,val,1219723200,2822,1219723560,200,1219722362,1219723560,13065478,1108357203,1219723560,13062580,2898,0,217,027e037c7ff0f33e,1219723200,1219809600,1,0,False,False
official_tgn_example,tgbn-genre,val,1219809600,2905,1219809660,200,1219807622,1219809660,13082078,1108357203,1219809660,13078713,3365,0,234,151892c151f8ee5f,1219809600,1219896000,1,0,False,False
official_tgn_example,tgbn-genre,val,1219896000,2981,1219896661,200,1219895101,1219896661,13097278,1108357203,1219896661,13094324,2954,0,239,1e498a52b292217e,1219896000,1219982400,1,0,False,False
official_tgn_example,tgbn-genre,val,1219982400,3056,1219983004,200,1219982041,1219983004,13112278,1108357203,1219983004,13109155,3123,0,231,b3132be880e72790,1219982400,1220068800,1,0,False,False
official_tgn_example,tgbn-genre,val,1220068800,3142,1220069400,200,1220067721,1220069400,13129478,1108357203,1220069400,13126483,2995,0,224,0ca334f631aa02bd,1220068800,1220155200,1,0,False,False
official_tgn_example,tgbn-genre,val,1220155200,3219,1220156403,200,1220154782,1220156403,13144878,1108357203,1220156403,13141695,3183,0,209,3eeffb0a7d10bd51,1220155200,1220241600,1,0,False,False
official_tgn_example,tgbn-genre,val,1220241600,3290,1220242803,200,1220241304,1220242803,13159078,1108357203,1220242803,13156042,3036,0,221,f3a9ef0f900e4a50,1220241600,1220328000,1,0,False,False
official_tgn_example,tgbn-genre,val,1220328000,3371,1220328904,200,1220327041,1220328904,13175278,1108357203,1220328904,13172392,2886,0,245,baa2567d484ec765,1220328000,1220414400,1,0,False,False
official_tgn_example,tgbn-genre,val,1220414400,3451,1220414883,200,1220413501,1220414883,13191278,1108357203,1220414883,13188066,3212,0,252,0456d0f0e6786c89,1220414400,1220500800,1,0,False,False
official_tgn_example,tgbn-genre,val,1220500800,3539,1220501764,200,1220500742,1220501764,13208878,1108357203,1220501764,13204832,4046,0,253,42ed94b7558f3756,1220500800,1220587200,1,0,False,False
official_tgn_example,tgbn-genre,val,1220587200,3617,1220588104,200,1220586605,1220588104,13224478,1108357203,1220588104,13221699,2779,0,250,fce8d7589d90a1c7,1220587200,1220673600,1,0,False,False
official_tgn_example,tgbn-genre,val,1220673600,3704,1220673665,200,1220672762,1220673665,13241878,1108357203,1220673665,13238655,3223,0,246,a5d3157294262731,1220673600,1220760000,1,0,False,False
official_tgn_example,tgbn-genre,val,1220760000,3791,1220760360,200,1220759285,1220760360,13259278,1108357203,1220760360,13256371,2907,0,225,29d916490d7aa6f5,1220760000,1220846400,1,0,False,False
official_tgn_example,tgbn-genre,val,1220846400,3874,1220847065,200,1220845263,1220847065,13275878,1108357203,1220847065,13272703,3175,0,213,a0609b925a06aa6b,1220846400,1220932800,1,0,False,False
official_tgn_example,tgbn-genre,val,1220932800,3960,1220933101,200,1220932081,1220933101,13293078,1108357203,1220933101,13289928,3150,0,241,189c90a225c4dd0f,1220932800,1221019200,1,0,False,False
official_tgn_example,tgbn-genre,val,1221019200,4050,1221019500,200,1221018664,1221019500,13311078,1108357203,1221019500,13307422,3656,0,237,6e01b4cc4b1ac641,1221019200,1221105600,1,0,False,False
official_tgn_example,tgbn-genre,val,1221105600,4137,1221106203,200,1221105181,1221106203,13328478,1108357203,1221106203,13323966,4512,0,241,8ef554c309ea3f28,1221105600,1221192000,1,0,False,False
official_tgn_example,tgbn-genre,val,1221192000,4229,1221192602,200,1221191581,1221192602,13346878,1108357203,1221192602,13342920,3958,0,229,d46b9d39947834a0,1221192000,1221278400,1,0,False,False
official_tgn_example,tgbn-genre,val,1221278400,4311,1221278521,200,1221277444,1221278521,13363278,1108357203,1221278521,13360382,2896,0,237,2e08b3b0205025e8,1221278400,1221364800,1,0,False,False
official_tgn_example,tgbn-genre,val,1221364800,4393,1221366123,200,1221364621,1221366123,13379678,1108357203,1221366123,13376614,3064,0,203,3f1c898a7dfb7d4a,1221364800,1221451200,1,0,False,False
official_tgn_example,tgbn-genre,val,1221451200,4473,1221451380,200,1221450184,1221451380,13395678,1108357203,1221451380,13392762,2916,0,212,f65db4c0444da26d,1221451200,1221537600,1,0,False,False
official_tgn_example,tgbn-genre,val,1221537600,4566,1221538264,200,1221536583,1221538264,13414278,1108357203,1221538264,13410835,3443,0,235,f0b6e564344bf364,1221537600,1221624000,1,0,False,False
official_tgn_example,tgbn-genre,val,1221624000,4654,1221624781,200,1221623583,1221624781,13431878,1108357203,1221624781,13428529,3349,0,234,c025edce203e98cd,1221624000,1221710400,1,0,False,False
official_tgn_example,tgbn-genre,val,1221710400,4735,1221711422,200,1221710161,1221711422,13448078,1108357203,1221711422,13444410,3668,0,225,30e2b6d81acb3fca,1221710400,1221796800,1,0,False,False
official_tgn_example,tgbn-genre,val,1221796800,4818,1221797344,200,1221795962,1221797344,13464678,1108357203,1221797344,13461606,3072,0,238,b4edb3774a0f8f79,1221796800,1221883200,1,0,False,False
official_tgn_example,tgbn-genre,val,1221883200,4896,1221883201,200,1221881885,1221883201,13480278,1108357203,1221883201,13477278,3000,0,238,9977856475073128,1221883200,1221969600,1,0,False,False
official_tgn_example,tgbn-genre,val,1221969600,4978,1221969723,200,1221968580,1221969723,13496678,1108357203,1221969723,13493714,2964,0,211,64fde841fb610cb2,1221969600,1222056000,1,0,False,False
official_tgn_example,tgbn-genre,val,1222056000,5056,1222057203,200,1222055884,1222057203,13512278,1108357203,1222057203,13508729,3549,0,211,70d280e146980f4f,1222056000,1222142400,1,0,False,False
official_tgn_example,tgbn-genre,val,1222142400,5150,1222143303,200,1222142221,1222143303,13531078,1108357203,1222143303,13526543,4535,0,244,d635305b1fdde6a3,1222142400,1222228800,1,0,False,False
official_tgn_example,tgbn-genre,val,1222228800,5237,1222229045,200,1222227483,1222229045,13548478,1108357203,1222229045,13544629,3849,0,232,a50f1f05417f6f57,1222228800,1222315200,1,0,False,False
official_tgn_example,tgbn-genre,val,1222315200,5337,1222316400,200,1222313944,1222316400,13568478,1108357203,1222316400,13565738,2740,0,220,c99919c912319289,1222315200,1222401600,1,0,False,False
official_tgn_example,tgbn-genre,val,1222401600,5434,1222402325,200,1222401365,1222402325,13587878,1108357203,1222402325,13583912,3966,0,218,feec55c4c4aea640,1222401600,1222488000,1,0,False,False
official_tgn_example,tgbn-genre,val,1222488000,5547,1222488842,200,1222487824,1222488842,13610478,1108357203,1222488842,13607095,3383,0,215,571c1204843d03da,1222488000,1222574400,1,0,False,False
official_tgn_example,tgbn-genre,val,1222574400,5638,1222574402,200,1222573021,1222574402,13628678,1108357203,1222574402,13625633,3045,0,202,21ea8b4bad54dcd0,1222574400,1222660800,1,0,False,False
official_tgn_example,tgbn-genre,val,1222660800,5722,1222662002,200,1222660683,1222662002,13645478,1108357203,1222662002,13641411,4067,0,220,2d9fb14500ff7056,1222660800,1222747200,1,0,False,False
official_tgn_example,tgbn-genre,val,1222747200,5823,1222747682,200,1222746843,1222747682,13665678,1108357203,1222747682,13661670,4008,0,235,c50e15ca24f4af34,1222747200,1222833600,1,0,False,False
official_tgn_example,tgbn-genre,val,1222833600,5921,1222833721,200,1222832822,1222833721,13685278,1108357203,1222833721,13681335,3943,0,229,7b8e92b828bab21a,1222833600,1222920000,1,0,False,False
official_tgn_example,tgbn-genre,val,1222920000,6007,1222920183,200,1222918920,1222920183,13702478,1108357203,1222920183,13699300,3178,0,234,f42e5bd594655c24,1222920000,1223006400,1,0,False,False
official_tgn_example,tgbn-genre,val,1223006400,6096,1223006584,200,1223005083,1223006584,13720278,1108357203,1223006584,13717343,2935,0,250,b1b89f8477b56ee3,1223006400,1223092800,1,0,False,False
official_tgn_example,tgbn-genre,val,1223092800,6173,1223093464,200,1223092022,1223093464,13735678,1108357203,1223093464,13732998,2680,0,230,7d9ecb758e699028,1223092800,1223179200,1,0,False,False
official_tgn_example,tgbn-genre,val,1223179200,6251,1223179863,200,1223177464,1223179863,13751278,1108357203,1223179863,13748724,2554,0,216,4a969bd306a5e32f,1223179200,1223265600,1,0,False,False
official_tgn_example,tgbn-genre,val,1223265600,6325,1223266505,200,1223265361,1223266505,13766078,1108357203,1223266505,13762983,3095,0,211,748f3053f73282c8,1223265600,1223352000,1,0,False,False
official_tgn_example,tgbn-genre,val,1223352000,6412,1223353084,200,1223350980,1223353084,13783478,1108357203,1223353084,13780291,3187,0,239,6087a5c91e01c323,1223352000,1223438400,1,0,False,False
official_tgn_example,tgbn-genre,val,1223438400,6485,1223439845,200,1223438345,1223439845,13798078,1108357203,1223439845,13795081,2997,0,247,c61a8156171442ae,1223438400,1223524800,1,0,False,False
official_tgn_example,tgbn-genre,val,1223524800,6564,1223525283,200,1223524383,1223525283,13813878,1108357203,1223525283,13810589,3289,0,248,490c2be0a7530464,1223524800,1223611200,1,0,False,False
official_tgn_example,tgbn-genre,val,1223611200,6651,1223611380,200,1223610844,1223611380,13831278,1108357203,1223611380,13827874,3404,0,243,c758e4fba616b18a,1223611200,1223697600,1,0,False,False
official_tgn_example,tgbn-genre,val,1223697600,6738,1223697900,200,1223696703,1223697900,13848678,1108357203,1223697900,13845193,3485,0,244,2bafc09431a6ae08,1223697600,1223784000,1,0,False,False
official_tgn_example,tgbn-genre,val,1223784000,6832,1223784665,200,1223783765,1223784665,13867478,1108357203,1223784665,13862434,5044,0,221,de47060cd0f12560,1223784000,1223870400,1,0,False,False
official_tgn_example,tgbn-genre,val,1223870400,6916,1223870403,200,1223869862,1223870403,13884278,1108357203,1223870403,13880766,3512,0,213,3d9e5574168fca95,1223870400,1223956800,1,0,False,False
official_tgn_example,tgbn-genre,val,1223956800,7011,1223956923,200,1223955600,1223956923,13903278,1108357203,1223956923,13899128,4150,0,240,e314e6ad51d187b2,1223956800,1224043200,1,0,False,False
official_tgn_example,tgbn-genre,val,1224043200,7104,1224044404,200,1224042783,1224044404,13921878,1108357203,1224044404,13918648,3230,0,247,8fa9541bd39029ca,1224043200,1224129600,1,0,False,False
official_tgn_example,tgbn-genre,val,1224129600,7195,1224130860,200,1224129481,1224130860,13940078,1108357203,1224130860,13936551,3527,0,238,12e8b1323f433381,1224129600,1224216000,1,0,False,False
official_tgn_example,tgbn-genre,val,1224216000,7277,1224216004,200,1224214682,1224216004,13956478,1108357203,1224216004,13953646,2832,0,233,be1e0e4189b78c19,1224216000,1224302400,1,0,False,False
official_tgn_example,tgbn-genre,val,1224302400,7368,1224303665,200,1224302284,1224303665,13974678,1108357203,1224303665,13971056,3622,0,227,aeb641b83608b53e,1224302400,1224388800,1,0,False,False
official_tgn_example,tgbn-genre,val,1224388800,7451,1224389702,200,1224388262,1224389702,13991278,1108357203,1224389702,13988031,3247,0,213,a641c468d1b19dc1,1224388800,1224475200,1,0,False,False
official_tgn_example,tgbn-genre,val,1224475200,7527,1224475384,200,1224474061,1224475384,14006478,1108357203,1224475384,14003268,3210,0,224,266ffedbee614352,1224475200,1224561600,1,0,False,False
official_tgn_example,tgbn-genre,val,1224561600,7617,1224562144,200,1224561484,1224562144,14024478,1108357203,1224562144,14020312,4166,0,224,7c89d960ce432521,1224561600,1224648000,1,0,False,False
official_tgn_example,tgbn-genre,val,1224648000,7705,1224649325,200,1224647941,1224649325,14042078,1108357203,1224649325,14038788,3290,0,242,ec00027c26f3ac17,1224648000,1224734400,1,0,False,False
official_tgn_example,tgbn-genre,val,1224734400,7789,1224734885,200,1224733923,1224734885,14058878,1108357203,1224734885,14055147,3731,0,244,133a06a0f4695db1,1224734400,1224820800,1,0,False,False
official_tgn_example,tgbn-genre,val,1224820800,7878,1224821280,200,1224820385,1224821280,14076678,1108357203,1224821280,14072427,4251,0,233,fa92f56a798cc5dd,1224820800,1224907200,1,0,False,False
official_tgn_example,tgbn-genre,val,1224907200,7954,1224908222,200,1224906840,1224908222,14091878,1108357203,1224908222,14089156,2722,0,243,78ee25b1575acd89,1224907200,1224993600,1,0,False,False
official_tgn_example,tgbn-genre,val,1224993600,8028,1224994682,200,1224992821,1224994682,14106678,1108357203,1224994682,14103357,3321,0,215,f204d4d5fee8bb42,1224993600,1225080000,1,0,False,False
official_tgn_example,tgbn-genre,val,1225080000,8112,1225080303,200,1225079105,1225080303,14123478,1108357203,1225080303,14119335,4143,0,215,7d27b5d7d0c953b3,1225080000,1225166400,1,0,False,False
official_tgn_example,tgbn-genre,val,1225166400,8205,1225166943,200,1225165983,1225166943,14142078,1108357203,1225166943,14138223,3855,0,240,f726c453235db5cd,1225166400,1225252800,1,0,False,False
official_tgn_example,tgbn-genre,val,1225252800,8295,1225253584,200,1225252562,1225253584,14160078,1108357203,1225253584,14156490,3588,0,245,3afa44c87b6929d1,1225252800,1225339200,1,0,False,False
official_tgn_example,tgbn-genre,val,1225339200,8387,1225340223,200,1225339140,1225340223,14178478,1108357203,1225340223,14174303,4175,0,236,ed01b4b6ec5e9386,1225339200,1225425600,1,0,False,False
official_tgn_example,tgbn-genre,val,1225425600,8462,1225426023,200,1225425425,1225426023,14193478,1108357203,1225426023,14190352,3126,0,255,d976a50b6e6bdcd0,1225425600,1225512000,1,0,False,False
official_tgn_example,tgbn-genre,val,1225512000,8560,1225512005,200,1225510982,1225512005,14213078,1108357203,1225512005,14209761,3317,0,256,f163c8c78163b8b0,1225512000,1225598400,1,0,False,False
official_tgn_example,tgbn-genre,val,1225598400,8645,1225599124,200,1225597685,1225599124,14230078,1108357203,1225599124,14226309,3769,0,219,58ca00ba0969713a,1225598400,1225688400,1,0,False,False
official_tgn_example,tgbn-genre,val,1225688400,8725,1225689003,200,1225688223,1225689003,14246078,1108357203,1225689003,14241457,4621,0,239,217e96212632c767,1225688400,1225774800,1,0,False,False
official_tgn_example,tgbn-genre,val,1225774800,8817,1225776121,200,1225774620,1225776121,14264478,1108357203,1225776121,14259699,4779,0,237,e3e77822a5099d3c,1225774800,1225861200,1,0,False,False
official_tgn_example,tgbn-genre,val,1225861200,8904,1225862040,200,1225861022,1225862040,14281878,1108357203,1225862040,14277639,4239,0,234,f17fa7900b5ea823,1225861200,1225947600,1,0,False,False
official_tgn_example,tgbn-genre,val,1225947600,8997,1225948623,200,1225947484,1225948623,14300478,1108357203,1225948623,14294745,5733,0,241,9b8e6345843b098e,1225947600,1226034000,1,0,False,False
official_tgn_example,tgbn-genre,val,1226034000,9081,1226034901,200,1226033761,1226034901,14317278,1108357203,1226034901,14312663,4615,0,251,9743d9f26d7bde7a,1226034000,1226120400,1,0,False,False
official_tgn_example,tgbn-genre,val,1226120400,9169,1226120702,200,1226119743,1226120702,14334878,1108357203,1226120702,14330725,4153,0,236,80c7a383916b0f86,1226120400,1226206800,1,0,False,False
official_tgn_example,tgbn-genre,val,1226206800,9249,1226207462,200,1226206741,1226207462,14350878,1108357203,1226207462,14346622,4256,0,210,7974d8c4ce4befb9,1226206800,1226293200,1,0,False,False
official_tgn_example,tgbn-genre,val,1226293200,9351,1226293502,200,1226292665,1226293502,14371278,1108357203,1226293502,14365810,5468,0,238,b568ed8ea964acb4,1226293200,1226379600,1,0,False,False
official_tgn_example,tgbn-genre,val,1226379600,9439,1226380023,200,1226378822,1226380023,14388878,1108357203,1226380023,14384539,4339,0,244,8c1eccaa20b2f34a,1226379600,1226466000,1,0,False,False
official_tgn_example,tgbn-genre,val,1226466000,9515,1226466364,200,1226464501,1226466364,14404078,1108357203,1226466364,14400145,3933,0,269,febde186cf1dd5ea,1226466000,1226552400,1,0,False,False
official_tgn_example,tgbn-genre,val,1226552400,9598,1226552644,200,1226551625,1226552644,14420678,1108357203,1226552644,14415765,4913,0,250,60166035ec5dda1f,1226552400,1226638800,1,0,False,False
official_tgn_example,tgbn-genre,val,1226638800,9679,1226639100,200,1226637843,1226639100,14436878,1108357203,1226639100,14432708,4170,0,248,822b525ab76ae9dd,1226638800,1226725200,1,0,False,False
official_tgn_example,tgbn-genre,val,1226725200,9761,1226725681,200,1226724483,1226725681,14453278,1108357203,1226725681,14448484,4794,0,263,0c03d9428c65ecd7,1226725200,1226811600,1,0,False,False
official_tgn_example,tgbn-genre,val,1226811600,9840,1226812743,200,1226811483,1226812743,14469078,1108357203,1226812743,14464956,4122,0,224,e3e7941531e3b1ec,1226811600,1226898000,1,0,False,False
official_tgn_example,tgbn-genre,val,1226898000,9932,1226898721,200,1226897583,1226898721,14487478,1108357203,1226898721,14481658,5820,0,242,590af8fa1b22d329,1226898000,1226984400,1,0,False,False
official_tgn_example,tgbn-genre,val,1226984400,10017,1226984763,200,1226983801,1226984763,14504478,1108357203,1226984763,14499093,5385,0,261,5c8f88a6522a3e9e,1226984400,1227070800,1,0,False,False
official_tgn_example,tgbn-genre,val,1227070800,10119,1227071220,200,1227070201,1227071220,14524878,1108357203,1227071220,14519734,5144,0,258,e50f6d312942c60c,1227070800,1227157200,1,0,False,False
official_tgn_example,tgbn-genre,val,1227157200,10213,1227157924,200,1227156662,1227157924,14543678,1108357203,1227157924,14538401,5277,0,260,89bf6d736cd6a79c,1227157200,1227243600,1,0,False,False
official_tgn_example,tgbn-genre,val,1227243600,10297,1227244502,200,1227243480,1227244502,14560478,1108357203,1227244502,14555748,4730,0,253,1cee80d3645b9f37,1227243600,1227330000,1,0,False,False
official_tgn_example,tgbn-genre,val,1227330000,10387,1227331020,200,1227329880,1227331020,14578478,1108357203,1227331020,14574009,4469,0,242,6d72935923145d4b,1227330000,1227416400,1,0,False,False
official_tgn_example,tgbn-genre,val,1227416400,10477,1227417001,200,1227416043,1227417001,14596478,1108357203,1227417001,14591703,4775,0,226,436e00493a757886,1227416400,1227502800,1,0,False,False
official_tgn_example,tgbn-genre,val,1227502800,10573,1227503460,200,1227502325,1227503460,14615678,1108357203,1227503460,14610668,5010,0,244,3a6acda77715c4d9,1227502800,1227589200,1,0,False,False
official_tgn_example,tgbn-genre,val,1227589200,10661,1227589261,200,1227588184,1227589261,14633278,1108357203,1227589261,14628570,4708,0,231,5e6d21f682c33aba,1227589200,1227675600,1,0,False,False
official_tgn_example,tgbn-genre,val,1227675600,10752,1227675603,200,1227674640,1227675603,14651478,1108357203,1227675603,14646023,5455,0,242,28b269f7e51fc86a,1227675600,1227762000,1,0,False,False
official_tgn_example,tgbn-genre,val,1227762000,10855,1227762300,200,1227761462,1227762300,14672078,1108357203,1227762300,14664709,7369,0,248,9285dc38eba77020,1227762000,1227848400,1,0,False,False
official_tgn_example,tgbn-genre,val,1227848400,10944,1227849122,200,1227847744,1227849122,14689878,1108357203,1227849122,14685148,4730,0,244,651a25e5daeb33ca,1227848400,1227934800,1,0,False,False
official_tgn_example,tgbn-genre,val,1227934800,11027,1227934921,200,1227933542,1227934921,14706478,1108357203,1227934921,14702345,4133,0,242,ab611fa8b8d4ffec,1227934800,1228021200,1,0,False,False
official_tgn_example,tgbn-genre,val,1228021200,11107,1228022400,200,1228020843,1228022400,14722478,1108357203,1228022400,14719021,3457,0,221,9f445a2844bfe4b9,1228021200,1228107600,1,0,False,False
official_tgn_example,tgbn-genre,val,1228107600,11188,1228108020,200,1228107481,1228108020,14738678,1108357203,1228108020,14734200,4478,0,230,b725ca93a67cf6d5,1228107600,1228194000,1,0,False,False
official_tgn_example,tgbn-genre,val,1228194000,11265,1228194842,200,1228193823,1228194842,14754078,1108357203,1228194842,14749739,4339,0,239,169de73cc6218299,1228194000,1228280400,1,0,False,False
official_tgn_example,tgbn-genre,val,1228280400,11362,1228280942,200,1228279680,1228280942,14773478,1108357203,1228280942,14768740,4738,0,247,f957e3a110d1b6b1,1228280400,1228366800,1,0,False,False
official_tgn_example,tgbn-genre,val,1228366800,11454,1228367342,200,1228366444,1228367342,14791878,1108357203,1228367342,14786198,5680,0,251,02fa273790eb4f1c,1228366800,1228453200,1,0,False,False
official_tgn_example,tgbn-genre,val,1228453200,11547,1228453805,200,1228452364,1228453805,14810478,1108357203,1228453805,14805509,4969,0,247,3b2a1a76d7ad704b,1228453200,1228539600,1,0,False,False
official_tgn_example,tgbn-genre,val,1228539600,11637,1228540560,200,1228538945,1228540560,14828478,1108357203,1228540560,14823895,4583,0,234,4e1a450856f4ae82,1228539600,1228626000,1,0,False,False
official_tgn_example,tgbn-genre,val,1228626000,11710,1228626425,200,1228625281,1228626425,14843078,1108357203,1228626425,14839389,3689,0,207,e7f33c3fb345f1eb,1228626000,1228712400,1,0,False,False
official_tgn_example,tgbn-genre,val,1228712400,11795,1228712580,200,1228711865,1228712580,14860078,1108357203,1228712580,14854598,5480,0,211,4f2014838c0f41d1,1228712400,1228798800,1,0,False,False
official_tgn_example,tgbn-genre,val,1228798800,11890,1228799464,200,1228798382,1228799464,14879078,1108357203,1228799464,14873345,5733,0,227,2a6a1e8a1002c6ab,1228798800,1228885200,1,0,False,False
official_tgn_example,tgbn-genre,val,1228885200,11977,1228885685,200,1228884722,1228885685,14896478,1108357203,1228885685,14891832,4646,0,242,c287cb3aa013440d,1228885200,1228971600,1,0,False,False
official_tgn_example,tgbn-genre,val,1228971600,12054,1228972440,200,1228971480,1228972440,14911878,1108357203,1228972440,14907611,4267,0,239,6f93bf96bf1aba5b,1228971600,1229058000,1,0,False,False
official_tgn_example,tgbn-genre,val,1229058000,12142,1229058964,200,1229057760,1229058964,14929478,1108357203,1229058964,14924199,5279,0,226,53317eb9f8c04897,1229058000,1229144400,1,0,False,False
official_tgn_example,tgbn-genre,val,1229144400,12226,1229144464,200,1229143320,1229144464,14946278,1108357203,1229144464,14941291,4987,0,239,45ad0789e771251b,1229144400,1229230800,1,0,False,False
official_tgn_example,tgbn-genre,val,1229230800,12302,1229230861,200,1229229780,1229230861,14961478,1108357203,1229230861,14957484,3994,0,211,f8def3f2286255e3,1229230800,1229317200,1,0,False,False
official_tgn_example,tgbn-genre,val,1229317200,12375,1229317445,200,1229316545,1229317445,14976078,1108357203,1229317445,14971890,4188,0,194,ac8d093e45180b87,1229317200,1229403600,1,0,False,False
official_tgn_example,tgbn-genre,val,1229403600,12467,1229403780,200,1229402644,1229403780,14994478,1108357203,1229403780,14989209,5269,0,212,d263a027c4abef22,1229403600,1229490000,1,0,False,False
official_tgn_example,tgbn-genre,val,1229490000,12552,1229490420,200,1229489283,1229490420,15011478,1108357203,1229490420,15006681,4797,0,204,82f8826bbfdddeac,1229490000,1229576400,1,0,False,False
official_tgn_example,tgbn-genre,val,1229576400,12642,1229577000,200,1229575741,1229577000,15029478,1108357203,1229577000,15024390,5088,0,190,9a3143e8811572b8,1229576400,1229662800,1,0,False,False
official_tgn_example,tgbn-genre,val,1229662800,12724,1229663100,200,1229662381,1229663100,15045878,1108357203,1229663100,15041217,4661,0,177,26674bf5da0472dd,1229662800,1229749200,1,0,False,False
official_tgn_example,tgbn-genre,val,1229749200,12806,1229749740,200,1229748660,1229749740,15062278,1108357203,1229749740,15058072,4206,0,168,668031fe9afd8a05,1229749200,1229835600,1,0,False,False
official_tgn_example,tgbn-genre,val,1229835600,12879,1229836142,200,1229835125,1229836142,15076878,1108357203,1229836142,15073187,3691,0,175,74c247ddbafa84cc,1229835600,1229922000,1,0,False,False
official_tgn_example,tgbn-genre,val,1229922000,12963,1229922242,200,1229921341,1229922242,15093678,1108357203,1229922242,15089807,3871,0,190,4797b80c715e8a14,1229922000,1230008400,1,0,False,False
official_tgn_example,tgbn-genre,val,1230008400,13033,1230008765,200,1230007740,1230008765,15107678,1108357203,1230008765,15103667,4011,0,201,3dcbc36d4c410bde,1230008400,1230094800,1,0,False,False
official_tgn_example,tgbn-genre,val,1230094800,13101,1230095824,200,1230094443,1230095824,15121278,1108357203,1230095824,15117433,3845,0,205,8dbd070cb943f4fd,1230094800,1230181200,1,0,False,False
official_tgn_example,tgbn-genre,val,1230181200,13165,1230182582,200,1230181083,1230182582,15134078,1108357203,1230182582,15130083,3995,0,191,327d93088ca39f4e,1230181200,1230267600,1,0,False,False
official_tgn_example,tgbn-genre,val,1230267600,13226,1230268562,200,1230266704,1230268562,15146278,1108357203,1230268562,15142626,3652,0,180,07c34807dd2b646f,1230267600,1230354000,1,0,False,False
official_tgn_example,tgbn-genre,val,1230354000,13299,1230354785,200,1230353880,1230354785,15160878,1108357203,1230354785,15156386,4492,0,190,84b3da49b75ad7a2,1230354000,1230440400,1,0,False,False
official_tgn_example,tgbn-genre,val,1230440400,13386,1230440883,200,1230439441,1230440883,15178278,1108357203,1230440883,15174582,3696,0,200,c78f4f7b5bec7f7d,1230440400,1230526800,1,0,False,True
official_tgn_example,tgbn-genre,test,1230526800,71,1230528183,200,1230526740,1230528183,15194038,1108357203,1230528183,15189824,4214,0,222,57ad04e079c19295,1230526800,1230613200,1,0,True,False
official_tgn_example,tgbn-genre,test,1230613200,148,1230613621,200,1230612481,1230613621,15209438,1108357203,1230613621,15205370,4068,0,219,cd354c840d964b96,1230613200,1230699600,1,0,False,False
official_tgn_example,tgbn-genre,test,1230699600,226,1230699663,200,1230697985,1230699663,15225038,1108357203,1230699663,15221264,3774,0,233,32fd61967937aca2,1230699600,1230786000,1,0,False,False
official_tgn_example,tgbn-genre,test,1230786000,301,1230787682,200,1230785824,1230787682,15240038,1108357203,1230787682,15236410,3628,0,241,e526bfbd4b24a7bd,1230786000,1230872400,1,0,False,False
official_tgn_example,tgbn-genre,test,1230872400,377,1230873181,200,1230872225,1230873181,15255238,1108357203,1230873181,15249973,5265,0,242,a5736b5fca00ec7c,1230872400,1230958800,1,0,False,False
official_tgn_example,tgbn-genre,test,1230958800,459,1230959402,200,1230958325,1230959402,15271638,1108357203,1230959402,15266467,5171,0,245,dd13e05475bd9a1b,1230958800,1231045200,1,0,False,False
official_tgn_example,tgbn-genre,test,1231045200,549,1231045680,200,1231044904,1231045680,15289638,1108357203,1231045680,15283935,5703,0,231,aa4c7176a3d27a60,1231045200,1231131600,1,0,False,False
official_tgn_example,tgbn-genre,test,1231131600,642,1231131660,200,1231130704,1231131660,15308238,1108357203,1231131660,15303138,5100,0,231,27940657a39ee7b0,1231131600,1231218000,1,0,False,False
official_tgn_example,tgbn-genre,test,1231218000,726,1231218783,200,1231217340,1231218783,15325038,1108357203,1231218783,15320548,4490,0,240,983df0c565c21754,1231218000,1231304400,1,0,False,False
official_tgn_example,tgbn-genre,test,1231304400,819,1231305665,200,1231304282,1231305665,15343638,1108357203,1231305665,15338480,5158,0,237,1d555a6ae55338e3,1231304400,1231390800,1,0,False,False
official_tgn_example,tgbn-genre,test,1231390800,910,1231391341,200,1231390502,1231391341,15361838,1108357203,1231391341,15356459,5379,0,247,9a5cdb961670fca6,1231390800,1231477200,1,0,False,False
official_tgn_example,tgbn-genre,test,1231477200,1013,1231477264,200,1231476364,1231477264,15382438,1108357203,1231477264,15377011,5427,0,230,9c5d30b705bb1d5f,1231477200,1231563600,1,0,False,False
official_tgn_example,tgbn-genre,test,1231563600,1118,1231564442,200,1231563484,1231564442,15403438,1108357203,1231564442,15398448,4990,0,238,10d03f3d3b2be2fd,1231563600,1231650000,1,0,False,False
official_tgn_example,tgbn-genre,test,1231650000,1223,1231650540,200,1231649824,1231650540,15424438,1108357203,1231650540,15418355,6083,0,242,4cc7b6c32d8d4f00,1231650000,1231736400,1,0,False,False
official_tgn_example,tgbn-genre,test,1231736400,1333,1231736465,200,1231735921,1231736465,15446438,1108357203,1231736465,15440961,5477,0,242,38d15a089a5bbcbe,1231736400,1231822800,1,0,False,False
official_tgn_example,tgbn-genre,test,1231822800,1428,1231823280,200,1231822445,1231823280,15465438,1108357203,1231823280,15460343,5095,0,247,9f0fc35477dd7e97,1231822800,1231909200,1,0,False,False
official_tgn_example,tgbn-genre,test,1231909200,1524,1231909800,200,1231909145,1231909800,15484638,1108357203,1231909800,15479525,5113,0,253,b31ee7b6152a846c,1231909200,1231995600,1,0,False,False
official_tgn_example,tgbn-genre,test,1231995600,1622,1231995841,200,1231994583,1231995841,15504238,1108357203,1231995841,15499064,5174,0,262,f39c88785c7f0018,1231995600,1232082000,1,0,False,False
official_tgn_example,tgbn-genre,test,1232082000,1710,1232082781,200,1232081880,1232082781,15521838,1108357203,1232082781,15515874,5964,0,265,1dce99bbb33a7b90,1232082000,1232168400,1,0,False,False
official_tgn_example,tgbn-genre,test,1232168400,1817,1232168525,200,1232167743,1232168525,15543238,1108357203,1232168525,15538118,5120,0,260,384d4adf53a92193,1232168400,1232254800,1,0,False,False
official_tgn_example,tgbn-genre,test,1232254800,1921,1232254862,200,1232254203,1232254862,15564038,1108357203,1232254862,15558271,5767,0,237,c7206534cfc3e74e,1232254800,1232341200,1,0,False,False
official_tgn_example,tgbn-genre,test,1232341200,2030,1232341201,200,1232340423,1232341201,15585838,1108357203,1232341201,15579816,6022,0,237,43c0e24a44c019e9,1232341200,1232427600,1,0,False,False
official_tgn_example,tgbn-genre,test,1232427600,2133,1232428141,200,1232426880,1232428141,15606438,1108357203,1232428141,15600853,5585,0,259,1620a915a9ee43f0,1232427600,1232514000,1,0,False,False
official_tgn_example,tgbn-genre,test,1232514000,2228,1232515085,200,1232513824,1232515085,15625438,1108357203,1232515085,15620868,4570,0,257,db6e76931ad427a8,1232514000,1232600400,1,0,False,False
official_tgn_example,tgbn-genre,test,1232600400,2321,1232600761,200,1232599983,1232600761,15644038,1108357203,1232600761,15638784,5254,0,254,a96ea8457ebf6db1,1232600400,1232686800,1,0,False,False
official_tgn_example,tgbn-genre,test,1232686800,2424,1232687701,200,1232686744,1232687701,15664638,1108357203,1232687701,15658715,5923,0,269,b3cdb032f0fa48cd,1232686800,1232773200,1,0,False,False
official_tgn_example,tgbn-genre,test,1232773200,2521,1232773323,200,1232772845,1232773323,15684038,1108357203,1232773323,15678429,5609,0,256,5bae97aa31dd2841,1232773200,1232859600,1,0,False,False
official_tgn_example,tgbn-genre,test,1232859600,2631,1232859784,200,1232859004,1232859784,15706038,1108357203,1232859784,15700257,5781,0,241,58a47cb709b99522,1232859600,1232946000,1,0,False,False
official_tgn_example,tgbn-genre,test,1232946000,2739,1232946661,200,1232945942,1232946661,15727638,1108357203,1232946661,15721181,6457,0,244,e10afc82aefebc29,1232946000,1233032400,1,0,False,False
official_tgn_example,tgbn-genre,test,1233032400,2831,1233032765,200,1233032162,1233032765,15746038,1108357203,1233032765,15740940,5098,0,253,32b340015dd2a57e,1233032400,1233118800,1,0,False,False
official_tgn_example,tgbn-genre,test,1233118800,2922,1233119162,200,1233118504,1233119162,15764238,1108357203,1233119162,15758483,5755,0,264,0e9568a478c9f242,1233118800,1233205200,1,0,False,False
official_tgn_example,tgbn-genre,test,1233205200,3030,1233205322,200,1233204720,1233205322,15785838,1108357203,1233205322,15779272,6566,0,265,a0796695f833cb15,1233205200,1233291600,1,0,False,False
official_tgn_example,tgbn-genre,test,1233291600,3136,1233292501,200,1233291360,1233292501,15807038,1108357203,1233292501,15801522,5516,0,259,dac3f1c5f5e687a8,1233291600,1233378000,1,0,False,False
official_tgn_example,tgbn-genre,test,1233378000,3239,1233378302,200,1233377522,1233378302,15827638,1108357203,1233378302,15822418,5220,0,261,3e3a53ee27d6aaa1,1233378000,1233464400,1,0,False,False
official_tgn_example,tgbn-genre,test,1233464400,3339,1233464404,200,1233463863,1233464404,15847638,1108357203,1233464404,15842294,5344,0,241,d10179566f9c1d89,1233464400,1233550800,1,0,False,False
official_tgn_example,tgbn-genre,test,1233550800,3455,1233551103,200,1233550205,1233551103,15870838,1108357203,1233551103,15865390,5448,0,236,ebee7dcd6ef19a5e,1233550800,1233637200,1,0,False,False
official_tgn_example,tgbn-genre,test,1233637200,3563,1233637440,200,1233636363,1233637440,15892438,1108357203,1233637440,15887265,5173,0,264,cb53bd272d261699,1233637200,1233723600,1,0,False,False
official_tgn_example,tgbn-genre,test,1233723600,3661,1233724683,200,1233723305,1233724683,15912038,1108357203,1233724683,15907231,4807,0,264,b0fd89aa678e8920,1233723600,1233810000,1,0,False,False
official_tgn_example,tgbn-genre,test,1233810000,3777,1233810240,200,1233809463,1233810240,15935238,1108357203,1233810240,15929357,5881,0,275,bb0c19119265af51,1233810000,1233896400,1,0,False,False
official_tgn_example,tgbn-genre,test,1233896400,3877,1233897120,200,1233896340,1233897120,15955238,1108357203,1233897120,15949091,6147,0,286,afb5b350594fcb75,1233896400,1233982800,1,0,False,False
official_tgn_example,tgbn-genre,test,1233982800,3971,1233984002,200,1233982625,1233984002,15974038,1108357203,1233984002,15968861,5177,0,256,e50e742d5b3f827e,1233982800,1234069200,1,0,False,False
official_tgn_example,tgbn-genre,test,1234069200,4077,1234069802,200,1234069024,1234069802,15995238,1108357203,1234069802,15989712,5526,0,233,ae90008020aa3f5f,1234069200,1234155600,1,0,False,False
official_tgn_example,tgbn-genre,test,1234155600,4186,1234155964,200,1234155124,1234155964,16017038,1108357203,1234155964,16011397,5641,0,243,efd283e44eba88a9,1234155600,1234242000,1,0,False,False
official_tgn_example,tgbn-genre,test,1234242000,4285,1234242183,200,1234241162,1234242183,16036838,1108357203,1234242183,16031210,5628,0,249,594ff8994039eca0,1234242000,1234328400,1,0,False,False
official_tgn_example,tgbn-genre,test,1234328400,4397,1234329003,200,1234328040,1234329003,16059238,1108357203,1234329003,16053736,5502,0,270,f1a17e6e1f2b595f,1234328400,1234414800,1,0,False,False
official_tgn_example,tgbn-genre,test,1234414800,4506,1234415343,200,1234414562,1234415343,16081038,1108357203,1234415343,16075252,5786,0,280,1a0e4eebd6036bac,1234414800,1234501200,1,0,False,False
official_tgn_example,tgbn-genre,test,1234501200,4615,1234501804,200,1234501143,1234501804,16102838,1108357203,1234501804,16097743,5095,0,282,8836568164bd0751,1234501200,1234587600,1,0,False,False
official_tgn_example,tgbn-genre,test,1234587600,4708,1234587963,200,1234587305,1234587963,16121438,1108357203,1234587963,16115518,5920,0,277,afe583e13a8e928b,1234587600,1234674000,1,0,False,False
official_tgn_example,tgbn-genre,test,1234674000,4817,1234674783,200,1234673822,1234674783,16143238,1108357203,1234674783,16137815,5423,0,231,24e90f9f80e1ee53,1234674000,1234760400,1,0,False,False
official_tgn_example,tgbn-genre,test,1234760400,4915,1234760764,200,1234759920,1234760764,16162838,1108357203,1234760764,16156872,5966,0,251,c5b8ef4e79f3a75c,1234760400,1234846800,1,0,False,False
official_tgn_example,tgbn-genre,test,1234846800,5012,1234847282,200,1234846204,1234847282,16182238,1108357203,1234847282,16176651,5587,0,269,7ee1cd6fb39e0c17,1234846800,1234933200,1,0,False,False
official_tgn_example,tgbn-genre,test,1234933200,5121,1234933560,200,1234932965,1234933560,16204038,1108357203,1234933560,16198459,5579,0,280,4a79e91ca13dc95a,1234933200,1235019600,1,0,False,False
official_tgn_example,tgbn-genre,test,1235019600,5231,1235020081,200,1235018824,1235020081,16226038,1108357203,1235020081,16219125,6913,0,275,f9f534045b475426,1235019600,1235106000,1,0,False,False
official_tgn_example,tgbn-genre,test,1235106000,5348,1235106601,200,1235105701,1235106601,16249438,1108357203,1235106601,16243483,5955,0,287,d550e5cb94bd2a75,1235106000,1235192400,1,0,False,False
official_tgn_example,tgbn-genre,test,1235192400,5457,1235192465,200,1235191144,1235192465,16271238,1108357203,1235192465,16264902,6336,0,274,c22e04b1a4c381e5,1235192400,1235278800,1,0,False,False
official_tgn_example,tgbn-genre,test,1235278800,5564,1235279463,200,1235278620,1235279463,16292638,1108357203,1235279463,16286599,6039,0,230,cd58f8d01a9555e3,1235278800,1235365200,1,0,False,False
official_tgn_example,tgbn-genre,test,1235365200,5674,1235365984,200,1235365142,1235365984,16314638,1108357203,1235365984,16308083,6555,0,249,ecf32829b2bef091,1235365200,1235451600,1,0,False,False
official_tgn_example,tgbn-genre,test,1235451600,5778,1235451843,200,1235451000,1235451843,16335438,1108357203,1235451843,16330019,5419,0,272,7f92ccda83ca2d0a,1235451600,1235538000,1,0,False,False
official_tgn_example,tgbn-genre,test,1235538000,5890,1235538661,200,1235537761,1235538661,16357838,1108357203,1235538661,16351131,6707,0,269,a43ef172f6c87532,1235538000,1235624400,1,0,False,False
official_tgn_example,tgbn-genre,test,1235624400,5997,1235624944,200,1235623744,1235624944,16379238,1108357203,1235624944,16374137,5101,0,271,2f27651346406ff0,1235624400,1235710800,1,0,False,False
official_tgn_example,tgbn-genre,test,1235710800,6103,1235711042,200,1235710502,1235711042,16400438,1108357203,1235711042,16394186,6252,0,266,5f425248fb88e31d,1235710800,1235797200,1,0,False,False
official_tgn_example,tgbn-genre,test,1235797200,6209,1235797444,200,1235796845,1235797444,16421638,1108357203,1235797444,16416067,5571,0,253,cff455c13b9f855a,1235797200,1235883600,1,0,False,False
official_tgn_example,tgbn-genre,test,1235883600,6305,1235883780,200,1235883120,1235883780,16440838,1108357203,1235883780,16435922,4916,0,236,79b3bcc6475c3bb9,1235883600,1235970000,1,0,False,False
official_tgn_example,tgbn-genre,test,1235970000,6402,1235970840,200,1235969703,1235970840,16460238,1108357203,1235970840,16454499,5739,0,251,5d507e8a601b28fa,1235970000,1236056400,1,0,False,False
official_tgn_example,tgbn-genre,test,1236056400,6501,1236056581,200,1236055742,1236056581,16480038,1108357203,1236056581,16474221,5817,0,263,1e30b62acafee425,1236056400,1236142800,1,0,False,False
official_tgn_example,tgbn-genre,test,1236142800,6605,1236143101,200,1236142324,1236143101,16500838,1108357203,1236143101,16495246,5592,0,274,f556877f77bbcaf6,1236142800,1236229200,1,0,False,False
official_tgn_example,tgbn-genre,test,1236229200,6707,1236229383,200,1236228485,1236229383,16521238,1108357203,1236229383,16514732,6506,0,287,027cd169ecad0fd5,1236229200,1236315600,1,0,False,False
official_tgn_example,tgbn-genre,test,1236315600,6821,1236316145,200,1236315000,1236316145,16544038,1108357203,1236316145,16538776,5262,0,281,282ce9adbe9a8db0,1236315600,1236402000,1,0,False,False
official_tgn_example,tgbn-genre,test,1236402000,6936,1236402361,200,1236401825,1236402361,16567038,1108357203,1236402361,16560408,6630,0,276,8a5d6f4a892def29,1236402000,1236488400,1,0,False,False
official_tgn_example,tgbn-genre,test,1236488400,7044,1236488940,200,1236487985,1236488940,16588638,1108357203,1236488940,16583505,5133,0,261,5e551003d814a863,1236488400,1236571200,1,0,False,False
official_tgn_example,tgbn-genre,test,1236571200,7151,1236571803,200,1236571082,1236571803,16610038,1108357203,1236571803,16604899,5139,0,249,23148d1fa83c5492,1236571200,1236657600,1,0,False,False
official_tgn_example,tgbn-genre,test,1236657600,7253,1236657903,200,1236656820,1236657903,16630438,1108357203,1236657903,16625919,4519,0,281,b2b513513ae29b6a,1236657600,1236744000,1,0,False,False
official_tgn_example,tgbn-genre,test,1236744000,7363,1236744785,200,1236743705,1236744785,16652438,1108357203,1236744785,16648494,3944,0,300,ebe856c0febc179c,1236744000,1236830400,1,0,False,False
official_tgn_example,tgbn-genre,test,1236830400,7462,1236830524,200,1236829864,1236830524,16672238,1108357203,1236830524,16667487,4751,0,276,092f22fe50259968,1236830400,1236916800,1,0,False,False
official_tgn_example,tgbn-genre,test,1236916800,7565,1236917403,200,1236916442,1236917403,16692838,1108357203,1236917403,16689043,3795,0,252,d18a8cd58934847f,1236916800,1237003200,1,0,False,False
official_tgn_example,tgbn-genre,test,1237003200,7677,1237003263,200,1237002543,1237003263,16715238,1108357203,1237003263,16710512,4726,0,292,cae4421e10832892,1237003200,1237089600,1,0,False,False
official_tgn_example,tgbn-genre,test,1237089600,7777,1237089601,200,1237088942,1237089601,16735238,1108357203,1237089601,16730934,4304,0,251,e22c6a96ae13fd27,1237089600,1237176000,1,0,False,False
official_tgn_example,tgbn-genre,test,1237176000,7887,1237176123,200,1237175760,1237176123,16757238,1108357203,1237176123,16751732,5506,0,254,b31e35ff8481abb9,1237176000,1237262400,1,0,False,False
official_tgn_example,tgbn-genre,test,1237262400,8000,1237262463,200,1237261504,1237262463,16779838,1108357203,1237262463,16775724,4114,0,287,44ea47d8f5cf2ae0,1237262400,1237348800,1,0,False,False
official_tgn_example,tgbn-genre,test,1237348800,8110,1237349283,200,1237348204,1237349283,16801838,1108357203,1237349283,16797436,4402,0,289,9332ff61420e13bf,1237348800,1237435200,1,0,False,False
official_tgn_example,tgbn-genre,test,1237435200,8214,1237435861,200,1237434723,1237435861,16822638,1108357203,1237435861,16818041,4597,0,289,0a762d12536952aa,1237435200,1237521600,1,0,False,False
official_tgn_example,tgbn-genre,test,1237521600,8319,1237521785,200,1237521242,1237521785,16843638,1108357203,1237521785,16839565,4073,0,279,3bbbeb231394e55a,1237521600,1237608000,1,0,False,False
official_tgn_example,tgbn-genre,test,1237608000,8434,1237608361,200,1237607705,1237608361,16866638,1108357203,1237608361,16860853,5785,0,263,667771b45f9b9616,1237608000,1237694400,1,0,False,False
official_tgn_example,tgbn-genre,test,1237694400,8555,1237694524,200,1237693684,1237694524,16890838,1108357203,1237694524,16886742,4096,0,243,139f77685e482841,1237694400,1237780800,1,0,False,False
official_tgn_example,tgbn-genre,test,1237780800,8657,1237781523,200,1237780680,1237781523,16911238,1108357203,1237781523,16906886,4352,0,244,6e7772a781ec1c70,1237780800,1237867200,1,0,False,False
official_tgn_example,tgbn-genre,test,1237867200,8769,1237867382,200,1237866660,1237867382,16933638,1108357203,1237867382,16928708,4930,0,273,9da56d2fcc2ca0c8,1237867200,1237953600,1,0,False,False
official_tgn_example,tgbn-genre,test,1237953600,8873,1237953604,200,1237952400,1237953604,16954438,1108357203,1237953604,16950690,3748,0,259,31799b9c30bf4510,1237953600,1238040000,1,0,False,False
official_tgn_example,tgbn-genre,test,1238040000,8984,1238041321,200,1238039943,1238041321,16976638,1108357203,1238041321,16972282,4356,0,261,8d33d33645c8fc79,1238040000,1238126400,1,0,False,False
official_tgn_example,tgbn-genre,test,1238126400,9088,1238127061,200,1238126163,1238127061,16997438,1108357203,1238127061,16992372,5066,0,270,90e497aa76387158,1238126400,1238212800,1,0,False,False
official_tgn_example,tgbn-genre,test,1238212800,9191,1238213221,200,1238212260,1238213221,17018038,1108357203,1238213221,17013925,4113,0,264,d43fbb0d2f4ad3fb,1238212800,1238299200,1,0,False,False
official_tgn_example,tgbn-genre,test,1238299200,9291,1238299680,200,1238298785,1238299680,17038038,1108357203,1238299680,17034225,3813,0,226,b974aeeaaee52bc2,1238299200,1238385600,1,0,False,False
official_tgn_example,tgbn-genre,test,1238385600,9384,1238386324,200,1238385125,1238386324,17056638,1108357203,1238386324,17052889,3749,0,251,1c808badb2339644,1238385600,1238472000,1,0,False,False
official_tgn_example,tgbn-genre,test,1238472000,9483,1238472482,200,1238471583,1238472482,17076438,1108357203,1238472482,17072800,3638,0,263,52490a3822e599da,1238472000,1238558400,1,0,False,False
official_tgn_example,tgbn-genre,test,1238558400,9582,1238558584,200,1238557022,1238558584,17096238,1108357203,1238558584,17092374,3864,0,271,631104f2706fd556,1238558400,1238644800,1,0,False,False
official_tgn_example,tgbn-genre,test,1238644800,9681,1238646184,200,1238644683,1238646184,17116038,1108357203,1238646184,17112027,4011,0,270,d99667dcc294e6b7,1238644800,1238731200,1,0,False,False
official_tgn_example,tgbn-genre,test,1238731200,9781,1238731563,200,1238730961,1238731563,17136038,1108357203,1238731563,17132083,3955,0,257,7a152e52d6754e6f,1238731200,1238817600,1,0,False,False
official_tgn_example,tgbn-genre,test,1238817600,9871,1238817841,200,1238816582,1238817841,17154038,1108357203,1238817841,17150622,3416,0,251,d14f8fc1fdb9efb1,1238817600,1238904000,1,0,False,False
official_tgn_example,tgbn-genre,test,1238904000,9958,1238904184,200,1238903402,1238904184,17171438,1108357203,1238904184,17167782,3656,0,213,be9f99de8c2d0c93,1238904000,1238990400,1,0,False,False
official_tgn_example,tgbn-genre,test,1238990400,10047,1238990401,200,1238989445,1238990401,17189238,1108357203,1238990401,17185784,3454,0,216,2d7984dd04585492,1238990400,1239076800,1,0,False,False
official_tgn_example,tgbn-genre,test,1239076800,10143,1239077161,200,1239076140,1239077161,17208438,1108357203,1239077161,17204589,3849,0,245,5fd783fc5ca89b19,1239076800,1239163200,1,0,False,False
official_tgn_example,tgbn-genre,test,1239163200,10244,1239163503,200,1239162900,1239163503,17228638,1108357203,1239163503,17224140,4498,0,267,337ad745a00b8862,1239163200,1239249600,1,0,False,False
official_tgn_example,tgbn-genre,test,1239249600,10353,1239249840,200,1239248645,1239249840,17250438,1108357203,1239249840,17245988,4450,0,257,36c20cf47924f798,1239249600,1239336000,1,0,False,False
official_tgn_example,tgbn-genre,test,1239336000,10444,1239336660,200,1239335460,1239336660,17268638,1108357203,1239336660,17265133,3505,0,262,850ea24e8cbac943,1239336000,1239422400,1,0,False,False
official_tgn_example,tgbn-genre,test,1239422400,10541,1239422702,200,1239421385,1239422702,17288038,1108357203,1239422702,17285122,2916,0,265,c3c132e2b0dfdf71,1239422400,1239508800,1,0,False,False
official_tgn_example,tgbn-genre,test,1239508800,10637,1239509585,200,1239508861,1239509585,17307238,1108357203,1239509585,17302954,4284,0,230,c0c474bf49df5e12,1239508800,1239595200,1,0,False,False
official_tgn_example,tgbn-genre,test,1239595200,10732,1239595982,200,1239594961,1239595982,17326238,1108357203,1239595982,17322788,3450,0,246,008b15d4da0c829f,1239595200,1239681600,1,0,False,False
official_tgn_example,tgbn-genre,test,1239681600,10841,1239682382,200,1239681122,1239682382,17348038,1108357203,1239682382,17343750,4288,0,264,9551fb9adcde9332,1239681600,1239768000,1,0,False,False
official_tgn_example,tgbn-genre,test,1239768000,10940,1239768302,200,1239767644,1239768302,17367838,1108357203,1239768302,17363876,3962,0,265,8d2f4978da5f5b87,1239768000,1239854400,1,0,False,False
official_tgn_example,tgbn-genre,test,1239854400,11037,1239854700,200,1239853502,1239854700,17387238,1108357203,1239854700,17384209,3029,0,269,18fac3ed6708f1c6,1239854400,1239940800,1,0,False,False
official_tgn_example,tgbn-genre,test,1239940800,11131,1239941221,200,1239940263,1239941221,17406038,1108357203,1239941221,17402149,3889,0,266,70c67477ae8772a3,1239940800,1240027200,1,0,False,False
official_tgn_example,tgbn-genre,test,1240027200,11231,1240027321,200,1240026363,1240027321,17426038,1108357203,1240027321,17422588,3450,0,268,c865433209607a56,1240027200,1240113600,1,0,False,False
official_tgn_example,tgbn-genre,test,1240113600,11321,1240113724,200,1240112824,1240113724,17444038,1108357203,1240113724,17440331,3707,0,242,fa2984a60ff33c40,1240113600,1240200000,1,0,False,False
official_tgn_example,tgbn-genre,test,1240200000,11414,1240201681,200,1240199942,1240201681,17462638,1108357203,1240201681,17458641,3997,0,238,38ef316c9c5aaf62,1240200000,1240286400,1,0,False,False
official_tgn_example,tgbn-genre,test,1240286400,11506,1240286524,200,1240285625,1240286524,17481038,1108357203,1240286524,17477134,3904,0,244,a04b8d4c9707686c,1240286400,1240372800,1,0,False,False
official_tgn_example,tgbn-genre,test,1240372800,11607,1240373403,200,1240372442,1240373403,17501238,1108357203,1240373403,17497534,3704,0,236,981fd5b7f7b198c0,1240372800,1240459200,1,0,False,False
official_tgn_example,tgbn-genre,test,1240459200,11711,1240460343,200,1240458724,1240460343,17522038,1108357203,1240460343,17517902,4136,0,206,23ccc63edcfb7e8e,1240459200,1240545600,1,0,False,False
official_tgn_example,tgbn-genre,test,1240545600,11805,1240545602,200,1240544100,1240545602,17540838,1108357203,1240545602,17537206,3632,0,151,ab4010afc8c08470,1240545600,1240632000,1,0,False,False
official_tgn_example,tgbn-genre,test,1240632000,11915,1240632605,200,1240631461,1240632605,17562838,1108357203,1240632605,17559195,3643,0,132,7b51e99888bcd964,1240632000,1240718400,1,0,False,False
official_tgn_example,tgbn-genre,test,1240718400,12008,1240718941,200,1240718161,1240718941,17581438,1108357203,1240718941,17577977,3461,0,101,4fae63c3f65fa82a,1240718400,1240804800,1,0,False,False
official_tgn_example,tgbn-genre,test,1240804800,12102,1240805944,200,1240804685,1240805944,17600238,1108357203,1240805944,17596270,3968,0,73,55ef7cbee5ad7c85,1240804800,1240891200,1,0,False,False
official_tgn_example,tgbn-genre,test,1240891200,12192,1240891443,200,1240890544,1240891443,17618238,1108357203,1240891443,17615130,3108,0,61,b934cf2bd0f63cb1,1240891200,1240977600,1,0,False,False
official_tgn_example,tgbn-genre,test,1240977600,12285,1240978080,200,1240976703,1240978080,17636838,1108357203,1240978080,17633534,3304,0,64,87ebbffa4a2610f9,1240977600,1241064000,1,0,False,False
official_tgn_example,tgbn-genre,test,1241064000,12368,1241064063,200,1241063160,1241064063,17653438,1108357203,1241064063,17650748,2690,0,57,6b362007b4876af3,1241064000,1241150400,1,0,False,False
official_tgn_example,tgbn-genre,test,1241150400,12436,1241151662,200,1241150041,1241151662,17667038,1108357203,1241151662,17664178,2860,0,59,aa58a4f2d8cf937e,1241150400,1241236800,1,0,False,False
official_tgn_example,tgbn-genre,test,1241236800,12493,1241237524,200,1241235903,1241237524,17678438,1108357203,1241237524,17676667,1771,0,58,9dc091d585dc51ae,1241236800,1241323200,1,0,False,False
official_tgn_example,tgbn-genre,test,1241323200,12540,1241324641,200,1241323081,1241324641,17687838,1108357203,1241324641,17686047,1791,0,51,64aa0d267faf0467,1241323200,1241409600,1,0,False,False
official_tgn_example,tgbn-genre,test,1241409600,12581,1241410444,200,1241408460,1241410444,17696038,1108357203,1241410444,17694662,1376,0,54,cd3f2ebf1419c8c3,1241409600,1241496000,1,0,False,False
official_tgn_example,tgbn-genre,test,1241496000,12608,1241496422,200,1241491921,1241496422,17701438,1108357203,1241496422,17700652,786,0,60,cc2379a2c9c3bad2,1241496000,1241582400,1,0,False,False
official_tgn_example,tgbn-genre,test,1241582400,12629,1241589600,200,1241582342,1241589600,17705638,1108357203,1241589600,17704928,710,0,52,8a42542fc8c91693,1241582400,1241668800,1,0,False,False
official_tgn_example,tgbn-genre,test,1241668800,12649,1241670545,200,1241664605,1241670545,17709638,1108357203,1241670545,17708939,699,0,59,e43b805f75a8c3d3,1241668800,1241755200,1,0,False,False
official_tgn_example,tgbn-genre,test,1241755200,12670,1241759041,200,1241755380,1241759041,17713838,1108357203,1241759041,17712813,1025,0,59,ad41d1d18271f4a8,1241755200,1241841600,1,0,False,False
official_tgn_example,tgbn-genre,test,1241841600,12693,1241841664,200,1241836560,1241841664,17718438,1108357203,1241841664,17717372,1066,0,56,e9396d5c8490f059,1241841600,1241928000,1,0,False,False
official_tgn_example,tgbn-genre,test,1241928000,12713,1241930400,200,1241922240,1241930400,17722438,1108357203,1241930400,17721731,707,0,50,f2b25d66b5eb3ef2,1241928000,1242014400,1,0,False,False
official_tgn_example,tgbn-genre,test,1242014400,12733,1242016140,200,1242011461,1242016140,17726438,1108357203,1242016140,17725718,720,0,46,8923e2519678f0dd,1242014400,1242100800,1,0,False,False
official_tgn_example,tgbn-genre,test,1242100800,12757,1242102665,200,1242097263,1242102665,17731238,1108357203,1242102665,17730318,920,0,50,3d267ba9246fe68e,1242100800,1242187200,1,0,False,False
official_tgn_example,tgbn-genre,test,1242187200,12775,1242189181,200,1242184502,1242189181,17734838,1108357203,1242189181,17734125,713,0,53,305204d9ca8e7f23,1242187200,1242273600,1,0,False,False
official_tgn_example,tgbn-genre,test,1242273600,12794,1242276483,200,1242271021,1242276483,17738638,1108357203,1242276483,17737849,789,0,49,37cd54f21c798fc4,1242273600,1242360000,1,0,False,False
official_tgn_example,tgbn-genre,test,1242360000,12815,1242365525,200,1242357304,1242365525,17742838,1108357203,1242365525,17742137,701,0,48,b13c4c54c5f6415f,1242360000,1242446400,1,0,False,False
official_tgn_example,tgbn-genre,test,1242446400,12836,1242447543,200,1242445803,1242447543,17747038,1108357203,1242447543,17746052,986,0,52,49ee9859b9001a86,1242446400,1242532800,1,0,False,False
official_tgn_example,tgbn-genre,test,1242532800,12858,1242537425,200,1242532383,1242537425,17751438,1108357203,1242537425,17750615,823,0,34,7f9aeedae1a4fe73,1242532800,1242619200,1,0,False,False
official_tgn_example,tgbn-genre,test,1242619200,12875,1242620341,200,1242617342,1242620341,17754838,1108357203,1242620341,17753753,1085,0,44,5ce26cf9a10b758e,1242619200,1242705600,1,0,False,False
official_tgn_example,tgbn-genre,test,1242705600,12893,1242706081,200,1242698104,1242706081,17758438,1108357203,1242706081,17758074,364,0,48,fe3091b77c95248e,1242705600,1242792000,1,0,False,False
official_tgn_example,tgbn-genre,test,1242792000,12913,1242795541,200,1242788400,1242795541,17762438,1108357203,1242795541,17761694,744,0,42,a80ece1fbf0092af,1242792000,1242878400,1,0,False,False
official_tgn_example,tgbn-genre,test,1242878400,12932,1242879061,200,1242874803,1242879061,17766238,1108357203,1242879061,17765645,593,0,32,70b38eb94a92c102,1242878400,1242964800,1,0,False,False
official_tgn_example,tgbn-genre,test,1242964800,12952,1242969242,200,1242960304,1242969242,17770238,1108357203,1242969242,17769541,697,0,36,cb8dd108f60feb3a,1242964800,1243051200,1,0,False,False
official_tgn_example,tgbn-genre,test,1243051200,12970,1243053124,200,1243049461,1243053124,17773838,1108357203,1243053124,17773013,825,0,36,cbd3e2ee12d1b8bc,1243051200,1243137600,1,0,False,False
official_tgn_example,tgbn-genre,test,1243137600,12990,1243146004,200,1243132984,1243146004,17777838,1108357203,1243146004,17777005,833,0,35,7990f29112198543,1243137600,1243224000,1,0,False,False
official_tgn_example,tgbn-genre,test,1243224000,13004,1243224660,200,1243219322,1243224660,17780638,1108357203,1243224660,17779950,688,0,38,237ced1c865674a7,1243224000,1243310400,1,0,False,False
official_tgn_example,tgbn-genre,test,1243310400,13024,1243311965,200,1243307581,1243311965,17784638,1108357203,1243311965,17783827,811,0,34,9c728e8cd5a210b8,1243310400,1243396800,1,0,False,False
official_tgn_example,tgbn-genre,test,1243396800,13041,1243397101,200,1243393622,1243397101,17788038,1108357203,1243397101,17787333,705,0,40,f7bdb24b7ee1c758,1243396800,1243483200,1,0,False,False
official_tgn_example,tgbn-genre,test,1243483200,13056,1243487223,200,1243480324,1243487223,17791038,1108357203,1243487223,17790341,697,0,42,ad979e0350db8d20,1243483200,1243569600,1,0,False,False
official_tgn_example,tgbn-genre,test,1243569600,13070,1243573380,200,1243569301,1243573380,17793838,1108357203,1243573380,17793193,645,0,46,9fd0a609a059abb4,1243569600,1243656000,1,0,False,False
official_tgn_example,tgbn-genre,test,1243656000,13087,1243658401,200,1243654681,1243658401,17797238,1108357203,1243658401,17796402,836,0,43,ac46dbd4f879a956,1243656000,1243742400,1,0,False,False
official_tgn_example,tgbn-genre,test,1243742400,13102,1243745944,200,1243737244,1243745944,17800238,1108357203,1243745944,17799797,441,0,33,1a5e6de624c9133b,1243742400,1243828800,1,0,False,False
official_tgn_example,tgbn-genre,test,1243828800,13115,1243833061,200,1243828681,1243833061,17802838,1108357203,1243833061,17802165,673,0,35,50daf12939f4f0b8,1243828800,1243915200,1,0,False,False
official_tgn_example,tgbn-genre,test,1243915200,13131,1243918442,200,1243912085,1243918442,17806038,1108357203,1243918442,17805324,714,0,40,f157bfd3489b4bf2,1243915200,1244001600,1,0,False,False
official_tgn_example,tgbn-genre,test,1244001600,13146,1244005084,200,1243992065,1244005084,17809038,1108357203,1244005084,17808539,499,0,38,556ba5e3551b001a,1244001600,1244088000,1,0,False,False
official_tgn_example,tgbn-genre,test,1244088000,13161,1244090402,200,1244085485,1244090402,17812038,1108357203,1244090402,17811310,728,0,38,560f3f9e1a4e7694,1244088000,1244174400,1,0,False,False
official_tgn_example,tgbn-genre,test,1244174400,13177,1244176684,200,1244173142,1244176684,17815238,1108357203,1244176684,17814589,649,0,39,e43e7060c5545e0f,1244174400,1244260800,1,0,False,False
official_tgn_example,tgbn-genre,test,1244260800,13193,1244263205,200,1244258164,1244263205,17818438,1108357203,1244263205,17817526,912,0,41,2dee0c7beb6d49cd,1244260800,1244347200,1,0,False,False
official_tgn_example,tgbn-genre,test,1244347200,13208,1244347501,200,1244344084,1244347501,17821438,1108357203,1244347501,17820817,621,0,34,956d01aebb47b9f2,1244347200,1244433600,1,0,False,False
official_tgn_example,tgbn-genre,test,1244433600,13222,1244435344,200,1244431083,1244435344,17824238,1108357203,1244435344,17823729,509,0,37,03dcc0f27fbcfb29,1244433600,1244520000,1,0,False,False
official_tgn_example,tgbn-genre,test,1244520000,13242,1244524141,200,1244520003,1244524141,17828238,1108357203,1244524141,17827539,699,0,26,3cb8dc94748c7dd2,1244520000,1244606400,1,0,False,False
official_tgn_example,tgbn-genre,test,1244606400,13259,1244607482,200,1244600944,1244607482,17831638,1108357203,1244607482,17831096,542,0,18,1734f32ce3db07f6,1244606400,1244692800,1,0,False,False
official_tgn_example,tgbn-genre,test,1244692800,13277,1244693161,200,1244689862,1244693161,17835238,1108357203,1244693161,17834334,904,0,13,f09c180ac0d5d433,1244692800,1244779200,1,0,False,False
official_tgn_example,tgbn-genre,test,1244779200,13298,1244781242,200,1244777222,1244781242,17839340,1108357203,1244779140,17838552,788,0,5,8bee10d1f1fe88ed,1244779200,1244779200,1,0,False,True
